filename,image_path,fitzpatrick,skin_group,true_label,pred_label,pred_prob
ly_f5_61_f6095846.jpg,C:\Users\Angad\Desktop\StemFellowship\data\raw\fitzpatrick\Categorized_AbbrvName\ly_100\ly_f5_61_f6095846.jpg,5,dark_FST5_6,0,0,0.31756338477134705
ur_f3_60_950d0792.jpg,C:\Users\Angad\Desktop\StemFellowship\data\raw\fitzpatrick\Categorized_AbbrvName\ur_151\ur_f3_60_950d0792.jpg,3,medium_FST3_4,0,0,0.33119073510169983
ac-au-bu-di-ge_f1_13_0d8a8465.jpg,C:\Users\Angad\Desktop\StemFellowship\data\raw\fitzpatrick\Categorized_AbbrvName\ac-au-bu-di-ge_67\ac-au-bu-di-ge_f1_13_0d8a8465.jpg,1,light_FST1_2,0,0,0.22590288519859314
me_f3_212_bd70e00d.jpg,C:\Users\Angad\Desktop\StemFellowship\data\raw\fitzpatrick\Categorized_AbbrvName\me_261\me_f3_212_bd70e00d.jpg,3,medium_FST3_4,1,1,0.925166130065918
tu_f2_115_5cf8344b.jpg,C:\Users\Angad\Desktop\StemFellowship\data\raw\fitzpatrick\Categorized_AbbrvName\tu_152\tu_f2_115_5cf8344b.jpg,2,light_FST1_2,0,1,0.6316574215888977
ca-cu_f2_79_d9dc5518.jpg,C:\Users\Angad\Desktop\StemFellowship\data\raw\fitzpatrick\Categorized_AbbrvName\ca-cu_80\ca-cu_f2_79_d9dc5518.jpg,2,light_FST1_2,0,0,0.019371626898646355
ka-sa_f2_65_d9ff106f.jpg,C:\Users\Angad\Desktop\StemFellowship\data\raw\fitzpatrick\Categorized_AbbrvName\ka-sa_156\ka-sa_f2_65_d9ff106f.jpg,2,light_FST1_2,1,1,0.7135784029960632
ps_f5_104_46265c45.jpg,C:\Users\Angad\Desktop\StemFellowship\data\raw\fitzpatrick\Categorized_AbbrvName\ps_653\ps_f5_104_46265c45.jpg,5,dark_FST5_6,0,0,0.07047414779663086
ec_f3_80_90c7b3f6.jpg,C:\Users\Angad\Desktop\StemFellowship\data\raw\fitzpatrick\Categorized_AbbrvName\ec_204\ec_f3_80_90c7b3f6.jpg,3,medium_FST3_4,0,0,0.06273287534713745
me_f2_38_40322591.jpg,C:\Users\Angad\Desktop\StemFellowship\data\raw\fitzpatrick\Categorized_AbbrvName\me_261\me_f2_38_40322591.jpg,2,light_FST1_2,1,1,0.9928309321403503
pi-li-ch_f2_69_54a0f23c.jpg,C:\Users\Angad\Desktop\StemFellowship\data\raw\fitzpatrick\Categorized_AbbrvName\pi-li-ch_73\pi-li-ch_f2_69_54a0f23c.jpg,2,light_FST1_2,0,0,0.4727797210216522
pi-li-ch_f3_55_ea9dfbaf.jpg,C:\Users\Angad\Desktop\StemFellowship\data\raw\fitzpatrick\Categorized_AbbrvName\pi-li-ch_73\pi-li-ch_f3_55_ea9dfbaf.jpg,3,medium_FST3_4,0,0,0.00010036043386207893
pr-no_f5_146_3f0c7f76.jpg,C:\Users\Angad\Desktop\StemFellowship\data\raw\fitzpatrick\Categorized_AbbrvName\pr-no_170\pr-no_f5_146_3f0c7f76.jpg,5,dark_FST5_6,0,0,0.11140642315149307
ke_f4_107_9ca1e7ab.jpg,C:\Users\Angad\Desktop\StemFellowship\data\raw\fitzpatrick\Categorized_AbbrvName\ke_156\ke_f4_107_9ca1e7ab.jpg,4,medium_FST3_4,0,0,0.00029997332603670657
ph_f3_15_79fc5519.jpg,C:\Users\Angad\Desktop\StemFellowship\data\raw\fitzpatrick\Categorized_AbbrvName\ph_348\ph_f3_15_79fc5519.jpg,3,medium_FST3_4,0,0,0.06858786195516586
ps_f6_322_8e58158c.jpg,C:\Users\Angad\Desktop\StemFellowship\data\raw\fitzpatrick\Categorized_AbbrvName\ps_653\ps_f6_322_8e58158c.jpg,6,dark_FST5_6,0,0,0.016896797344088554
ps_f5_8_4e3fa37a.jpg,C:\Users\Angad\Desktop\StemFellowship\data\raw\fitzpatrick\Categorized_AbbrvName\ps_653\ps_f5_8_4e3fa37a.jpg,5,dark_FST5_6,0,0,0.01962556503713131
ac-vu_f3_73_11091acb.jpg,C:\Users\Angad\Desktop\StemFellowship\data\raw\fitzpatrick\Categorized_AbbrvName\ac-vu_335\ac-vu_f3_73_11091acb.jpg,3,medium_FST3_4,0,0,0.0008110413327813148
eh-da-sy_f2_28_4945aac2.jpg,C:\Users\Angad\Desktop\StemFellowship\data\raw\fitzpatrick\Categorized_AbbrvName\eh-da-sy_127\eh-da-sy_f2_28_4945aac2.jpg,2,light_FST1_2,0,0,0.3637732267379761
ju-xa_f3_41_b475283f.jpg,C:\Users\Angad\Desktop\StemFellowship\data\raw\fitzpatrick\Categorized_AbbrvName\ju-xa_149\ju-xa_f3_41_b475283f.jpg,3,medium_FST3_4,0,0,0.006148185580968857
ba-ce-ca_f4_457_23b55a04.jpg,C:\Users\Angad\Desktop\StemFellowship\data\raw\fitzpatrick\Categorized_AbbrvName\ba-ce-ca_468\ba-ce-ca_f4_457_23b55a04.jpg,4,medium_FST3_4,1,0,0.13377885520458221
in-pi_f2_67_36c06991.jpg,C:\Users\Angad\Desktop\StemFellowship\data\raw\fitzpatrick\Categorized_AbbrvName\in-pi_102\in-pi_f2_67_36c06991.jpg,2,light_FST1_2,0,0,0.11697615683078766
sa_f1_248_4f7c0006.jpg,C:\Users\Angad\Desktop\StemFellowship\data\raw\fitzpatrick\Categorized_AbbrvName\sa_349\sa_f1_248_4f7c0006.jpg,1,light_FST1_2,0,0,0.037575554102659225
po-wi-st_f1_25_585659f5.jpg,C:\Users\Angad\Desktop\StemFellowship\data\raw\fitzpatrick\Categorized_AbbrvName\po-wi-st_59\po-wi-st_f1_25_585659f5.jpg,1,light_FST1_2,0,0,0.06001684442162514
se-de_f4_102_ea7bb459.jpg,C:\Users\Angad\Desktop\StemFellowship\data\raw\fitzpatrick\Categorized_AbbrvName\se-de_126\se-de_f4_102_ea7bb459.jpg,4,medium_FST3_4,0,0,0.05773958936333656
li-pl_f5_378_7bcb890f.jpg,C:\Users\Angad\Desktop\StemFellowship\data\raw\fitzpatrick\Categorized_AbbrvName\li-pl_491\li-pl_f5_378_7bcb890f.jpg,5,dark_FST5_6,0,0,0.062098536640405655
pi-ru-pi_f4_22_41e2b5ee.jpg,C:\Users\Angad\Desktop\StemFellowship\data\raw\fitzpatrick\Categorized_AbbrvName\pi-ru-pi_278\pi-ru-pi_f4_22_41e2b5ee.jpg,4,medium_FST3_4,0,0,0.0043587158434093
pe-de_f2_15_436d4903.jpg,C:\Users\Angad\Desktop\StemFellowship\data\raw\fitzpatrick\Categorized_AbbrvName\pe-de_61\pe-de_f2_15_436d4903.jpg,2,light_FST1_2,0,0,0.1886802464723587
ne-li_f4_67_7a93fa20.jpg,C:\Users\Angad\Desktop\StemFellowship\data\raw\fitzpatrick\Categorized_AbbrvName\ne-li_123\ne-li_f4_67_7a93fa20.jpg,4,medium_FST3_4,0,0,0.46993064880371094
lu-er_f1_2_ff0ede16.jpg,C:\Users\Angad\Desktop\StemFellowship\data\raw\fitzpatrick\Categorized_AbbrvName\lu-er_410\lu-er_f1_2_ff0ede16.jpg,1,light_FST1_2,0,1,0.5349293947219849
ec_f4_168_1244859b.jpg,C:\Users\Angad\Desktop\StemFellowship\data\raw\fitzpatrick\Categorized_AbbrvName\ec_204\ec_f4_168_1244859b.jpg,4,medium_FST3_4,0,0,0.01984066143631935
ac-ni_f5_38_16240efb.jpg,C:\Users\Angad\Desktop\StemFellowship\data\raw\fitzpatrick\Categorized_AbbrvName\ac-ni_92\ac-ni_f5_38_16240efb.jpg,5,dark_FST5_6,0,0,0.01595400832593441
ke_f2_48_136bbc3a.jpg,C:\Users\Angad\Desktop\StemFellowship\data\raw\fitzpatrick\Categorized_AbbrvName\ke_156\ke_f2_48_136bbc3a.jpg,2,light_FST1_2,0,1,0.8894165754318237
ka-sa_f4_63_976bcb2a.jpg,C:\Users\Angad\Desktop\StemFellowship\data\raw\fitzpatrick\Categorized_AbbrvName\ka-sa_156\ka-sa_f4_63_976bcb2a.jpg,4,medium_FST3_4,1,1,0.7765509486198425
lu-er_f6_320_c3896a99.jpg,C:\Users\Angad\Desktop\StemFellowship\data\raw\fitzpatrick\Categorized_AbbrvName\lu-er_410\lu-er_f6_320_c3896a99.jpg,6,dark_FST5_6,0,0,0.1952914297580719
tu-sc_f3_138_f1b47cb8.jpg,C:\Users\Angad\Desktop\StemFellowship\data\raw\fitzpatrick\Categorized_AbbrvName\tu-sc_141\tu-sc_f3_138_f1b47cb8.jpg,3,medium_FST3_4,0,0,0.0017380161443725228
fo_f5_58_038e343e.jpg,C:\Users\Angad\Desktop\StemFellowship\data\raw\fitzpatrick\Categorized_AbbrvName\fo_342\fo_f5_58_038e343e.jpg,5,dark_FST5_6,0,0,0.006933173164725304
ca-cu_f3_42_14a8f319.jpg,C:\Users\Angad\Desktop\StemFellowship\data\raw\fitzpatrick\Categorized_AbbrvName\ca-cu_80\ca-cu_f3_42_14a8f319.jpg,3,medium_FST3_4,0,0,0.004790649749338627
vi_f6_60_bd9ebdee.jpg,C:\Users\Angad\Desktop\StemFellowship\data\raw\fitzpatrick\Categorized_AbbrvName\vi_166\vi_f6_60_bd9ebdee.jpg,6,dark_FST5_6,0,0,0.3399403393268585
in-pi_f3_84_806eb040.jpg,C:\Users\Angad\Desktop\StemFellowship\data\raw\fitzpatrick\Categorized_AbbrvName\in-pi_102\in-pi_f3_84_806eb040.jpg,3,medium_FST3_4,0,0,0.0769466757774353
xe-pi_f1_62_f8900d24.jpg,C:\Users\Angad\Desktop\StemFellowship\data\raw\fitzpatrick\Categorized_AbbrvName\xe-pi_81\xe-pi_f1_62_f8900d24.jpg,1,light_FST1_2,0,0,0.04298297315835953
sq-ce-ca_f1_164_71fc983e.jpg,C:\Users\Angad\Desktop\StemFellowship\data\raw\fitzpatrick\Categorized_AbbrvName\sq-ce-ca_581\sq-ce-ca_f1_164_71fc983e.jpg,1,light_FST1_2,1,1,0.9839249849319458
py-gr_f1_22_7d5fa40a.jpg,C:\Users\Angad\Desktop\StemFellowship\data\raw\fitzpatrick\Categorized_AbbrvName\py-gr_113\py-gr_f1_22_7d5fa40a.jpg,1,light_FST1_2,0,1,0.8298013806343079
ha-ha-di_f5_148_dbfa5b80.jpg,C:\Users\Angad\Desktop\StemFellowship\data\raw\fitzpatrick\Categorized_AbbrvName\ha-ha-di_174\ha-ha-di_f5_148_dbfa5b80.jpg,5,dark_FST5_6,0,0,0.2852517366409302
ka-sa_f4_155_b5fa137e.jpg,C:\Users\Angad\Desktop\StemFellowship\data\raw\fitzpatrick\Categorized_AbbrvName\ka-sa_156\ka-sa_f4_155_b5fa137e.jpg,4,medium_FST3_4,1,1,0.9759458899497986
pa_f1_47_9f9d0a45.jpg,C:\Users\Angad\Desktop\StemFellowship\data\raw\fitzpatrick\Categorized_AbbrvName\pa_59\pa_f1_47_9f9d0a45.jpg,1,light_FST1_2,0,1,0.7407333254814148
ic-vu_f5_8_93cabbbc.jpg,C:\Users\Angad\Desktop\StemFellowship\data\raw\fitzpatrick\Categorized_AbbrvName\ic-vu_65\ic-vu_f5_8_93cabbbc.jpg,5,dark_FST5_6,0,0,0.0016973126912489533
ke_f3_133_c78bde4a.jpg,C:\Users\Angad\Desktop\StemFellowship\data\raw\fitzpatrick\Categorized_AbbrvName\ke_156\ke_f3_133_c78bde4a.jpg,3,medium_FST3_4,0,0,0.0023330207914114
ha-ha-di_f4_96_8a77a954.jpg,C:\Users\Angad\Desktop\StemFellowship\data\raw\fitzpatrick\Categorized_AbbrvName\ha-ha-di_174\ha-ha-di_f4_96_8a77a954.jpg,4,medium_FST3_4,0,0,0.4295494556427002
ba-ce-ca_f1_26_4ea4ab5f.jpg,C:\Users\Angad\Desktop\StemFellowship\data\raw\fitzpatrick\Categorized_AbbrvName\ba-ce-ca_468\ba-ce-ca_f1_26_4ea4ab5f.jpg,1,light_FST1_2,1,1,0.9956706762313843
al-co-de_f3_267_b4c6eb2e.jpg,C:\Users\Angad\Desktop\StemFellowship\data\raw\fitzpatrick\Categorized_AbbrvName\al-co-de_430\al-co-de_f3_267_b4c6eb2e.jpg,3,medium_FST3_4,0,0,0.011321885511279106
er-an-ce_f3_26_19360493.jpg,C:\Users\Angad\Desktop\StemFellowship\data\raw\fitzpatrick\Categorized_AbbrvName\er-an-ce_88\er-an-ce_f3_26_19360493.jpg,3,medium_FST3_4,0,0,0.0005522901774384081
ph_f3_331_e9374d39.jpg,C:\Users\Angad\Desktop\StemFellowship\data\raw\fitzpatrick\Categorized_AbbrvName\ph_348\ph_f3_331_e9374d39.jpg,3,medium_FST3_4,0,0,0.008932490833103657
lu-er_f4_318_4db07607.jpg,C:\Users\Angad\Desktop\StemFellowship\data\raw\fitzpatrick\Categorized_AbbrvName\lu-er_410\lu-er_f4_318_4db07607.jpg,4,medium_FST3_4,0,0,6.729921733494848e-05
ly-di_f2_27_e4694223.jpg,C:\Users\Angad\Desktop\StemFellowship\data\raw\fitzpatrick\Categorized_AbbrvName\ly-di_129\ly-di_f2_27_e4694223.jpg,2,light_FST1_2,0,0,0.48073717951774597
di-ac-po_f3_54_c98c9a7e.jpg,C:\Users\Angad\Desktop\StemFellowship\data\raw\fitzpatrick\Categorized_AbbrvName\di-ac-po_60\di-ac-po_f3_54_c98c9a7e.jpg,3,medium_FST3_4,0,0,0.00011307555541861802
se-de_f1_21_c46504f5.jpg,C:\Users\Angad\Desktop\StemFellowship\data\raw\fitzpatrick\Categorized_AbbrvName\se-de_126\se-de_f1_21_c46504f5.jpg,1,light_FST1_2,0,0,0.019717354327440262
dr-er_f1_174_eae6ddc8.jpg,C:\Users\Angad\Desktop\StemFellowship\data\raw\fitzpatrick\Categorized_AbbrvName\dr-er_200\dr-er_f1_174_eae6ddc8.jpg,1,light_FST1_2,0,0,0.16560445725917816
ro_f2_21_1f22bb37.jpg,C:\Users\Angad\Desktop\StemFellowship\data\raw\fitzpatrick\Categorized_AbbrvName\ro_102\ro_f2_21_1f22bb37.jpg,2,light_FST1_2,0,0,0.04331928864121437
pi-ru-pi_f5_161_27c9a5af.jpg,C:\Users\Angad\Desktop\StemFellowship\data\raw\fitzpatrick\Categorized_AbbrvName\pi-ru-pi_278\pi-ru-pi_f5_161_27c9a5af.jpg,5,dark_FST5_6,0,1,0.6751104593276978
fo_f5_180_a1fef802.jpg,C:\Users\Angad\Desktop\StemFellowship\data\raw\fitzpatrick\Categorized_AbbrvName\fo_342\fo_f5_180_a1fef802.jpg,5,dark_FST5_6,0,0,0.03404674306511879
me_f4_188_13aa2de8.jpg,C:\Users\Angad\Desktop\StemFellowship\data\raw\fitzpatrick\Categorized_AbbrvName\me_261\me_f4_188_13aa2de8.jpg,4,medium_FST3_4,1,1,0.9723566174507141
gr-an_f3_97_67a60896.jpg,C:\Users\Angad\Desktop\StemFellowship\data\raw\fitzpatrick\Categorized_AbbrvName\gr-an_211\gr-an_f3_97_67a60896.jpg,3,medium_FST3_4,0,0,0.01594531163573265
gr-an_f3_99_afa78d2e.jpg,C:\Users\Angad\Desktop\StemFellowship\data\raw\fitzpatrick\Categorized_AbbrvName\gr-an_211\gr-an_f3_99_afa78d2e.jpg,3,medium_FST3_4,0,1,0.5705041289329529
fi-er_f6_2_94774d1e.jpg,C:\Users\Angad\Desktop\StemFellowship\data\raw\fitzpatrick\Categorized_AbbrvName\fi-er_125\fi-er_f6_2_94774d1e.jpg,6,dark_FST5_6,0,0,0.12681680917739868
dr-er_f2_107_105478b2.jpg,C:\Users\Angad\Desktop\StemFellowship\data\raw\fitzpatrick\Categorized_AbbrvName\dr-er_200\dr-er_f2_107_105478b2.jpg,2,light_FST1_2,0,0,0.12515072524547577
ep-ne_f1_79_dadea062.jpg,C:\Users\Angad\Desktop\StemFellowship\data\raw\fitzpatrick\Categorized_AbbrvName\ep-ne_91\ep-ne_f1_79_dadea062.jpg,1,light_FST1_2,0,0,0.034667741507291794
su-da-sk_f2_63_af12b74a.jpg,C:\Users\Angad\Desktop\StemFellowship\data\raw\fitzpatrick\Categorized_AbbrvName\su-da-sk_66\su-da-sk_f2_63_af12b74a.jpg,2,light_FST1_2,0,0,0.09284642338752747
ka-sa_f4_62_f89b8b51.jpg,C:\Users\Angad\Desktop\StemFellowship\data\raw\fitzpatrick\Categorized_AbbrvName\ka-sa_156\ka-sa_f4_62_f89b8b51.jpg,4,medium_FST3_4,1,1,0.9971115589141846
ne-ne_f1_74_d863e7bb.jpg,C:\Users\Angad\Desktop\StemFellowship\data\raw\fitzpatrick\Categorized_AbbrvName\ne-ne_86\ne-ne_f1_74_d863e7bb.jpg,1,light_FST1_2,0,1,0.7070728540420532
ec_f3_160_7c651f99.jpg,C:\Users\Angad\Desktop\StemFellowship\data\raw\fitzpatrick\Categorized_AbbrvName\ec_204\ec_f3_160_7c651f99.jpg,3,medium_FST3_4,0,0,0.07400739192962646
sq-ce-ca_f4_580_67779d24.jpg,C:\Users\Angad\Desktop\StemFellowship\data\raw\fitzpatrick\Categorized_AbbrvName\sq-ce-ca_581\sq-ce-ca_f4_580_67779d24.jpg,4,medium_FST3_4,1,1,0.985396683216095
lu-er_f3_234_010c97dc.jpg,C:\Users\Angad\Desktop\StemFellowship\data\raw\fitzpatrick\Categorized_AbbrvName\lu-er_410\lu-er_f3_234_010c97dc.jpg,3,medium_FST3_4,0,0,0.0008620070875622332
fi-er_f3_99_69859f32.jpg,C:\Users\Angad\Desktop\StemFellowship\data\raw\fitzpatrick\Categorized_AbbrvName\fi-er_125\fi-er_f3_99_69859f32.jpg,3,medium_FST3_4,0,0,0.10615630447864532
ec_f3_95_3d8290e0.jpg,C:\Users\Angad\Desktop\StemFellowship\data\raw\fitzpatrick\Categorized_AbbrvName\ec_204\ec_f3_95_3d8290e0.jpg,3,medium_FST3_4,0,0,0.31505513191223145
hi_f2_16_9c071aa7.jpg,C:\Users\Angad\Desktop\StemFellowship\data\raw\fitzpatrick\Categorized_AbbrvName\hi_90\hi_f2_16_9c071aa7.jpg,2,light_FST1_2,0,0,0.16866521537303925
gr-an_f2_156_5d7639a2.jpg,C:\Users\Angad\Desktop\StemFellowship\data\raw\fitzpatrick\Categorized_AbbrvName\gr-an_211\gr-an_f2_156_5d7639a2.jpg,2,light_FST1_2,0,0,0.48374032974243164
ju-xa_f3_17_43713e79.jpg,C:\Users\Angad\Desktop\StemFellowship\data\raw\fitzpatrick\Categorized_AbbrvName\ju-xa_149\ju-xa_f3_17_43713e79.jpg,3,medium_FST3_4,0,0,0.14241428673267365
ly-di_f1_75_f206a0a0.jpg,C:\Users\Angad\Desktop\StemFellowship\data\raw\fitzpatrick\Categorized_AbbrvName\ly-di_129\ly-di_f1_75_f206a0a0.jpg,1,light_FST1_2,0,1,0.5550847053527832
ur_f1_74_c27fcb59.jpg,C:\Users\Angad\Desktop\StemFellowship\data\raw\fitzpatrick\Categorized_AbbrvName\ur_151\ur_f1_74_c27fcb59.jpg,1,light_FST1_2,0,0,0.18025553226470947
me_f1_136_af996279.jpg,C:\Users\Angad\Desktop\StemFellowship\data\raw\fitzpatrick\Categorized_AbbrvName\me_261\me_f1_136_af996279.jpg,1,light_FST1_2,1,1,0.9869983792304993
so-cy-ba-ce-ca_f1_46_27f0e7a7.jpg,C:\Users\Angad\Desktop\StemFellowship\data\raw\fitzpatrick\Categorized_AbbrvName\so-cy-ba-ce-ca_66\so-cy-ba-ce-ca_f1_46_27f0e7a7.jpg,1,light_FST1_2,1,1,0.9371383190155029
ac-ke_f3_39_a589f826.jpg,C:\Users\Angad\Desktop\StemFellowship\data\raw\fitzpatrick\Categorized_AbbrvName\ac-ke_175\ac-ke_f3_39_a589f826.jpg,3,medium_FST3_4,1,0,0.11530124396085739
ac-au-bu-di-ge_f1_57_fbf54448.jpg,C:\Users\Angad\Desktop\StemFellowship\data\raw\fitzpatrick\Categorized_AbbrvName\ac-au-bu-di-ge_67\ac-au-bu-di-ge_f1_57_fbf54448.jpg,1,light_FST1_2,0,1,0.8306866884231567
ba-ce-ca_f1_142_21a8b19f.jpg,C:\Users\Angad\Desktop\StemFellowship\data\raw\fitzpatrick\Categorized_AbbrvName\ba-ce-ca_468\ba-ce-ca_f1_142_21a8b19f.jpg,1,light_FST1_2,1,1,0.9014104604721069
ac-vu_f1_187_7fa31345.jpg,C:\Users\Angad\Desktop\StemFellowship\data\raw\fitzpatrick\Categorized_AbbrvName\ac-vu_335\ac-vu_f1_187_7fa31345.jpg,1,light_FST1_2,0,0,0.27838563919067383
ps_f2_440_98b94213.jpg,C:\Users\Angad\Desktop\StemFellowship\data\raw\fitzpatrick\Categorized_AbbrvName\ps_653\ps_f2_440_98b94213.jpg,2,light_FST1_2,0,0,0.118505097925663
se-ke_f4_30_a2e69b3c.jpg,C:\Users\Angad\Desktop\StemFellowship\data\raw\fitzpatrick\Categorized_AbbrvName\se-ke_69\se-ke_f4_30_a2e69b3c.jpg,4,medium_FST3_4,0,0,0.17922364175319672
rh_f3_84_60abb67a.jpg,C:\Users\Angad\Desktop\StemFellowship\data\raw\fitzpatrick\Categorized_AbbrvName\rh_91\rh_f3_84_60abb67a.jpg,3,medium_FST3_4,0,1,0.5669848918914795
di-ac-po_f2_57_f9c61ff6.jpg,C:\Users\Angad\Desktop\StemFellowship\data\raw\fitzpatrick\Categorized_AbbrvName\di-ac-po_60\di-ac-po_f2_57_f9c61ff6.jpg,2,light_FST1_2,0,0,0.06421194970607758
pi-ru-pi_f6_32_b29387fe.jpg,C:\Users\Angad\Desktop\StemFellowship\data\raw\fitzpatrick\Categorized_AbbrvName\pi-ru-pi_278\pi-ru-pi_f6_32_b29387fe.jpg,6,dark_FST5_6,0,0,0.09097643941640854
ps_f2_498_350e8caf.jpg,C:\Users\Angad\Desktop\StemFellowship\data\raw\fitzpatrick\Categorized_AbbrvName\ps_653\ps_f2_498_350e8caf.jpg,2,light_FST1_2,0,0,0.29641398787498474
pi-li-ch_f2_64_83f46baf.jpg,C:\Users\Angad\Desktop\StemFellowship\data\raw\fitzpatrick\Categorized_AbbrvName\pi-li-ch_73\pi-li-ch_f2_64_83f46baf.jpg,2,light_FST1_2,0,0,0.0002042522100964561
li-pl_f1_183_e2211fea.jpg,C:\Users\Angad\Desktop\StemFellowship\data\raw\fitzpatrick\Categorized_AbbrvName\li-pl_491\li-pl_f1_183_e2211fea.jpg,1,light_FST1_2,0,0,0.10180876404047012
ur-pi_f2_84_a4a16caf.jpg,C:\Users\Angad\Desktop\StemFellowship\data\raw\fitzpatrick\Categorized_AbbrvName\ur-pi_112\ur-pi_f2_84_a4a16caf.jpg,2,light_FST1_2,0,0,0.30112162232398987
sq-ce-ca_f4_504_de608b75.jpg,C:\Users\Angad\Desktop\StemFellowship\data\raw\fitzpatrick\Categorized_AbbrvName\sq-ce-ca_581\sq-ce-ca_f4_504_de608b75.jpg,4,medium_FST3_4,1,0,0.23705072700977325
mu-cy_f1_27_b9003d43.jpg,C:\Users\Angad\Desktop\StemFellowship\data\raw\fitzpatrick\Categorized_AbbrvName\mu-cy_79\mu-cy_f1_27_b9003d43.jpg,1,light_FST1_2,0,0,0.43569108843803406
sq-ce-ca_f3_557_cc333f3d.jpg,C:\Users\Angad\Desktop\StemFellowship\data\raw\fitzpatrick\Categorized_AbbrvName\sq-ce-ca_581\sq-ce-ca_f3_557_cc333f3d.jpg,3,medium_FST3_4,1,1,0.9838268160820007
sq-ce-ca_f2_510_20851c52.jpg,C:\Users\Angad\Desktop\StemFellowship\data\raw\fitzpatrick\Categorized_AbbrvName\sq-ce-ca_581\sq-ce-ca_f2_510_20851c52.jpg,2,light_FST1_2,1,1,0.9977474808692932
le-ma_f1_66_ede3cf41.jpg,C:\Users\Angad\Desktop\StemFellowship\data\raw\fitzpatrick\Categorized_AbbrvName\le-ma_83\le-ma_f1_66_ede3cf41.jpg,1,light_FST1_2,1,1,0.9976727366447449
ne-de_f2_354_cfd33156.jpg,C:\Users\Angad\Desktop\StemFellowship\data\raw\fitzpatrick\Categorized_AbbrvName\ne-de_361\ne-de_f2_354_cfd33156.jpg,2,light_FST1_2,0,0,0.011167716234922409
ba-ce-ca_f3_219_7270099b.jpg,C:\Users\Angad\Desktop\StemFellowship\data\raw\fitzpatrick\Categorized_AbbrvName\ba-ce-ca_468\ba-ce-ca_f3_219_7270099b.jpg,3,medium_FST3_4,1,0,0.0012761895777657628
da-di_f4_62_07119186.jpg,C:\Users\Angad\Desktop\StemFellowship\data\raw\fitzpatrick\Categorized_AbbrvName\da-di_153\da-di_f4_62_07119186.jpg,4,medium_FST3_4,0,0,0.023145383223891258
ly-di_f1_88_1f44e117.jpg,C:\Users\Angad\Desktop\StemFellowship\data\raw\fitzpatrick\Categorized_AbbrvName\ly-di_129\ly-di_f1_88_1f44e117.jpg,1,light_FST1_2,0,0,0.26222342252731323
pi-ru-pi_f5_40_afa4bd44.jpg,C:\Users\Angad\Desktop\StemFellowship\data\raw\fitzpatrick\Categorized_AbbrvName\pi-ru-pi_278\pi-ru-pi_f5_40_afa4bd44.jpg,5,dark_FST5_6,0,0,0.41119152307510376
ur_f2_16_7ebb629b.jpg,C:\Users\Angad\Desktop\StemFellowship\data\raw\fitzpatrick\Categorized_AbbrvName\ur_151\ur_f2_16_7ebb629b.jpg,2,light_FST1_2,0,0,0.03675607591867447
ne-li_f1_46_d72350c9.jpg,C:\Users\Angad\Desktop\StemFellowship\data\raw\fitzpatrick\Categorized_AbbrvName\ne-li_123\ne-li_f1_46_d72350c9.jpg,1,light_FST1_2,0,1,0.5767284035682678
st_f1_20_b50593fb.jpg,C:\Users\Angad\Desktop\StemFellowship\data\raw\fitzpatrick\Categorized_AbbrvName\st_67\st_f1_20_b50593fb.jpg,1,light_FST1_2,0,0,0.1502171754837036
be-di_f2_6_f98685df.jpg,C:\Users\Angad\Desktop\StemFellowship\data\raw\fitzpatrick\Categorized_AbbrvName\be-di_63\be-di_f2_6_f98685df.jpg,2,light_FST1_2,0,0,0.11420406401157379
fo-sp_f4_74_e82f93dd.jpg,C:\Users\Angad\Desktop\StemFellowship\data\raw\fitzpatrick\Categorized_AbbrvName\fo-sp_100\fo-sp_f4_74_e82f93dd.jpg,4,medium_FST3_4,0,1,0.7584779262542725
ma-me_f2_4_1681c653.jpg,C:\Users\Angad\Desktop\StemFellowship\data\raw\fitzpatrick\Categorized_AbbrvName\ma-me_111\ma-me_f2_4_1681c653.jpg,2,light_FST1_2,1,0,0.20806004106998444
su-sp-me-ss_f2_11_fb645ff8.jpg,C:\Users\Angad\Desktop\StemFellowship\data\raw\fitzpatrick\Categorized_AbbrvName\su-sp-me-ss_118\su-sp-me-ss_f2_11_fb645ff8.jpg,2,light_FST1_2,1,1,0.8241099119186401
da-di_f2_54_8e5ecd91.jpg,C:\Users\Angad\Desktop\StemFellowship\data\raw\fitzpatrick\Categorized_AbbrvName\da-di_153\da-di_f2_54_8e5ecd91.jpg,2,light_FST1_2,0,0,0.42417770624160767
lu-er_f3_355_a02e6b04.jpg,C:\Users\Angad\Desktop\StemFellowship\data\raw\fitzpatrick\Categorized_AbbrvName\lu-er_410\lu-er_f3_355_a02e6b04.jpg,3,medium_FST3_4,0,0,0.001703418791294098
er-no_f1_49_a71da3de.jpg,C:\Users\Angad\Desktop\StemFellowship\data\raw\fitzpatrick\Categorized_AbbrvName\er-no_81\er-no_f1_49_a71da3de.jpg,1,light_FST1_2,0,0,0.2750827670097351
ne-de_f2_181_f9ac3e74.jpg,C:\Users\Angad\Desktop\StemFellowship\data\raw\fitzpatrick\Categorized_AbbrvName\ne-de_361\ne-de_f2_181_f9ac3e74.jpg,2,light_FST1_2,0,1,0.5391038060188293
po_f5_119_7f22c295.jpg,C:\Users\Angad\Desktop\StemFellowship\data\raw\fitzpatrick\Categorized_AbbrvName\po_127\po_f5_119_7f22c295.jpg,5,dark_FST5_6,0,1,0.7951852679252625
ap-cu_f5_29_e40a7afe.jpg,C:\Users\Angad\Desktop\StemFellowship\data\raw\fitzpatrick\Categorized_AbbrvName\ap-cu_72\ap-cu_f5_29_e40a7afe.jpg,5,dark_FST5_6,0,0,0.11489219218492508
vi_f5_152_215eb287.jpg,C:\Users\Angad\Desktop\StemFellowship\data\raw\fitzpatrick\Categorized_AbbrvName\vi_166\vi_f5_152_215eb287.jpg,5,dark_FST5_6,0,1,0.8470577597618103
lu-er_f3_97_17171df5.jpg,C:\Users\Angad\Desktop\StemFellowship\data\raw\fitzpatrick\Categorized_AbbrvName\lu-er_410\lu-er_f3_97_17171df5.jpg,3,medium_FST3_4,0,0,0.07321801036596298
ps_f2_67_487a1e12.jpg,C:\Users\Angad\Desktop\StemFellowship\data\raw\fitzpatrick\Categorized_AbbrvName\ps_653\ps_f2_67_487a1e12.jpg,2,light_FST1_2,0,0,0.0672231912612915
ac-vu_f1_288_df0ed687.jpg,C:\Users\Angad\Desktop\StemFellowship\data\raw\fitzpatrick\Categorized_AbbrvName\ac-vu_335\ac-vu_f1_288_df0ed687.jpg,1,light_FST1_2,0,0,0.2573002576828003
dr-er_f5_34_6cd57e29.jpg,C:\Users\Angad\Desktop\StemFellowship\data\raw\fitzpatrick\Categorized_AbbrvName\dr-er_200\dr-er_f5_34_6cd57e29.jpg,5,dark_FST5_6,0,0,0.16729657351970673
st-jo-sy_f6_65_34e20d92.jpg,C:\Users\Angad\Desktop\StemFellowship\data\raw\fitzpatrick\Categorized_AbbrvName\st-jo-sy_113\st-jo-sy_f6_65_34e20d92.jpg,6,dark_FST5_6,0,0,0.04594970494508743
ba-ce-ca_f2_65_a4d86ff0.jpg,C:\Users\Angad\Desktop\StemFellowship\data\raw\fitzpatrick\Categorized_AbbrvName\ba-ce-ca_468\ba-ce-ca_f2_65_a4d86ff0.jpg,2,light_FST1_2,1,1,0.9500458836555481
pi-li-ch_f3_67_6b9d1a3f.jpg,C:\Users\Angad\Desktop\StemFellowship\data\raw\fitzpatrick\Categorized_AbbrvName\pi-li-ch_73\pi-li-ch_f3_67_6b9d1a3f.jpg,3,medium_FST3_4,0,0,0.037715982645750046
se-de_f2_100_8085a5cd.jpg,C:\Users\Angad\Desktop\StemFellowship\data\raw\fitzpatrick\Categorized_AbbrvName\se-de_126\se-de_f2_100_8085a5cd.jpg,2,light_FST1_2,0,0,0.0023642326705157757
ma-me_f1_37_ed277f41.jpg,C:\Users\Angad\Desktop\StemFellowship\data\raw\fitzpatrick\Categorized_AbbrvName\ma-me_111\ma-me_f1_37_ed277f41.jpg,1,light_FST1_2,1,1,0.9337283372879028
al-co-de_f2_175_51a8e47a.jpg,C:\Users\Angad\Desktop\StemFellowship\data\raw\fitzpatrick\Categorized_AbbrvName\al-co-de_430\al-co-de_f2_175_51a8e47a.jpg,2,light_FST1_2,0,0,0.4640207588672638
ac-ni_f1_39_9df4a1d2.jpg,C:\Users\Angad\Desktop\StemFellowship\data\raw\fitzpatrick\Categorized_AbbrvName\ac-ni_92\ac-ni_f1_39_9df4a1d2.jpg,1,light_FST1_2,0,0,0.21038711071014404
dr-er_f4_134_3e0b9c3f.jpg,C:\Users\Angad\Desktop\StemFellowship\data\raw\fitzpatrick\Categorized_AbbrvName\dr-er_200\dr-er_f4_134_3e0b9c3f.jpg,4,medium_FST3_4,0,1,0.8542535901069641
xa_f2_28_9b4055e0.jpg,C:\Users\Angad\Desktop\StemFellowship\data\raw\fitzpatrick\Categorized_AbbrvName\xa_53\xa_f2_28_9b4055e0.jpg,2,light_FST1_2,0,0,0.270008385181427
po-ac_f4_133_82f3238e.jpg,C:\Users\Angad\Desktop\StemFellowship\data\raw\fitzpatrick\Categorized_AbbrvName\po-ac_183\po-ac_f4_133_82f3238e.jpg,4,medium_FST3_4,0,0,0.04241785779595375
ac-au-bu-di-ge_f3_62_6f98c8dd.jpg,C:\Users\Angad\Desktop\StemFellowship\data\raw\fitzpatrick\Categorized_AbbrvName\ac-au-bu-di-ge_67\ac-au-bu-di-ge_f3_62_6f98c8dd.jpg,3,medium_FST3_4,0,1,0.773317813873291
ps_f3_110_6d6832f8.jpg,C:\Users\Angad\Desktop\StemFellowship\data\raw\fitzpatrick\Categorized_AbbrvName\ps_653\ps_f3_110_6d6832f8.jpg,3,medium_FST3_4,0,0,0.008868864737451077
my-fu_f3_6_0ad35686.jpg,C:\Users\Angad\Desktop\StemFellowship\data\raw\fitzpatrick\Categorized_AbbrvName\my-fu_182\my-fu_f3_6_0ad35686.jpg,3,medium_FST3_4,1,0,0.1499931663274765
gr-an_f4_14_d4d64bbb.jpg,C:\Users\Angad\Desktop\StemFellowship\data\raw\fitzpatrick\Categorized_AbbrvName\gr-an_211\gr-an_f4_14_d4d64bbb.jpg,4,medium_FST3_4,0,0,0.0008516492089256644
co-ne_f1_29_7edd1ea6.jpg,C:\Users\Angad\Desktop\StemFellowship\data\raw\fitzpatrick\Categorized_AbbrvName\co-ne_68\co-ne_f1_29_7edd1ea6.jpg,1,light_FST1_2,0,0,0.1135760098695755
ly-di_f2_93_6b62e2b6.jpg,C:\Users\Angad\Desktop\StemFellowship\data\raw\fitzpatrick\Categorized_AbbrvName\ly-di_129\ly-di_f2_93_6b62e2b6.jpg,2,light_FST1_2,0,1,0.8513317704200745
lu-er_f4_219_85466a17.jpg,C:\Users\Angad\Desktop\StemFellowship\data\raw\fitzpatrick\Categorized_AbbrvName\lu-er_410\lu-er_f4_219_85466a17.jpg,4,medium_FST3_4,0,0,0.025052083656191826
me_f3_204_74bc180c.jpg,C:\Users\Angad\Desktop\StemFellowship\data\raw\fitzpatrick\Categorized_AbbrvName\me_261\me_f3_204_74bc180c.jpg,3,medium_FST3_4,1,1,0.8713577389717102
ac-ke_f5_153_d33000ba.jpg,C:\Users\Angad\Desktop\StemFellowship\data\raw\fitzpatrick\Categorized_AbbrvName\ac-ke_175\ac-ke_f5_153_d33000ba.jpg,5,dark_FST5_6,1,0,0.09817804396152496
ap-cu_f1_62_4ee44172.jpg,C:\Users\Angad\Desktop\StemFellowship\data\raw\fitzpatrick\Categorized_AbbrvName\ap-cu_72\ap-cu_f1_62_4ee44172.jpg,1,light_FST1_2,0,0,0.03287801519036293
ps_f2_350_633c0b98.jpg,C:\Users\Angad\Desktop\StemFellowship\data\raw\fitzpatrick\Categorized_AbbrvName\ps_653\ps_f2_350_633c0b98.jpg,2,light_FST1_2,0,0,0.09978840500116348
ke_f6_25_f3093029.jpg,C:\Users\Angad\Desktop\StemFellowship\data\raw\fitzpatrick\Categorized_AbbrvName\ke_156\ke_f6_25_f3093029.jpg,6,dark_FST5_6,0,0,0.20998722314834595
pr-no_f2_45_f2525ecb.jpg,C:\Users\Angad\Desktop\StemFellowship\data\raw\fitzpatrick\Categorized_AbbrvName\pr-no_170\pr-no_f2_45_f2525ecb.jpg,2,light_FST1_2,0,1,0.7840576767921448
mi_f2_2_15dd1eb1.jpg,C:\Users\Angad\Desktop\StemFellowship\data\raw\fitzpatrick\Categorized_AbbrvName\mi_112\mi_f2_2_15dd1eb1.jpg,2,light_FST1_2,0,0,0.012544258497655392
li-pl_f4_432_8ca45fd5.jpg,C:\Users\Angad\Desktop\StemFellowship\data\raw\fitzpatrick\Categorized_AbbrvName\li-pl_491\li-pl_f4_432_8ca45fd5.jpg,4,medium_FST3_4,0,0,0.03874437138438225
pi-ru-pi_f5_90_0ab54547.jpg,C:\Users\Angad\Desktop\StemFellowship\data\raw\fitzpatrick\Categorized_AbbrvName\pi-ru-pi_278\pi-ru-pi_f5_90_0ab54547.jpg,5,dark_FST5_6,0,0,0.024253476411104202
dr-er_f4_98_4685fb75.jpg,C:\Users\Angad\Desktop\StemFellowship\data\raw\fitzpatrick\Categorized_AbbrvName\dr-er_200\dr-er_f4_98_4685fb75.jpg,4,medium_FST3_4,0,0,0.06706908345222473
se-ke_f6_17_ed04779a.jpg,C:\Users\Angad\Desktop\StemFellowship\data\raw\fitzpatrick\Categorized_AbbrvName\se-ke_69\se-ke_f6_17_ed04779a.jpg,6,dark_FST5_6,0,0,0.0009150730329565704
ac-vu_f2_24_6b6381eb.jpg,C:\Users\Angad\Desktop\StemFellowship\data\raw\fitzpatrick\Categorized_AbbrvName\ac-vu_335\ac-vu_f2_24_6b6381eb.jpg,2,light_FST1_2,0,0,0.22783946990966797
eh-da-sy_f2_32_9a4628ee.jpg,C:\Users\Angad\Desktop\StemFellowship\data\raw\fitzpatrick\Categorized_AbbrvName\eh-da-sy_127\eh-da-sy_f2_32_9a4628ee.jpg,2,light_FST1_2,0,0,0.3736587166786194
ha-ha-di_f3_162_96626ea5.jpg,C:\Users\Angad\Desktop\StemFellowship\data\raw\fitzpatrick\Categorized_AbbrvName\ha-ha-di_174\ha-ha-di_f3_162_96626ea5.jpg,3,medium_FST3_4,0,0,0.05230136215686798
ch_f1_68_ddb89c7c.jpg,C:\Users\Angad\Desktop\StemFellowship\data\raw\fitzpatrick\Categorized_AbbrvName\ch_106\ch_f1_68_ddb89c7c.jpg,1,light_FST1_2,0,0,0.06266413629055023
ne-de_f4_123_75c3e10a.jpg,C:\Users\Angad\Desktop\StemFellowship\data\raw\fitzpatrick\Categorized_AbbrvName\ne-de_361\ne-de_f4_123_75c3e10a.jpg,4,medium_FST3_4,0,1,0.9232493042945862
sq-ce-ca_f4_162_ac3d360b.jpg,C:\Users\Angad\Desktop\StemFellowship\data\raw\fitzpatrick\Categorized_AbbrvName\sq-ce-ca_581\sq-ce-ca_f4_162_ac3d360b.jpg,4,medium_FST3_4,1,1,0.9891641736030579
ne-in_f2_49_9c525195.jpg,C:\Users\Angad\Desktop\StemFellowship\data\raw\fitzpatrick\Categorized_AbbrvName\ne-in_260\ne-in_f2_49_9c525195.jpg,2,light_FST1_2,0,0,0.06568650901317596
ap-cu_f3_10_aacc97df.jpg,C:\Users\Angad\Desktop\StemFellowship\data\raw\fitzpatrick\Categorized_AbbrvName\ap-cu_72\ap-cu_f3_10_aacc97df.jpg,3,medium_FST3_4,0,0,0.01627895049750805
sa_f5_8_2042ae11.jpg,C:\Users\Angad\Desktop\StemFellowship\data\raw\fitzpatrick\Categorized_AbbrvName\sa_349\sa_f5_8_2042ae11.jpg,5,dark_FST5_6,0,0,0.434822142124176
xa_f4_15_9f94f5bf.jpg,C:\Users\Angad\Desktop\StemFellowship\data\raw\fitzpatrick\Categorized_AbbrvName\xa_53\xa_f4_15_9f94f5bf.jpg,4,medium_FST3_4,0,0,0.17139872908592224
po-ac_f2_3_e6624fc3.jpg,C:\Users\Angad\Desktop\StemFellowship\data\raw\fitzpatrick\Categorized_AbbrvName\po-ac_183\po-ac_f2_3_e6624fc3.jpg,2,light_FST1_2,0,1,0.8340461254119873
te_f5_57_9939b401.jpg,C:\Users\Angad\Desktop\StemFellowship\data\raw\fitzpatrick\Categorized_AbbrvName\te_126\te_f5_57_9939b401.jpg,5,dark_FST5_6,0,0,0.04377524554729462
vi_f3_27_396eb306.jpg,C:\Users\Angad\Desktop\StemFellowship\data\raw\fitzpatrick\Categorized_AbbrvName\vi_166\vi_f3_27_396eb306.jpg,3,medium_FST3_4,0,0,0.26233428716659546
ac-ni_f5_67_73750f35.jpg,C:\Users\Angad\Desktop\StemFellowship\data\raw\fitzpatrick\Categorized_AbbrvName\ac-ni_92\ac-ni_f5_67_73750f35.jpg,5,dark_FST5_6,0,0,0.2089337706565857
li-pl_f6_118_4c374174.jpg,C:\Users\Angad\Desktop\StemFellowship\data\raw\fitzpatrick\Categorized_AbbrvName\li-pl_491\li-pl_f6_118_4c374174.jpg,6,dark_FST5_6,0,0,0.0010699547128751874
sa_f1_166_557f9320.jpg,C:\Users\Angad\Desktop\StemFellowship\data\raw\fitzpatrick\Categorized_AbbrvName\sa_349\sa_f1_166_557f9320.jpg,1,light_FST1_2,0,0,0.13661141693592072
se-de_f4_3_d884c99e.jpg,C:\Users\Angad\Desktop\StemFellowship\data\raw\fitzpatrick\Categorized_AbbrvName\se-de_126\se-de_f4_3_d884c99e.jpg,4,medium_FST3_4,0,1,0.6418243646621704
vi_f1_41_3a628074.jpg,C:\Users\Angad\Desktop\StemFellowship\data\raw\fitzpatrick\Categorized_AbbrvName\vi_166\vi_f1_41_3a628074.jpg,1,light_FST1_2,0,0,0.004428480751812458
ba-ce-ca_f1_162_e3b5c999.jpg,C:\Users\Angad\Desktop\StemFellowship\data\raw\fitzpatrick\Categorized_AbbrvName\ba-ce-ca_468\ba-ce-ca_f1_162_e3b5c999.jpg,1,light_FST1_2,1,1,0.5942469239234924
po-wi-st_f5_37_8a7e4ecd.jpg,C:\Users\Angad\Desktop\StemFellowship\data\raw\fitzpatrick\Categorized_AbbrvName\po-wi-st_59\po-wi-st_f5_37_8a7e4ecd.jpg,5,dark_FST5_6,0,0,0.30637064576148987
ac-au-bu-di-ge_f2_48_8215dff3.jpg,C:\Users\Angad\Desktop\StemFellowship\data\raw\fitzpatrick\Categorized_AbbrvName\ac-au-bu-di-ge_67\ac-au-bu-di-ge_f2_48_8215dff3.jpg,2,light_FST1_2,0,0,0.23260486125946045
ne-ne_f1_45_2c805283.jpg,C:\Users\Angad\Desktop\StemFellowship\data\raw\fitzpatrick\Categorized_AbbrvName\ne-ne_86\ne-ne_f1_45_2c805283.jpg,1,light_FST1_2,0,1,0.87245112657547
li-re_f1_21_25ed48ce.jpg,C:\Users\Angad\Desktop\StemFellowship\data\raw\fitzpatrick\Categorized_AbbrvName\li-re_60\li-re_f1_21_25ed48ce.jpg,1,light_FST1_2,0,0,0.4834902584552765
sa_f3_131_07c0a587.jpg,C:\Users\Angad\Desktop\StemFellowship\data\raw\fitzpatrick\Categorized_AbbrvName\sa_349\sa_f3_131_07c0a587.jpg,3,medium_FST3_4,0,1,0.7309574484825134
al-co-de_f2_162_76027292.jpg,C:\Users\Angad\Desktop\StemFellowship\data\raw\fitzpatrick\Categorized_AbbrvName\al-co-de_430\al-co-de_f2_162_76027292.jpg,2,light_FST1_2,0,0,0.022827545180916786
me_f1_98_db88650a.jpg,C:\Users\Angad\Desktop\StemFellowship\data\raw\fitzpatrick\Categorized_AbbrvName\me_261\me_f1_98_db88650a.jpg,1,light_FST1_2,1,1,0.9910683631896973
ba-ce-ca_f3_166_d65fdc32.jpg,C:\Users\Angad\Desktop\StemFellowship\data\raw\fitzpatrick\Categorized_AbbrvName\ba-ce-ca_468\ba-ce-ca_f3_166_d65fdc32.jpg,3,medium_FST3_4,1,1,0.9078949689865112
ac-vu_f2_100_610238a9.jpg,C:\Users\Angad\Desktop\StemFellowship\data\raw\fitzpatrick\Categorized_AbbrvName\ac-vu_335\ac-vu_f2_100_610238a9.jpg,2,light_FST1_2,0,0,0.39419445395469666
li-pl_f3_224_c8c03785.jpg,C:\Users\Angad\Desktop\StemFellowship\data\raw\fitzpatrick\Categorized_AbbrvName\li-pl_491\li-pl_f3_224_c8c03785.jpg,3,medium_FST3_4,0,0,0.010297413915395737
ph_f4_137_1d955fd4.jpg,C:\Users\Angad\Desktop\StemFellowship\data\raw\fitzpatrick\Categorized_AbbrvName\ph_348\ph_f4_137_1d955fd4.jpg,4,medium_FST3_4,0,0,0.19421707093715668
ac-ke_f2_122_e5edef29.jpg,C:\Users\Angad\Desktop\StemFellowship\data\raw\fitzpatrick\Categorized_AbbrvName\ac-ke_175\ac-ke_f2_122_e5edef29.jpg,2,light_FST1_2,1,0,0.20695842802524567
ur-pi_f4_53_f5a3d5cf.jpg,C:\Users\Angad\Desktop\StemFellowship\data\raw\fitzpatrick\Categorized_AbbrvName\ur-pi_112\ur-pi_f4_53_f5a3d5cf.jpg,4,medium_FST3_4,0,0,0.25690364837646484
ke_f4_89_c6d0a9b8.jpg,C:\Users\Angad\Desktop\StemFellowship\data\raw\fitzpatrick\Categorized_AbbrvName\ke_156\ke_f4_89_c6d0a9b8.jpg,4,medium_FST3_4,0,0,0.002982739359140396
ne-in_f3_159_7427fd32.jpg,C:\Users\Angad\Desktop\StemFellowship\data\raw\fitzpatrick\Categorized_AbbrvName\ne-in_260\ne-in_f3_159_7427fd32.jpg,3,medium_FST3_4,0,0,0.0005184119218029082
vi_f5_114_dca6d710.jpg,C:\Users\Angad\Desktop\StemFellowship\data\raw\fitzpatrick\Categorized_AbbrvName\vi_166\vi_f5_114_dca6d710.jpg,5,dark_FST5_6,0,0,0.13584201037883759
ne-li_f5_109_9092ba84.jpg,C:\Users\Angad\Desktop\StemFellowship\data\raw\fitzpatrick\Categorized_AbbrvName\ne-li_123\ne-li_f5_109_9092ba84.jpg,5,dark_FST5_6,0,1,0.8315078616142273
al-co-de_f4_158_9148de65.jpg,C:\Users\Angad\Desktop\StemFellowship\data\raw\fitzpatrick\Categorized_AbbrvName\al-co-de_430\al-co-de_f4_158_9148de65.jpg,4,medium_FST3_4,0,0,0.021824311465024948
in-pi_f1_45_c9db014a.jpg,C:\Users\Angad\Desktop\StemFellowship\data\raw\fitzpatrick\Categorized_AbbrvName\in-pi_102\in-pi_f1_45_c9db014a.jpg,1,light_FST1_2,0,1,0.904453694820404
po-ac_f3_106_5041af68.jpg,C:\Users\Angad\Desktop\StemFellowship\data\raw\fitzpatrick\Categorized_AbbrvName\po-ac_183\po-ac_f3_106_5041af68.jpg,3,medium_FST3_4,0,0,0.4776054620742798
sq-ce-ca_f1_41_50c5fdef.jpg,C:\Users\Angad\Desktop\StemFellowship\data\raw\fitzpatrick\Categorized_AbbrvName\sq-ce-ca_581\sq-ce-ca_f1_41_50c5fdef.jpg,1,light_FST1_2,1,1,0.9791208505630493
in-pi_f1_7_ec147f22.jpg,C:\Users\Angad\Desktop\StemFellowship\data\raw\fitzpatrick\Categorized_AbbrvName\in-pi_102\in-pi_f1_7_ec147f22.jpg,1,light_FST1_2,0,0,0.32171860337257385
er-el-di_f2_22_05b4debe.jpg,C:\Users\Angad\Desktop\StemFellowship\data\raw\fitzpatrick\Categorized_AbbrvName\er-el-di_55\er-el-di_f2_22_05b4debe.jpg,2,light_FST1_2,0,0,0.415630042552948
ps_f4_438_0b3fa8c3.jpg,C:\Users\Angad\Desktop\StemFellowship\data\raw\fitzpatrick\Categorized_AbbrvName\ps_653\ps_f4_438_0b3fa8c3.jpg,4,medium_FST3_4,0,0,0.046561211347579956
xe-pi_f3_26_1f20b21b.jpg,C:\Users\Angad\Desktop\StemFellowship\data\raw\fitzpatrick\Categorized_AbbrvName\xe-pi_81\xe-pi_f3_26_1f20b21b.jpg,3,medium_FST3_4,0,0,0.3981859087944031
ph_f3_243_4d8ec066.jpg,C:\Users\Angad\Desktop\StemFellowship\data\raw\fitzpatrick\Categorized_AbbrvName\ph_348\ph_f3_243_4d8ec066.jpg,3,medium_FST3_4,0,0,0.16342656314373016
sq-ce-ca_f2_540_2abba7fd.jpg,C:\Users\Angad\Desktop\StemFellowship\data\raw\fitzpatrick\Categorized_AbbrvName\sq-ce-ca_581\sq-ce-ca_f2_540_2abba7fd.jpg,2,light_FST1_2,1,1,0.8129634261131287
me_f3_42_6eb24128.jpg,C:\Users\Angad\Desktop\StemFellowship\data\raw\fitzpatrick\Categorized_AbbrvName\me_261\me_f3_42_6eb24128.jpg,3,medium_FST3_4,1,1,0.984028160572052
mi_f1_61_e7ecb18c.jpg,C:\Users\Angad\Desktop\StemFellowship\data\raw\fitzpatrick\Categorized_AbbrvName\mi_112\mi_f1_61_e7ecb18c.jpg,1,light_FST1_2,0,0,0.09174389392137527
ps_f3_263_a7dae1d2.jpg,C:\Users\Angad\Desktop\StemFellowship\data\raw\fitzpatrick\Categorized_AbbrvName\ps_653\ps_f3_263_a7dae1d2.jpg,3,medium_FST3_4,0,0,0.0011498191161081195
so-cy-ba-ce-ca_f2_29_b822f042.jpg,C:\Users\Angad\Desktop\StemFellowship\data\raw\fitzpatrick\Categorized_AbbrvName\so-cy-ba-ce-ca_66\so-cy-ba-ce-ca_f2_29_b822f042.jpg,2,light_FST1_2,1,0,0.31489476561546326
er-an-ce_f4_18_4b3c8578.jpg,C:\Users\Angad\Desktop\StemFellowship\data\raw\fitzpatrick\Categorized_AbbrvName\er-an-ce_88\er-an-ce_f4_18_4b3c8578.jpg,4,medium_FST3_4,0,1,0.7522500157356262
pi-ro_f4_1_40d11630.jpg,C:\Users\Angad\Desktop\StemFellowship\data\raw\fitzpatrick\Categorized_AbbrvName\pi-ro_193\pi-ro_f4_1_40d11630.jpg,4,medium_FST3_4,0,0,0.01188238337635994
fo_f5_289_0ebbe712.jpg,C:\Users\Angad\Desktop\StemFellowship\data\raw\fitzpatrick\Categorized_AbbrvName\fo_342\fo_f5_289_0ebbe712.jpg,5,dark_FST5_6,0,0,5.546051397686824e-05
fo_f1_33_a49dd6de.jpg,C:\Users\Angad\Desktop\StemFellowship\data\raw\fitzpatrick\Categorized_AbbrvName\fo_342\fo_f1_33_a49dd6de.jpg,1,light_FST1_2,0,0,0.04164717346429825
ly_f1_38_48915dd8.jpg,C:\Users\Angad\Desktop\StemFellowship\data\raw\fitzpatrick\Categorized_AbbrvName\ly_100\ly_f1_38_48915dd8.jpg,1,light_FST1_2,0,1,0.7159879207611084
ba-ce-ca_f2_172_9cc65e52.jpg,C:\Users\Angad\Desktop\StemFellowship\data\raw\fitzpatrick\Categorized_AbbrvName\ba-ce-ca_468\ba-ce-ca_f2_172_9cc65e52.jpg,2,light_FST1_2,1,1,0.7488707304000854
sq-ce-ca_f2_218_bee88dc6.jpg,C:\Users\Angad\Desktop\StemFellowship\data\raw\fitzpatrick\Categorized_AbbrvName\sq-ce-ca_581\sq-ce-ca_f2_218_bee88dc6.jpg,2,light_FST1_2,1,0,0.08698905259370804
pr-no_f5_2_0f94533e.jpg,C:\Users\Angad\Desktop\StemFellowship\data\raw\fitzpatrick\Categorized_AbbrvName\pr-no_170\pr-no_f5_2_0f94533e.jpg,5,dark_FST5_6,0,0,0.00028293413924984634
ne-ne_f4_83_1d76114e.jpg,C:\Users\Angad\Desktop\StemFellowship\data\raw\fitzpatrick\Categorized_AbbrvName\ne-ne_86\ne-ne_f4_83_1d76114e.jpg,4,medium_FST3_4,0,0,0.36817073822021484
la-ce-hi_f2_6_a4b6a37c.jpg,C:\Users\Angad\Desktop\StemFellowship\data\raw\fitzpatrick\Categorized_AbbrvName\la-ce-hi_60\la-ce-hi_f2_6_a4b6a37c.jpg,2,light_FST1_2,0,0,0.387986958026886
fi-er_f4_103_37b5319d.jpg,C:\Users\Angad\Desktop\StemFellowship\data\raw\fitzpatrick\Categorized_AbbrvName\fi-er_125\fi-er_f4_103_37b5319d.jpg,4,medium_FST3_4,0,1,0.9113196134567261
sy_f4_105_3cad5987.jpg,C:\Users\Angad\Desktop\StemFellowship\data\raw\fitzpatrick\Categorized_AbbrvName\sy_127\sy_f4_105_3cad5987.jpg,4,medium_FST3_4,0,0,0.0011680400930345058
lu-er_f5_273_b948de5c.jpg,C:\Users\Angad\Desktop\StemFellowship\data\raw\fitzpatrick\Categorized_AbbrvName\lu-er_410\lu-er_f5_273_b948de5c.jpg,5,dark_FST5_6,0,0,0.09634029865264893
ne-ne_f2_42_f10e8db0.jpg,C:\Users\Angad\Desktop\StemFellowship\data\raw\fitzpatrick\Categorized_AbbrvName\ne-ne_86\ne-ne_f2_42_f10e8db0.jpg,2,light_FST1_2,0,0,0.4166276752948761
ba-ce-ca_f4_149_e4935b8a.jpg,C:\Users\Angad\Desktop\StemFellowship\data\raw\fitzpatrick\Categorized_AbbrvName\ba-ce-ca_468\ba-ce-ca_f4_149_e4935b8a.jpg,4,medium_FST3_4,1,0,0.3787468671798706
so-cy-ba-ce-ca_f2_3_874c0687.jpg,C:\Users\Angad\Desktop\StemFellowship\data\raw\fitzpatrick\Categorized_AbbrvName\so-cy-ba-ce-ca_66\so-cy-ba-ce-ca_f2_3_874c0687.jpg,2,light_FST1_2,1,1,0.9487282633781433
lu-er_f4_374_7a91533a.jpg,C:\Users\Angad\Desktop\StemFellowship\data\raw\fitzpatrick\Categorized_AbbrvName\lu-er_410\lu-er_f4_374_7a91533a.jpg,4,medium_FST3_4,0,0,0.0018863766454160213
pi-ro_f2_106_e08632da.jpg,C:\Users\Angad\Desktop\StemFellowship\data\raw\fitzpatrick\Categorized_AbbrvName\pi-ro_193\pi-ro_f2_106_e08632da.jpg,2,light_FST1_2,0,0,0.0018722953973338008
ps_f6_220_a40c0bfb.jpg,C:\Users\Angad\Desktop\StemFellowship\data\raw\fitzpatrick\Categorized_AbbrvName\ps_653\ps_f6_220_a40c0bfb.jpg,6,dark_FST5_6,0,0,0.2920556664466858
li-pl_f3_40_7af4d8c1.jpg,C:\Users\Angad\Desktop\StemFellowship\data\raw\fitzpatrick\Categorized_AbbrvName\li-pl_491\li-pl_f3_40_7af4d8c1.jpg,3,medium_FST3_4,0,0,0.21889270842075348
ac-ke_f1_79_30421ab6.jpg,C:\Users\Angad\Desktop\StemFellowship\data\raw\fitzpatrick\Categorized_AbbrvName\ac-ke_175\ac-ke_f1_79_30421ab6.jpg,1,light_FST1_2,1,1,0.9856324195861816
al-co-de_f4_31_66e1c8c8.jpg,C:\Users\Angad\Desktop\StemFellowship\data\raw\fitzpatrick\Categorized_AbbrvName\al-co-de_430\al-co-de_f4_31_66e1c8c8.jpg,4,medium_FST3_4,0,0,0.00937839038670063
sq-ce-ca_f2_449_13e11954.jpg,C:\Users\Angad\Desktop\StemFellowship\data\raw\fitzpatrick\Categorized_AbbrvName\sq-ce-ca_581\sq-ce-ca_f2_449_13e11954.jpg,2,light_FST1_2,1,1,0.809768557548523
fo_f3_51_b7670812.jpg,C:\Users\Angad\Desktop\StemFellowship\data\raw\fitzpatrick\Categorized_AbbrvName\fo_342\fo_f3_51_b7670812.jpg,3,medium_FST3_4,0,0,0.0002469047321937978
st-ed_f6_38_9dadc5cf.jpg,C:\Users\Angad\Desktop\StemFellowship\data\raw\fitzpatrick\Categorized_AbbrvName\st-ed_69\st-ed_f6_38_9dadc5cf.jpg,6,dark_FST5_6,0,0,0.0024436030071228743
ly_f3_93_bb08f7f3.jpg,C:\Users\Angad\Desktop\StemFellowship\data\raw\fitzpatrick\Categorized_AbbrvName\ly_100\ly_f3_93_bb08f7f3.jpg,3,medium_FST3_4,0,0,0.0017900433158501983
ac_f1_2_ae895d96.jpg,C:\Users\Angad\Desktop\StemFellowship\data\raw\fitzpatrick\Categorized_AbbrvName\ac_183\ac_f1_2_ae895d96.jpg,1,light_FST1_2,0,0,0.2051759660243988
pi-ru-pi_f3_186_e64e4f37.jpg,C:\Users\Angad\Desktop\StemFellowship\data\raw\fitzpatrick\Categorized_AbbrvName\pi-ru-pi_278\pi-ru-pi_f3_186_e64e4f37.jpg,3,medium_FST3_4,0,0,0.08307435363531113
dr-er_f5_26_d56c9c7c.jpg,C:\Users\Angad\Desktop\StemFellowship\data\raw\fitzpatrick\Categorized_AbbrvName\dr-er_200\dr-er_f5_26_d56c9c7c.jpg,5,dark_FST5_6,0,0,0.15386955440044403
ke_f6_58_bdf515b1.jpg,C:\Users\Angad\Desktop\StemFellowship\data\raw\fitzpatrick\Categorized_AbbrvName\ke_156\ke_f6_58_bdf515b1.jpg,6,dark_FST5_6,0,0,0.0024501860607415438
pi-ru-pi_f4_249_e23ca506.jpg,C:\Users\Angad\Desktop\StemFellowship\data\raw\fitzpatrick\Categorized_AbbrvName\pi-ru-pi_278\pi-ru-pi_f4_249_e23ca506.jpg,4,medium_FST3_4,0,0,0.0012791880872100592
vi_f4_32_04338180.jpg,C:\Users\Angad\Desktop\StemFellowship\data\raw\fitzpatrick\Categorized_AbbrvName\vi_166\vi_f4_32_04338180.jpg,4,medium_FST3_4,0,0,0.05877958610653877
ne-li_f2_117_59fb6432.jpg,C:\Users\Angad\Desktop\StemFellowship\data\raw\fitzpatrick\Categorized_AbbrvName\ne-li_123\ne-li_f2_117_59fb6432.jpg,2,light_FST1_2,0,1,0.9966555833816528
al-co-de_f2_370_001d22ff.jpg,C:\Users\Angad\Desktop\StemFellowship\data\raw\fitzpatrick\Categorized_AbbrvName\al-co-de_430\al-co-de_f2_370_001d22ff.jpg,2,light_FST1_2,0,0,0.12594521045684814
er-mu_f1_124_2296f3b6.jpg,C:\Users\Angad\Desktop\StemFellowship\data\raw\fitzpatrick\Categorized_AbbrvName\er-mu_236\er-mu_f1_124_2296f3b6.jpg,1,light_FST1_2,0,0,0.24794453382492065
li-pl_f3_336_bb88504c.jpg,C:\Users\Angad\Desktop\StemFellowship\data\raw\fitzpatrick\Categorized_AbbrvName\li-pl_491\li-pl_f3_336_bb88504c.jpg,3,medium_FST3_4,0,0,6.269032382988371e-06
ch_f2_12_70fe26ba.jpg,C:\Users\Angad\Desktop\StemFellowship\data\raw\fitzpatrick\Categorized_AbbrvName\ch_106\ch_f2_12_70fe26ba.jpg,2,light_FST1_2,0,0,0.16815181076526642
ba-ce-ca_f4_423_399d923a.jpg,C:\Users\Angad\Desktop\StemFellowship\data\raw\fitzpatrick\Categorized_AbbrvName\ba-ce-ca_468\ba-ce-ca_f4_423_399d923a.jpg,4,medium_FST3_4,1,0,0.4781270921230316
mu-cy_f1_22_93d60c6f.jpg,C:\Users\Angad\Desktop\StemFellowship\data\raw\fitzpatrick\Categorized_AbbrvName\mu-cy_79\mu-cy_f1_22_93d60c6f.jpg,1,light_FST1_2,0,0,0.42461666464805603
pi-ru-pi_f5_168_b8be69a9.jpg,C:\Users\Angad\Desktop\StemFellowship\data\raw\fitzpatrick\Categorized_AbbrvName\pi-ru-pi_278\pi-ru-pi_f5_168_b8be69a9.jpg,5,dark_FST5_6,0,0,0.001888279221020639
ac-vu_f1_270_a267188f.jpg,C:\Users\Angad\Desktop\StemFellowship\data\raw\fitzpatrick\Categorized_AbbrvName\ac-vu_335\ac-vu_f1_270_a267188f.jpg,1,light_FST1_2,0,0,0.0018925718031823635
eh-da-sy_f2_85_62f5ca68.jpg,C:\Users\Angad\Desktop\StemFellowship\data\raw\fitzpatrick\Categorized_AbbrvName\eh-da-sy_127\eh-da-sy_f2_85_62f5ca68.jpg,2,light_FST1_2,0,0,0.41551774740219116
fi-er_f3_35_75c4372c.jpg,C:\Users\Angad\Desktop\StemFellowship\data\raw\fitzpatrick\Categorized_AbbrvName\fi-er_125\fi-er_f3_35_75c4372c.jpg,3,medium_FST3_4,0,0,0.0036693906877189875
ec_f2_99_98e61704.jpg,C:\Users\Angad\Desktop\StemFellowship\data\raw\fitzpatrick\Categorized_AbbrvName\ec_204\ec_f2_99_98e61704.jpg,2,light_FST1_2,0,1,0.6317837238311768
dr-in-pi-ch_f1_69_1402d344.jpg,C:\Users\Angad\Desktop\StemFellowship\data\raw\fitzpatrick\Categorized_AbbrvName\dr-in-pi-ch_71\dr-in-pi-ch_f1_69_1402d344.jpg,1,light_FST1_2,0,1,0.6591179966926575
eh-da-sy_f4_67_a9dc1c6a.jpg,C:\Users\Angad\Desktop\StemFellowship\data\raw\fitzpatrick\Categorized_AbbrvName\eh-da-sy_127\eh-da-sy_f4_67_a9dc1c6a.jpg,4,medium_FST3_4,0,1,0.9549192190170288
po-ac_f3_95_a6652385.jpg,C:\Users\Angad\Desktop\StemFellowship\data\raw\fitzpatrick\Categorized_AbbrvName\po-ac_183\po-ac_f3_95_a6652385.jpg,3,medium_FST3_4,0,0,0.073756642639637
su-sp-me-ss_f2_74_07bbb2e3.jpg,C:\Users\Angad\Desktop\StemFellowship\data\raw\fitzpatrick\Categorized_AbbrvName\su-sp-me-ss_118\su-sp-me-ss_f2_74_07bbb2e3.jpg,2,light_FST1_2,1,1,0.9615033268928528
da-di_f3_57_d87fa6bd.jpg,C:\Users\Angad\Desktop\StemFellowship\data\raw\fitzpatrick\Categorized_AbbrvName\da-di_153\da-di_f3_57_d87fa6bd.jpg,3,medium_FST3_4,0,1,0.6182090044021606
po-ac_f4_141_db23f956.jpg,C:\Users\Angad\Desktop\StemFellowship\data\raw\fitzpatrick\Categorized_AbbrvName\po-ac_183\po-ac_f4_141_db23f956.jpg,4,medium_FST3_4,0,0,0.0037232437171041965
fo_f1_52_d48e8d81.jpg,C:\Users\Angad\Desktop\StemFellowship\data\raw\fitzpatrick\Categorized_AbbrvName\fo_342\fo_f1_52_d48e8d81.jpg,1,light_FST1_2,0,0,0.13487094640731812
ne-in_f1_6_be94ba84.jpg,C:\Users\Angad\Desktop\StemFellowship\data\raw\fitzpatrick\Categorized_AbbrvName\ne-in_260\ne-in_f1_6_be94ba84.jpg,1,light_FST1_2,0,0,0.12658609449863434
ne-in_f3_255_131de64e.jpg,C:\Users\Angad\Desktop\StemFellowship\data\raw\fitzpatrick\Categorized_AbbrvName\ne-in_260\ne-in_f3_255_131de64e.jpg,3,medium_FST3_4,0,0,0.3001096844673157
fo_f3_66_35f50eb7.jpg,C:\Users\Angad\Desktop\StemFellowship\data\raw\fitzpatrick\Categorized_AbbrvName\fo_342\fo_f3_66_35f50eb7.jpg,3,medium_FST3_4,0,0,0.002613467862829566
li-pl_f1_110_bedab7ff.jpg,C:\Users\Angad\Desktop\StemFellowship\data\raw\fitzpatrick\Categorized_AbbrvName\li-pl_491\li-pl_f1_110_bedab7ff.jpg,1,light_FST1_2,0,0,0.009726050309836864
ne-li_f6_47_874c2a5b.jpg,C:\Users\Angad\Desktop\StemFellowship\data\raw\fitzpatrick\Categorized_AbbrvName\ne-li_123\ne-li_f6_47_874c2a5b.jpg,6,dark_FST5_6,0,0,0.23668460547924042
mi_f2_32_6bec1ae4.jpg,C:\Users\Angad\Desktop\StemFellowship\data\raw\fitzpatrick\Categorized_AbbrvName\mi_112\mi_f2_32_6bec1ae4.jpg,2,light_FST1_2,0,0,0.012673807330429554
ma-me_f1_78_4c57a9ee.jpg,C:\Users\Angad\Desktop\StemFellowship\data\raw\fitzpatrick\Categorized_AbbrvName\ma-me_111\ma-me_f1_78_4c57a9ee.jpg,1,light_FST1_2,1,1,0.9875285625457764
ly_f4_44_9670452b.jpg,C:\Users\Angad\Desktop\StemFellowship\data\raw\fitzpatrick\Categorized_AbbrvName\ly_100\ly_f4_44_9670452b.jpg,4,medium_FST3_4,0,1,0.7842535376548767
po-ac_f3_108_0726e8d3.jpg,C:\Users\Angad\Desktop\StemFellowship\data\raw\fitzpatrick\Categorized_AbbrvName\po-ac_183\po-ac_f3_108_0726e8d3.jpg,3,medium_FST3_4,0,0,0.008540510199964046
ac-ke_f2_9_18848f2f.jpg,C:\Users\Angad\Desktop\StemFellowship\data\raw\fitzpatrick\Categorized_AbbrvName\ac-ke_175\ac-ke_f2_9_18848f2f.jpg,2,light_FST1_2,1,1,0.5855201482772827
pr-no_f4_144_3ea363b9.jpg,C:\Users\Angad\Desktop\StemFellowship\data\raw\fitzpatrick\Categorized_AbbrvName\pr-no_170\pr-no_f4_144_3ea363b9.jpg,4,medium_FST3_4,0,0,0.0006049996591173112
pi-ru-pi_f3_126_0371958c.jpg,C:\Users\Angad\Desktop\StemFellowship\data\raw\fitzpatrick\Categorized_AbbrvName\pi-ru-pi_278\pi-ru-pi_f3_126_0371958c.jpg,3,medium_FST3_4,0,0,0.0252809077501297
pu-ps_f1_6_d82ce47b.jpg,C:\Users\Angad\Desktop\StemFellowship\data\raw\fitzpatrick\Categorized_AbbrvName\pu-ps_53\pu-ps_f1_6_d82ce47b.jpg,1,light_FST1_2,0,0,0.40856075286865234
ac_f2_84_103e8447.jpg,C:\Users\Angad\Desktop\StemFellowship\data\raw\fitzpatrick\Categorized_AbbrvName\ac_183\ac_f2_84_103e8447.jpg,2,light_FST1_2,0,1,0.7739858627319336
ly-di_f3_68_f055970c.jpg,C:\Users\Angad\Desktop\StemFellowship\data\raw\fitzpatrick\Categorized_AbbrvName\ly-di_129\ly-di_f3_68_f055970c.jpg,3,medium_FST3_4,0,0,0.25833237171173096
dr-er_f1_166_f525d676.jpg,C:\Users\Angad\Desktop\StemFellowship\data\raw\fitzpatrick\Categorized_AbbrvName\dr-er_200\dr-er_f1_166_f525d676.jpg,1,light_FST1_2,0,0,0.010566061362624168
po-ac_f2_49_13f0a186.jpg,C:\Users\Angad\Desktop\StemFellowship\data\raw\fitzpatrick\Categorized_AbbrvName\po-ac_183\po-ac_f2_49_13f0a186.jpg,2,light_FST1_2,0,0,0.439496248960495
ac-au-bu-di-ge_f3_64_45bde12f.jpg,C:\Users\Angad\Desktop\StemFellowship\data\raw\fitzpatrick\Categorized_AbbrvName\ac-au-bu-di-ge_67\ac-au-bu-di-ge_f3_64_45bde12f.jpg,3,medium_FST3_4,0,0,0.0829976499080658
ur_f1_86_7e64310b.jpg,C:\Users\Angad\Desktop\StemFellowship\data\raw\fitzpatrick\Categorized_AbbrvName\ur_151\ur_f1_86_7e64310b.jpg,1,light_FST1_2,0,0,0.09215531498193741
ha-ne_f4_37_c8a80bba.jpg,C:\Users\Angad\Desktop\StemFellowship\data\raw\fitzpatrick\Categorized_AbbrvName\ha-ne_82\ha-ne_f4_37_c8a80bba.jpg,4,medium_FST3_4,0,1,0.5401894450187683
ke-pi_f3_16_a5bd84d9.jpg,C:\Users\Angad\Desktop\StemFellowship\data\raw\fitzpatrick\Categorized_AbbrvName\ke-pi_78\ke-pi_f3_16_a5bd84d9.jpg,3,medium_FST3_4,0,0,0.48956796526908875
dr-in-pi-ch_f4_29_a45b6907.jpg,C:\Users\Angad\Desktop\StemFellowship\data\raw\fitzpatrick\Categorized_AbbrvName\dr-in-pi-ch_71\dr-in-pi-ch_f4_29_a45b6907.jpg,4,medium_FST3_4,0,0,0.09329404681921005
ne-de_f2_78_ffbbb478.jpg,C:\Users\Angad\Desktop\StemFellowship\data\raw\fitzpatrick\Categorized_AbbrvName\ne-de_361\ne-de_f2_78_ffbbb478.jpg,2,light_FST1_2,0,1,0.8202033638954163
ur_f4_46_19d10dbe.jpg,C:\Users\Angad\Desktop\StemFellowship\data\raw\fitzpatrick\Categorized_AbbrvName\ur_151\ur_f4_46_19d10dbe.jpg,4,medium_FST3_4,0,0,0.24571220576763153
li-pl_f3_241_f4b656c1.jpg,C:\Users\Angad\Desktop\StemFellowship\data\raw\fitzpatrick\Categorized_AbbrvName\li-pl_491\li-pl_f3_241_f4b656c1.jpg,3,medium_FST3_4,0,0,0.00045788343413732946
tu_f3_150_2773dcee.jpg,C:\Users\Angad\Desktop\StemFellowship\data\raw\fitzpatrick\Categorized_AbbrvName\tu_152\tu_f3_150_2773dcee.jpg,3,medium_FST3_4,0,0,0.40884196758270264
li-pl_f5_95_3f8ea700.jpg,C:\Users\Angad\Desktop\StemFellowship\data\raw\fitzpatrick\Categorized_AbbrvName\li-pl_491\li-pl_f5_95_3f8ea700.jpg,5,dark_FST5_6,0,0,0.016053292900323868
ap-cu_f2_37_73fc5d4e.jpg,C:\Users\Angad\Desktop\StemFellowship\data\raw\fitzpatrick\Categorized_AbbrvName\ap-cu_72\ap-cu_f2_37_73fc5d4e.jpg,2,light_FST1_2,0,0,0.025656793266534805
ps_f2_599_2152c7fb.jpg,C:\Users\Angad\Desktop\StemFellowship\data\raw\fitzpatrick\Categorized_AbbrvName\ps_653\ps_f2_599_2152c7fb.jpg,2,light_FST1_2,0,0,0.010281099006533623
tu_f4_66_86e41673.jpg,C:\Users\Angad\Desktop\StemFellowship\data\raw\fitzpatrick\Categorized_AbbrvName\tu_152\tu_f4_66_86e41673.jpg,4,medium_FST3_4,0,0,0.18895672261714935
sa_f2_96_30e6a471.jpg,C:\Users\Angad\Desktop\StemFellowship\data\raw\fitzpatrick\Categorized_AbbrvName\sa_349\sa_f2_96_30e6a471.jpg,2,light_FST1_2,0,0,0.002275043400004506
mu_f3_73_db3c938a.jpg,C:\Users\Angad\Desktop\StemFellowship\data\raw\fitzpatrick\Categorized_AbbrvName\mu_92\mu_f3_73_db3c938a.jpg,3,medium_FST3_4,0,0,0.34227100014686584
pe-li_f2_24_122ec2c1.jpg,C:\Users\Angad\Desktop\StemFellowship\data\raw\fitzpatrick\Categorized_AbbrvName\pe-li_151\pe-li_f2_24_122ec2c1.jpg,2,light_FST1_2,0,1,0.6201924681663513
ch_f1_71_ed37615e.jpg,C:\Users\Angad\Desktop\StemFellowship\data\raw\fitzpatrick\Categorized_AbbrvName\ch_106\ch_f1_71_ed37615e.jpg,1,light_FST1_2,0,0,0.19130632281303406
ps_f2_211_60457f78.jpg,C:\Users\Angad\Desktop\StemFellowship\data\raw\fitzpatrick\Categorized_AbbrvName\ps_653\ps_f2_211_60457f78.jpg,2,light_FST1_2,0,0,0.09597444534301758
ju-xa_f1_111_d52d83ec.jpg,C:\Users\Angad\Desktop\StemFellowship\data\raw\fitzpatrick\Categorized_AbbrvName\ju-xa_149\ju-xa_f1_111_d52d83ec.jpg,1,light_FST1_2,0,0,0.03754705190658569
ha-ne_f3_50_34fab4bf.jpg,C:\Users\Angad\Desktop\StemFellowship\data\raw\fitzpatrick\Categorized_AbbrvName\ha-ne_82\ha-ne_f3_50_34fab4bf.jpg,3,medium_FST3_4,0,1,0.6072148084640503
xa_f3_35_cb684af0.jpg,C:\Users\Angad\Desktop\StemFellowship\data\raw\fitzpatrick\Categorized_AbbrvName\xa_53\xa_f3_35_cb684af0.jpg,3,medium_FST3_4,0,0,0.2963945269584656
be-di_f5_40_fe78ce43.jpg,C:\Users\Angad\Desktop\StemFellowship\data\raw\fitzpatrick\Categorized_AbbrvName\be-di_63\be-di_f5_40_fe78ce43.jpg,5,dark_FST5_6,0,0,0.10089106112718582
se-ke_f2_15_6c020d5c.jpg,C:\Users\Angad\Desktop\StemFellowship\data\raw\fitzpatrick\Categorized_AbbrvName\se-ke_69\se-ke_f2_15_6c020d5c.jpg,2,light_FST1_2,0,0,0.31460335850715637
ps_f1_108_ecf1c879.jpg,C:\Users\Angad\Desktop\StemFellowship\data\raw\fitzpatrick\Categorized_AbbrvName\ps_653\ps_f1_108_ecf1c879.jpg,1,light_FST1_2,0,0,0.4145438075065613
su-da-sk_f2_46_4cb52384.jpg,C:\Users\Angad\Desktop\StemFellowship\data\raw\fitzpatrick\Categorized_AbbrvName\su-da-sk_66\su-da-sk_f2_46_4cb52384.jpg,2,light_FST1_2,0,0,0.0021824068389832973
po-ac_f3_117_77573a3b.jpg,C:\Users\Angad\Desktop\StemFellowship\data\raw\fitzpatrick\Categorized_AbbrvName\po-ac_183\po-ac_f3_117_77573a3b.jpg,3,medium_FST3_4,0,0,0.14791443943977356
ep-ne_f1_24_aa1f674e.jpg,C:\Users\Angad\Desktop\StemFellowship\data\raw\fitzpatrick\Categorized_AbbrvName\ep-ne_91\ep-ne_f1_24_aa1f674e.jpg,1,light_FST1_2,0,0,0.07249195873737335
ca-cu_f2_18_bbe9098b.jpg,C:\Users\Angad\Desktop\StemFellowship\data\raw\fitzpatrick\Categorized_AbbrvName\ca-cu_80\ca-cu_f2_18_bbe9098b.jpg,2,light_FST1_2,0,0,0.07886218279600143
sa_f3_106_7c0afdc2.jpg,C:\Users\Angad\Desktop\StemFellowship\data\raw\fitzpatrick\Categorized_AbbrvName\sa_349\sa_f3_106_7c0afdc2.jpg,3,medium_FST3_4,0,0,0.007383470423519611
po-ac_f3_100_3eac623e.jpg,C:\Users\Angad\Desktop\StemFellowship\data\raw\fitzpatrick\Categorized_AbbrvName\po-ac_183\po-ac_f3_100_3eac623e.jpg,3,medium_FST3_4,0,0,0.06495334953069687
gr-an_f4_94_be02fb51.jpg,C:\Users\Angad\Desktop\StemFellowship\data\raw\fitzpatrick\Categorized_AbbrvName\gr-an_211\gr-an_f4_94_be02fb51.jpg,4,medium_FST3_4,0,0,0.004033466335386038
le-ma_f2_36_8211416b.jpg,C:\Users\Angad\Desktop\StemFellowship\data\raw\fitzpatrick\Categorized_AbbrvName\le-ma_83\le-ma_f2_36_8211416b.jpg,2,light_FST1_2,1,1,0.8613242506980896
se-de_f2_74_75727387.jpg,C:\Users\Angad\Desktop\StemFellowship\data\raw\fitzpatrick\Categorized_AbbrvName\se-de_126\se-de_f2_74_75727387.jpg,2,light_FST1_2,0,0,0.31927555799484253
dr-er_f1_108_e48b9269.jpg,C:\Users\Angad\Desktop\StemFellowship\data\raw\fitzpatrick\Categorized_AbbrvName\dr-er_200\dr-er_f1_108_e48b9269.jpg,1,light_FST1_2,0,0,0.08848412334918976
sq-ce-ca_f2_27_ebcb5f8f.jpg,C:\Users\Angad\Desktop\StemFellowship\data\raw\fitzpatrick\Categorized_AbbrvName\sq-ce-ca_581\sq-ce-ca_f2_27_ebcb5f8f.jpg,2,light_FST1_2,1,0,0.17112767696380615
er-mu_f2_5_e74f4634.jpg,C:\Users\Angad\Desktop\StemFellowship\data\raw\fitzpatrick\Categorized_AbbrvName\er-mu_236\er-mu_f2_5_e74f4634.jpg,2,light_FST1_2,0,0,0.17347487807273865
mu_f1_22_1aedd842.jpg,C:\Users\Angad\Desktop\StemFellowship\data\raw\fitzpatrick\Categorized_AbbrvName\mu_92\mu_f1_22_1aedd842.jpg,1,light_FST1_2,0,0,0.32741159200668335
pa_f3_14_7bdbef84.jpg,C:\Users\Angad\Desktop\StemFellowship\data\raw\fitzpatrick\Categorized_AbbrvName\pa_59\pa_f3_14_7bdbef84.jpg,3,medium_FST3_4,0,0,0.0916653424501419
al-co-de_f1_11_8aa62ca8.jpg,C:\Users\Angad\Desktop\StemFellowship\data\raw\fitzpatrick\Categorized_AbbrvName\al-co-de_430\al-co-de_f1_11_8aa62ca8.jpg,1,light_FST1_2,0,1,0.7817558646202087
li-am_f4_66_b1ebc842.jpg,C:\Users\Angad\Desktop\StemFellowship\data\raw\fitzpatrick\Categorized_AbbrvName\li-am_77\li-am_f4_66_b1ebc842.jpg,4,medium_FST3_4,0,0,0.34895938634872437
ph_f3_273_43bc785e.jpg,C:\Users\Angad\Desktop\StemFellowship\data\raw\fitzpatrick\Categorized_AbbrvName\ph_348\ph_f3_273_43bc785e.jpg,3,medium_FST3_4,0,0,0.08404244482517242
ps_f2_236_a17b2736.jpg,C:\Users\Angad\Desktop\StemFellowship\data\raw\fitzpatrick\Categorized_AbbrvName\ps_653\ps_f2_236_a17b2736.jpg,2,light_FST1_2,0,0,0.39386239647865295
gr-py_f4_0_d6dfb47f.jpg,C:\Users\Angad\Desktop\StemFellowship\data\raw\fitzpatrick\Categorized_AbbrvName\gr-py_75\gr-py_f4_0_d6dfb47f.jpg,4,medium_FST3_4,0,0,0.0018117540748789907
vi_f5_102_c44f53ce.jpg,C:\Users\Angad\Desktop\StemFellowship\data\raw\fitzpatrick\Categorized_AbbrvName\vi_166\vi_f5_102_c44f53ce.jpg,5,dark_FST5_6,0,0,0.03112916648387909
ne-de_f4_15_8f401baf.jpg,C:\Users\Angad\Desktop\StemFellowship\data\raw\fitzpatrick\Categorized_AbbrvName\ne-de_361\ne-de_f4_15_8f401baf.jpg,4,medium_FST3_4,0,0,0.11218607425689697
ic-vu_f4_0_d565fec5.jpg,C:\Users\Angad\Desktop\StemFellowship\data\raw\fitzpatrick\Categorized_AbbrvName\ic-vu_65\ic-vu_f4_0_d565fec5.jpg,4,medium_FST3_4,0,0,0.14819715917110443
ha-ha-di_f4_140_055588dd.jpg,C:\Users\Angad\Desktop\StemFellowship\data\raw\fitzpatrick\Categorized_AbbrvName\ha-ha-di_174\ha-ha-di_f4_140_055588dd.jpg,4,medium_FST3_4,0,0,0.07217254489660263
ne-in_f2_195_e802ce3c.jpg,C:\Users\Angad\Desktop\StemFellowship\data\raw\fitzpatrick\Categorized_AbbrvName\ne-in_260\ne-in_f2_195_e802ce3c.jpg,2,light_FST1_2,0,0,0.24494706094264984
le-ma_f3_41_05285a4b.jpg,C:\Users\Angad\Desktop\StemFellowship\data\raw\fitzpatrick\Categorized_AbbrvName\le-ma_83\le-ma_f3_41_05285a4b.jpg,3,medium_FST3_4,1,0,0.30112606287002563
tu_f4_15_481867b1.jpg,C:\Users\Angad\Desktop\StemFellowship\data\raw\fitzpatrick\Categorized_AbbrvName\tu_152\tu_f4_15_481867b1.jpg,4,medium_FST3_4,0,1,0.8426856398582458
dy-ec_f2_38_a93ef9b0.jpg,C:\Users\Angad\Desktop\StemFellowship\data\raw\fitzpatrick\Categorized_AbbrvName\dy-ec_83\dy-ec_f2_38_a93ef9b0.jpg,2,light_FST1_2,0,1,0.5454325675964355
po-ac_f4_94_c2332663.jpg,C:\Users\Angad\Desktop\StemFellowship\data\raw\fitzpatrick\Categorized_AbbrvName\po-ac_183\po-ac_f4_94_c2332663.jpg,4,medium_FST3_4,0,0,0.0036952958907932043
xe-pi_f5_76_8c6058ba.jpg,C:\Users\Angad\Desktop\StemFellowship\data\raw\fitzpatrick\Categorized_AbbrvName\xe-pi_81\xe-pi_f5_76_8c6058ba.jpg,5,dark_FST5_6,0,0,0.1316986382007599
er-no_f1_6_67f238a7.jpg,C:\Users\Angad\Desktop\StemFellowship\data\raw\fitzpatrick\Categorized_AbbrvName\er-no_81\er-no_f1_6_67f238a7.jpg,1,light_FST1_2,0,1,0.5031046271324158
sa_f2_258_dd9c6d30.jpg,C:\Users\Angad\Desktop\StemFellowship\data\raw\fitzpatrick\Categorized_AbbrvName\sa_349\sa_f2_258_dd9c6d30.jpg,2,light_FST1_2,0,0,0.2555692195892334
ke_f4_50_36279fe7.jpg,C:\Users\Angad\Desktop\StemFellowship\data\raw\fitzpatrick\Categorized_AbbrvName\ke_156\ke_f4_50_36279fe7.jpg,4,medium_FST3_4,0,0,0.0043077245354652405
dr-in-pi-ch_f3_5_e905a7ee.jpg,C:\Users\Angad\Desktop\StemFellowship\data\raw\fitzpatrick\Categorized_AbbrvName\dr-in-pi-ch_71\dr-in-pi-ch_f3_5_e905a7ee.jpg,3,medium_FST3_4,0,1,0.8102996945381165
ba-ce-ca_f4_299_8cb3945c.jpg,C:\Users\Angad\Desktop\StemFellowship\data\raw\fitzpatrick\Categorized_AbbrvName\ba-ce-ca_468\ba-ce-ca_f4_299_8cb3945c.jpg,4,medium_FST3_4,1,1,0.9706349968910217
fi-er_f1_28_650082d7.jpg,C:\Users\Angad\Desktop\StemFellowship\data\raw\fitzpatrick\Categorized_AbbrvName\fi-er_125\fi-er_f1_28_650082d7.jpg,1,light_FST1_2,0,0,0.22400875389575958
la-ce-hi_f2_8_41538aa3.jpg,C:\Users\Angad\Desktop\StemFellowship\data\raw\fitzpatrick\Categorized_AbbrvName\la-ce-hi_60\la-ce-hi_f2_8_41538aa3.jpg,2,light_FST1_2,0,1,0.6496904492378235
ba-ce-ca_f2_205_dc02b8ba.jpg,C:\Users\Angad\Desktop\StemFellowship\data\raw\fitzpatrick\Categorized_AbbrvName\ba-ce-ca_468\ba-ce-ca_f2_205_dc02b8ba.jpg,2,light_FST1_2,1,1,0.6148232817649841
ha-ne_f5_59_535e7269.jpg,C:\Users\Angad\Desktop\StemFellowship\data\raw\fitzpatrick\Categorized_AbbrvName\ha-ne_82\ha-ne_f5_59_535e7269.jpg,5,dark_FST5_6,0,0,0.04934399947524071
pi-cy_f2_62_48d1f8fc.jpg,C:\Users\Angad\Desktop\StemFellowship\data\raw\fitzpatrick\Categorized_AbbrvName\pi-cy_93\pi-cy_f2_62_48d1f8fc.jpg,2,light_FST1_2,0,1,0.6746417880058289
li-pl_f3_198_ed6b8b64.jpg,C:\Users\Angad\Desktop\StemFellowship\data\raw\fitzpatrick\Categorized_AbbrvName\li-pl_491\li-pl_f3_198_ed6b8b64.jpg,3,medium_FST3_4,0,1,0.830782413482666
ph_f3_343_6cd7591c.jpg,C:\Users\Angad\Desktop\StemFellowship\data\raw\fitzpatrick\Categorized_AbbrvName\ph_348\ph_f3_343_6cd7591c.jpg,3,medium_FST3_4,0,0,0.03284479305148125
li-pl_f2_34_c554648f.jpg,C:\Users\Angad\Desktop\StemFellowship\data\raw\fitzpatrick\Categorized_AbbrvName\li-pl_491\li-pl_f2_34_c554648f.jpg,2,light_FST1_2,0,1,0.6707853674888611
hi_f4_58_5da8eb50.jpg,C:\Users\Angad\Desktop\StemFellowship\data\raw\fitzpatrick\Categorized_AbbrvName\hi_90\hi_f4_58_5da8eb50.jpg,4,medium_FST3_4,0,0,0.07765236496925354
ac_f2_59_a59a7207.jpg,C:\Users\Angad\Desktop\StemFellowship\data\raw\fitzpatrick\Categorized_AbbrvName\ac_183\ac_f2_59_a59a7207.jpg,2,light_FST1_2,0,0,0.4586343765258789
ha-ha-di_f2_87_496fff13.jpg,C:\Users\Angad\Desktop\StemFellowship\data\raw\fitzpatrick\Categorized_AbbrvName\ha-ha-di_174\ha-ha-di_f2_87_496fff13.jpg,2,light_FST1_2,0,0,0.003949182573705912
mi_f4_66_0578665c.jpg,C:\Users\Angad\Desktop\StemFellowship\data\raw\fitzpatrick\Categorized_AbbrvName\mi_112\mi_f4_66_0578665c.jpg,4,medium_FST3_4,0,0,0.1522427499294281
ac-vu_f2_301_51af624a.jpg,C:\Users\Angad\Desktop\StemFellowship\data\raw\fitzpatrick\Categorized_AbbrvName\ac-vu_335\ac-vu_f2_301_51af624a.jpg,2,light_FST1_2,0,0,0.4093479514122009
ba-ce-ca_f3_277_0b283a47.jpg,C:\Users\Angad\Desktop\StemFellowship\data\raw\fitzpatrick\Categorized_AbbrvName\ba-ce-ca_468\ba-ce-ca_f3_277_0b283a47.jpg,3,medium_FST3_4,1,1,0.9986010193824768
ps_f1_52_97e07450.jpg,C:\Users\Angad\Desktop\StemFellowship\data\raw\fitzpatrick\Categorized_AbbrvName\ps_653\ps_f1_52_97e07450.jpg,1,light_FST1_2,0,0,0.11400013417005539
er-no_f1_11_aef5b800.jpg,C:\Users\Angad\Desktop\StemFellowship\data\raw\fitzpatrick\Categorized_AbbrvName\er-no_81\er-no_f1_11_aef5b800.jpg,1,light_FST1_2,0,0,0.3652254045009613
ac_f3_171_8c0eeb53.jpg,C:\Users\Angad\Desktop\StemFellowship\data\raw\fitzpatrick\Categorized_AbbrvName\ac_183\ac_f3_171_8c0eeb53.jpg,3,medium_FST3_4,0,0,0.07057853043079376
sq-ce-ca_f1_60_de819f70.jpg,C:\Users\Angad\Desktop\StemFellowship\data\raw\fitzpatrick\Categorized_AbbrvName\sq-ce-ca_581\sq-ce-ca_f1_60_de819f70.jpg,1,light_FST1_2,1,1,0.6321322917938232
li-pl_f3_467_f39fbfe4.jpg,C:\Users\Angad\Desktop\StemFellowship\data\raw\fitzpatrick\Categorized_AbbrvName\li-pl_491\li-pl_f3_467_f39fbfe4.jpg,3,medium_FST3_4,0,0,4.385707507026382e-05
fo_f2_235_01485246.jpg,C:\Users\Angad\Desktop\StemFellowship\data\raw\fitzpatrick\Categorized_AbbrvName\fo_342\fo_f2_235_01485246.jpg,2,light_FST1_2,0,0,0.006082737818360329
pi-ru-pi_f4_71_4226516f.jpg,C:\Users\Angad\Desktop\StemFellowship\data\raw\fitzpatrick\Categorized_AbbrvName\pi-ru-pi_278\pi-ru-pi_f4_71_4226516f.jpg,4,medium_FST3_4,0,0,0.2014583945274353
ro_f2_74_9a6b829d.jpg,C:\Users\Angad\Desktop\StemFellowship\data\raw\fitzpatrick\Categorized_AbbrvName\ro_102\ro_f2_74_9a6b829d.jpg,2,light_FST1_2,0,0,0.04719147831201553
na-co_f4_27_0aa30d3b.jpg,C:\Users\Angad\Desktop\StemFellowship\data\raw\fitzpatrick\Categorized_AbbrvName\na-co_73\na-co_f4_27_0aa30d3b.jpg,4,medium_FST3_4,0,0,0.007475541438907385
ph_f4_266_1bdfaf5a.jpg,C:\Users\Angad\Desktop\StemFellowship\data\raw\fitzpatrick\Categorized_AbbrvName\ph_348\ph_f4_266_1bdfaf5a.jpg,4,medium_FST3_4,0,0,0.13684728741645813
pi-ro_f5_30_e8367279.jpg,C:\Users\Angad\Desktop\StemFellowship\data\raw\fitzpatrick\Categorized_AbbrvName\pi-ro_193\pi-ro_f5_30_e8367279.jpg,5,dark_FST5_6,0,0,0.006822436116635799
ur_f4_37_20d19efb.jpg,C:\Users\Angad\Desktop\StemFellowship\data\raw\fitzpatrick\Categorized_AbbrvName\ur_151\ur_f4_37_20d19efb.jpg,4,medium_FST3_4,0,0,0.012074137106537819
lu-er_f5_98_43fd5018.jpg,C:\Users\Angad\Desktop\StemFellowship\data\raw\fitzpatrick\Categorized_AbbrvName\lu-er_410\lu-er_f5_98_43fd5018.jpg,5,dark_FST5_6,0,1,0.6744840741157532
al-co-de_f4_22_8be3794a.jpg,C:\Users\Angad\Desktop\StemFellowship\data\raw\fitzpatrick\Categorized_AbbrvName\al-co-de_430\al-co-de_f4_22_8be3794a.jpg,4,medium_FST3_4,0,1,0.5142403841018677
na-co_f2_35_5f3f303f.jpg,C:\Users\Angad\Desktop\StemFellowship\data\raw\fitzpatrick\Categorized_AbbrvName\na-co_73\na-co_f2_35_5f3f303f.jpg,2,light_FST1_2,0,0,0.023490751162171364
ba-ce-ca-mo_f1_37_a4bb4e52.jpg,C:\Users\Angad\Desktop\StemFellowship\data\raw\fitzpatrick\Categorized_AbbrvName\ba-ce-ca-mo_62\ba-ce-ca-mo_f1_37_a4bb4e52.jpg,1,light_FST1_2,1,1,0.6324053406715393
po-ac_f4_129_a7b36936.jpg,C:\Users\Angad\Desktop\StemFellowship\data\raw\fitzpatrick\Categorized_AbbrvName\po-ac_183\po-ac_f4_129_a7b36936.jpg,4,medium_FST3_4,0,0,0.035978104919195175
la-ce-hi_f1_21_ef7dbca1.jpg,C:\Users\Angad\Desktop\StemFellowship\data\raw\fitzpatrick\Categorized_AbbrvName\la-ce-hi_60\la-ce-hi_f1_21_ef7dbca1.jpg,1,light_FST1_2,0,0,0.4176461696624756
lu-er_f5_409_835965eb.jpg,C:\Users\Angad\Desktop\StemFellowship\data\raw\fitzpatrick\Categorized_AbbrvName\lu-er_410\lu-er_f5_409_835965eb.jpg,5,dark_FST5_6,0,0,0.0005959913250990212
ba-ce-ca_f1_92_6cdf2680.jpg,C:\Users\Angad\Desktop\StemFellowship\data\raw\fitzpatrick\Categorized_AbbrvName\ba-ce-ca_468\ba-ce-ca_f1_92_6cdf2680.jpg,1,light_FST1_2,1,1,0.9917815327644348
ec_f2_1_53d69b9f.jpg,C:\Users\Angad\Desktop\StemFellowship\data\raw\fitzpatrick\Categorized_AbbrvName\ec_204\ec_f2_1_53d69b9f.jpg,2,light_FST1_2,0,0,0.03210367634892464
ba-ce-ca_f2_313_92f8f7f3.jpg,C:\Users\Angad\Desktop\StemFellowship\data\raw\fitzpatrick\Categorized_AbbrvName\ba-ce-ca_468\ba-ce-ca_f2_313_92f8f7f3.jpg,2,light_FST1_2,1,0,0.3314771354198456
ac-vu_f5_103_03c5124f.jpg,C:\Users\Angad\Desktop\StemFellowship\data\raw\fitzpatrick\Categorized_AbbrvName\ac-vu_335\ac-vu_f5_103_03c5124f.jpg,5,dark_FST5_6,0,0,0.0024209357798099518
me_f1_80_2579d259.jpg,C:\Users\Angad\Desktop\StemFellowship\data\raw\fitzpatrick\Categorized_AbbrvName\me_261\me_f1_80_2579d259.jpg,1,light_FST1_2,1,1,0.9568119645118713
st-jo-sy_f2_62_01950a7b.jpg,C:\Users\Angad\Desktop\StemFellowship\data\raw\fitzpatrick\Categorized_AbbrvName\st-jo-sy_113\st-jo-sy_f2_62_01950a7b.jpg,2,light_FST1_2,0,1,0.8659201860427856
se-ke_f6_11_f1fa0c1a.jpg,C:\Users\Angad\Desktop\StemFellowship\data\raw\fitzpatrick\Categorized_AbbrvName\se-ke_69\se-ke_f6_11_f1fa0c1a.jpg,6,dark_FST5_6,0,0,0.1616208702325821
in-pi_f1_87_937bd357.jpg,C:\Users\Angad\Desktop\StemFellowship\data\raw\fitzpatrick\Categorized_AbbrvName\in-pi_102\in-pi_f1_87_937bd357.jpg,1,light_FST1_2,0,1,0.5570892691612244
da-di_f2_75_b7220298.jpg,C:\Users\Angad\Desktop\StemFellowship\data\raw\fitzpatrick\Categorized_AbbrvName\da-di_153\da-di_f2_75_b7220298.jpg,2,light_FST1_2,0,0,0.12220422178506851
ac-ni_f6_17_7dc216ee.jpg,C:\Users\Angad\Desktop\StemFellowship\data\raw\fitzpatrick\Categorized_AbbrvName\ac-ni_92\ac-ni_f6_17_7dc216ee.jpg,6,dark_FST5_6,0,0,0.009265010245144367
ph_f2_59_72fb9a29.jpg,C:\Users\Angad\Desktop\StemFellowship\data\raw\fitzpatrick\Categorized_AbbrvName\ph_348\ph_f2_59_72fb9a29.jpg,2,light_FST1_2,0,0,0.42464855313301086
sa_f2_196_cee90168.jpg,C:\Users\Angad\Desktop\StemFellowship\data\raw\fitzpatrick\Categorized_AbbrvName\sa_349\sa_f2_196_cee90168.jpg,2,light_FST1_2,0,0,0.36783602833747864
py-gr_f4_25_77cbfcac.jpg,C:\Users\Angad\Desktop\StemFellowship\data\raw\fitzpatrick\Categorized_AbbrvName\py-gr_113\py-gr_f4_25_77cbfcac.jpg,4,medium_FST3_4,0,1,0.6705833673477173
sq-ce-ca_f3_138_d0b0400c.jpg,C:\Users\Angad\Desktop\StemFellowship\data\raw\fitzpatrick\Categorized_AbbrvName\sq-ce-ca_581\sq-ce-ca_f3_138_d0b0400c.jpg,3,medium_FST3_4,1,1,0.9441788792610168
ps_f2_519_f1ad469f.jpg,C:\Users\Angad\Desktop\StemFellowship\data\raw\fitzpatrick\Categorized_AbbrvName\ps_653\ps_f2_519_f1ad469f.jpg,2,light_FST1_2,0,0,0.31945404410362244
gr-an_f4_122_b3599106.jpg,C:\Users\Angad\Desktop\StemFellowship\data\raw\fitzpatrick\Categorized_AbbrvName\gr-an_211\gr-an_f4_122_b3599106.jpg,4,medium_FST3_4,0,0,0.03621423617005348
lu-er_f4_270_4b33075f.jpg,C:\Users\Angad\Desktop\StemFellowship\data\raw\fitzpatrick\Categorized_AbbrvName\lu-er_410\lu-er_f4_270_4b33075f.jpg,4,medium_FST3_4,0,0,3.7110592074895976e-06
ne-de_f2_47_ba3290d2.jpg,C:\Users\Angad\Desktop\StemFellowship\data\raw\fitzpatrick\Categorized_AbbrvName\ne-de_361\ne-de_f2_47_ba3290d2.jpg,2,light_FST1_2,0,0,0.46707674860954285
pi-ru-pi_f5_216_1f137405.jpg,C:\Users\Angad\Desktop\StemFellowship\data\raw\fitzpatrick\Categorized_AbbrvName\pi-ru-pi_278\pi-ru-pi_f5_216_1f137405.jpg,5,dark_FST5_6,0,0,1.6450620023533702e-05
ps_f3_87_bf3b2152.jpg,C:\Users\Angad\Desktop\StemFellowship\data\raw\fitzpatrick\Categorized_AbbrvName\ps_653\ps_f3_87_bf3b2152.jpg,3,medium_FST3_4,0,0,0.1543542593717575
le-ma_f1_57_309f71dd.jpg,C:\Users\Angad\Desktop\StemFellowship\data\raw\fitzpatrick\Categorized_AbbrvName\le-ma_83\le-ma_f1_57_309f71dd.jpg,1,light_FST1_2,1,1,0.862038254737854
ur_f1_92_9423a19a.jpg,C:\Users\Angad\Desktop\StemFellowship\data\raw\fitzpatrick\Categorized_AbbrvName\ur_151\ur_f1_92_9423a19a.jpg,1,light_FST1_2,0,0,0.2925626039505005
ne-ex_f2_63_e506e31b.jpg,C:\Users\Angad\Desktop\StemFellowship\data\raw\fitzpatrick\Categorized_AbbrvName\ne-ex_73\ne-ex_f2_63_e506e31b.jpg,2,light_FST1_2,0,0,0.004673391114920378
dr-er_f4_141_4ce6b91a.jpg,C:\Users\Angad\Desktop\StemFellowship\data\raw\fitzpatrick\Categorized_AbbrvName\dr-er_200\dr-er_f4_141_4ce6b91a.jpg,4,medium_FST3_4,0,0,0.0812186673283577
py-gr_f3_83_ecb59cf5.jpg,C:\Users\Angad\Desktop\StemFellowship\data\raw\fitzpatrick\Categorized_AbbrvName\py-gr_113\py-gr_f3_83_ecb59cf5.jpg,3,medium_FST3_4,0,0,0.015520512126386166
ps_f3_23_50ce8968.jpg,C:\Users\Angad\Desktop\StemFellowship\data\raw\fitzpatrick\Categorized_AbbrvName\ps_653\ps_f3_23_50ce8968.jpg,3,medium_FST3_4,0,0,0.35957837104797363
fo_f3_291_bfcde0e7.jpg,C:\Users\Angad\Desktop\StemFellowship\data\raw\fitzpatrick\Categorized_AbbrvName\fo_342\fo_f3_291_bfcde0e7.jpg,3,medium_FST3_4,0,0,0.11034676432609558
pr-no_f3_67_ad242dab.jpg,C:\Users\Angad\Desktop\StemFellowship\data\raw\fitzpatrick\Categorized_AbbrvName\pr-no_170\pr-no_f3_67_ad242dab.jpg,3,medium_FST3_4,0,0,0.02210322581231594
ro_f2_80_5742f4d9.jpg,C:\Users\Angad\Desktop\StemFellowship\data\raw\fitzpatrick\Categorized_AbbrvName\ro_102\ro_f2_80_5742f4d9.jpg,2,light_FST1_2,0,0,0.06920374929904938
ac-vu_f1_212_e0d837c2.jpg,C:\Users\Angad\Desktop\StemFellowship\data\raw\fitzpatrick\Categorized_AbbrvName\ac-vu_335\ac-vu_f1_212_e0d837c2.jpg,1,light_FST1_2,0,0,0.015049398876726627
fo_f2_106_63fd5d71.jpg,C:\Users\Angad\Desktop\StemFellowship\data\raw\fitzpatrick\Categorized_AbbrvName\fo_342\fo_f2_106_63fd5d71.jpg,2,light_FST1_2,0,0,0.24271957576274872
ur_f4_73_c3f10346.jpg,C:\Users\Angad\Desktop\StemFellowship\data\raw\fitzpatrick\Categorized_AbbrvName\ur_151\ur_f4_73_c3f10346.jpg,4,medium_FST3_4,0,0,0.2334854155778885
ph_f2_96_bf049b07.jpg,C:\Users\Angad\Desktop\StemFellowship\data\raw\fitzpatrick\Categorized_AbbrvName\ph_348\ph_f2_96_bf049b07.jpg,2,light_FST1_2,0,0,0.025536559522151947
vi_f3_14_b45c4e2c.jpg,C:\Users\Angad\Desktop\StemFellowship\data\raw\fitzpatrick\Categorized_AbbrvName\vi_166\vi_f3_14_b45c4e2c.jpg,3,medium_FST3_4,0,1,0.7240633368492126
er-an-ce_f4_37_1c0c6f3d.jpg,C:\Users\Angad\Desktop\StemFellowship\data\raw\fitzpatrick\Categorized_AbbrvName\er-an-ce_88\er-an-ce_f4_37_1c0c6f3d.jpg,4,medium_FST3_4,0,0,0.0001081514055840671
ke_f4_47_2b6a1a8e.jpg,C:\Users\Angad\Desktop\StemFellowship\data\raw\fitzpatrick\Categorized_AbbrvName\ke_156\ke_f4_47_2b6a1a8e.jpg,4,medium_FST3_4,0,1,0.7725802659988403
gr-py_f2_52_516f653a.jpg,C:\Users\Angad\Desktop\StemFellowship\data\raw\fitzpatrick\Categorized_AbbrvName\gr-py_75\gr-py_f2_52_516f653a.jpg,2,light_FST1_2,0,0,0.03987962752580643
ju-xa_f2_127_3b23007f.jpg,C:\Users\Angad\Desktop\StemFellowship\data\raw\fitzpatrick\Categorized_AbbrvName\ju-xa_149\ju-xa_f2_127_3b23007f.jpg,2,light_FST1_2,0,0,0.016118664294481277
ke_f2_146_a2da26b8.jpg,C:\Users\Angad\Desktop\StemFellowship\data\raw\fitzpatrick\Categorized_AbbrvName\ke_156\ke_f2_146_a2da26b8.jpg,2,light_FST1_2,0,0,0.02641942724585533
in-pi_f4_65_9bc587ac.jpg,C:\Users\Angad\Desktop\StemFellowship\data\raw\fitzpatrick\Categorized_AbbrvName\in-pi_102\in-pi_f4_65_9bc587ac.jpg,4,medium_FST3_4,0,0,0.3975028395652771
li-pl_f5_366_9cda2001.jpg,C:\Users\Angad\Desktop\StemFellowship\data\raw\fitzpatrick\Categorized_AbbrvName\li-pl_491\li-pl_f5_366_9cda2001.jpg,5,dark_FST5_6,0,0,2.9880338843213394e-06
xe-pi_f5_2_ade51126.jpg,C:\Users\Angad\Desktop\StemFellowship\data\raw\fitzpatrick\Categorized_AbbrvName\xe-pi_81\xe-pi_f5_2_ade51126.jpg,5,dark_FST5_6,0,0,0.10155852884054184
na-co_f5_63_fb3bf175.jpg,C:\Users\Angad\Desktop\StemFellowship\data\raw\fitzpatrick\Categorized_AbbrvName\na-co_73\na-co_f5_63_fb3bf175.jpg,5,dark_FST5_6,0,0,0.01947063021361828
al-co-de_f2_301_e68261a0.jpg,C:\Users\Angad\Desktop\StemFellowship\data\raw\fitzpatrick\Categorized_AbbrvName\al-co-de_430\al-co-de_f2_301_e68261a0.jpg,2,light_FST1_2,0,0,0.11775434017181396
al-co-de_f1_36_f932e951.jpg,C:\Users\Angad\Desktop\StemFellowship\data\raw\fitzpatrick\Categorized_AbbrvName\al-co-de_430\al-co-de_f1_36_f932e951.jpg,1,light_FST1_2,0,1,0.6969172954559326
ju-xa_f2_145_e3da9993.jpg,C:\Users\Angad\Desktop\StemFellowship\data\raw\fitzpatrick\Categorized_AbbrvName\ju-xa_149\ju-xa_f2_145_e3da9993.jpg,2,light_FST1_2,0,0,0.047433510422706604
lu-er_f3_88_f93cefdc.jpg,C:\Users\Angad\Desktop\StemFellowship\data\raw\fitzpatrick\Categorized_AbbrvName\lu-er_410\lu-er_f3_88_f93cefdc.jpg,3,medium_FST3_4,0,0,0.04366036877036095
xe-pi_f4_7_2d0481be.jpg,C:\Users\Angad\Desktop\StemFellowship\data\raw\fitzpatrick\Categorized_AbbrvName\xe-pi_81\xe-pi_f4_7_2d0481be.jpg,4,medium_FST3_4,0,0,0.04291572794318199
mi_f3_48_01056745.jpg,C:\Users\Angad\Desktop\StemFellowship\data\raw\fitzpatrick\Categorized_AbbrvName\mi_112\mi_f3_48_01056745.jpg,3,medium_FST3_4,0,0,0.015542115084826946
li-re_f2_12_ad30c694.jpg,C:\Users\Angad\Desktop\StemFellowship\data\raw\fitzpatrick\Categorized_AbbrvName\li-re_60\li-re_f2_12_ad30c694.jpg,2,light_FST1_2,0,0,0.08289438486099243
da-di_f5_61_1216661f.jpg,C:\Users\Angad\Desktop\StemFellowship\data\raw\fitzpatrick\Categorized_AbbrvName\da-di_153\da-di_f5_61_1216661f.jpg,5,dark_FST5_6,0,0,0.023368921130895615
po-ac_f2_170_e45f82ff.jpg,C:\Users\Angad\Desktop\StemFellowship\data\raw\fitzpatrick\Categorized_AbbrvName\po-ac_183\po-ac_f2_170_e45f82ff.jpg,2,light_FST1_2,0,0,0.0702807754278183
ne-li_f3_12_7e2b203e.jpg,C:\Users\Angad\Desktop\StemFellowship\data\raw\fitzpatrick\Categorized_AbbrvName\ne-li_123\ne-li_f3_12_7e2b203e.jpg,3,medium_FST3_4,0,1,0.9368695616722107
gr-an_f3_100_63ce6570.jpg,C:\Users\Angad\Desktop\StemFellowship\data\raw\fitzpatrick\Categorized_AbbrvName\gr-an_211\gr-an_f3_100_63ce6570.jpg,3,medium_FST3_4,0,0,0.009229187853634357
ne-in_f3_213_062c2757.jpg,C:\Users\Angad\Desktop\StemFellowship\data\raw\fitzpatrick\Categorized_AbbrvName\ne-in_260\ne-in_f3_213_062c2757.jpg,3,medium_FST3_4,0,0,0.007037345785647631
ac_f1_58_c6fe5504.jpg,C:\Users\Angad\Desktop\StemFellowship\data\raw\fitzpatrick\Categorized_AbbrvName\ac_183\ac_f1_58_c6fe5504.jpg,1,light_FST1_2,0,0,0.4161321222782135
ba-ce-ca_f4_327_af64774e.jpg,C:\Users\Angad\Desktop\StemFellowship\data\raw\fitzpatrick\Categorized_AbbrvName\ba-ce-ca_468\ba-ce-ca_f4_327_af64774e.jpg,4,medium_FST3_4,1,1,0.9988918900489807
hi_f3_62_7ed87891.jpg,C:\Users\Angad\Desktop\StemFellowship\data\raw\fitzpatrick\Categorized_AbbrvName\hi_90\hi_f3_62_7ed87891.jpg,3,medium_FST3_4,0,0,0.008587449789047241
su-sp-me-ss_f5_63_d13e9416.jpg,C:\Users\Angad\Desktop\StemFellowship\data\raw\fitzpatrick\Categorized_AbbrvName\su-sp-me-ss_118\su-sp-me-ss_f5_63_d13e9416.jpg,5,dark_FST5_6,1,1,0.8734074831008911
xa_f4_36_8aeb745d.jpg,C:\Users\Angad\Desktop\StemFellowship\data\raw\fitzpatrick\Categorized_AbbrvName\xa_53\xa_f4_36_8aeb745d.jpg,4,medium_FST3_4,0,1,0.7553744316101074
su-da-sk_f3_42_c61bada4.jpg,C:\Users\Angad\Desktop\StemFellowship\data\raw\fitzpatrick\Categorized_AbbrvName\su-da-sk_66\su-da-sk_f3_42_c61bada4.jpg,3,medium_FST3_4,0,0,0.0994362011551857
al-co-de_f1_384_25a6d2c2.jpg,C:\Users\Angad\Desktop\StemFellowship\data\raw\fitzpatrick\Categorized_AbbrvName\al-co-de_430\al-co-de_f1_384_25a6d2c2.jpg,1,light_FST1_2,0,1,0.5792061686515808
tu-sc_f1_92_acdfb344.jpg,C:\Users\Angad\Desktop\StemFellowship\data\raw\fitzpatrick\Categorized_AbbrvName\tu-sc_141\tu-sc_f1_92_acdfb344.jpg,1,light_FST1_2,0,0,0.2371799200773239
ap-cu_f1_21_f3ef7a64.jpg,C:\Users\Angad\Desktop\StemFellowship\data\raw\fitzpatrick\Categorized_AbbrvName\ap-cu_72\ap-cu_f1_21_f3ef7a64.jpg,1,light_FST1_2,0,0,0.27997109293937683
st-jo-sy_f2_52_8f077148.jpg,C:\Users\Angad\Desktop\StemFellowship\data\raw\fitzpatrick\Categorized_AbbrvName\st-jo-sy_113\st-jo-sy_f2_52_8f077148.jpg,2,light_FST1_2,0,0,0.05845744162797928
ac-vu_f3_15_a523aefe.jpg,C:\Users\Angad\Desktop\StemFellowship\data\raw\fitzpatrick\Categorized_AbbrvName\ac-vu_335\ac-vu_f3_15_a523aefe.jpg,3,medium_FST3_4,0,0,0.0877922996878624
li-pl_f2_27_02c02b9c.jpg,C:\Users\Angad\Desktop\StemFellowship\data\raw\fitzpatrick\Categorized_AbbrvName\li-pl_491\li-pl_f2_27_02c02b9c.jpg,2,light_FST1_2,0,0,0.024446606636047363
li-pl_f6_140_4596eb8d.jpg,C:\Users\Angad\Desktop\StemFellowship\data\raw\fitzpatrick\Categorized_AbbrvName\li-pl_491\li-pl_f6_140_4596eb8d.jpg,6,dark_FST5_6,0,0,0.07501648366451263
ec_f2_104_6657abf8.jpg,C:\Users\Angad\Desktop\StemFellowship\data\raw\fitzpatrick\Categorized_AbbrvName\ec_204\ec_f2_104_6657abf8.jpg,2,light_FST1_2,0,0,0.011826025322079659
ph_f4_323_8a13a1b8.jpg,C:\Users\Angad\Desktop\StemFellowship\data\raw\fitzpatrick\Categorized_AbbrvName\ph_348\ph_f4_323_8a13a1b8.jpg,4,medium_FST3_4,0,0,0.0852375328540802
py-gr_f3_47_576d8359.jpg,C:\Users\Angad\Desktop\StemFellowship\data\raw\fitzpatrick\Categorized_AbbrvName\py-gr_113\py-gr_f3_47_576d8359.jpg,3,medium_FST3_4,0,1,0.8823962211608887
fi-er_f2_87_5463d69a.jpg,C:\Users\Angad\Desktop\StemFellowship\data\raw\fitzpatrick\Categorized_AbbrvName\fi-er_125\fi-er_f2_87_5463d69a.jpg,2,light_FST1_2,0,0,0.10325924307107925
ps_f1_336_a5ab5f78.jpg,C:\Users\Angad\Desktop\StemFellowship\data\raw\fitzpatrick\Categorized_AbbrvName\ps_653\ps_f1_336_a5ab5f78.jpg,1,light_FST1_2,0,0,0.33522090315818787
ac_f1_121_3c872d24.jpg,C:\Users\Angad\Desktop\StemFellowship\data\raw\fitzpatrick\Categorized_AbbrvName\ac_183\ac_f1_121_3c872d24.jpg,1,light_FST1_2,0,1,0.6543149352073669
er-el-di_f4_30_98f27ec8.jpg,C:\Users\Angad\Desktop\StemFellowship\data\raw\fitzpatrick\Categorized_AbbrvName\er-el-di_55\er-el-di_f4_30_98f27ec8.jpg,4,medium_FST3_4,0,0,0.05820842459797859
ke-pi_f4_36_445170e8.jpg,C:\Users\Angad\Desktop\StemFellowship\data\raw\fitzpatrick\Categorized_AbbrvName\ke-pi_78\ke-pi_f4_36_445170e8.jpg,4,medium_FST3_4,0,0,0.04119828715920448
pr-no_f4_169_8eb074ec.jpg,C:\Users\Angad\Desktop\StemFellowship\data\raw\fitzpatrick\Categorized_AbbrvName\pr-no_170\pr-no_f4_169_8eb074ec.jpg,4,medium_FST3_4,0,0,0.02886180393397808
ur_f5_39_b92c8ed5.jpg,C:\Users\Angad\Desktop\StemFellowship\data\raw\fitzpatrick\Categorized_AbbrvName\ur_151\ur_f5_39_b92c8ed5.jpg,5,dark_FST5_6,0,0,0.0004779333248734474
ke_f4_117_5b2d0836.jpg,C:\Users\Angad\Desktop\StemFellowship\data\raw\fitzpatrick\Categorized_AbbrvName\ke_156\ke_f4_117_5b2d0836.jpg,4,medium_FST3_4,0,0,0.015916038304567337
gr-an_f4_206_3a539f3e.jpg,C:\Users\Angad\Desktop\StemFellowship\data\raw\fitzpatrick\Categorized_AbbrvName\gr-an_211\gr-an_f4_206_3a539f3e.jpg,4,medium_FST3_4,0,0,0.0016791406087577343
li-pl_f4_9_a6e6cdc2.jpg,C:\Users\Angad\Desktop\StemFellowship\data\raw\fitzpatrick\Categorized_AbbrvName\li-pl_491\li-pl_f4_9_a6e6cdc2.jpg,4,medium_FST3_4,0,0,0.048544809222221375
mu-cy_f6_5_08884980.jpg,C:\Users\Angad\Desktop\StemFellowship\data\raw\fitzpatrick\Categorized_AbbrvName\mu-cy_79\mu-cy_f6_5_08884980.jpg,6,dark_FST5_6,0,0,0.006902563385665417
ac-vu_f2_268_ebf52d3a.jpg,C:\Users\Angad\Desktop\StemFellowship\data\raw\fitzpatrick\Categorized_AbbrvName\ac-vu_335\ac-vu_f2_268_ebf52d3a.jpg,2,light_FST1_2,0,0,4.6635643229819834e-05
ba-ce-ca-mo_f2_11_6bd32d66.jpg,C:\Users\Angad\Desktop\StemFellowship\data\raw\fitzpatrick\Categorized_AbbrvName\ba-ce-ca-mo_62\ba-ce-ca-mo_f2_11_6bd32d66.jpg,2,light_FST1_2,1,1,0.7009644508361816
ka-sa_f4_106_97329df1.jpg,C:\Users\Angad\Desktop\StemFellowship\data\raw\fitzpatrick\Categorized_AbbrvName\ka-sa_156\ka-sa_f4_106_97329df1.jpg,4,medium_FST3_4,1,1,0.9575682282447815
ne-de_f1_188_f279453e.jpg,C:\Users\Angad\Desktop\StemFellowship\data\raw\fitzpatrick\Categorized_AbbrvName\ne-de_361\ne-de_f1_188_f279453e.jpg,1,light_FST1_2,0,0,0.011446011252701283
er-mu_f3_79_5f4255d5.jpg,C:\Users\Angad\Desktop\StemFellowship\data\raw\fitzpatrick\Categorized_AbbrvName\er-mu_236\er-mu_f3_79_5f4255d5.jpg,3,medium_FST3_4,0,0,0.1345580518245697
ps_f2_267_7598d7f0.jpg,C:\Users\Angad\Desktop\StemFellowship\data\raw\fitzpatrick\Categorized_AbbrvName\ps_653\ps_f2_267_7598d7f0.jpg,2,light_FST1_2,0,1,0.7831920385360718
al-co-de_f2_254_627f4f6b.jpg,C:\Users\Angad\Desktop\StemFellowship\data\raw\fitzpatrick\Categorized_AbbrvName\al-co-de_430\al-co-de_f2_254_627f4f6b.jpg,2,light_FST1_2,0,0,0.16103419661521912
ke-pi_f4_71_f58c2f75.jpg,C:\Users\Angad\Desktop\StemFellowship\data\raw\fitzpatrick\Categorized_AbbrvName\ke-pi_78\ke-pi_f4_71_f58c2f75.jpg,4,medium_FST3_4,0,0,0.029087694361805916
sq-ce-ca_f2_177_64e112de.jpg,C:\Users\Angad\Desktop\StemFellowship\data\raw\fitzpatrick\Categorized_AbbrvName\sq-ce-ca_581\sq-ce-ca_f2_177_64e112de.jpg,2,light_FST1_2,1,0,0.0003457345883361995
al-co-de_f1_170_f25d31b5.jpg,C:\Users\Angad\Desktop\StemFellowship\data\raw\fitzpatrick\Categorized_AbbrvName\al-co-de_430\al-co-de_f1_170_f25d31b5.jpg,1,light_FST1_2,0,0,0.08824556320905685
be-ne_f4_58_67712da1.jpg,C:\Users\Angad\Desktop\StemFellowship\data\raw\fitzpatrick\Categorized_AbbrvName\be-ne_63\be-ne_f4_58_67712da1.jpg,4,medium_FST3_4,0,0,0.27639198303222656
ha-ha-di_f2_105_f9a5cb2a.jpg,C:\Users\Angad\Desktop\StemFellowship\data\raw\fitzpatrick\Categorized_AbbrvName\ha-ha-di_174\ha-ha-di_f2_105_f9a5cb2a.jpg,2,light_FST1_2,0,0,0.0018834656802937388
ke-pi_f4_12_5ca8962f.jpg,C:\Users\Angad\Desktop\StemFellowship\data\raw\fitzpatrick\Categorized_AbbrvName\ke-pi_78\ke-pi_f4_12_5ca8962f.jpg,4,medium_FST3_4,0,0,0.03550426661968231
sy_f3_72_1ee8bcfc.jpg,C:\Users\Angad\Desktop\StemFellowship\data\raw\fitzpatrick\Categorized_AbbrvName\sy_127\sy_f3_72_1ee8bcfc.jpg,3,medium_FST3_4,0,0,0.0031106597743928432
ep-ne_f1_74_0a973eee.jpg,C:\Users\Angad\Desktop\StemFellowship\data\raw\fitzpatrick\Categorized_AbbrvName\ep-ne_91\ep-ne_f1_74_0a973eee.jpg,1,light_FST1_2,0,0,0.21487626433372498
po-ac_f3_53_c71046a5.jpg,C:\Users\Angad\Desktop\StemFellowship\data\raw\fitzpatrick\Categorized_AbbrvName\po-ac_183\po-ac_f3_53_c71046a5.jpg,3,medium_FST3_4,0,0,0.11776807904243469
ly_f3_2_68080d1e.jpg,C:\Users\Angad\Desktop\StemFellowship\data\raw\fitzpatrick\Categorized_AbbrvName\ly_100\ly_f3_2_68080d1e.jpg,3,medium_FST3_4,0,0,0.028535207733511925
be-di_f2_21_3585cb10.jpg,C:\Users\Angad\Desktop\StemFellowship\data\raw\fitzpatrick\Categorized_AbbrvName\be-di_63\be-di_f2_21_3585cb10.jpg,2,light_FST1_2,0,0,0.2817264795303345
my_f3_36_b46b9033.jpg,C:\Users\Angad\Desktop\StemFellowship\data\raw\fitzpatrick\Categorized_AbbrvName\my_67\my_f3_36_b46b9033.jpg,3,medium_FST3_4,0,0,0.3554759919643402
su-sp-me-ss_f1_13_f78395e7.jpg,C:\Users\Angad\Desktop\StemFellowship\data\raw\fitzpatrick\Categorized_AbbrvName\su-sp-me-ss_118\su-sp-me-ss_f1_13_f78395e7.jpg,1,light_FST1_2,1,1,0.5419265031814575
fo-sp_f2_91_782b4fbb.jpg,C:\Users\Angad\Desktop\StemFellowship\data\raw\fitzpatrick\Categorized_AbbrvName\fo-sp_100\fo-sp_f2_91_782b4fbb.jpg,2,light_FST1_2,0,0,0.025824008509516716
rh_f1_72_d15d0efd.jpg,C:\Users\Angad\Desktop\StemFellowship\data\raw\fitzpatrick\Categorized_AbbrvName\rh_91\rh_f1_72_d15d0efd.jpg,1,light_FST1_2,0,1,0.7611188888549805
dr-er_f1_159_af25d5b9.jpg,C:\Users\Angad\Desktop\StemFellowship\data\raw\fitzpatrick\Categorized_AbbrvName\dr-er_200\dr-er_f1_159_af25d5b9.jpg,1,light_FST1_2,0,0,0.3316788673400879
sy_f2_113_3ecd6546.jpg,C:\Users\Angad\Desktop\StemFellowship\data\raw\fitzpatrick\Categorized_AbbrvName\sy_127\sy_f2_113_3ecd6546.jpg,2,light_FST1_2,0,0,0.00033509061904624104
al-co-de_f2_168_99ba2c8a.jpg,C:\Users\Angad\Desktop\StemFellowship\data\raw\fitzpatrick\Categorized_AbbrvName\al-co-de_430\al-co-de_f2_168_99ba2c8a.jpg,2,light_FST1_2,0,0,0.014592689462006092
sa_f2_161_67895f8d.jpg,C:\Users\Angad\Desktop\StemFellowship\data\raw\fitzpatrick\Categorized_AbbrvName\sa_349\sa_f2_161_67895f8d.jpg,2,light_FST1_2,0,1,0.8142685890197754
na-co_f3_34_053d3ca0.jpg,C:\Users\Angad\Desktop\StemFellowship\data\raw\fitzpatrick\Categorized_AbbrvName\na-co_73\na-co_f3_34_053d3ca0.jpg,3,medium_FST3_4,0,1,0.7900629043579102
fo_f1_162_dfae71d7.jpg,C:\Users\Angad\Desktop\StemFellowship\data\raw\fitzpatrick\Categorized_AbbrvName\fo_342\fo_f1_162_dfae71d7.jpg,1,light_FST1_2,0,0,0.30642494559288025
ne-li_f2_53_e3dbc237.jpg,C:\Users\Angad\Desktop\StemFellowship\data\raw\fitzpatrick\Categorized_AbbrvName\ne-li_123\ne-li_f2_53_e3dbc237.jpg,2,light_FST1_2,0,1,0.9932439923286438
sq-ce-ca_f6_378_4c6e412b.jpg,C:\Users\Angad\Desktop\StemFellowship\data\raw\fitzpatrick\Categorized_AbbrvName\sq-ce-ca_581\sq-ce-ca_f6_378_4c6e412b.jpg,6,dark_FST5_6,1,1,0.9681780338287354
ph_f1_132_ea96d3f6.jpg,C:\Users\Angad\Desktop\StemFellowship\data\raw\fitzpatrick\Categorized_AbbrvName\ph_348\ph_f1_132_ea96d3f6.jpg,1,light_FST1_2,0,0,0.3272136151790619
sy_f3_116_598ea613.jpg,C:\Users\Angad\Desktop\StemFellowship\data\raw\fitzpatrick\Categorized_AbbrvName\sy_127\sy_f3_116_598ea613.jpg,3,medium_FST3_4,0,0,0.07562626153230667
fo_f3_341_aceebbdc.jpg,C:\Users\Angad\Desktop\StemFellowship\data\raw\fitzpatrick\Categorized_AbbrvName\fo_342\fo_f3_341_aceebbdc.jpg,3,medium_FST3_4,0,0,1.8667744370759465e-05
ba-ce-ca_f1_50_16c089e0.jpg,C:\Users\Angad\Desktop\StemFellowship\data\raw\fitzpatrick\Categorized_AbbrvName\ba-ce-ca_468\ba-ce-ca_f1_50_16c089e0.jpg,1,light_FST1_2,1,1,0.7209555506706238
ba-ce-ca_f2_427_dfc84991.jpg,C:\Users\Angad\Desktop\StemFellowship\data\raw\fitzpatrick\Categorized_AbbrvName\ba-ce-ca_468\ba-ce-ca_f2_427_dfc84991.jpg,2,light_FST1_2,1,1,0.9707118272781372
tu-sc_f4_48_09206ca2.jpg,C:\Users\Angad\Desktop\StemFellowship\data\raw\fitzpatrick\Categorized_AbbrvName\tu-sc_141\tu-sc_f4_48_09206ca2.jpg,4,medium_FST3_4,0,0,0.13245733082294464
fi-er_f6_120_ba7a126e.jpg,C:\Users\Angad\Desktop\StemFellowship\data\raw\fitzpatrick\Categorized_AbbrvName\fi-er_125\fi-er_f6_120_ba7a126e.jpg,6,dark_FST5_6,0,0,0.003883893834426999
ne-ne_f2_68_74fb80ef.jpg,C:\Users\Angad\Desktop\StemFellowship\data\raw\fitzpatrick\Categorized_AbbrvName\ne-ne_86\ne-ne_f2_68_74fb80ef.jpg,2,light_FST1_2,0,1,0.7937990427017212
ps_f2_332_b641365a.jpg,C:\Users\Angad\Desktop\StemFellowship\data\raw\fitzpatrick\Categorized_AbbrvName\ps_653\ps_f2_332_b641365a.jpg,2,light_FST1_2,0,1,0.5212422013282776
st-ed_f2_55_632c795d.jpg,C:\Users\Angad\Desktop\StemFellowship\data\raw\fitzpatrick\Categorized_AbbrvName\st-ed_69\st-ed_f2_55_632c795d.jpg,2,light_FST1_2,0,0,0.03910670056939125
pu-ps_f1_26_b1051a2a.jpg,C:\Users\Angad\Desktop\StemFellowship\data\raw\fitzpatrick\Categorized_AbbrvName\pu-ps_53\pu-ps_f1_26_b1051a2a.jpg,1,light_FST1_2,0,0,0.15154393017292023
me_f2_87_b582f9ec.jpg,C:\Users\Angad\Desktop\StemFellowship\data\raw\fitzpatrick\Categorized_AbbrvName\me_261\me_f2_87_b582f9ec.jpg,2,light_FST1_2,1,1,0.9362820982933044
li-pl_f2_202_afc7c48b.jpg,C:\Users\Angad\Desktop\StemFellowship\data\raw\fitzpatrick\Categorized_AbbrvName\li-pl_491\li-pl_f2_202_afc7c48b.jpg,2,light_FST1_2,0,0,0.4369806945323944
sa_f5_204_fbf024bd.jpg,C:\Users\Angad\Desktop\StemFellowship\data\raw\fitzpatrick\Categorized_AbbrvName\sa_349\sa_f5_204_fbf024bd.jpg,5,dark_FST5_6,0,0,0.0022609743755310774
my-fu_f1_30_d3b74982.jpg,C:\Users\Angad\Desktop\StemFellowship\data\raw\fitzpatrick\Categorized_AbbrvName\my-fu_182\my-fu_f1_30_d3b74982.jpg,1,light_FST1_2,1,1,0.6952747702598572
pe-li_f3_2_193903d3.jpg,C:\Users\Angad\Desktop\StemFellowship\data\raw\fitzpatrick\Categorized_AbbrvName\pe-li_151\pe-li_f3_2_193903d3.jpg,3,medium_FST3_4,0,0,0.016926009207963943
ma-me_f3_104_b12d076f.jpg,C:\Users\Angad\Desktop\StemFellowship\data\raw\fitzpatrick\Categorized_AbbrvName\ma-me_111\ma-me_f3_104_b12d076f.jpg,3,medium_FST3_4,1,1,0.9944604635238647
fi-er_f1_41_6e496ed0.jpg,C:\Users\Angad\Desktop\StemFellowship\data\raw\fitzpatrick\Categorized_AbbrvName\fi-er_125\fi-er_f1_41_6e496ed0.jpg,1,light_FST1_2,0,1,0.6247743368148804
po_f2_57_974d5648.jpg,C:\Users\Angad\Desktop\StemFellowship\data\raw\fitzpatrick\Categorized_AbbrvName\po_127\po_f2_57_974d5648.jpg,2,light_FST1_2,0,0,0.19232647120952606
er-an-ce_f3_7_95e40e39.jpg,C:\Users\Angad\Desktop\StemFellowship\data\raw\fitzpatrick\Categorized_AbbrvName\er-an-ce_88\er-an-ce_f3_7_95e40e39.jpg,3,medium_FST3_4,0,0,0.37091606855392456
li-pl_f4_476_51214ce4.jpg,C:\Users\Angad\Desktop\StemFellowship\data\raw\fitzpatrick\Categorized_AbbrvName\li-pl_491\li-pl_f4_476_51214ce4.jpg,4,medium_FST3_4,0,0,0.0020265181083232164
ac-vu_f2_210_daf383fc.jpg,C:\Users\Angad\Desktop\StemFellowship\data\raw\fitzpatrick\Categorized_AbbrvName\ac-vu_335\ac-vu_f2_210_daf383fc.jpg,2,light_FST1_2,0,0,0.043592385947704315
er-mu_f4_213_b61e0a2f.jpg,C:\Users\Angad\Desktop\StemFellowship\data\raw\fitzpatrick\Categorized_AbbrvName\er-mu_236\er-mu_f4_213_b61e0a2f.jpg,4,medium_FST3_4,0,0,0.015631744638085365
da-di_f5_64_9311c12e.jpg,C:\Users\Angad\Desktop\StemFellowship\data\raw\fitzpatrick\Categorized_AbbrvName\da-di_153\da-di_f5_64_9311c12e.jpg,5,dark_FST5_6,0,0,0.04174621030688286
vi_f3_79_338503a0.jpg,C:\Users\Angad\Desktop\StemFellowship\data\raw\fitzpatrick\Categorized_AbbrvName\vi_166\vi_f3_79_338503a0.jpg,3,medium_FST3_4,0,0,0.23349472880363464
ke-pi_f2_51_abafb100.jpg,C:\Users\Angad\Desktop\StemFellowship\data\raw\fitzpatrick\Categorized_AbbrvName\ke-pi_78\ke-pi_f2_51_abafb100.jpg,2,light_FST1_2,0,0,0.019266195595264435
fi-er_f4_37_6d54ee16.jpg,C:\Users\Angad\Desktop\StemFellowship\data\raw\fitzpatrick\Categorized_AbbrvName\fi-er_125\fi-er_f4_37_6d54ee16.jpg,4,medium_FST3_4,0,1,0.5100311040878296
fo_f3_283_8dffbb99.jpg,C:\Users\Angad\Desktop\StemFellowship\data\raw\fitzpatrick\Categorized_AbbrvName\fo_342\fo_f3_283_8dffbb99.jpg,3,medium_FST3_4,0,0,0.36706772446632385
pi_f3_19_49cdcc1d.jpg,C:\Users\Angad\Desktop\StemFellowship\data\raw\fitzpatrick\Categorized_AbbrvName\pi_53\pi_f3_19_49cdcc1d.jpg,3,medium_FST3_4,0,0,0.22695757448673248
po_f2_8_7c70482d.jpg,C:\Users\Angad\Desktop\StemFellowship\data\raw\fitzpatrick\Categorized_AbbrvName\po_127\po_f2_8_7c70482d.jpg,2,light_FST1_2,0,0,0.4582104980945587
dr-in-pi-ch_f3_35_cb675106.jpg,C:\Users\Angad\Desktop\StemFellowship\data\raw\fitzpatrick\Categorized_AbbrvName\dr-in-pi-ch_71\dr-in-pi-ch_f3_35_cb675106.jpg,3,medium_FST3_4,0,0,0.3380460739135742
ke-pi_f2_4_edf0addc.jpg,C:\Users\Angad\Desktop\StemFellowship\data\raw\fitzpatrick\Categorized_AbbrvName\ke-pi_78\ke-pi_f2_4_edf0addc.jpg,2,light_FST1_2,0,0,0.16359888017177582
sa_f3_184_1076a661.jpg,C:\Users\Angad\Desktop\StemFellowship\data\raw\fitzpatrick\Categorized_AbbrvName\sa_349\sa_f3_184_1076a661.jpg,3,medium_FST3_4,0,0,0.00017600147111807019
ps_f2_531_6fc1f2cd.jpg,C:\Users\Angad\Desktop\StemFellowship\data\raw\fitzpatrick\Categorized_AbbrvName\ps_653\ps_f2_531_6fc1f2cd.jpg,2,light_FST1_2,0,1,0.8090512752532959
ac-vu_f2_297_acdf3286.jpg,C:\Users\Angad\Desktop\StemFellowship\data\raw\fitzpatrick\Categorized_AbbrvName\ac-vu_335\ac-vu_f2_297_acdf3286.jpg,2,light_FST1_2,0,0,0.024591300636529922
se-de_f1_57_d522dea5.jpg,C:\Users\Angad\Desktop\StemFellowship\data\raw\fitzpatrick\Categorized_AbbrvName\se-de_126\se-de_f1_57_d522dea5.jpg,1,light_FST1_2,0,0,0.017851941287517548
al-co-de_f3_338_12618cdf.jpg,C:\Users\Angad\Desktop\StemFellowship\data\raw\fitzpatrick\Categorized_AbbrvName\al-co-de_430\al-co-de_f3_338_12618cdf.jpg,3,medium_FST3_4,0,0,0.23234695196151733
sq-ce-ca_f1_424_08a18331.jpg,C:\Users\Angad\Desktop\StemFellowship\data\raw\fitzpatrick\Categorized_AbbrvName\sq-ce-ca_581\sq-ce-ca_f1_424_08a18331.jpg,1,light_FST1_2,1,1,0.9772582650184631
ne-li_f2_97_dd143e46.jpg,C:\Users\Angad\Desktop\StemFellowship\data\raw\fitzpatrick\Categorized_AbbrvName\ne-li_123\ne-li_f2_97_dd143e46.jpg,2,light_FST1_2,0,0,0.06344369053840637
ju-xa_f2_133_7d1d0e1f.jpg,C:\Users\Angad\Desktop\StemFellowship\data\raw\fitzpatrick\Categorized_AbbrvName\ju-xa_149\ju-xa_f2_133_7d1d0e1f.jpg,2,light_FST1_2,0,0,0.06560897082090378
ro_f2_48_06d0d4da.jpg,C:\Users\Angad\Desktop\StemFellowship\data\raw\fitzpatrick\Categorized_AbbrvName\ro_102\ro_f2_48_06d0d4da.jpg,2,light_FST1_2,0,0,0.29031670093536377
ps_f3_408_1b66bbb9.jpg,C:\Users\Angad\Desktop\StemFellowship\data\raw\fitzpatrick\Categorized_AbbrvName\ps_653\ps_f3_408_1b66bbb9.jpg,3,medium_FST3_4,0,0,0.002140010939911008
sq-ce-ca_f3_385_b0acf3a6.jpg,C:\Users\Angad\Desktop\StemFellowship\data\raw\fitzpatrick\Categorized_AbbrvName\sq-ce-ca_581\sq-ce-ca_f3_385_b0acf3a6.jpg,3,medium_FST3_4,1,0,0.4610356390476227
ba-ce-ca-mo_f2_58_30e6f943.jpg,C:\Users\Angad\Desktop\StemFellowship\data\raw\fitzpatrick\Categorized_AbbrvName\ba-ce-ca-mo_62\ba-ce-ca-mo_f2_58_30e6f943.jpg,2,light_FST1_2,1,0,0.48900461196899414
py-gr_f3_61_d5d0521e.jpg,C:\Users\Angad\Desktop\StemFellowship\data\raw\fitzpatrick\Categorized_AbbrvName\py-gr_113\py-gr_f3_61_d5d0521e.jpg,3,medium_FST3_4,0,0,0.329776793718338
ap-cu_f1_4_11a8f317.jpg,C:\Users\Angad\Desktop\StemFellowship\data\raw\fitzpatrick\Categorized_AbbrvName\ap-cu_72\ap-cu_f1_4_11a8f317.jpg,1,light_FST1_2,0,0,0.36911967396736145
st_f2_4_878b052b.jpg,C:\Users\Angad\Desktop\StemFellowship\data\raw\fitzpatrick\Categorized_AbbrvName\st_67\st_f2_4_878b052b.jpg,2,light_FST1_2,0,0,0.08001381158828735
be-ne_f1_12_8d60c8fb.jpg,C:\Users\Angad\Desktop\StemFellowship\data\raw\fitzpatrick\Categorized_AbbrvName\be-ne_63\be-ne_f1_12_8d60c8fb.jpg,1,light_FST1_2,0,0,0.07110624760389328
sq-ce-ca_f5_73_e90a0c87.jpg,C:\Users\Angad\Desktop\StemFellowship\data\raw\fitzpatrick\Categorized_AbbrvName\sq-ce-ca_581\sq-ce-ca_f5_73_e90a0c87.jpg,5,dark_FST5_6,1,1,0.571789026260376
sa_f6_116_17397316.jpg,C:\Users\Angad\Desktop\StemFellowship\data\raw\fitzpatrick\Categorized_AbbrvName\sa_349\sa_f6_116_17397316.jpg,6,dark_FST5_6,0,0,0.04411351680755615
ro_f1_31_f40abe3f.jpg,C:\Users\Angad\Desktop\StemFellowship\data\raw\fitzpatrick\Categorized_AbbrvName\ro_102\ro_f1_31_f40abe3f.jpg,1,light_FST1_2,0,0,0.023977892473340034
so-cy-ba-ce-ca_f2_34_3e53dd43.jpg,C:\Users\Angad\Desktop\StemFellowship\data\raw\fitzpatrick\Categorized_AbbrvName\so-cy-ba-ce-ca_66\so-cy-ba-ce-ca_f2_34_3e53dd43.jpg,2,light_FST1_2,1,1,0.6781561970710754
pr-no_f2_98_fd4ed381.jpg,C:\Users\Angad\Desktop\StemFellowship\data\raw\fitzpatrick\Categorized_AbbrvName\pr-no_170\pr-no_f2_98_fd4ed381.jpg,2,light_FST1_2,0,0,0.25552600622177124
fi-er_f4_123_b69d4ffc.jpg,C:\Users\Angad\Desktop\StemFellowship\data\raw\fitzpatrick\Categorized_AbbrvName\fi-er_125\fi-er_f4_123_b69d4ffc.jpg,4,medium_FST3_4,0,0,0.2071574628353119
ps_f2_469_574ae891.jpg,C:\Users\Angad\Desktop\StemFellowship\data\raw\fitzpatrick\Categorized_AbbrvName\ps_653\ps_f2_469_574ae891.jpg,2,light_FST1_2,0,0,0.22597788274288177
ba-ce-ca_f2_16_7b2417dd.jpg,C:\Users\Angad\Desktop\StemFellowship\data\raw\fitzpatrick\Categorized_AbbrvName\ba-ce-ca_468\ba-ce-ca_f2_16_7b2417dd.jpg,2,light_FST1_2,1,0,0.047104548662900925
pi-ru-pi_f5_154_f87bbad0.jpg,C:\Users\Angad\Desktop\StemFellowship\data\raw\fitzpatrick\Categorized_AbbrvName\pi-ru-pi_278\pi-ru-pi_f5_154_f87bbad0.jpg,5,dark_FST5_6,0,0,9.949691593647003e-05
su-sp-me-ss_f2_30_a012732f.jpg,C:\Users\Angad\Desktop\StemFellowship\data\raw\fitzpatrick\Categorized_AbbrvName\su-sp-me-ss_118\su-sp-me-ss_f2_30_a012732f.jpg,2,light_FST1_2,1,1,0.9637578129768372
al-co-de_f3_407_1dfd372d.jpg,C:\Users\Angad\Desktop\StemFellowship\data\raw\fitzpatrick\Categorized_AbbrvName\al-co-de_430\al-co-de_f3_407_1dfd372d.jpg,3,medium_FST3_4,0,0,0.046846404671669006
ma-me_f4_66_be813bef.jpg,C:\Users\Angad\Desktop\StemFellowship\data\raw\fitzpatrick\Categorized_AbbrvName\ma-me_111\ma-me_f4_66_be813bef.jpg,4,medium_FST3_4,1,1,0.8159573078155518
ac-vu_f2_257_3f620827.jpg,C:\Users\Angad\Desktop\StemFellowship\data\raw\fitzpatrick\Categorized_AbbrvName\ac-vu_335\ac-vu_f2_257_3f620827.jpg,2,light_FST1_2,0,0,0.05069708824157715
ti-bi_f1_72_eb99d96d.jpg,C:\Users\Angad\Desktop\StemFellowship\data\raw\fitzpatrick\Categorized_AbbrvName\ti-bi_73\ti-bi_f1_72_eb99d96d.jpg,1,light_FST1_2,0,0,0.15238340198993683
pi-ro_f4_80_4f266473.jpg,C:\Users\Angad\Desktop\StemFellowship\data\raw\fitzpatrick\Categorized_AbbrvName\pi-ro_193\pi-ro_f4_80_4f266473.jpg,4,medium_FST3_4,0,0,5.2179071644786745e-05
mi_f3_105_6b94df92.jpg,C:\Users\Angad\Desktop\StemFellowship\data\raw\fitzpatrick\Categorized_AbbrvName\mi_112\mi_f3_105_6b94df92.jpg,3,medium_FST3_4,0,0,0.05982329323887825
sa_f1_285_fa8a24dc.jpg,C:\Users\Angad\Desktop\StemFellowship\data\raw\fitzpatrick\Categorized_AbbrvName\sa_349\sa_f1_285_fa8a24dc.jpg,1,light_FST1_2,0,0,0.22265192866325378
er-an-ce_f2_43_1a5196db.jpg,C:\Users\Angad\Desktop\StemFellowship\data\raw\fitzpatrick\Categorized_AbbrvName\er-an-ce_88\er-an-ce_f2_43_1a5196db.jpg,2,light_FST1_2,0,0,0.34880179166793823
sq-ce-ca_f1_204_b2dcd42e.jpg,C:\Users\Angad\Desktop\StemFellowship\data\raw\fitzpatrick\Categorized_AbbrvName\sq-ce-ca_581\sq-ce-ca_f1_204_b2dcd42e.jpg,1,light_FST1_2,1,1,0.8689960837364197
tu_f3_99_85c7047a.jpg,C:\Users\Angad\Desktop\StemFellowship\data\raw\fitzpatrick\Categorized_AbbrvName\tu_152\tu_f3_99_85c7047a.jpg,3,medium_FST3_4,0,1,0.939644455909729
in-pi_f2_4_d5382ed8.jpg,C:\Users\Angad\Desktop\StemFellowship\data\raw\fitzpatrick\Categorized_AbbrvName\in-pi_102\in-pi_f2_4_d5382ed8.jpg,2,light_FST1_2,0,0,0.3391343057155609
su-sp-me-ss_f1_84_f1c06ae7.jpg,C:\Users\Angad\Desktop\StemFellowship\data\raw\fitzpatrick\Categorized_AbbrvName\su-sp-me-ss_118\su-sp-me-ss_f1_84_f1c06ae7.jpg,1,light_FST1_2,1,1,0.7514448165893555
pi-ro_f2_57_f2ea3292.jpg,C:\Users\Angad\Desktop\StemFellowship\data\raw\fitzpatrick\Categorized_AbbrvName\pi-ro_193\pi-ro_f2_57_f2ea3292.jpg,2,light_FST1_2,0,0,0.04730734974145889
mi_f1_71_021b9269.jpg,C:\Users\Angad\Desktop\StemFellowship\data\raw\fitzpatrick\Categorized_AbbrvName\mi_112\mi_f1_71_021b9269.jpg,1,light_FST1_2,0,0,0.29338935017585754
ke-pi_f1_45_6294a07a.jpg,C:\Users\Angad\Desktop\StemFellowship\data\raw\fitzpatrick\Categorized_AbbrvName\ke-pi_78\ke-pi_f1_45_6294a07a.jpg,1,light_FST1_2,0,0,0.07704421877861023
pi_f1_15_8a6d7b54.jpg,C:\Users\Angad\Desktop\StemFellowship\data\raw\fitzpatrick\Categorized_AbbrvName\pi_53\pi_f1_15_8a6d7b54.jpg,1,light_FST1_2,0,0,0.372994065284729
fi-er_f2_16_9a6946b1.jpg,C:\Users\Angad\Desktop\StemFellowship\data\raw\fitzpatrick\Categorized_AbbrvName\fi-er_125\fi-er_f2_16_9a6946b1.jpg,2,light_FST1_2,0,0,0.277168333530426
be-di_f3_39_d70ef356.jpg,C:\Users\Angad\Desktop\StemFellowship\data\raw\fitzpatrick\Categorized_AbbrvName\be-di_63\be-di_f3_39_d70ef356.jpg,3,medium_FST3_4,0,0,0.43354856967926025
tu_f3_88_c15bcb1e.jpg,C:\Users\Angad\Desktop\StemFellowship\data\raw\fitzpatrick\Categorized_AbbrvName\tu_152\tu_f3_88_c15bcb1e.jpg,3,medium_FST3_4,0,0,0.14429813623428345
tu-sc_f5_117_13e38ace.jpg,C:\Users\Angad\Desktop\StemFellowship\data\raw\fitzpatrick\Categorized_AbbrvName\tu-sc_141\tu-sc_f5_117_13e38ace.jpg,5,dark_FST5_6,0,0,3.902172829839401e-05
er-mu_f2_56_9fdb8728.jpg,C:\Users\Angad\Desktop\StemFellowship\data\raw\fitzpatrick\Categorized_AbbrvName\er-mu_236\er-mu_f2_56_9fdb8728.jpg,2,light_FST1_2,0,0,0.15798720717430115
sa_f2_128_7cb8a7ba.jpg,C:\Users\Angad\Desktop\StemFellowship\data\raw\fitzpatrick\Categorized_AbbrvName\sa_349\sa_f2_128_7cb8a7ba.jpg,2,light_FST1_2,0,0,0.12232866883277893
ps_f2_396_adfbf477.jpg,C:\Users\Angad\Desktop\StemFellowship\data\raw\fitzpatrick\Categorized_AbbrvName\ps_653\ps_f2_396_adfbf477.jpg,2,light_FST1_2,0,0,0.26108190417289734
pr-no_f5_133_c2caca35.jpg,C:\Users\Angad\Desktop\StemFellowship\data\raw\fitzpatrick\Categorized_AbbrvName\pr-no_170\pr-no_f5_133_c2caca35.jpg,5,dark_FST5_6,0,0,0.015290988609194756
mu_f3_36_a3fc00f0.jpg,C:\Users\Angad\Desktop\StemFellowship\data\raw\fitzpatrick\Categorized_AbbrvName\mu_92\mu_f3_36_a3fc00f0.jpg,3,medium_FST3_4,0,0,0.06873388588428497
dr-er_f5_4_2382de55.jpg,C:\Users\Angad\Desktop\StemFellowship\data\raw\fitzpatrick\Categorized_AbbrvName\dr-er_200\dr-er_f5_4_2382de55.jpg,5,dark_FST5_6,0,1,0.5555331110954285
lu-er_f6_230_3da5cf59.jpg,C:\Users\Angad\Desktop\StemFellowship\data\raw\fitzpatrick\Categorized_AbbrvName\lu-er_410\lu-er_f6_230_3da5cf59.jpg,6,dark_FST5_6,0,0,0.016124123707413673
sa_f3_23_e809ea0f.jpg,C:\Users\Angad\Desktop\StemFellowship\data\raw\fitzpatrick\Categorized_AbbrvName\sa_349\sa_f3_23_e809ea0f.jpg,3,medium_FST3_4,0,0,0.0019251087214797735
al-co-de_f1_204_de76199c.jpg,C:\Users\Angad\Desktop\StemFellowship\data\raw\fitzpatrick\Categorized_AbbrvName\al-co-de_430\al-co-de_f1_204_de76199c.jpg,1,light_FST1_2,0,0,0.008136660791933537
ca-cu_f3_62_9c2c8be8.jpg,C:\Users\Angad\Desktop\StemFellowship\data\raw\fitzpatrick\Categorized_AbbrvName\ca-cu_80\ca-cu_f3_62_9c2c8be8.jpg,3,medium_FST3_4,0,1,0.6320424675941467
li-pl_f3_155_d7305d7b.jpg,C:\Users\Angad\Desktop\StemFellowship\data\raw\fitzpatrick\Categorized_AbbrvName\li-pl_491\li-pl_f3_155_d7305d7b.jpg,3,medium_FST3_4,0,1,0.7996401786804199
sa_f2_256_7e8225fb.jpg,C:\Users\Angad\Desktop\StemFellowship\data\raw\fitzpatrick\Categorized_AbbrvName\sa_349\sa_f2_256_7e8225fb.jpg,2,light_FST1_2,0,0,0.2679804563522339
fo-sp_f4_99_1cec704f.jpg,C:\Users\Angad\Desktop\StemFellowship\data\raw\fitzpatrick\Categorized_AbbrvName\fo-sp_100\fo-sp_f4_99_1cec704f.jpg,4,medium_FST3_4,0,1,0.6548669934272766
ph_f3_197_298f7497.jpg,C:\Users\Angad\Desktop\StemFellowship\data\raw\fitzpatrick\Categorized_AbbrvName\ph_348\ph_f3_197_298f7497.jpg,3,medium_FST3_4,0,0,0.013201752677559853
pi-ru-pi_f5_57_df2e5683.jpg,C:\Users\Angad\Desktop\StemFellowship\data\raw\fitzpatrick\Categorized_AbbrvName\pi-ru-pi_278\pi-ru-pi_f5_57_df2e5683.jpg,5,dark_FST5_6,0,0,0.0005437297513708472
ma-me_f2_91_64ac709a.jpg,C:\Users\Angad\Desktop\StemFellowship\data\raw\fitzpatrick\Categorized_AbbrvName\ma-me_111\ma-me_f2_91_64ac709a.jpg,2,light_FST1_2,1,1,0.9964655637741089
fo_f5_10_f76cddb3.jpg,C:\Users\Angad\Desktop\StemFellowship\data\raw\fitzpatrick\Categorized_AbbrvName\fo_342\fo_f5_10_f76cddb3.jpg,5,dark_FST5_6,0,0,0.036447249352931976
lu-er_f6_408_cb5b385f.jpg,C:\Users\Angad\Desktop\StemFellowship\data\raw\fitzpatrick\Categorized_AbbrvName\lu-er_410\lu-er_f6_408_cb5b385f.jpg,6,dark_FST5_6,0,0,0.21403436362743378
po_f2_77_f8d311d4.jpg,C:\Users\Angad\Desktop\StemFellowship\data\raw\fitzpatrick\Categorized_AbbrvName\po_127\po_f2_77_f8d311d4.jpg,2,light_FST1_2,0,0,0.206777423620224
ec_f4_145_924acae6.jpg,C:\Users\Angad\Desktop\StemFellowship\data\raw\fitzpatrick\Categorized_AbbrvName\ec_204\ec_f4_145_924acae6.jpg,4,medium_FST3_4,0,0,0.32786545157432556
sa_f2_230_6ad85bec.jpg,C:\Users\Angad\Desktop\StemFellowship\data\raw\fitzpatrick\Categorized_AbbrvName\sa_349\sa_f2_230_6ad85bec.jpg,2,light_FST1_2,0,0,0.2340214103460312
te_f2_32_c7d29c46.jpg,C:\Users\Angad\Desktop\StemFellowship\data\raw\fitzpatrick\Categorized_AbbrvName\te_126\te_f2_32_c7d29c46.jpg,2,light_FST1_2,0,0,0.4118438959121704
in-pi_f3_32_63b39f79.jpg,C:\Users\Angad\Desktop\StemFellowship\data\raw\fitzpatrick\Categorized_AbbrvName\in-pi_102\in-pi_f3_32_63b39f79.jpg,3,medium_FST3_4,0,0,0.4361981153488159
ph_f2_289_0aed5146.jpg,C:\Users\Angad\Desktop\StemFellowship\data\raw\fitzpatrick\Categorized_AbbrvName\ph_348\ph_f2_289_0aed5146.jpg,2,light_FST1_2,0,0,0.2060040980577469
ep-ne_f1_70_6853bfe6.jpg,C:\Users\Angad\Desktop\StemFellowship\data\raw\fitzpatrick\Categorized_AbbrvName\ep-ne_91\ep-ne_f1_70_6853bfe6.jpg,1,light_FST1_2,0,0,0.14998507499694824
ch_f5_45_1a74229f.jpg,C:\Users\Angad\Desktop\StemFellowship\data\raw\fitzpatrick\Categorized_AbbrvName\ch_106\ch_f5_45_1a74229f.jpg,5,dark_FST5_6,0,0,0.15894654393196106
ac-vu_f6_290_928b45f4.jpg,C:\Users\Angad\Desktop\StemFellowship\data\raw\fitzpatrick\Categorized_AbbrvName\ac-vu_335\ac-vu_f6_290_928b45f4.jpg,6,dark_FST5_6,0,0,0.0032780279871076345
al-co-de_f2_314_67e02771.jpg,C:\Users\Angad\Desktop\StemFellowship\data\raw\fitzpatrick\Categorized_AbbrvName\al-co-de_430\al-co-de_f2_314_67e02771.jpg,2,light_FST1_2,0,0,0.26841485500335693
ne-ex_f3_22_e97996fd.jpg,C:\Users\Angad\Desktop\StemFellowship\data\raw\fitzpatrick\Categorized_AbbrvName\ne-ex_73\ne-ex_f3_22_e97996fd.jpg,3,medium_FST3_4,0,1,0.5827462673187256
co-ne_f5_23_7995475c.jpg,C:\Users\Angad\Desktop\StemFellowship\data\raw\fitzpatrick\Categorized_AbbrvName\co-ne_68\co-ne_f5_23_7995475c.jpg,5,dark_FST5_6,0,0,0.22367502748966217
fi-er_f6_82_a5188c56.jpg,C:\Users\Angad\Desktop\StemFellowship\data\raw\fitzpatrick\Categorized_AbbrvName\fi-er_125\fi-er_f6_82_a5188c56.jpg,6,dark_FST5_6,0,1,0.5040571689605713
my-fu_f2_23_a795f047.jpg,C:\Users\Angad\Desktop\StemFellowship\data\raw\fitzpatrick\Categorized_AbbrvName\my-fu_182\my-fu_f2_23_a795f047.jpg,2,light_FST1_2,1,1,0.7291223406791687
vi_f6_19_b44ee315.jpg,C:\Users\Angad\Desktop\StemFellowship\data\raw\fitzpatrick\Categorized_AbbrvName\vi_166\vi_f6_19_b44ee315.jpg,6,dark_FST5_6,0,0,0.01619069278240204
ly-di_f2_37_a8c8edd0.jpg,C:\Users\Angad\Desktop\StemFellowship\data\raw\fitzpatrick\Categorized_AbbrvName\ly-di_129\ly-di_f2_37_a8c8edd0.jpg,2,light_FST1_2,0,0,0.37025511264801025
lu-er_f4_177_e93299a3.jpg,C:\Users\Angad\Desktop\StemFellowship\data\raw\fitzpatrick\Categorized_AbbrvName\lu-er_410\lu-er_f4_177_e93299a3.jpg,4,medium_FST3_4,0,0,0.011634929105639458
ke-pi_f2_54_ca006266.jpg,C:\Users\Angad\Desktop\StemFellowship\data\raw\fitzpatrick\Categorized_AbbrvName\ke-pi_78\ke-pi_f2_54_ca006266.jpg,2,light_FST1_2,0,0,0.005781373009085655
hi_f5_82_f90cb15d.jpg,C:\Users\Angad\Desktop\StemFellowship\data\raw\fitzpatrick\Categorized_AbbrvName\hi_90\hi_f5_82_f90cb15d.jpg,5,dark_FST5_6,0,0,0.00041361921466886997
rh_f2_17_076602b0.jpg,C:\Users\Angad\Desktop\StemFellowship\data\raw\fitzpatrick\Categorized_AbbrvName\rh_91\rh_f2_17_076602b0.jpg,2,light_FST1_2,0,0,0.106815867125988
ne-li_f1_71_b41b39f2.jpg,C:\Users\Angad\Desktop\StemFellowship\data\raw\fitzpatrick\Categorized_AbbrvName\ne-li_123\ne-li_f1_71_b41b39f2.jpg,1,light_FST1_2,0,1,0.8659728765487671
li-re_f1_27_6110a825.jpg,C:\Users\Angad\Desktop\StemFellowship\data\raw\fitzpatrick\Categorized_AbbrvName\li-re_60\li-re_f1_27_6110a825.jpg,1,light_FST1_2,0,0,0.21033361554145813
fi-er_f4_72_7116dd60.jpg,C:\Users\Angad\Desktop\StemFellowship\data\raw\fitzpatrick\Categorized_AbbrvName\fi-er_125\fi-er_f4_72_7116dd60.jpg,4,medium_FST3_4,0,0,0.02426861599087715
li-re_f2_51_33a22fb3.jpg,C:\Users\Angad\Desktop\StemFellowship\data\raw\fitzpatrick\Categorized_AbbrvName\li-re_60\li-re_f2_51_33a22fb3.jpg,2,light_FST1_2,0,0,0.33018502593040466
sq-ce-ca_f4_380_73ac2391.jpg,C:\Users\Angad\Desktop\StemFellowship\data\raw\fitzpatrick\Categorized_AbbrvName\sq-ce-ca_581\sq-ce-ca_f4_380_73ac2391.jpg,4,medium_FST3_4,1,0,0.38651031255722046
be-ne_f1_15_f51e0433.jpg,C:\Users\Angad\Desktop\StemFellowship\data\raw\fitzpatrick\Categorized_AbbrvName\be-ne_63\be-ne_f1_15_f51e0433.jpg,1,light_FST1_2,0,0,0.2748264968395233
te_f2_95_b536c3c3.jpg,C:\Users\Angad\Desktop\StemFellowship\data\raw\fitzpatrick\Categorized_AbbrvName\te_126\te_f2_95_b536c3c3.jpg,2,light_FST1_2,0,0,0.06754270941019058
da-di_f4_63_4359c1e9.jpg,C:\Users\Angad\Desktop\StemFellowship\data\raw\fitzpatrick\Categorized_AbbrvName\da-di_153\da-di_f4_63_4359c1e9.jpg,4,medium_FST3_4,0,0,0.08525634557008743
mi_f4_60_6554ab20.jpg,C:\Users\Angad\Desktop\StemFellowship\data\raw\fitzpatrick\Categorized_AbbrvName\mi_112\mi_f4_60_6554ab20.jpg,4,medium_FST3_4,0,0,0.0644254982471466
sq-ce-ca_f3_108_0b9c9069.jpg,C:\Users\Angad\Desktop\StemFellowship\data\raw\fitzpatrick\Categorized_AbbrvName\sq-ce-ca_581\sq-ce-ca_f3_108_0b9c9069.jpg,3,medium_FST3_4,1,1,0.5896762609481812
pa_f2_40_7a66848a.jpg,C:\Users\Angad\Desktop\StemFellowship\data\raw\fitzpatrick\Categorized_AbbrvName\pa_59\pa_f2_40_7a66848a.jpg,2,light_FST1_2,0,0,0.37321555614471436
li-pl_f1_168_953fc11a.jpg,C:\Users\Angad\Desktop\StemFellowship\data\raw\fitzpatrick\Categorized_AbbrvName\li-pl_491\li-pl_f1_168_953fc11a.jpg,1,light_FST1_2,0,1,0.5035865902900696
pa_f3_3_6f4aa1c3.jpg,C:\Users\Angad\Desktop\StemFellowship\data\raw\fitzpatrick\Categorized_AbbrvName\pa_59\pa_f3_3_6f4aa1c3.jpg,3,medium_FST3_4,0,0,0.08080608397722244
st_f2_27_9bbcea59.jpg,C:\Users\Angad\Desktop\StemFellowship\data\raw\fitzpatrick\Categorized_AbbrvName\st_67\st_f2_27_9bbcea59.jpg,2,light_FST1_2,0,1,0.6033710241317749
ic-vu_f5_10_95cc60fa.jpg,C:\Users\Angad\Desktop\StemFellowship\data\raw\fitzpatrick\Categorized_AbbrvName\ic-vu_65\ic-vu_f5_10_95cc60fa.jpg,5,dark_FST5_6,0,0,0.16988137364387512
dr-er_f3_96_bb630183.jpg,C:\Users\Angad\Desktop\StemFellowship\data\raw\fitzpatrick\Categorized_AbbrvName\dr-er_200\dr-er_f3_96_bb630183.jpg,3,medium_FST3_4,0,0,0.1104208305478096
pi-cy_f4_72_e99ddec0.jpg,C:\Users\Angad\Desktop\StemFellowship\data\raw\fitzpatrick\Categorized_AbbrvName\pi-cy_93\pi-cy_f4_72_e99ddec0.jpg,4,medium_FST3_4,0,0,0.2548423707485199
pi-cy_f4_74_33d4c189.jpg,C:\Users\Angad\Desktop\StemFellowship\data\raw\fitzpatrick\Categorized_AbbrvName\pi-cy_93\pi-cy_f4_74_33d4c189.jpg,4,medium_FST3_4,0,1,0.859687864780426
po_f6_103_e908f472.jpg,C:\Users\Angad\Desktop\StemFellowship\data\raw\fitzpatrick\Categorized_AbbrvName\po_127\po_f6_103_e908f472.jpg,6,dark_FST5_6,0,0,0.04879952222108841
al-co-de_f2_134_90a4bfb7.jpg,C:\Users\Angad\Desktop\StemFellowship\data\raw\fitzpatrick\Categorized_AbbrvName\al-co-de_430\al-co-de_f2_134_90a4bfb7.jpg,2,light_FST1_2,0,0,0.0003824358864221722
ro_f2_10_e90207e0.jpg,C:\Users\Angad\Desktop\StemFellowship\data\raw\fitzpatrick\Categorized_AbbrvName\ro_102\ro_f2_10_e90207e0.jpg,2,light_FST1_2,0,0,0.06858821213245392
ac-ni_f2_45_ae0e4130.jpg,C:\Users\Angad\Desktop\StemFellowship\data\raw\fitzpatrick\Categorized_AbbrvName\ac-ni_92\ac-ni_f2_45_ae0e4130.jpg,2,light_FST1_2,0,0,0.06414248794317245
da-di_f2_47_df9880f7.jpg,C:\Users\Angad\Desktop\StemFellowship\data\raw\fitzpatrick\Categorized_AbbrvName\da-di_153\da-di_f2_47_df9880f7.jpg,2,light_FST1_2,0,0,0.029072148725390434
sq-ce-ca_f5_566_54062ced.jpg,C:\Users\Angad\Desktop\StemFellowship\data\raw\fitzpatrick\Categorized_AbbrvName\sq-ce-ca_581\sq-ce-ca_f5_566_54062ced.jpg,5,dark_FST5_6,1,1,0.9941775798797607
al-co-de_f2_216_a23c4876.jpg,C:\Users\Angad\Desktop\StemFellowship\data\raw\fitzpatrick\Categorized_AbbrvName\al-co-de_430\al-co-de_f2_216_a23c4876.jpg,2,light_FST1_2,0,0,0.4561852514743805
pe-li_f2_16_ecf55fa7.jpg,C:\Users\Angad\Desktop\StemFellowship\data\raw\fitzpatrick\Categorized_AbbrvName\pe-li_151\pe-li_f2_16_ecf55fa7.jpg,2,light_FST1_2,0,0,0.02505638264119625
ac-au-bu-di-ge_f1_50_22bb0cba.jpg,C:\Users\Angad\Desktop\StemFellowship\data\raw\fitzpatrick\Categorized_AbbrvName\ac-au-bu-di-ge_67\ac-au-bu-di-ge_f1_50_22bb0cba.jpg,1,light_FST1_2,0,0,0.10657703131437302
pi-ro_f4_76_899cac4c.jpg,C:\Users\Angad\Desktop\StemFellowship\data\raw\fitzpatrick\Categorized_AbbrvName\pi-ro_193\pi-ro_f4_76_899cac4c.jpg,4,medium_FST3_4,0,0,0.010763101279735565
fa-de_f2_53_cc25be52.jpg,C:\Users\Angad\Desktop\StemFellowship\data\raw\fitzpatrick\Categorized_AbbrvName\fa-de_66\fa-de_f2_53_cc25be52.jpg,2,light_FST1_2,0,1,0.8569077849388123
ur-pi_f4_85_f2627794.jpg,C:\Users\Angad\Desktop\StemFellowship\data\raw\fitzpatrick\Categorized_AbbrvName\ur-pi_112\ur-pi_f4_85_f2627794.jpg,4,medium_FST3_4,0,0,0.09649604558944702
ne-in_f4_219_044c7608.jpg,C:\Users\Angad\Desktop\StemFellowship\data\raw\fitzpatrick\Categorized_AbbrvName\ne-in_260\ne-in_f4_219_044c7608.jpg,4,medium_FST3_4,0,0,0.07354845851659775
ba-ce-ca_f2_410_d14d5a7d.jpg,C:\Users\Angad\Desktop\StemFellowship\data\raw\fitzpatrick\Categorized_AbbrvName\ba-ce-ca_468\ba-ce-ca_f2_410_d14d5a7d.jpg,2,light_FST1_2,1,1,0.9822503924369812
vi_f3_105_66fe8a92.jpg,C:\Users\Angad\Desktop\StemFellowship\data\raw\fitzpatrick\Categorized_AbbrvName\vi_166\vi_f3_105_66fe8a92.jpg,3,medium_FST3_4,0,0,0.09555087238550186
ac-en_f2_19_05c5c9cb.jpg,C:\Users\Angad\Desktop\StemFellowship\data\raw\fitzpatrick\Categorized_AbbrvName\ac-en_92\ac-en_f2_19_05c5c9cb.jpg,2,light_FST1_2,0,0,0.07720832526683807
al-co-de_f2_300_20627235.jpg,C:\Users\Angad\Desktop\StemFellowship\data\raw\fitzpatrick\Categorized_AbbrvName\al-co-de_430\al-co-de_f2_300_20627235.jpg,2,light_FST1_2,0,0,0.08615943789482117
ac-vu_f2_61_ea17f0c0.jpg,C:\Users\Angad\Desktop\StemFellowship\data\raw\fitzpatrick\Categorized_AbbrvName\ac-vu_335\ac-vu_f2_61_ea17f0c0.jpg,2,light_FST1_2,0,0,0.00023665600747335702
ph_f1_187_b916be56.jpg,C:\Users\Angad\Desktop\StemFellowship\data\raw\fitzpatrick\Categorized_AbbrvName\ph_348\ph_f1_187_b916be56.jpg,1,light_FST1_2,0,0,0.0030582223553210497
me_f4_128_bb6ae8c9.jpg,C:\Users\Angad\Desktop\StemFellowship\data\raw\fitzpatrick\Categorized_AbbrvName\me_261\me_f4_128_bb6ae8c9.jpg,4,medium_FST3_4,1,1,0.933944582939148
li-am_f2_2_39e58134.jpg,C:\Users\Angad\Desktop\StemFellowship\data\raw\fitzpatrick\Categorized_AbbrvName\li-am_77\li-am_f2_2_39e58134.jpg,2,light_FST1_2,0,0,0.06138784810900688
er-an-ce_f3_59_b341d681.jpg,C:\Users\Angad\Desktop\StemFellowship\data\raw\fitzpatrick\Categorized_AbbrvName\er-an-ce_88\er-an-ce_f3_59_b341d681.jpg,3,medium_FST3_4,0,0,0.03055928274989128
ch_f3_104_cc4443d1.jpg,C:\Users\Angad\Desktop\StemFellowship\data\raw\fitzpatrick\Categorized_AbbrvName\ch_106\ch_f3_104_cc4443d1.jpg,3,medium_FST3_4,0,1,0.9078734517097473
ne-de_f5_219_ea37254f.jpg,C:\Users\Angad\Desktop\StemFellowship\data\raw\fitzpatrick\Categorized_AbbrvName\ne-de_361\ne-de_f5_219_ea37254f.jpg,5,dark_FST5_6,0,0,0.24915002286434174
ac-au-bu-di-ge_f3_34_462e05ed.jpg,C:\Users\Angad\Desktop\StemFellowship\data\raw\fitzpatrick\Categorized_AbbrvName\ac-au-bu-di-ge_67\ac-au-bu-di-ge_f3_34_462e05ed.jpg,3,medium_FST3_4,0,0,0.42184528708457947
ac-ke_f2_167_d01ee173.jpg,C:\Users\Angad\Desktop\StemFellowship\data\raw\fitzpatrick\Categorized_AbbrvName\ac-ke_175\ac-ke_f2_167_d01ee173.jpg,2,light_FST1_2,1,0,0.39090919494628906
sy_f2_16_21f1e3ac.jpg,C:\Users\Angad\Desktop\StemFellowship\data\raw\fitzpatrick\Categorized_AbbrvName\sy_127\sy_f2_16_21f1e3ac.jpg,2,light_FST1_2,0,0,0.0020786290988326073
lu-er_f3_392_f4780184.jpg,C:\Users\Angad\Desktop\StemFellowship\data\raw\fitzpatrick\Categorized_AbbrvName\lu-er_410\lu-er_f3_392_f4780184.jpg,3,medium_FST3_4,0,1,0.5576894283294678
ke-pi_f4_8_a2896526.jpg,C:\Users\Angad\Desktop\StemFellowship\data\raw\fitzpatrick\Categorized_AbbrvName\ke-pi_78\ke-pi_f4_8_a2896526.jpg,4,medium_FST3_4,0,0,0.06731674820184708
li-pl_f2_133_4ac5253a.jpg,C:\Users\Angad\Desktop\StemFellowship\data\raw\fitzpatrick\Categorized_AbbrvName\li-pl_491\li-pl_f2_133_4ac5253a.jpg,2,light_FST1_2,0,0,0.012626685202121735
tu_f5_64_d57a438d.jpg,C:\Users\Angad\Desktop\StemFellowship\data\raw\fitzpatrick\Categorized_AbbrvName\tu_152\tu_f5_64_d57a438d.jpg,5,dark_FST5_6,0,0,0.04958774149417877
co-ne_f2_3_7094ebc9.jpg,C:\Users\Angad\Desktop\StemFellowship\data\raw\fitzpatrick\Categorized_AbbrvName\co-ne_68\co-ne_f2_3_7094ebc9.jpg,2,light_FST1_2,0,1,0.7391126155853271
ep-bu_f2_57_f2bfe6f2.jpg,C:\Users\Angad\Desktop\StemFellowship\data\raw\fitzpatrick\Categorized_AbbrvName\ep-bu_70\ep-bu_f2_57_f2bfe6f2.jpg,2,light_FST1_2,0,0,0.21722982823848724
dy-ec_f1_20_ea85e013.jpg,C:\Users\Angad\Desktop\StemFellowship\data\raw\fitzpatrick\Categorized_AbbrvName\dy-ec_83\dy-ec_f1_20_ea85e013.jpg,1,light_FST1_2,0,0,0.3393755853176117
ka-sa_f3_7_e5d72c33.jpg,C:\Users\Angad\Desktop\StemFellowship\data\raw\fitzpatrick\Categorized_AbbrvName\ka-sa_156\ka-sa_f3_7_e5d72c33.jpg,3,medium_FST3_4,1,1,0.949177622795105
dr-er_f1_82_621eedf2.jpg,C:\Users\Angad\Desktop\StemFellowship\data\raw\fitzpatrick\Categorized_AbbrvName\dr-er_200\dr-er_f1_82_621eedf2.jpg,1,light_FST1_2,0,0,0.0008158420096151531
ps_f1_231_352d70d6.jpg,C:\Users\Angad\Desktop\StemFellowship\data\raw\fitzpatrick\Categorized_AbbrvName\ps_653\ps_f1_231_352d70d6.jpg,1,light_FST1_2,0,0,0.4425010681152344
la-ce-hi_f1_3_8d11528e.jpg,C:\Users\Angad\Desktop\StemFellowship\data\raw\fitzpatrick\Categorized_AbbrvName\la-ce-hi_60\la-ce-hi_f1_3_8d11528e.jpg,1,light_FST1_2,0,0,0.026103666052222252
fo_f4_257_59290b4f.jpg,C:\Users\Angad\Desktop\StemFellowship\data\raw\fitzpatrick\Categorized_AbbrvName\fo_342\fo_f4_257_59290b4f.jpg,4,medium_FST3_4,0,0,0.00010020417539635673
ke_f2_40_a443db67.jpg,C:\Users\Angad\Desktop\StemFellowship\data\raw\fitzpatrick\Categorized_AbbrvName\ke_156\ke_f2_40_a443db67.jpg,2,light_FST1_2,0,0,9.110526298172772e-05
ha-ha-di_f4_76_b45e1b5e.jpg,C:\Users\Angad\Desktop\StemFellowship\data\raw\fitzpatrick\Categorized_AbbrvName\ha-ha-di_174\ha-ha-di_f4_76_b45e1b5e.jpg,4,medium_FST3_4,0,0,0.002273229183629155
fo_f2_172_90540b39.jpg,C:\Users\Angad\Desktop\StemFellowship\data\raw\fitzpatrick\Categorized_AbbrvName\fo_342\fo_f2_172_90540b39.jpg,2,light_FST1_2,0,0,0.15855470299720764
ph_f6_115_dc62c178.jpg,C:\Users\Angad\Desktop\StemFellowship\data\raw\fitzpatrick\Categorized_AbbrvName\ph_348\ph_f6_115_dc62c178.jpg,6,dark_FST5_6,0,0,0.04770636931061745
pe-de_f2_2_7652138f.jpg,C:\Users\Angad\Desktop\StemFellowship\data\raw\fitzpatrick\Categorized_AbbrvName\pe-de_61\pe-de_f2_2_7652138f.jpg,2,light_FST1_2,0,0,0.07054629176855087
tu-sc_f4_69_bfce5419.jpg,C:\Users\Angad\Desktop\StemFellowship\data\raw\fitzpatrick\Categorized_AbbrvName\tu-sc_141\tu-sc_f4_69_bfce5419.jpg,4,medium_FST3_4,0,0,0.030861295759677887
my-fu_f5_116_a468181a.jpg,C:\Users\Angad\Desktop\StemFellowship\data\raw\fitzpatrick\Categorized_AbbrvName\my-fu_182\my-fu_f5_116_a468181a.jpg,5,dark_FST5_6,1,1,0.7520560622215271
al-co-de_f1_140_292e08f1.jpg,C:\Users\Angad\Desktop\StemFellowship\data\raw\fitzpatrick\Categorized_AbbrvName\al-co-de_430\al-co-de_f1_140_292e08f1.jpg,1,light_FST1_2,0,0,5.0636797823244706e-05
po-ac_f3_40_34a35c06.jpg,C:\Users\Angad\Desktop\StemFellowship\data\raw\fitzpatrick\Categorized_AbbrvName\po-ac_183\po-ac_f3_40_34a35c06.jpg,3,medium_FST3_4,0,0,0.13147872686386108
ju-xa_f2_71_137ae8b3.jpg,C:\Users\Angad\Desktop\StemFellowship\data\raw\fitzpatrick\Categorized_AbbrvName\ju-xa_149\ju-xa_f2_71_137ae8b3.jpg,2,light_FST1_2,0,1,0.8570572137832642
fa-de_f2_11_35cc2bc4.jpg,C:\Users\Angad\Desktop\StemFellowship\data\raw\fitzpatrick\Categorized_AbbrvName\fa-de_66\fa-de_f2_11_35cc2bc4.jpg,2,light_FST1_2,0,0,0.4804290235042572
mi_f4_1_af7a076b.jpg,C:\Users\Angad\Desktop\StemFellowship\data\raw\fitzpatrick\Categorized_AbbrvName\mi_112\mi_f4_1_af7a076b.jpg,4,medium_FST3_4,0,0,0.09757675230503082
rh_f2_63_9e61d55f.jpg,C:\Users\Angad\Desktop\StemFellowship\data\raw\fitzpatrick\Categorized_AbbrvName\rh_91\rh_f2_63_9e61d55f.jpg,2,light_FST1_2,0,1,0.6957072019577026
po-ac_f2_161_9f0676a9.jpg,C:\Users\Angad\Desktop\StemFellowship\data\raw\fitzpatrick\Categorized_AbbrvName\po-ac_183\po-ac_f2_161_9f0676a9.jpg,2,light_FST1_2,0,1,0.7873251438140869
ph_f3_212_e0edf844.jpg,C:\Users\Angad\Desktop\StemFellowship\data\raw\fitzpatrick\Categorized_AbbrvName\ph_348\ph_f3_212_e0edf844.jpg,3,medium_FST3_4,0,0,0.01909639500081539
al-co-de_f3_4_1eb2cf38.jpg,C:\Users\Angad\Desktop\StemFellowship\data\raw\fitzpatrick\Categorized_AbbrvName\al-co-de_430\al-co-de_f3_4_1eb2cf38.jpg,3,medium_FST3_4,0,0,0.02538643218576908
ro_f2_52_e8a6ed45.jpg,C:\Users\Angad\Desktop\StemFellowship\data\raw\fitzpatrick\Categorized_AbbrvName\ro_102\ro_f2_52_e8a6ed45.jpg,2,light_FST1_2,0,0,0.0015843757428228855
tu-sc_f3_115_9b3028fc.jpg,C:\Users\Angad\Desktop\StemFellowship\data\raw\fitzpatrick\Categorized_AbbrvName\tu-sc_141\tu-sc_f3_115_9b3028fc.jpg,3,medium_FST3_4,0,0,0.01695011556148529
ac-vu_f2_14_a9ec397c.jpg,C:\Users\Angad\Desktop\StemFellowship\data\raw\fitzpatrick\Categorized_AbbrvName\ac-vu_335\ac-vu_f2_14_a9ec397c.jpg,2,light_FST1_2,0,1,0.6452125906944275
lu-su_f1_86_ba55b846.jpg,C:\Users\Angad\Desktop\StemFellowship\data\raw\fitzpatrick\Categorized_AbbrvName\lu-su_111\lu-su_f1_86_ba55b846.jpg,1,light_FST1_2,0,0,0.020955737680196762
ti-bi_f1_54_8bf8d661.jpg,C:\Users\Angad\Desktop\StemFellowship\data\raw\fitzpatrick\Categorized_AbbrvName\ti-bi_73\ti-bi_f1_54_8bf8d661.jpg,1,light_FST1_2,0,0,0.3771224021911621
ba-ce-ca_f2_22_6323e7bf.jpg,C:\Users\Angad\Desktop\StemFellowship\data\raw\fitzpatrick\Categorized_AbbrvName\ba-ce-ca_468\ba-ce-ca_f2_22_6323e7bf.jpg,2,light_FST1_2,1,1,0.7277976870536804
lu-er_f2_133_7389540c.jpg,C:\Users\Angad\Desktop\StemFellowship\data\raw\fitzpatrick\Categorized_AbbrvName\lu-er_410\lu-er_f2_133_7389540c.jpg,2,light_FST1_2,0,0,0.07051276415586472
le-ma_f1_31_a3308a1b.jpg,C:\Users\Angad\Desktop\StemFellowship\data\raw\fitzpatrick\Categorized_AbbrvName\le-ma_83\le-ma_f1_31_a3308a1b.jpg,1,light_FST1_2,1,1,0.617128849029541
co-ne_f3_26_feabe7af.jpg,C:\Users\Angad\Desktop\StemFellowship\data\raw\fitzpatrick\Categorized_AbbrvName\co-ne_68\co-ne_f3_26_feabe7af.jpg,3,medium_FST3_4,0,0,0.06095762550830841
ne-ne_f3_69_eb526a75.jpg,C:\Users\Angad\Desktop\StemFellowship\data\raw\fitzpatrick\Categorized_AbbrvName\ne-ne_86\ne-ne_f3_69_eb526a75.jpg,3,medium_FST3_4,0,0,0.2734788954257965
ac-ke_f2_96_00c67e6f.jpg,C:\Users\Angad\Desktop\StemFellowship\data\raw\fitzpatrick\Categorized_AbbrvName\ac-ke_175\ac-ke_f2_96_00c67e6f.jpg,2,light_FST1_2,1,1,0.9346216917037964
ac-en_f2_66_bc4ff5bc.jpg,C:\Users\Angad\Desktop\StemFellowship\data\raw\fitzpatrick\Categorized_AbbrvName\ac-en_92\ac-en_f2_66_bc4ff5bc.jpg,2,light_FST1_2,0,0,0.3182993233203888
fo_f3_190_569b53ef.jpg,C:\Users\Angad\Desktop\StemFellowship\data\raw\fitzpatrick\Categorized_AbbrvName\fo_342\fo_f3_190_569b53ef.jpg,3,medium_FST3_4,0,0,0.0032484792172908783
ac-ni_f1_63_5cf8a22e.jpg,C:\Users\Angad\Desktop\StemFellowship\data\raw\fitzpatrick\Categorized_AbbrvName\ac-ni_92\ac-ni_f1_63_5cf8a22e.jpg,1,light_FST1_2,0,1,0.8632032871246338
di-ac-po_f1_28_1075ebb3.jpg,C:\Users\Angad\Desktop\StemFellowship\data\raw\fitzpatrick\Categorized_AbbrvName\di-ac-po_60\di-ac-po_f1_28_1075ebb3.jpg,1,light_FST1_2,0,0,0.4511564075946808
ps_f3_170_28f22f0f.jpg,C:\Users\Angad\Desktop\StemFellowship\data\raw\fitzpatrick\Categorized_AbbrvName\ps_653\ps_f3_170_28f22f0f.jpg,3,medium_FST3_4,0,0,0.01882524974644184
er-mu_f3_193_bb08399b.jpg,C:\Users\Angad\Desktop\StemFellowship\data\raw\fitzpatrick\Categorized_AbbrvName\er-mu_236\er-mu_f3_193_bb08399b.jpg,3,medium_FST3_4,0,0,0.1935635209083557
ha-ha-di_f2_142_c56f6112.jpg,C:\Users\Angad\Desktop\StemFellowship\data\raw\fitzpatrick\Categorized_AbbrvName\ha-ha-di_174\ha-ha-di_f2_142_c56f6112.jpg,2,light_FST1_2,0,0,0.03693949431180954
dr-er_f2_109_54cb7919.jpg,C:\Users\Angad\Desktop\StemFellowship\data\raw\fitzpatrick\Categorized_AbbrvName\dr-er_200\dr-er_f2_109_54cb7919.jpg,2,light_FST1_2,0,0,0.22068233788013458
ac-vu_f3_123_c0d8acd9.jpg,C:\Users\Angad\Desktop\StemFellowship\data\raw\fitzpatrick\Categorized_AbbrvName\ac-vu_335\ac-vu_f3_123_c0d8acd9.jpg,3,medium_FST3_4,0,0,0.0059886411763727665
su-da-sk_f6_52_25552e71.jpg,C:\Users\Angad\Desktop\StemFellowship\data\raw\fitzpatrick\Categorized_AbbrvName\su-da-sk_66\su-da-sk_f6_52_25552e71.jpg,6,dark_FST5_6,0,1,0.7622032761573792
dr-er_f2_146_34698b51.jpg,C:\Users\Angad\Desktop\StemFellowship\data\raw\fitzpatrick\Categorized_AbbrvName\dr-er_200\dr-er_f2_146_34698b51.jpg,2,light_FST1_2,0,0,0.1552063226699829
ma-me_f2_43_400e3359.jpg,C:\Users\Angad\Desktop\StemFellowship\data\raw\fitzpatrick\Categorized_AbbrvName\ma-me_111\ma-me_f2_43_400e3359.jpg,2,light_FST1_2,1,1,0.9444395899772644
li-pl_f4_216_09692af5.jpg,C:\Users\Angad\Desktop\StemFellowship\data\raw\fitzpatrick\Categorized_AbbrvName\li-pl_491\li-pl_f4_216_09692af5.jpg,4,medium_FST3_4,0,0,0.02290053479373455
st_f5_36_2eb6cf7b.jpg,C:\Users\Angad\Desktop\StemFellowship\data\raw\fitzpatrick\Categorized_AbbrvName\st_67\st_f5_36_2eb6cf7b.jpg,5,dark_FST5_6,0,0,0.04794551059603691
ps_f4_651_f1e37ba9.jpg,C:\Users\Angad\Desktop\StemFellowship\data\raw\fitzpatrick\Categorized_AbbrvName\ps_653\ps_f4_651_f1e37ba9.jpg,4,medium_FST3_4,0,0,0.27815619111061096
su-sp-me-ss_f1_66_df0ccf61.jpg,C:\Users\Angad\Desktop\StemFellowship\data\raw\fitzpatrick\Categorized_AbbrvName\su-sp-me-ss_118\su-sp-me-ss_f1_66_df0ccf61.jpg,1,light_FST1_2,1,1,0.8887873888015747
eh-da-sy_f3_71_6d6e7598.jpg,C:\Users\Angad\Desktop\StemFellowship\data\raw\fitzpatrick\Categorized_AbbrvName\eh-da-sy_127\eh-da-sy_f3_71_6d6e7598.jpg,3,medium_FST3_4,0,0,0.17423570156097412
ac_f2_165_bc77d5bc.jpg,C:\Users\Angad\Desktop\StemFellowship\data\raw\fitzpatrick\Categorized_AbbrvName\ac_183\ac_f2_165_bc77d5bc.jpg,2,light_FST1_2,0,1,0.5026512742042542
ke_f4_124_c91269ec.jpg,C:\Users\Angad\Desktop\StemFellowship\data\raw\fitzpatrick\Categorized_AbbrvName\ke_156\ke_f4_124_c91269ec.jpg,4,medium_FST3_4,0,0,0.05651434510946274
fo_f2_233_5844c88a.jpg,C:\Users\Angad\Desktop\StemFellowship\data\raw\fitzpatrick\Categorized_AbbrvName\fo_342\fo_f2_233_5844c88a.jpg,2,light_FST1_2,0,0,2.0370411220937967e-05
sq-ce-ca_f3_515_1b9d4701.jpg,C:\Users\Angad\Desktop\StemFellowship\data\raw\fitzpatrick\Categorized_AbbrvName\sq-ce-ca_581\sq-ce-ca_f3_515_1b9d4701.jpg,3,medium_FST3_4,1,1,0.9683752655982971
ac_f2_25_2df4c602.jpg,C:\Users\Angad\Desktop\StemFellowship\data\raw\fitzpatrick\Categorized_AbbrvName\ac_183\ac_f2_25_2df4c602.jpg,2,light_FST1_2,0,0,0.002815237967297435
sq-ce-ca_f4_475_470f02ca.jpg,C:\Users\Angad\Desktop\StemFellowship\data\raw\fitzpatrick\Categorized_AbbrvName\sq-ce-ca_581\sq-ce-ca_f4_475_470f02ca.jpg,4,medium_FST3_4,1,1,0.8993109464645386
pi-ru-pi_f4_236_75c6e415.jpg,C:\Users\Angad\Desktop\StemFellowship\data\raw\fitzpatrick\Categorized_AbbrvName\pi-ru-pi_278\pi-ru-pi_f4_236_75c6e415.jpg,4,medium_FST3_4,0,0,0.003161662956699729
gr-an_f2_12_6c00ee71.jpg,C:\Users\Angad\Desktop\StemFellowship\data\raw\fitzpatrick\Categorized_AbbrvName\gr-an_211\gr-an_f2_12_6c00ee71.jpg,2,light_FST1_2,0,0,0.4077465534210205
la-ce-hi_f2_51_a99eb40e.jpg,C:\Users\Angad\Desktop\StemFellowship\data\raw\fitzpatrick\Categorized_AbbrvName\la-ce-hi_60\la-ce-hi_f2_51_a99eb40e.jpg,2,light_FST1_2,0,0,0.22208553552627563
pr-no_f3_118_1663e755.jpg,C:\Users\Angad\Desktop\StemFellowship\data\raw\fitzpatrick\Categorized_AbbrvName\pr-no_170\pr-no_f3_118_1663e755.jpg,3,medium_FST3_4,0,0,0.01605326123535633
sa_f5_216_2cbb9dcb.jpg,C:\Users\Angad\Desktop\StemFellowship\data\raw\fitzpatrick\Categorized_AbbrvName\sa_349\sa_f5_216_2cbb9dcb.jpg,5,dark_FST5_6,0,0,0.190254345536232
ac-vu_f1_144_31147f5a.jpg,C:\Users\Angad\Desktop\StemFellowship\data\raw\fitzpatrick\Categorized_AbbrvName\ac-vu_335\ac-vu_f1_144_31147f5a.jpg,1,light_FST1_2,0,0,0.128624826669693
al-co-de_f3_249_97be5a35.jpg,C:\Users\Angad\Desktop\StemFellowship\data\raw\fitzpatrick\Categorized_AbbrvName\al-co-de_430\al-co-de_f3_249_97be5a35.jpg,3,medium_FST3_4,0,1,0.6632018685340881
ly-di_f4_52_d828f8e7.jpg,C:\Users\Angad\Desktop\StemFellowship\data\raw\fitzpatrick\Categorized_AbbrvName\ly-di_129\ly-di_f4_52_d828f8e7.jpg,4,medium_FST3_4,0,0,0.16749604046344757
me_f1_21_0fc62c72.jpg,C:\Users\Angad\Desktop\StemFellowship\data\raw\fitzpatrick\Categorized_AbbrvName\me_261\me_f1_21_0fc62c72.jpg,1,light_FST1_2,1,1,0.6967430710792542
pr-no_f2_85_f7899b8f.jpg,C:\Users\Angad\Desktop\StemFellowship\data\raw\fitzpatrick\Categorized_AbbrvName\pr-no_170\pr-no_f2_85_f7899b8f.jpg,2,light_FST1_2,0,0,0.0005858777440153062
li-si_f6_94_aeaaf519.jpg,C:\Users\Angad\Desktop\StemFellowship\data\raw\fitzpatrick\Categorized_AbbrvName\li-si_97\li-si_f6_94_aeaaf519.jpg,6,dark_FST5_6,0,0,0.31822195649147034
me_f2_111_361528ca.jpg,C:\Users\Angad\Desktop\StemFellowship\data\raw\fitzpatrick\Categorized_AbbrvName\me_261\me_f2_111_361528ca.jpg,2,light_FST1_2,1,1,0.9108781218528748
sa_f2_17_894546a0.jpg,C:\Users\Angad\Desktop\StemFellowship\data\raw\fitzpatrick\Categorized_AbbrvName\sa_349\sa_f2_17_894546a0.jpg,2,light_FST1_2,0,0,0.20320720970630646
ps_f2_243_51e0562b.jpg,C:\Users\Angad\Desktop\StemFellowship\data\raw\fitzpatrick\Categorized_AbbrvName\ps_653\ps_f2_243_51e0562b.jpg,2,light_FST1_2,0,0,0.03423888236284256
me_f3_260_fb89d4fa.jpg,C:\Users\Angad\Desktop\StemFellowship\data\raw\fitzpatrick\Categorized_AbbrvName\me_261\me_f3_260_fb89d4fa.jpg,3,medium_FST3_4,1,1,0.9604496955871582
py-gr_f2_45_1f86593b.jpg,C:\Users\Angad\Desktop\StemFellowship\data\raw\fitzpatrick\Categorized_AbbrvName\py-gr_113\py-gr_f2_45_1f86593b.jpg,2,light_FST1_2,0,1,0.9595167636871338
my_f5_51_e439fd3b.jpg,C:\Users\Angad\Desktop\StemFellowship\data\raw\fitzpatrick\Categorized_AbbrvName\my_67\my_f5_51_e439fd3b.jpg,5,dark_FST5_6,0,0,0.33855098485946655
ba-ce-ca_f3_411_8d8aaf80.jpg,C:\Users\Angad\Desktop\StemFellowship\data\raw\fitzpatrick\Categorized_AbbrvName\ba-ce-ca_468\ba-ce-ca_f3_411_8d8aaf80.jpg,3,medium_FST3_4,1,1,0.9600980281829834
ur_f3_43_eceed388.jpg,C:\Users\Angad\Desktop\StemFellowship\data\raw\fitzpatrick\Categorized_AbbrvName\ur_151\ur_f3_43_eceed388.jpg,3,medium_FST3_4,0,0,0.03791777044534683
me_f2_130_3d9906a7.jpg,C:\Users\Angad\Desktop\StemFellowship\data\raw\fitzpatrick\Categorized_AbbrvName\me_261\me_f2_130_3d9906a7.jpg,2,light_FST1_2,1,1,0.7691414952278137
ne-ex_f3_17_8f0a8ffc.jpg,C:\Users\Angad\Desktop\StemFellowship\data\raw\fitzpatrick\Categorized_AbbrvName\ne-ex_73\ne-ex_f3_17_8f0a8ffc.jpg,3,medium_FST3_4,0,0,0.09837606549263
ac-en_f4_88_516abe8e.jpg,C:\Users\Angad\Desktop\StemFellowship\data\raw\fitzpatrick\Categorized_AbbrvName\ac-en_92\ac-en_f4_88_516abe8e.jpg,4,medium_FST3_4,0,0,0.009852921590209007
ac_f3_91_58f4166e.jpg,C:\Users\Angad\Desktop\StemFellowship\data\raw\fitzpatrick\Categorized_AbbrvName\ac_183\ac_f3_91_58f4166e.jpg,3,medium_FST3_4,0,0,0.0699227973818779
st-jo-sy_f2_29_3c75b28c.jpg,C:\Users\Angad\Desktop\StemFellowship\data\raw\fitzpatrick\Categorized_AbbrvName\st-jo-sy_113\st-jo-sy_f2_29_3c75b28c.jpg,2,light_FST1_2,0,0,0.0057004778645932674
py-gr_f2_4_01821684.jpg,C:\Users\Angad\Desktop\StemFellowship\data\raw\fitzpatrick\Categorized_AbbrvName\py-gr_113\py-gr_f2_4_01821684.jpg,2,light_FST1_2,0,0,0.15710975229740143
tu-sc_f5_23_daaca1a8.jpg,C:\Users\Angad\Desktop\StemFellowship\data\raw\fitzpatrick\Categorized_AbbrvName\tu-sc_141\tu-sc_f5_23_daaca1a8.jpg,5,dark_FST5_6,0,0,0.2943994998931885
ph_f2_295_19b4ae2a.jpg,C:\Users\Angad\Desktop\StemFellowship\data\raw\fitzpatrick\Categorized_AbbrvName\ph_348\ph_f2_295_19b4ae2a.jpg,2,light_FST1_2,0,0,0.004296065773814917
ep-ne_f1_88_c440c425.jpg,C:\Users\Angad\Desktop\StemFellowship\data\raw\fitzpatrick\Categorized_AbbrvName\ep-ne_91\ep-ne_f1_88_c440c425.jpg,1,light_FST1_2,0,0,0.07242986559867859
sq-ce-ca_f3_150_883c52ef.jpg,C:\Users\Angad\Desktop\StemFellowship\data\raw\fitzpatrick\Categorized_AbbrvName\sq-ce-ca_581\sq-ce-ca_f3_150_883c52ef.jpg,3,medium_FST3_4,1,1,0.9794737696647644
vi_f3_39_bdbf0178.jpg,C:\Users\Angad\Desktop\StemFellowship\data\raw\fitzpatrick\Categorized_AbbrvName\vi_166\vi_f3_39_bdbf0178.jpg,3,medium_FST3_4,0,0,0.2581688463687897
sq-ce-ca_f2_165_680723c1.jpg,C:\Users\Angad\Desktop\StemFellowship\data\raw\fitzpatrick\Categorized_AbbrvName\sq-ce-ca_581\sq-ce-ca_f2_165_680723c1.jpg,2,light_FST1_2,1,1,0.9220108985900879
mi_f4_86_7738e7cc.jpg,C:\Users\Angad\Desktop\StemFellowship\data\raw\fitzpatrick\Categorized_AbbrvName\mi_112\mi_f4_86_7738e7cc.jpg,4,medium_FST3_4,0,0,0.025866204872727394
ur_f2_89_6105d768.jpg,C:\Users\Angad\Desktop\StemFellowship\data\raw\fitzpatrick\Categorized_AbbrvName\ur_151\ur_f2_89_6105d768.jpg,2,light_FST1_2,0,0,0.02634950913488865
pi-ro_f4_93_1ba38182.jpg,C:\Users\Angad\Desktop\StemFellowship\data\raw\fitzpatrick\Categorized_AbbrvName\pi-ro_193\pi-ro_f4_93_1ba38182.jpg,4,medium_FST3_4,0,0,9.862428851192817e-05
tu_f3_24_2b73a8e3.jpg,C:\Users\Angad\Desktop\StemFellowship\data\raw\fitzpatrick\Categorized_AbbrvName\tu_152\tu_f3_24_2b73a8e3.jpg,3,medium_FST3_4,0,0,0.07603561878204346
ha-ha-di_f1_74_c9d3818b.jpg,C:\Users\Angad\Desktop\StemFellowship\data\raw\fitzpatrick\Categorized_AbbrvName\ha-ha-di_174\ha-ha-di_f1_74_c9d3818b.jpg,1,light_FST1_2,0,0,0.009360129944980145
sy_f3_122_002f4ec0.jpg,C:\Users\Angad\Desktop\StemFellowship\data\raw\fitzpatrick\Categorized_AbbrvName\sy_127\sy_f3_122_002f4ec0.jpg,3,medium_FST3_4,0,1,0.7302467226982117
ep-bu_f3_36_1ccd8640.jpg,C:\Users\Angad\Desktop\StemFellowship\data\raw\fitzpatrick\Categorized_AbbrvName\ep-bu_70\ep-bu_f3_36_1ccd8640.jpg,3,medium_FST3_4,0,0,0.21134820580482483
lu-su_f2_58_d17c6fa6.jpg,C:\Users\Angad\Desktop\StemFellowship\data\raw\fitzpatrick\Categorized_AbbrvName\lu-su_111\lu-su_f2_58_d17c6fa6.jpg,2,light_FST1_2,0,0,0.47777873277664185
fo_f4_79_44b0916f.jpg,C:\Users\Angad\Desktop\StemFellowship\data\raw\fitzpatrick\Categorized_AbbrvName\fo_342\fo_f4_79_44b0916f.jpg,4,medium_FST3_4,0,1,0.6028245687484741
gr-an_f3_63_471459be.jpg,C:\Users\Angad\Desktop\StemFellowship\data\raw\fitzpatrick\Categorized_AbbrvName\gr-an_211\gr-an_f3_63_471459be.jpg,3,medium_FST3_4,0,0,0.20974045991897583
me_f2_246_26ad865b.jpg,C:\Users\Angad\Desktop\StemFellowship\data\raw\fitzpatrick\Categorized_AbbrvName\me_261\me_f2_246_26ad865b.jpg,2,light_FST1_2,1,1,0.9098394513130188
pi-ro_f4_107_5e566d87.jpg,C:\Users\Angad\Desktop\StemFellowship\data\raw\fitzpatrick\Categorized_AbbrvName\pi-ro_193\pi-ro_f4_107_5e566d87.jpg,4,medium_FST3_4,0,0,5.676298314938322e-05
sq-ce-ca_f2_85_d86cdae2.jpg,C:\Users\Angad\Desktop\StemFellowship\data\raw\fitzpatrick\Categorized_AbbrvName\sq-ce-ca_581\sq-ce-ca_f2_85_d86cdae2.jpg,2,light_FST1_2,1,1,0.5485108494758606
ac-ke_f1_142_08c31b99.jpg,C:\Users\Angad\Desktop\StemFellowship\data\raw\fitzpatrick\Categorized_AbbrvName\ac-ke_175\ac-ke_f1_142_08c31b99.jpg,1,light_FST1_2,1,1,0.6166092157363892
in-pi_f6_58_b39ec0cc.jpg,C:\Users\Angad\Desktop\StemFellowship\data\raw\fitzpatrick\Categorized_AbbrvName\in-pi_102\in-pi_f6_58_b39ec0cc.jpg,6,dark_FST5_6,0,0,0.13874177634716034
sq-ce-ca_f3_537_859294df.jpg,C:\Users\Angad\Desktop\StemFellowship\data\raw\fitzpatrick\Categorized_AbbrvName\sq-ce-ca_581\sq-ce-ca_f3_537_859294df.jpg,3,medium_FST3_4,1,1,0.9409961700439453
sq-ce-ca_f5_240_87744122.jpg,C:\Users\Angad\Desktop\StemFellowship\data\raw\fitzpatrick\Categorized_AbbrvName\sq-ce-ca_581\sq-ce-ca_f5_240_87744122.jpg,5,dark_FST5_6,1,1,0.9452289342880249
li-am_f5_24_e4086751.jpg,C:\Users\Angad\Desktop\StemFellowship\data\raw\fitzpatrick\Categorized_AbbrvName\li-am_77\li-am_f5_24_e4086751.jpg,5,dark_FST5_6,0,0,0.015073349699378014
vi_f5_125_6fc453ff.jpg,C:\Users\Angad\Desktop\StemFellowship\data\raw\fitzpatrick\Categorized_AbbrvName\vi_166\vi_f5_125_6fc453ff.jpg,5,dark_FST5_6,0,1,0.6621124148368835
mu-cy_f2_4_f10d67d3.jpg,C:\Users\Angad\Desktop\StemFellowship\data\raw\fitzpatrick\Categorized_AbbrvName\mu-cy_79\mu-cy_f2_4_f10d67d3.jpg,2,light_FST1_2,0,1,0.5325279235839844
rh_f4_81_14060d17.jpg,C:\Users\Angad\Desktop\StemFellowship\data\raw\fitzpatrick\Categorized_AbbrvName\rh_91\rh_f4_81_14060d17.jpg,4,medium_FST3_4,0,1,0.5109547972679138
al-co-de_f1_159_e3d44940.jpg,C:\Users\Angad\Desktop\StemFellowship\data\raw\fitzpatrick\Categorized_AbbrvName\al-co-de_430\al-co-de_f1_159_e3d44940.jpg,1,light_FST1_2,0,0,0.24916449189186096
li-pl_f2_195_5143f85b.jpg,C:\Users\Angad\Desktop\StemFellowship\data\raw\fitzpatrick\Categorized_AbbrvName\li-pl_491\li-pl_f2_195_5143f85b.jpg,2,light_FST1_2,0,0,0.07474084198474884
pu-ps_f2_30_65cf602e.jpg,C:\Users\Angad\Desktop\StemFellowship\data\raw\fitzpatrick\Categorized_AbbrvName\pu-ps_53\pu-ps_f2_30_65cf602e.jpg,2,light_FST1_2,0,0,0.07855979353189468
pi-ru-pi_f4_103_41bb7cbb.jpg,C:\Users\Angad\Desktop\StemFellowship\data\raw\fitzpatrick\Categorized_AbbrvName\pi-ru-pi_278\pi-ru-pi_f4_103_41bb7cbb.jpg,4,medium_FST3_4,0,0,0.007221029605716467
ps_f2_147_10dbea94.jpg,C:\Users\Angad\Desktop\StemFellowship\data\raw\fitzpatrick\Categorized_AbbrvName\ps_653\ps_f2_147_10dbea94.jpg,2,light_FST1_2,0,0,0.055312592536211014
in-pi_f6_57_28bcdc21.jpg,C:\Users\Angad\Desktop\StemFellowship\data\raw\fitzpatrick\Categorized_AbbrvName\in-pi_102\in-pi_f6_57_28bcdc21.jpg,6,dark_FST5_6,0,0,0.03347307816147804
ju-xa_f2_34_2699fffc.jpg,C:\Users\Angad\Desktop\StemFellowship\data\raw\fitzpatrick\Categorized_AbbrvName\ju-xa_149\ju-xa_f2_34_2699fffc.jpg,2,light_FST1_2,0,0,0.02088405005633831
tu-sc_f3_20_cc8bc6b9.jpg,C:\Users\Angad\Desktop\StemFellowship\data\raw\fitzpatrick\Categorized_AbbrvName\tu-sc_141\tu-sc_f3_20_cc8bc6b9.jpg,3,medium_FST3_4,0,0,0.00011152815568493679
pi-ru-pi_f3_234_9996bf83.jpg,C:\Users\Angad\Desktop\StemFellowship\data\raw\fitzpatrick\Categorized_AbbrvName\pi-ru-pi_278\pi-ru-pi_f3_234_9996bf83.jpg,3,medium_FST3_4,0,0,0.0036390507593750954
ep-ne_f1_26_1a7f5be9.jpg,C:\Users\Angad\Desktop\StemFellowship\data\raw\fitzpatrick\Categorized_AbbrvName\ep-ne_91\ep-ne_f1_26_1a7f5be9.jpg,1,light_FST1_2,0,0,0.012920613400638103
al-co-de_f2_183_f7f29dba.jpg,C:\Users\Angad\Desktop\StemFellowship\data\raw\fitzpatrick\Categorized_AbbrvName\al-co-de_430\al-co-de_f2_183_f7f29dba.jpg,2,light_FST1_2,0,0,0.019670400768518448
li-am_f4_61_42f4d928.jpg,C:\Users\Angad\Desktop\StemFellowship\data\raw\fitzpatrick\Categorized_AbbrvName\li-am_77\li-am_f4_61_42f4d928.jpg,4,medium_FST3_4,0,0,0.03575786575675011
lu-er_f1_37_115b193e.jpg,C:\Users\Angad\Desktop\StemFellowship\data\raw\fitzpatrick\Categorized_AbbrvName\lu-er_410\lu-er_f1_37_115b193e.jpg,1,light_FST1_2,0,0,0.20469190180301666
my-fu_f2_78_eeb17db2.jpg,C:\Users\Angad\Desktop\StemFellowship\data\raw\fitzpatrick\Categorized_AbbrvName\my-fu_182\my-fu_f2_78_eeb17db2.jpg,2,light_FST1_2,1,0,0.11154831200838089
sq-ce-ca_f3_409_ac6e3dc1.jpg,C:\Users\Angad\Desktop\StemFellowship\data\raw\fitzpatrick\Categorized_AbbrvName\sq-ce-ca_581\sq-ce-ca_f3_409_ac6e3dc1.jpg,3,medium_FST3_4,1,1,0.9793160557746887
sq-ce-ca_f4_251_82eed0a4.jpg,C:\Users\Angad\Desktop\StemFellowship\data\raw\fitzpatrick\Categorized_AbbrvName\sq-ce-ca_581\sq-ce-ca_f4_251_82eed0a4.jpg,4,medium_FST3_4,1,1,0.7847210168838501
ke-pi_f1_44_a2806e3e.jpg,C:\Users\Angad\Desktop\StemFellowship\data\raw\fitzpatrick\Categorized_AbbrvName\ke-pi_78\ke-pi_f1_44_a2806e3e.jpg,1,light_FST1_2,0,0,0.029181761667132378
eh-da-sy_f1_100_0fa42092.jpg,C:\Users\Angad\Desktop\StemFellowship\data\raw\fitzpatrick\Categorized_AbbrvName\eh-da-sy_127\eh-da-sy_f1_100_0fa42092.jpg,1,light_FST1_2,0,0,0.36508965492248535
pi-ru-pi_f2_41_7e5c920d.jpg,C:\Users\Angad\Desktop\StemFellowship\data\raw\fitzpatrick\Categorized_AbbrvName\pi-ru-pi_278\pi-ru-pi_f2_41_7e5c920d.jpg,2,light_FST1_2,0,0,0.00774015486240387
li-pl_f6_309_48dcccaa.jpg,C:\Users\Angad\Desktop\StemFellowship\data\raw\fitzpatrick\Categorized_AbbrvName\li-pl_491\li-pl_f6_309_48dcccaa.jpg,6,dark_FST5_6,0,1,0.6278455853462219
te_f2_63_6393ad9b.jpg,C:\Users\Angad\Desktop\StemFellowship\data\raw\fitzpatrick\Categorized_AbbrvName\te_126\te_f2_63_6393ad9b.jpg,2,light_FST1_2,0,1,0.9657016396522522
pi-ru-pi_f6_80_defefc3f.jpg,C:\Users\Angad\Desktop\StemFellowship\data\raw\fitzpatrick\Categorized_AbbrvName\pi-ru-pi_278\pi-ru-pi_f6_80_defefc3f.jpg,6,dark_FST5_6,0,0,0.01923716999590397
ps_f1_437_9bf25f5c.jpg,C:\Users\Angad\Desktop\StemFellowship\data\raw\fitzpatrick\Categorized_AbbrvName\ps_653\ps_f1_437_9bf25f5c.jpg,1,light_FST1_2,0,0,0.00010396479774499312
ph_f1_73_376431b2.jpg,C:\Users\Angad\Desktop\StemFellowship\data\raw\fitzpatrick\Categorized_AbbrvName\ph_348\ph_f1_73_376431b2.jpg,1,light_FST1_2,0,0,0.11992166936397552
pr-no_f4_27_4062f7d2.jpg,C:\Users\Angad\Desktop\StemFellowship\data\raw\fitzpatrick\Categorized_AbbrvName\pr-no_170\pr-no_f4_27_4062f7d2.jpg,4,medium_FST3_4,0,0,3.4551552730022195e-09
er-no_f3_39_3c5b40c4.jpg,C:\Users\Angad\Desktop\StemFellowship\data\raw\fitzpatrick\Categorized_AbbrvName\er-no_81\er-no_f3_39_3c5b40c4.jpg,3,medium_FST3_4,0,0,0.020068323239684105
lu-er_f2_223_27cdedf9.jpg,C:\Users\Angad\Desktop\StemFellowship\data\raw\fitzpatrick\Categorized_AbbrvName\lu-er_410\lu-er_f2_223_27cdedf9.jpg,2,light_FST1_2,0,1,0.6861652731895447
al-co-de_f4_148_7dec0f0d.jpg,C:\Users\Angad\Desktop\StemFellowship\data\raw\fitzpatrick\Categorized_AbbrvName\al-co-de_430\al-co-de_f4_148_7dec0f0d.jpg,4,medium_FST3_4,0,0,0.0038762304466217756
gr-an_f2_141_80b773a6.jpg,C:\Users\Angad\Desktop\StemFellowship\data\raw\fitzpatrick\Categorized_AbbrvName\gr-an_211\gr-an_f2_141_80b773a6.jpg,2,light_FST1_2,0,0,0.38845983147621155
po_f4_54_9b54e9d0.jpg,C:\Users\Angad\Desktop\StemFellowship\data\raw\fitzpatrick\Categorized_AbbrvName\po_127\po_f4_54_9b54e9d0.jpg,4,medium_FST3_4,0,0,0.04027499258518219
ma-me_f1_90_4644f52d.jpg,C:\Users\Angad\Desktop\StemFellowship\data\raw\fitzpatrick\Categorized_AbbrvName\ma-me_111\ma-me_f1_90_4644f52d.jpg,1,light_FST1_2,1,1,0.6875088810920715
li-pl_f5_194_2ed32135.jpg,C:\Users\Angad\Desktop\StemFellowship\data\raw\fitzpatrick\Categorized_AbbrvName\li-pl_491\li-pl_f5_194_2ed32135.jpg,5,dark_FST5_6,0,1,0.6348186731338501
ac-vu_f2_39_1ee1dbcc.jpg,C:\Users\Angad\Desktop\StemFellowship\data\raw\fitzpatrick\Categorized_AbbrvName\ac-vu_335\ac-vu_f2_39_1ee1dbcc.jpg,2,light_FST1_2,0,0,0.001144793932326138
mu_f1_15_90758162.jpg,C:\Users\Angad\Desktop\StemFellowship\data\raw\fitzpatrick\Categorized_AbbrvName\mu_92\mu_f1_15_90758162.jpg,1,light_FST1_2,0,0,0.3289072513580322
dy-ec_f2_5_a0107ef5.jpg,C:\Users\Angad\Desktop\StemFellowship\data\raw\fitzpatrick\Categorized_AbbrvName\dy-ec_83\dy-ec_f2_5_a0107ef5.jpg,2,light_FST1_2,0,1,0.6494347453117371
sy_f3_101_20f7ea1d.jpg,C:\Users\Angad\Desktop\StemFellowship\data\raw\fitzpatrick\Categorized_AbbrvName\sy_127\sy_f3_101_20f7ea1d.jpg,3,medium_FST3_4,0,0,0.07509846240282059
ba-ce-ca_f3_280_68cd6c24.jpg,C:\Users\Angad\Desktop\StemFellowship\data\raw\fitzpatrick\Categorized_AbbrvName\ba-ce-ca_468\ba-ce-ca_f3_280_68cd6c24.jpg,3,medium_FST3_4,1,1,0.9665122032165527
ne-ex_f4_69_c5d96b5c.jpg,C:\Users\Angad\Desktop\StemFellowship\data\raw\fitzpatrick\Categorized_AbbrvName\ne-ex_73\ne-ex_f4_69_c5d96b5c.jpg,4,medium_FST3_4,0,0,0.011197353713214397
fo_f2_228_603c4091.jpg,C:\Users\Angad\Desktop\StemFellowship\data\raw\fitzpatrick\Categorized_AbbrvName\fo_342\fo_f2_228_603c4091.jpg,2,light_FST1_2,0,1,0.5706927180290222
ju-xa_f3_15_67987d30.jpg,C:\Users\Angad\Desktop\StemFellowship\data\raw\fitzpatrick\Categorized_AbbrvName\ju-xa_149\ju-xa_f3_15_67987d30.jpg,3,medium_FST3_4,0,0,0.20379452407360077
te_f2_74_18ada6cd.jpg,C:\Users\Angad\Desktop\StemFellowship\data\raw\fitzpatrick\Categorized_AbbrvName\te_126\te_f2_74_18ada6cd.jpg,2,light_FST1_2,0,0,0.3065187931060791
st-jo-sy_f1_81_dec1aaa9.jpg,C:\Users\Angad\Desktop\StemFellowship\data\raw\fitzpatrick\Categorized_AbbrvName\st-jo-sy_113\st-jo-sy_f1_81_dec1aaa9.jpg,1,light_FST1_2,0,1,0.7988678812980652
ph_f3_41_c7f4334a.jpg,C:\Users\Angad\Desktop\StemFellowship\data\raw\fitzpatrick\Categorized_AbbrvName\ph_348\ph_f3_41_c7f4334a.jpg,3,medium_FST3_4,0,0,0.018510226160287857
st_f2_47_82085785.jpg,C:\Users\Angad\Desktop\StemFellowship\data\raw\fitzpatrick\Categorized_AbbrvName\st_67\st_f2_47_82085785.jpg,2,light_FST1_2,0,1,0.588577926158905
su-da-sk_f2_33_3ac078fe.jpg,C:\Users\Angad\Desktop\StemFellowship\data\raw\fitzpatrick\Categorized_AbbrvName\su-da-sk_66\su-da-sk_f2_33_3ac078fe.jpg,2,light_FST1_2,0,1,0.6085706949234009
ps_f5_134_b3817950.jpg,C:\Users\Angad\Desktop\StemFellowship\data\raw\fitzpatrick\Categorized_AbbrvName\ps_653\ps_f5_134_b3817950.jpg,5,dark_FST5_6,0,0,0.4015131890773773
li-am_f1_18_e5a047e6.jpg,C:\Users\Angad\Desktop\StemFellowship\data\raw\fitzpatrick\Categorized_AbbrvName\li-am_77\li-am_f1_18_e5a047e6.jpg,1,light_FST1_2,0,0,0.07281161844730377
ur-pi_f1_31_09970715.jpg,C:\Users\Angad\Desktop\StemFellowship\data\raw\fitzpatrick\Categorized_AbbrvName\ur-pi_112\ur-pi_f1_31_09970715.jpg,1,light_FST1_2,0,0,0.011158199980854988
ps_f1_497_f0b7dce3.jpg,C:\Users\Angad\Desktop\StemFellowship\data\raw\fitzpatrick\Categorized_AbbrvName\ps_653\ps_f1_497_f0b7dce3.jpg,1,light_FST1_2,0,0,0.4502042531967163
mu_f1_29_e4ef1289.jpg,C:\Users\Angad\Desktop\StemFellowship\data\raw\fitzpatrick\Categorized_AbbrvName\mu_92\mu_f1_29_e4ef1289.jpg,1,light_FST1_2,0,0,0.3222722113132477
fi-er_f1_89_efcd8e4e.jpg,C:\Users\Angad\Desktop\StemFellowship\data\raw\fitzpatrick\Categorized_AbbrvName\fi-er_125\fi-er_f1_89_efcd8e4e.jpg,1,light_FST1_2,0,0,0.46677839756011963
co-ne_f1_37_3f226185.jpg,C:\Users\Angad\Desktop\StemFellowship\data\raw\fitzpatrick\Categorized_AbbrvName\co-ne_68\co-ne_f1_37_3f226185.jpg,1,light_FST1_2,0,1,0.6089344024658203
co-ne_f1_9_886e41a0.jpg,C:\Users\Angad\Desktop\StemFellowship\data\raw\fitzpatrick\Categorized_AbbrvName\co-ne_68\co-ne_f1_9_886e41a0.jpg,1,light_FST1_2,0,1,0.661751389503479
ur_f4_131_0e1de076.jpg,C:\Users\Angad\Desktop\StemFellowship\data\raw\fitzpatrick\Categorized_AbbrvName\ur_151\ur_f4_131_0e1de076.jpg,4,medium_FST3_4,0,0,0.01982690952718258
ba-ce-ca_f2_38_13135f44.jpg,C:\Users\Angad\Desktop\StemFellowship\data\raw\fitzpatrick\Categorized_AbbrvName\ba-ce-ca_468\ba-ce-ca_f2_38_13135f44.jpg,2,light_FST1_2,1,1,0.642470121383667
vi_f3_113_ea3cab53.jpg,C:\Users\Angad\Desktop\StemFellowship\data\raw\fitzpatrick\Categorized_AbbrvName\vi_166\vi_f3_113_ea3cab53.jpg,3,medium_FST3_4,0,0,0.19641201198101044
sq-ce-ca_f4_494_fe0d0f2a.jpg,C:\Users\Angad\Desktop\StemFellowship\data\raw\fitzpatrick\Categorized_AbbrvName\sq-ce-ca_581\sq-ce-ca_f4_494_fe0d0f2a.jpg,4,medium_FST3_4,1,1,0.9882751703262329
ac-ni_f4_75_30abc31a.jpg,C:\Users\Angad\Desktop\StemFellowship\data\raw\fitzpatrick\Categorized_AbbrvName\ac-ni_92\ac-ni_f4_75_30abc31a.jpg,4,medium_FST3_4,0,0,0.020536579191684723
sa_f2_120_7d9a72c8.jpg,C:\Users\Angad\Desktop\StemFellowship\data\raw\fitzpatrick\Categorized_AbbrvName\sa_349\sa_f2_120_7d9a72c8.jpg,2,light_FST1_2,0,1,0.736808180809021
ka-sa_f2_4_fb41d70e.jpg,C:\Users\Angad\Desktop\StemFellowship\data\raw\fitzpatrick\Categorized_AbbrvName\ka-sa_156\ka-sa_f2_4_fb41d70e.jpg,2,light_FST1_2,1,0,0.44166532158851624
rh_f3_51_03e01dec.jpg,C:\Users\Angad\Desktop\StemFellowship\data\raw\fitzpatrick\Categorized_AbbrvName\rh_91\rh_f3_51_03e01dec.jpg,3,medium_FST3_4,0,1,0.807731568813324
li-pl_f2_179_527e7b17.jpg,C:\Users\Angad\Desktop\StemFellowship\data\raw\fitzpatrick\Categorized_AbbrvName\li-pl_491\li-pl_f2_179_527e7b17.jpg,2,light_FST1_2,0,0,1.742664426274132e-05
dr-er_f3_91_f2103a07.jpg,C:\Users\Angad\Desktop\StemFellowship\data\raw\fitzpatrick\Categorized_AbbrvName\dr-er_200\dr-er_f3_91_f2103a07.jpg,3,medium_FST3_4,0,0,0.18957562744617462
er-no_f1_34_c8efdafa.jpg,C:\Users\Angad\Desktop\StemFellowship\data\raw\fitzpatrick\Categorized_AbbrvName\er-no_81\er-no_f1_34_c8efdafa.jpg,1,light_FST1_2,0,1,0.6080429553985596
ur_f1_69_fcb0ed3a.jpg,C:\Users\Angad\Desktop\StemFellowship\data\raw\fitzpatrick\Categorized_AbbrvName\ur_151\ur_f1_69_fcb0ed3a.jpg,1,light_FST1_2,0,0,0.12973643839359283
pa_f2_30_aba84409.jpg,C:\Users\Angad\Desktop\StemFellowship\data\raw\fitzpatrick\Categorized_AbbrvName\pa_59\pa_f2_30_aba84409.jpg,2,light_FST1_2,0,1,0.6857029795646667
na-co_f4_6_0eb1fedf.jpg,C:\Users\Angad\Desktop\StemFellowship\data\raw\fitzpatrick\Categorized_AbbrvName\na-co_73\na-co_f4_6_0eb1fedf.jpg,4,medium_FST3_4,0,0,0.0003309411695227027
lu-su_f2_61_09038339.jpg,C:\Users\Angad\Desktop\StemFellowship\data\raw\fitzpatrick\Categorized_AbbrvName\lu-su_111\lu-su_f2_61_09038339.jpg,2,light_FST1_2,0,1,0.655651330947876
pa_f2_12_10111927.jpg,C:\Users\Angad\Desktop\StemFellowship\data\raw\fitzpatrick\Categorized_AbbrvName\pa_59\pa_f2_12_10111927.jpg,2,light_FST1_2,0,1,0.5330654382705688
er-an-ce_f5_65_1d29d78b.jpg,C:\Users\Angad\Desktop\StemFellowship\data\raw\fitzpatrick\Categorized_AbbrvName\er-an-ce_88\er-an-ce_f5_65_1d29d78b.jpg,5,dark_FST5_6,0,0,0.0013137607602402568
sa_f1_246_607cd59c.jpg,C:\Users\Angad\Desktop\StemFellowship\data\raw\fitzpatrick\Categorized_AbbrvName\sa_349\sa_f1_246_607cd59c.jpg,1,light_FST1_2,0,0,0.17072546482086182
mi_f2_7_09c8bec9.jpg,C:\Users\Angad\Desktop\StemFellowship\data\raw\fitzpatrick\Categorized_AbbrvName\mi_112\mi_f2_7_09c8bec9.jpg,2,light_FST1_2,0,0,0.028022525832057
me_f5_159_7041e0d8.jpg,C:\Users\Angad\Desktop\StemFellowship\data\raw\fitzpatrick\Categorized_AbbrvName\me_261\me_f5_159_7041e0d8.jpg,5,dark_FST5_6,1,1,0.9067046046257019
li-pl_f5_437_64d88a9a.jpg,C:\Users\Angad\Desktop\StemFellowship\data\raw\fitzpatrick\Categorized_AbbrvName\li-pl_491\li-pl_f5_437_64d88a9a.jpg,5,dark_FST5_6,0,0,0.004849129356443882
ur_f4_20_d8d15a8b.jpg,C:\Users\Angad\Desktop\StemFellowship\data\raw\fitzpatrick\Categorized_AbbrvName\ur_151\ur_f4_20_d8d15a8b.jpg,4,medium_FST3_4,0,0,0.007055038120597601
er-el-di_f4_9_4ec65f3a.jpg,C:\Users\Angad\Desktop\StemFellowship\data\raw\fitzpatrick\Categorized_AbbrvName\er-el-di_55\er-el-di_f4_9_4ec65f3a.jpg,4,medium_FST3_4,0,0,0.040625885128974915
po-ac_f1_27_c6d22f32.jpg,C:\Users\Angad\Desktop\StemFellowship\data\raw\fitzpatrick\Categorized_AbbrvName\po-ac_183\po-ac_f1_27_c6d22f32.jpg,1,light_FST1_2,0,1,0.8645849823951721
pi-ro_f4_173_33c1292c.jpg,C:\Users\Angad\Desktop\StemFellowship\data\raw\fitzpatrick\Categorized_AbbrvName\pi-ro_193\pi-ro_f4_173_33c1292c.jpg,4,medium_FST3_4,0,0,0.0002368856075918302
li-re_f3_1_4d5d67de.jpg,C:\Users\Angad\Desktop\StemFellowship\data\raw\fitzpatrick\Categorized_AbbrvName\li-re_60\li-re_f3_1_4d5d67de.jpg,3,medium_FST3_4,0,0,0.45490360260009766
le-ma_f2_15_abecb063.jpg,C:\Users\Angad\Desktop\StemFellowship\data\raw\fitzpatrick\Categorized_AbbrvName\le-ma_83\le-ma_f2_15_abecb063.jpg,2,light_FST1_2,1,1,0.997448205947876
ac-au-bu-di-ge_f2_14_a57df0fb.jpg,C:\Users\Angad\Desktop\StemFellowship\data\raw\fitzpatrick\Categorized_AbbrvName\ac-au-bu-di-ge_67\ac-au-bu-di-ge_f2_14_a57df0fb.jpg,2,light_FST1_2,0,0,0.21083612740039825
na-co_f1_1_8371f31b.jpg,C:\Users\Angad\Desktop\StemFellowship\data\raw\fitzpatrick\Categorized_AbbrvName\na-co_73\na-co_f1_1_8371f31b.jpg,1,light_FST1_2,0,0,0.0005662908661179245
pr-no_f4_31_8d47665d.jpg,C:\Users\Angad\Desktop\StemFellowship\data\raw\fitzpatrick\Categorized_AbbrvName\pr-no_170\pr-no_f4_31_8d47665d.jpg,4,medium_FST3_4,0,0,0.008508426137268543
sq-ce-ca_f3_317_3865048c.jpg,C:\Users\Angad\Desktop\StemFellowship\data\raw\fitzpatrick\Categorized_AbbrvName\sq-ce-ca_581\sq-ce-ca_f3_317_3865048c.jpg,3,medium_FST3_4,1,1,0.5660315752029419
dr-in-pi-ch_f4_32_2a9105cb.jpg,C:\Users\Angad\Desktop\StemFellowship\data\raw\fitzpatrick\Categorized_AbbrvName\dr-in-pi-ch_71\dr-in-pi-ch_f4_32_2a9105cb.jpg,4,medium_FST3_4,0,1,0.8385889530181885
eh-da-sy_f4_125_febd7138.jpg,C:\Users\Angad\Desktop\StemFellowship\data\raw\fitzpatrick\Categorized_AbbrvName\eh-da-sy_127\eh-da-sy_f4_125_febd7138.jpg,4,medium_FST3_4,0,1,0.921649158000946
pr-no_f2_6_1579faa0.jpg,C:\Users\Angad\Desktop\StemFellowship\data\raw\fitzpatrick\Categorized_AbbrvName\pr-no_170\pr-no_f2_6_1579faa0.jpg,2,light_FST1_2,0,0,0.09799223393201828
ps_f1_127_e769e89a.jpg,C:\Users\Angad\Desktop\StemFellowship\data\raw\fitzpatrick\Categorized_AbbrvName\ps_653\ps_f1_127_e769e89a.jpg,1,light_FST1_2,0,0,0.009922383353114128
me_f2_211_ecd97fd3.jpg,C:\Users\Angad\Desktop\StemFellowship\data\raw\fitzpatrick\Categorized_AbbrvName\me_261\me_f2_211_ecd97fd3.jpg,2,light_FST1_2,1,1,0.9864962697029114
ba-ce-ca_f2_169_137e4409.jpg,C:\Users\Angad\Desktop\StemFellowship\data\raw\fitzpatrick\Categorized_AbbrvName\ba-ce-ca_468\ba-ce-ca_f2_169_137e4409.jpg,2,light_FST1_2,1,1,0.6922993659973145
se-de_f2_36_33d3676d.jpg,C:\Users\Angad\Desktop\StemFellowship\data\raw\fitzpatrick\Categorized_AbbrvName\se-de_126\se-de_f2_36_33d3676d.jpg,2,light_FST1_2,0,0,0.3670043647289276
da-di_f4_14_f3d7104e.jpg,C:\Users\Angad\Desktop\StemFellowship\data\raw\fitzpatrick\Categorized_AbbrvName\da-di_153\da-di_f4_14_f3d7104e.jpg,4,medium_FST3_4,0,0,0.07588434219360352
gr-py_f3_13_c447c881.jpg,C:\Users\Angad\Desktop\StemFellowship\data\raw\fitzpatrick\Categorized_AbbrvName\gr-py_75\gr-py_f3_13_c447c881.jpg,3,medium_FST3_4,0,0,0.22901493310928345
ec_f5_203_5b63fb8b.jpg,C:\Users\Angad\Desktop\StemFellowship\data\raw\fitzpatrick\Categorized_AbbrvName\ec_204\ec_f5_203_5b63fb8b.jpg,5,dark_FST5_6,0,0,0.24732747673988342
er-mu_f2_29_e9d155da.jpg,C:\Users\Angad\Desktop\StemFellowship\data\raw\fitzpatrick\Categorized_AbbrvName\er-mu_236\er-mu_f2_29_e9d155da.jpg,2,light_FST1_2,0,0,0.24434243142604828
lu-er_f1_291_62d97b55.jpg,C:\Users\Angad\Desktop\StemFellowship\data\raw\fitzpatrick\Categorized_AbbrvName\lu-er_410\lu-er_f1_291_62d97b55.jpg,1,light_FST1_2,0,0,0.44453784823417664
sa_f3_173_a630f346.jpg,C:\Users\Angad\Desktop\StemFellowship\data\raw\fitzpatrick\Categorized_AbbrvName\sa_349\sa_f3_173_a630f346.jpg,3,medium_FST3_4,0,0,0.06440005451440811
sa_f4_239_dfff78bb.jpg,C:\Users\Angad\Desktop\StemFellowship\data\raw\fitzpatrick\Categorized_AbbrvName\sa_349\sa_f4_239_dfff78bb.jpg,4,medium_FST3_4,0,0,0.3672199845314026
me_f2_52_8acc8d28.jpg,C:\Users\Angad\Desktop\StemFellowship\data\raw\fitzpatrick\Categorized_AbbrvName\me_261\me_f2_52_8acc8d28.jpg,2,light_FST1_2,1,0,0.27857866883277893
lu-er_f3_255_b2f3902a.jpg,C:\Users\Angad\Desktop\StemFellowship\data\raw\fitzpatrick\Categorized_AbbrvName\lu-er_410\lu-er_f3_255_b2f3902a.jpg,3,medium_FST3_4,0,0,0.02258000150322914
me_f1_16_c12375fa.jpg,C:\Users\Angad\Desktop\StemFellowship\data\raw\fitzpatrick\Categorized_AbbrvName\me_261\me_f1_16_c12375fa.jpg,1,light_FST1_2,1,1,0.7968852519989014
na-co_f4_5_ad297361.jpg,C:\Users\Angad\Desktop\StemFellowship\data\raw\fitzpatrick\Categorized_AbbrvName\na-co_73\na-co_f4_5_ad297361.jpg,4,medium_FST3_4,0,0,0.00039232257404364645
er-no_f4_77_940daf07.jpg,C:\Users\Angad\Desktop\StemFellowship\data\raw\fitzpatrick\Categorized_AbbrvName\er-no_81\er-no_f4_77_940daf07.jpg,4,medium_FST3_4,0,0,0.02118799090385437
pi-ro_f3_154_aba1cb1a.jpg,C:\Users\Angad\Desktop\StemFellowship\data\raw\fitzpatrick\Categorized_AbbrvName\pi-ro_193\pi-ro_f3_154_aba1cb1a.jpg,3,medium_FST3_4,0,0,0.09234584867954254
ac-vu_f3_150_a27390d7.jpg,C:\Users\Angad\Desktop\StemFellowship\data\raw\fitzpatrick\Categorized_AbbrvName\ac-vu_335\ac-vu_f3_150_a27390d7.jpg,3,medium_FST3_4,0,0,0.0017039728118106723
ac-ke_f2_97_9b710ed7.jpg,C:\Users\Angad\Desktop\StemFellowship\data\raw\fitzpatrick\Categorized_AbbrvName\ac-ke_175\ac-ke_f2_97_9b710ed7.jpg,2,light_FST1_2,1,0,0.0576770082116127
dr-in-pi-ch_f4_52_f48fdfe2.jpg,C:\Users\Angad\Desktop\StemFellowship\data\raw\fitzpatrick\Categorized_AbbrvName\dr-in-pi-ch_71\dr-in-pi-ch_f4_52_f48fdfe2.jpg,4,medium_FST3_4,0,0,0.20040635764598846
li-am_f2_36_ad9d4341.jpg,C:\Users\Angad\Desktop\StemFellowship\data\raw\fitzpatrick\Categorized_AbbrvName\li-am_77\li-am_f2_36_ad9d4341.jpg,2,light_FST1_2,0,0,0.22220668196678162
pi-li-ch_f4_32_7247b87e.jpg,C:\Users\Angad\Desktop\StemFellowship\data\raw\fitzpatrick\Categorized_AbbrvName\pi-li-ch_73\pi-li-ch_f4_32_7247b87e.jpg,4,medium_FST3_4,0,0,0.004507926292717457
tu-sc_f3_31_5b30db09.jpg,C:\Users\Angad\Desktop\StemFellowship\data\raw\fitzpatrick\Categorized_AbbrvName\tu-sc_141\tu-sc_f3_31_5b30db09.jpg,3,medium_FST3_4,0,0,0.2947723865509033
ac-ke_f2_144_6d8103fe.jpg,C:\Users\Angad\Desktop\StemFellowship\data\raw\fitzpatrick\Categorized_AbbrvName\ac-ke_175\ac-ke_f2_144_6d8103fe.jpg,2,light_FST1_2,1,1,0.9689565896987915
li-pl_f2_42_15dcadb8.jpg,C:\Users\Angad\Desktop\StemFellowship\data\raw\fitzpatrick\Categorized_AbbrvName\li-pl_491\li-pl_f2_42_15dcadb8.jpg,2,light_FST1_2,0,1,0.7830060124397278
ba-ce-ca_f1_32_8762fce8.jpg,C:\Users\Angad\Desktop\StemFellowship\data\raw\fitzpatrick\Categorized_AbbrvName\ba-ce-ca_468\ba-ce-ca_f1_32_8762fce8.jpg,1,light_FST1_2,1,1,0.9642868638038635
al-co-de_f1_281_5aea66be.jpg,C:\Users\Angad\Desktop\StemFellowship\data\raw\fitzpatrick\Categorized_AbbrvName\al-co-de_430\al-co-de_f1_281_5aea66be.jpg,1,light_FST1_2,0,0,0.19575506448745728
ne-in_f4_111_221bd884.jpg,C:\Users\Angad\Desktop\StemFellowship\data\raw\fitzpatrick\Categorized_AbbrvName\ne-in_260\ne-in_f4_111_221bd884.jpg,4,medium_FST3_4,0,0,0.12149342894554138
ba-ce-ca_f3_331_ee55ddd3.jpg,C:\Users\Angad\Desktop\StemFellowship\data\raw\fitzpatrick\Categorized_AbbrvName\ba-ce-ca_468\ba-ce-ca_f3_331_ee55ddd3.jpg,3,medium_FST3_4,1,1,0.6887365579605103
pi-li-ch_f2_63_0dcc2e03.jpg,C:\Users\Angad\Desktop\StemFellowship\data\raw\fitzpatrick\Categorized_AbbrvName\pi-li-ch_73\pi-li-ch_f2_63_0dcc2e03.jpg,2,light_FST1_2,0,0,0.012003567069768906
pi-ru-pi_f2_51_83d4cbbe.jpg,C:\Users\Angad\Desktop\StemFellowship\data\raw\fitzpatrick\Categorized_AbbrvName\pi-ru-pi_278\pi-ru-pi_f2_51_83d4cbbe.jpg,2,light_FST1_2,0,1,0.7073977589607239
ec_f1_4_e4b2d2e8.jpg,C:\Users\Angad\Desktop\StemFellowship\data\raw\fitzpatrick\Categorized_AbbrvName\ec_204\ec_f1_4_e4b2d2e8.jpg,1,light_FST1_2,0,0,0.13625659048557281
sa_f2_319_74348b30.jpg,C:\Users\Angad\Desktop\StemFellowship\data\raw\fitzpatrick\Categorized_AbbrvName\sa_349\sa_f2_319_74348b30.jpg,2,light_FST1_2,0,0,0.02509230189025402
in-pi_f4_101_f785ce91.jpg,C:\Users\Angad\Desktop\StemFellowship\data\raw\fitzpatrick\Categorized_AbbrvName\in-pi_102\in-pi_f4_101_f785ce91.jpg,4,medium_FST3_4,0,0,0.3552016615867615
sq-ce-ca_f1_19_a49abcfa.jpg,C:\Users\Angad\Desktop\StemFellowship\data\raw\fitzpatrick\Categorized_AbbrvName\sq-ce-ca_581\sq-ce-ca_f1_19_a49abcfa.jpg,1,light_FST1_2,1,0,0.30453890562057495
pi_f2_48_5d397d83.jpg,C:\Users\Angad\Desktop\StemFellowship\data\raw\fitzpatrick\Categorized_AbbrvName\pi_53\pi_f2_48_5d397d83.jpg,2,light_FST1_2,0,1,0.535315990447998
st-jo-sy_f4_100_eac455b3.jpg,C:\Users\Angad\Desktop\StemFellowship\data\raw\fitzpatrick\Categorized_AbbrvName\st-jo-sy_113\st-jo-sy_f4_100_eac455b3.jpg,4,medium_FST3_4,0,0,0.01792049966752529
ti-bi_f1_42_6c81cf6f.jpg,C:\Users\Angad\Desktop\StemFellowship\data\raw\fitzpatrick\Categorized_AbbrvName\ti-bi_73\ti-bi_f1_42_6c81cf6f.jpg,1,light_FST1_2,0,0,0.46517476439476013
ne-de_f6_259_bebb3f7a.jpg,C:\Users\Angad\Desktop\StemFellowship\data\raw\fitzpatrick\Categorized_AbbrvName\ne-de_361\ne-de_f6_259_bebb3f7a.jpg,6,dark_FST5_6,0,0,0.3857833445072174
er-mu_f1_148_96e84d9e.jpg,C:\Users\Angad\Desktop\StemFellowship\data\raw\fitzpatrick\Categorized_AbbrvName\er-mu_236\er-mu_f1_148_96e84d9e.jpg,1,light_FST1_2,0,0,0.026406241580843925
ph_f2_32_d73e2304.jpg,C:\Users\Angad\Desktop\StemFellowship\data\raw\fitzpatrick\Categorized_AbbrvName\ph_348\ph_f2_32_d73e2304.jpg,2,light_FST1_2,0,0,0.20304693281650543
ke-pi_f3_68_c02f6f91.jpg,C:\Users\Angad\Desktop\StemFellowship\data\raw\fitzpatrick\Categorized_AbbrvName\ke-pi_78\ke-pi_f3_68_c02f6f91.jpg,3,medium_FST3_4,0,0,0.0926368460059166
ph_f1_106_5a857fe5.jpg,C:\Users\Angad\Desktop\StemFellowship\data\raw\fitzpatrick\Categorized_AbbrvName\ph_348\ph_f1_106_5a857fe5.jpg,1,light_FST1_2,0,0,0.004828294273465872
dr-er_f4_65_3052864c.jpg,C:\Users\Angad\Desktop\StemFellowship\data\raw\fitzpatrick\Categorized_AbbrvName\dr-er_200\dr-er_f4_65_3052864c.jpg,4,medium_FST3_4,0,0,0.11441731452941895
ke_f4_23_6c5c632c.jpg,C:\Users\Angad\Desktop\StemFellowship\data\raw\fitzpatrick\Categorized_AbbrvName\ke_156\ke_f4_23_6c5c632c.jpg,4,medium_FST3_4,0,1,0.6656025052070618
sa_f1_114_5a4d3c91.jpg,C:\Users\Angad\Desktop\StemFellowship\data\raw\fitzpatrick\Categorized_AbbrvName\sa_349\sa_f1_114_5a4d3c91.jpg,1,light_FST1_2,0,0,0.007705613039433956
my-fu_f1_37_d3115c9e.jpg,C:\Users\Angad\Desktop\StemFellowship\data\raw\fitzpatrick\Categorized_AbbrvName\my-fu_182\my-fu_f1_37_d3115c9e.jpg,1,light_FST1_2,1,0,0.32889822125434875
xe-pi_f3_3_d23c21f2.jpg,C:\Users\Angad\Desktop\StemFellowship\data\raw\fitzpatrick\Categorized_AbbrvName\xe-pi_81\xe-pi_f3_3_d23c21f2.jpg,3,medium_FST3_4,0,0,0.04313497245311737
dr-in-pi-ch_f3_6_c8153835.jpg,C:\Users\Angad\Desktop\StemFellowship\data\raw\fitzpatrick\Categorized_AbbrvName\dr-in-pi-ch_71\dr-in-pi-ch_f3_6_c8153835.jpg,3,medium_FST3_4,0,1,0.6764997839927673
ly-di_f2_18_d85bab15.jpg,C:\Users\Angad\Desktop\StemFellowship\data\raw\fitzpatrick\Categorized_AbbrvName\ly-di_129\ly-di_f2_18_d85bab15.jpg,2,light_FST1_2,0,0,0.40029945969581604
ne-ne_f2_66_e5ca79ad.jpg,C:\Users\Angad\Desktop\StemFellowship\data\raw\fitzpatrick\Categorized_AbbrvName\ne-ne_86\ne-ne_f2_66_e5ca79ad.jpg,2,light_FST1_2,0,1,0.8834709525108337
sa_f2_97_2e0948c4.jpg,C:\Users\Angad\Desktop\StemFellowship\data\raw\fitzpatrick\Categorized_AbbrvName\sa_349\sa_f2_97_2e0948c4.jpg,2,light_FST1_2,0,1,0.5913861393928528
co-ne_f3_63_c2ad4097.jpg,C:\Users\Angad\Desktop\StemFellowship\data\raw\fitzpatrick\Categorized_AbbrvName\co-ne_68\co-ne_f3_63_c2ad4097.jpg,3,medium_FST3_4,0,1,0.8985509276390076
al-co-de_f2_169_4db02ddb.jpg,C:\Users\Angad\Desktop\StemFellowship\data\raw\fitzpatrick\Categorized_AbbrvName\al-co-de_430\al-co-de_f2_169_4db02ddb.jpg,2,light_FST1_2,0,0,0.24114735424518585
in-pi_f2_85_7d9dfa6e.jpg,C:\Users\Angad\Desktop\StemFellowship\data\raw\fitzpatrick\Categorized_AbbrvName\in-pi_102\in-pi_f2_85_7d9dfa6e.jpg,2,light_FST1_2,0,0,0.29530826210975647
er-mu_f5_63_760b3c1c.jpg,C:\Users\Angad\Desktop\StemFellowship\data\raw\fitzpatrick\Categorized_AbbrvName\er-mu_236\er-mu_f5_63_760b3c1c.jpg,5,dark_FST5_6,0,0,0.4025874435901642
se-ke_f1_1_a2abd32b.jpg,C:\Users\Angad\Desktop\StemFellowship\data\raw\fitzpatrick\Categorized_AbbrvName\se-ke_69\se-ke_f1_1_a2abd32b.jpg,1,light_FST1_2,0,0,0.12533637881278992
ac-ke_f2_125_3120a03a.jpg,C:\Users\Angad\Desktop\StemFellowship\data\raw\fitzpatrick\Categorized_AbbrvName\ac-ke_175\ac-ke_f2_125_3120a03a.jpg,2,light_FST1_2,1,1,0.7659392356872559
tu-sc_f4_22_a0dee054.jpg,C:\Users\Angad\Desktop\StemFellowship\data\raw\fitzpatrick\Categorized_AbbrvName\tu-sc_141\tu-sc_f4_22_a0dee054.jpg,4,medium_FST3_4,0,0,0.030522895976901054
ne-in_f3_108_7b2f8fbb.jpg,C:\Users\Angad\Desktop\StemFellowship\data\raw\fitzpatrick\Categorized_AbbrvName\ne-in_260\ne-in_f3_108_7b2f8fbb.jpg,3,medium_FST3_4,0,0,0.01492167729884386
pa_f1_50_fb940bdf.jpg,C:\Users\Angad\Desktop\StemFellowship\data\raw\fitzpatrick\Categorized_AbbrvName\pa_59\pa_f1_50_fb940bdf.jpg,1,light_FST1_2,0,1,0.5471869707107544
ne-in_f2_204_a34fb93d.jpg,C:\Users\Angad\Desktop\StemFellowship\data\raw\fitzpatrick\Categorized_AbbrvName\ne-in_260\ne-in_f2_204_a34fb93d.jpg,2,light_FST1_2,0,0,0.06201045587658882
ac-vu_f1_183_cdf5a7c2.jpg,C:\Users\Angad\Desktop\StemFellowship\data\raw\fitzpatrick\Categorized_AbbrvName\ac-vu_335\ac-vu_f1_183_cdf5a7c2.jpg,1,light_FST1_2,0,0,0.015675798058509827
rh_f2_69_a7527d6d.jpg,C:\Users\Angad\Desktop\StemFellowship\data\raw\fitzpatrick\Categorized_AbbrvName\rh_91\rh_f2_69_a7527d6d.jpg,2,light_FST1_2,0,0,0.0010144313564524055
sq-ce-ca_f2_430_44db8ec0.jpg,C:\Users\Angad\Desktop\StemFellowship\data\raw\fitzpatrick\Categorized_AbbrvName\sq-ce-ca_581\sq-ce-ca_f2_430_44db8ec0.jpg,2,light_FST1_2,1,1,0.9712028503417969
ne-ex_f4_59_854a56f4.jpg,C:\Users\Angad\Desktop\StemFellowship\data\raw\fitzpatrick\Categorized_AbbrvName\ne-ex_73\ne-ex_f4_59_854a56f4.jpg,4,medium_FST3_4,0,0,0.10782408714294434
xe-pi_f2_28_9e6c5826.jpg,C:\Users\Angad\Desktop\StemFellowship\data\raw\fitzpatrick\Categorized_AbbrvName\xe-pi_81\xe-pi_f2_28_9e6c5826.jpg,2,light_FST1_2,0,0,0.060596268624067307
ne-li_f5_32_2a4e0ade.jpg,C:\Users\Angad\Desktop\StemFellowship\data\raw\fitzpatrick\Categorized_AbbrvName\ne-li_123\ne-li_f5_32_2a4e0ade.jpg,5,dark_FST5_6,0,0,0.015429954044520855
su-sp-me-ss_f1_51_ee0ca091.jpg,C:\Users\Angad\Desktop\StemFellowship\data\raw\fitzpatrick\Categorized_AbbrvName\su-sp-me-ss_118\su-sp-me-ss_f1_51_ee0ca091.jpg,1,light_FST1_2,1,0,0.11905661225318909
pr-no_f4_156_bbca2441.jpg,C:\Users\Angad\Desktop\StemFellowship\data\raw\fitzpatrick\Categorized_AbbrvName\pr-no_170\pr-no_f4_156_bbca2441.jpg,4,medium_FST3_4,0,0,0.020033475011587143
ac-au-bu-di-ge_f2_6_3231de20.jpg,C:\Users\Angad\Desktop\StemFellowship\data\raw\fitzpatrick\Categorized_AbbrvName\ac-au-bu-di-ge_67\ac-au-bu-di-ge_f2_6_3231de20.jpg,2,light_FST1_2,0,0,0.0909898430109024
ps_f1_460_cbe88539.jpg,C:\Users\Angad\Desktop\StemFellowship\data\raw\fitzpatrick\Categorized_AbbrvName\ps_653\ps_f1_460_cbe88539.jpg,1,light_FST1_2,0,0,0.007266571279615164
ph_f3_265_f88868c5.jpg,C:\Users\Angad\Desktop\StemFellowship\data\raw\fitzpatrick\Categorized_AbbrvName\ph_348\ph_f3_265_f88868c5.jpg,3,medium_FST3_4,0,0,0.00922746118158102
te_f1_28_02c35a23.jpg,C:\Users\Angad\Desktop\StemFellowship\data\raw\fitzpatrick\Categorized_AbbrvName\te_126\te_f1_28_02c35a23.jpg,1,light_FST1_2,0,0,0.4621509909629822
po-ac_f4_178_104f0948.jpg,C:\Users\Angad\Desktop\StemFellowship\data\raw\fitzpatrick\Categorized_AbbrvName\po-ac_183\po-ac_f4_178_104f0948.jpg,4,medium_FST3_4,0,0,0.20406639575958252
li-pl_f2_196_83f1bbf8.jpg,C:\Users\Angad\Desktop\StemFellowship\data\raw\fitzpatrick\Categorized_AbbrvName\li-pl_491\li-pl_f2_196_83f1bbf8.jpg,2,light_FST1_2,0,0,0.193193718791008
ka-sa_f6_8_4f56807f.jpg,C:\Users\Angad\Desktop\StemFellowship\data\raw\fitzpatrick\Categorized_AbbrvName\ka-sa_156\ka-sa_f6_8_4f56807f.jpg,6,dark_FST5_6,1,0,0.1814326047897339
sa_f5_168_ea844fcd.jpg,C:\Users\Angad\Desktop\StemFellowship\data\raw\fitzpatrick\Categorized_AbbrvName\sa_349\sa_f5_168_ea844fcd.jpg,5,dark_FST5_6,0,0,0.088911272585392
my-fu_f3_125_8d4f1262.jpg,C:\Users\Angad\Desktop\StemFellowship\data\raw\fitzpatrick\Categorized_AbbrvName\my-fu_182\my-fu_f3_125_8d4f1262.jpg,3,medium_FST3_4,1,0,0.03298553079366684
ac-vu_f4_311_1a95a095.jpg,C:\Users\Angad\Desktop\StemFellowship\data\raw\fitzpatrick\Categorized_AbbrvName\ac-vu_335\ac-vu_f4_311_1a95a095.jpg,4,medium_FST3_4,0,0,0.08174923062324524
rh_f2_55_dc58f68a.jpg,C:\Users\Angad\Desktop\StemFellowship\data\raw\fitzpatrick\Categorized_AbbrvName\rh_91\rh_f2_55_dc58f68a.jpg,2,light_FST1_2,0,0,0.32891470193862915
st_f2_23_849ae625.jpg,C:\Users\Angad\Desktop\StemFellowship\data\raw\fitzpatrick\Categorized_AbbrvName\st_67\st_f2_23_849ae625.jpg,2,light_FST1_2,0,0,0.037164315581321716
ps_f5_555_e672dac0.jpg,C:\Users\Angad\Desktop\StemFellowship\data\raw\fitzpatrick\Categorized_AbbrvName\ps_653\ps_f5_555_e672dac0.jpg,5,dark_FST5_6,0,0,0.3405747413635254
ba-ce-ca_f1_69_6e923b13.jpg,C:\Users\Angad\Desktop\StemFellowship\data\raw\fitzpatrick\Categorized_AbbrvName\ba-ce-ca_468\ba-ce-ca_f1_69_6e923b13.jpg,1,light_FST1_2,1,1,0.7625373601913452
li-re_f1_18_09f1ad93.jpg,C:\Users\Angad\Desktop\StemFellowship\data\raw\fitzpatrick\Categorized_AbbrvName\li-re_60\li-re_f1_18_09f1ad93.jpg,1,light_FST1_2,0,1,0.5671842098236084
al-co-de_f4_14_d2aee140.jpg,C:\Users\Angad\Desktop\StemFellowship\data\raw\fitzpatrick\Categorized_AbbrvName\al-co-de_430\al-co-de_f4_14_d2aee140.jpg,4,medium_FST3_4,0,0,0.06782004982233047
ca-cu_f2_33_24aa6644.jpg,C:\Users\Angad\Desktop\StemFellowship\data\raw\fitzpatrick\Categorized_AbbrvName\ca-cu_80\ca-cu_f2_33_24aa6644.jpg,2,light_FST1_2,0,0,0.16083461046218872
mi_f3_15_05db6170.jpg,C:\Users\Angad\Desktop\StemFellowship\data\raw\fitzpatrick\Categorized_AbbrvName\mi_112\mi_f3_15_05db6170.jpg,3,medium_FST3_4,0,0,0.35125717520713806
fi-er_f4_29_3940c79b.jpg,C:\Users\Angad\Desktop\StemFellowship\data\raw\fitzpatrick\Categorized_AbbrvName\fi-er_125\fi-er_f4_29_3940c79b.jpg,4,medium_FST3_4,0,0,0.042746882885694504
my-fu_f5_153_c69b810b.jpg,C:\Users\Angad\Desktop\StemFellowship\data\raw\fitzpatrick\Categorized_AbbrvName\my-fu_182\my-fu_f5_153_c69b810b.jpg,5,dark_FST5_6,1,0,0.054622285068035126
ch_f2_8_69c7eed8.jpg,C:\Users\Angad\Desktop\StemFellowship\data\raw\fitzpatrick\Categorized_AbbrvName\ch_106\ch_f2_8_69c7eed8.jpg,2,light_FST1_2,0,0,0.14757119119167328
fi-er_f3_40_63281a7a.jpg,C:\Users\Angad\Desktop\StemFellowship\data\raw\fitzpatrick\Categorized_AbbrvName\fi-er_125\fi-er_f3_40_63281a7a.jpg,3,medium_FST3_4,0,0,0.020292988047003746
fo_f4_56_3ef19b91.jpg,C:\Users\Angad\Desktop\StemFellowship\data\raw\fitzpatrick\Categorized_AbbrvName\fo_342\fo_f4_56_3ef19b91.jpg,4,medium_FST3_4,0,0,0.0018819260876625776
gr-an_f5_16_0c669533.jpg,C:\Users\Angad\Desktop\StemFellowship\data\raw\fitzpatrick\Categorized_AbbrvName\gr-an_211\gr-an_f5_16_0c669533.jpg,5,dark_FST5_6,0,0,0.22223004698753357
al-co-de_f1_153_be67c494.jpg,C:\Users\Angad\Desktop\StemFellowship\data\raw\fitzpatrick\Categorized_AbbrvName\al-co-de_430\al-co-de_f1_153_be67c494.jpg,1,light_FST1_2,0,0,0.16672655940055847
te_f5_87_c6e89b36.jpg,C:\Users\Angad\Desktop\StemFellowship\data\raw\fitzpatrick\Categorized_AbbrvName\te_126\te_f5_87_c6e89b36.jpg,5,dark_FST5_6,0,0,0.04219425469636917
di-ac-po_f1_22_764643fd.jpg,C:\Users\Angad\Desktop\StemFellowship\data\raw\fitzpatrick\Categorized_AbbrvName\di-ac-po_60\di-ac-po_f1_22_764643fd.jpg,1,light_FST1_2,0,0,0.10691751539707184
ne-de_f2_229_ddec86c2.jpg,C:\Users\Angad\Desktop\StemFellowship\data\raw\fitzpatrick\Categorized_AbbrvName\ne-de_361\ne-de_f2_229_ddec86c2.jpg,2,light_FST1_2,0,0,0.1109648048877716
dr-er_f1_188_936e6de4.jpg,C:\Users\Angad\Desktop\StemFellowship\data\raw\fitzpatrick\Categorized_AbbrvName\dr-er_200\dr-er_f1_188_936e6de4.jpg,1,light_FST1_2,0,0,0.2063593864440918
su-da-sk_f3_18_ca60549b.jpg,C:\Users\Angad\Desktop\StemFellowship\data\raw\fitzpatrick\Categorized_AbbrvName\su-da-sk_66\su-da-sk_f3_18_ca60549b.jpg,3,medium_FST3_4,0,0,0.015343447215855122
ju-xa_f1_58_13a401b5.jpg,C:\Users\Angad\Desktop\StemFellowship\data\raw\fitzpatrick\Categorized_AbbrvName\ju-xa_149\ju-xa_f1_58_13a401b5.jpg,1,light_FST1_2,0,1,0.7853603959083557
ju-xa_f1_86_d867eadb.jpg,C:\Users\Angad\Desktop\StemFellowship\data\raw\fitzpatrick\Categorized_AbbrvName\ju-xa_149\ju-xa_f1_86_d867eadb.jpg,1,light_FST1_2,0,0,0.034368302673101425
ep-bu_f5_15_2fc7bad2.jpg,C:\Users\Angad\Desktop\StemFellowship\data\raw\fitzpatrick\Categorized_AbbrvName\ep-bu_70\ep-bu_f5_15_2fc7bad2.jpg,5,dark_FST5_6,0,0,0.03618824481964111
lu-er_f3_160_38c3ad9c.jpg,C:\Users\Angad\Desktop\StemFellowship\data\raw\fitzpatrick\Categorized_AbbrvName\lu-er_410\lu-er_f3_160_38c3ad9c.jpg,3,medium_FST3_4,0,0,0.36327770352363586
li-pl_f2_233_4707a98a.jpg,C:\Users\Angad\Desktop\StemFellowship\data\raw\fitzpatrick\Categorized_AbbrvName\li-pl_491\li-pl_f2_233_4707a98a.jpg,2,light_FST1_2,0,0,0.39823466539382935
ba-ce-ca_f2_57_46cfd1a7.jpg,C:\Users\Angad\Desktop\StemFellowship\data\raw\fitzpatrick\Categorized_AbbrvName\ba-ce-ca_468\ba-ce-ca_f2_57_46cfd1a7.jpg,2,light_FST1_2,1,0,0.07852069288492203
ke_f6_136_442f91c9.jpg,C:\Users\Angad\Desktop\StemFellowship\data\raw\fitzpatrick\Categorized_AbbrvName\ke_156\ke_f6_136_442f91c9.jpg,6,dark_FST5_6,0,0,0.1687690019607544
ep-bu_f6_53_1d8f3174.jpg,C:\Users\Angad\Desktop\StemFellowship\data\raw\fitzpatrick\Categorized_AbbrvName\ep-bu_70\ep-bu_f6_53_1d8f3174.jpg,6,dark_FST5_6,0,0,0.1470108926296234
al-co-de_f2_27_d56ed12b.jpg,C:\Users\Angad\Desktop\StemFellowship\data\raw\fitzpatrick\Categorized_AbbrvName\al-co-de_430\al-co-de_f2_27_d56ed12b.jpg,2,light_FST1_2,0,0,0.09550095349550247
dy-ec_f2_71_ff02c1d8.jpg,C:\Users\Angad\Desktop\StemFellowship\data\raw\fitzpatrick\Categorized_AbbrvName\dy-ec_83\dy-ec_f2_71_ff02c1d8.jpg,2,light_FST1_2,0,0,0.002784240758046508
ha-ha-di_f1_154_9b518b58.jpg,C:\Users\Angad\Desktop\StemFellowship\data\raw\fitzpatrick\Categorized_AbbrvName\ha-ha-di_174\ha-ha-di_f1_154_9b518b58.jpg,1,light_FST1_2,0,0,0.01287765707820654
ti-bi_f2_65_0b40c010.jpg,C:\Users\Angad\Desktop\StemFellowship\data\raw\fitzpatrick\Categorized_AbbrvName\ti-bi_73\ti-bi_f2_65_0b40c010.jpg,2,light_FST1_2,0,0,0.002800735179334879
ps_f4_148_38390744.jpg,C:\Users\Angad\Desktop\StemFellowship\data\raw\fitzpatrick\Categorized_AbbrvName\ps_653\ps_f4_148_38390744.jpg,4,medium_FST3_4,0,0,0.0002425970887998119
ac-ke_f4_147_ff16b28c.jpg,C:\Users\Angad\Desktop\StemFellowship\data\raw\fitzpatrick\Categorized_AbbrvName\ac-ke_175\ac-ke_f4_147_ff16b28c.jpg,4,medium_FST3_4,1,0,0.09189655631780624
sa_f5_183_39655253.jpg,C:\Users\Angad\Desktop\StemFellowship\data\raw\fitzpatrick\Categorized_AbbrvName\sa_349\sa_f5_183_39655253.jpg,5,dark_FST5_6,0,0,0.17729245126247406
ur_f2_120_89e3fe17.jpg,C:\Users\Angad\Desktop\StemFellowship\data\raw\fitzpatrick\Categorized_AbbrvName\ur_151\ur_f2_120_89e3fe17.jpg,2,light_FST1_2,0,0,0.1279226392507553
ba-ce-ca_f1_211_6eab9709.jpg,C:\Users\Angad\Desktop\StemFellowship\data\raw\fitzpatrick\Categorized_AbbrvName\ba-ce-ca_468\ba-ce-ca_f1_211_6eab9709.jpg,1,light_FST1_2,1,1,0.9794420599937439
ke_f3_149_2426c7f4.jpg,C:\Users\Angad\Desktop\StemFellowship\data\raw\fitzpatrick\Categorized_AbbrvName\ke_156\ke_f3_149_2426c7f4.jpg,3,medium_FST3_4,0,0,0.1793796271085739
la-ce-hi_f1_29_d7da1544.jpg,C:\Users\Angad\Desktop\StemFellowship\data\raw\fitzpatrick\Categorized_AbbrvName\la-ce-hi_60\la-ce-hi_f1_29_d7da1544.jpg,1,light_FST1_2,0,1,0.6921951770782471
ly_f2_29_c1ea1a8f.jpg,C:\Users\Angad\Desktop\StemFellowship\data\raw\fitzpatrick\Categorized_AbbrvName\ly_100\ly_f2_29_c1ea1a8f.jpg,2,light_FST1_2,0,1,0.9989795088768005
sy_f6_66_aee8bcbe.jpg,C:\Users\Angad\Desktop\StemFellowship\data\raw\fitzpatrick\Categorized_AbbrvName\sy_127\sy_f6_66_aee8bcbe.jpg,6,dark_FST5_6,0,0,0.0002170453080907464
fo_f2_334_953e8df2.jpg,C:\Users\Angad\Desktop\StemFellowship\data\raw\fitzpatrick\Categorized_AbbrvName\fo_342\fo_f2_334_953e8df2.jpg,2,light_FST1_2,0,0,5.247147782938555e-05
po-ac_f3_115_63fa1657.jpg,C:\Users\Angad\Desktop\StemFellowship\data\raw\fitzpatrick\Categorized_AbbrvName\po-ac_183\po-ac_f3_115_63fa1657.jpg,3,medium_FST3_4,0,0,0.0008266796940006316
po_f3_45_1866ede2.jpg,C:\Users\Angad\Desktop\StemFellowship\data\raw\fitzpatrick\Categorized_AbbrvName\po_127\po_f3_45_1866ede2.jpg,3,medium_FST3_4,0,1,0.5496755242347717
mu-cy_f1_3_7a6e02f2.jpg,C:\Users\Angad\Desktop\StemFellowship\data\raw\fitzpatrick\Categorized_AbbrvName\mu-cy_79\mu-cy_f1_3_7a6e02f2.jpg,1,light_FST1_2,0,0,0.3866681754589081
mi_f4_79_8bafe3c0.jpg,C:\Users\Angad\Desktop\StemFellowship\data\raw\fitzpatrick\Categorized_AbbrvName\mi_112\mi_f4_79_8bafe3c0.jpg,4,medium_FST3_4,0,0,0.0003440165310166776
pi-ro_f2_78_9143f8be.jpg,C:\Users\Angad\Desktop\StemFellowship\data\raw\fitzpatrick\Categorized_AbbrvName\pi-ro_193\pi-ro_f2_78_9143f8be.jpg,2,light_FST1_2,0,0,0.15645529329776764
pr-no_f3_137_4abb58ed.jpg,C:\Users\Angad\Desktop\StemFellowship\data\raw\fitzpatrick\Categorized_AbbrvName\pr-no_170\pr-no_f3_137_4abb58ed.jpg,3,medium_FST3_4,0,0,0.16258887946605682
ac-en_f3_18_b9cc3c43.jpg,C:\Users\Angad\Desktop\StemFellowship\data\raw\fitzpatrick\Categorized_AbbrvName\ac-en_92\ac-en_f3_18_b9cc3c43.jpg,3,medium_FST3_4,0,0,0.0054041724652051926
rh_f2_18_8e2c335f.jpg,C:\Users\Angad\Desktop\StemFellowship\data\raw\fitzpatrick\Categorized_AbbrvName\rh_91\rh_f2_18_8e2c335f.jpg,2,light_FST1_2,0,0,0.4868362843990326
ic-vu_f2_18_5ff2976f.jpg,C:\Users\Angad\Desktop\StemFellowship\data\raw\fitzpatrick\Categorized_AbbrvName\ic-vu_65\ic-vu_f2_18_5ff2976f.jpg,2,light_FST1_2,0,0,0.01808672584593296
po-ac_f2_42_8618dfb5.jpg,C:\Users\Angad\Desktop\StemFellowship\data\raw\fitzpatrick\Categorized_AbbrvName\po-ac_183\po-ac_f2_42_8618dfb5.jpg,2,light_FST1_2,0,1,0.7822806239128113
ka-sa_f2_28_8b184798.jpg,C:\Users\Angad\Desktop\StemFellowship\data\raw\fitzpatrick\Categorized_AbbrvName\ka-sa_156\ka-sa_f2_28_8b184798.jpg,2,light_FST1_2,1,1,0.7127199172973633
lu-su_f4_36_8fe27767.jpg,C:\Users\Angad\Desktop\StemFellowship\data\raw\fitzpatrick\Categorized_AbbrvName\lu-su_111\lu-su_f4_36_8fe27767.jpg,4,medium_FST3_4,0,0,0.0016733482480049133
be-di_f4_28_94ac3ca4.jpg,C:\Users\Angad\Desktop\StemFellowship\data\raw\fitzpatrick\Categorized_AbbrvName\be-di_63\be-di_f4_28_94ac3ca4.jpg,4,medium_FST3_4,0,0,0.014951382763683796
lu-er_f2_103_843f0a71.jpg,C:\Users\Angad\Desktop\StemFellowship\data\raw\fitzpatrick\Categorized_AbbrvName\lu-er_410\lu-er_f2_103_843f0a71.jpg,2,light_FST1_2,0,0,0.0006974475691094995
pr-no_f4_54_fec1fe14.jpg,C:\Users\Angad\Desktop\StemFellowship\data\raw\fitzpatrick\Categorized_AbbrvName\pr-no_170\pr-no_f4_54_fec1fe14.jpg,4,medium_FST3_4,0,0,0.028631331399083138
ac-vu_f3_99_bf1d4737.jpg,C:\Users\Angad\Desktop\StemFellowship\data\raw\fitzpatrick\Categorized_AbbrvName\ac-vu_335\ac-vu_f3_99_bf1d4737.jpg,3,medium_FST3_4,0,0,0.0017778007313609123
gr-py_f5_15_6de447a4.jpg,C:\Users\Angad\Desktop\StemFellowship\data\raw\fitzpatrick\Categorized_AbbrvName\gr-py_75\gr-py_f5_15_6de447a4.jpg,5,dark_FST5_6,0,0,0.18811073899269104
me_f4_251_65f7b7df.jpg,C:\Users\Angad\Desktop\StemFellowship\data\raw\fitzpatrick\Categorized_AbbrvName\me_261\me_f4_251_65f7b7df.jpg,4,medium_FST3_4,1,1,0.9842919111251831
ju-xa_f2_13_22419a95.jpg,C:\Users\Angad\Desktop\StemFellowship\data\raw\fitzpatrick\Categorized_AbbrvName\ju-xa_149\ju-xa_f2_13_22419a95.jpg,2,light_FST1_2,0,0,0.0839492455124855
li-pl_f2_211_2015cf62.jpg,C:\Users\Angad\Desktop\StemFellowship\data\raw\fitzpatrick\Categorized_AbbrvName\li-pl_491\li-pl_f2_211_2015cf62.jpg,2,light_FST1_2,0,0,0.06678386777639389
pu-ps_f1_40_b4faaa44.jpg,C:\Users\Angad\Desktop\StemFellowship\data\raw\fitzpatrick\Categorized_AbbrvName\pu-ps_53\pu-ps_f1_40_b4faaa44.jpg,1,light_FST1_2,0,0,0.22723102569580078
al-co-de_f2_299_681fa389.jpg,C:\Users\Angad\Desktop\StemFellowship\data\raw\fitzpatrick\Categorized_AbbrvName\al-co-de_430\al-co-de_f2_299_681fa389.jpg,2,light_FST1_2,0,0,0.41042715311050415
ha-ha-di_f3_117_fbeb40ea.jpg,C:\Users\Angad\Desktop\StemFellowship\data\raw\fitzpatrick\Categorized_AbbrvName\ha-ha-di_174\ha-ha-di_f3_117_fbeb40ea.jpg,3,medium_FST3_4,0,0,0.05393209680914879
pi-ro_f3_171_754da997.jpg,C:\Users\Angad\Desktop\StemFellowship\data\raw\fitzpatrick\Categorized_AbbrvName\pi-ro_193\pi-ro_f3_171_754da997.jpg,3,medium_FST3_4,0,0,0.004608038812875748
li-pl_f3_299_89327e79.jpg,C:\Users\Angad\Desktop\StemFellowship\data\raw\fitzpatrick\Categorized_AbbrvName\li-pl_491\li-pl_f3_299_89327e79.jpg,3,medium_FST3_4,0,0,0.0031290967017412186
fo_f2_108_feb0fe90.jpg,C:\Users\Angad\Desktop\StemFellowship\data\raw\fitzpatrick\Categorized_AbbrvName\fo_342\fo_f2_108_feb0fe90.jpg,2,light_FST1_2,0,0,0.16821511089801788
fo_f3_9_bc587919.jpg,C:\Users\Angad\Desktop\StemFellowship\data\raw\fitzpatrick\Categorized_AbbrvName\fo_342\fo_f3_9_bc587919.jpg,3,medium_FST3_4,0,0,0.002740113064646721
me_f3_27_64c07aac.jpg,C:\Users\Angad\Desktop\StemFellowship\data\raw\fitzpatrick\Categorized_AbbrvName\me_261\me_f3_27_64c07aac.jpg,3,medium_FST3_4,1,1,0.8083596229553223
gr-an_f5_194_9f299d63.jpg,C:\Users\Angad\Desktop\StemFellowship\data\raw\fitzpatrick\Categorized_AbbrvName\gr-an_211\gr-an_f5_194_9f299d63.jpg,5,dark_FST5_6,0,1,0.5034672617912292
al-co-de_f2_34_ba54c4b5.jpg,C:\Users\Angad\Desktop\StemFellowship\data\raw\fitzpatrick\Categorized_AbbrvName\al-co-de_430\al-co-de_f2_34_ba54c4b5.jpg,2,light_FST1_2,0,0,0.3639627695083618
vi_f5_130_595f2c50.jpg,C:\Users\Angad\Desktop\StemFellowship\data\raw\fitzpatrick\Categorized_AbbrvName\vi_166\vi_f5_130_595f2c50.jpg,5,dark_FST5_6,0,0,0.0020611784420907497
sq-ce-ca_f3_161_ef5f848d.jpg,C:\Users\Angad\Desktop\StemFellowship\data\raw\fitzpatrick\Categorized_AbbrvName\sq-ce-ca_581\sq-ce-ca_f3_161_ef5f848d.jpg,3,medium_FST3_4,1,0,0.23177559673786163
ne-de_f2_266_f55a29c5.jpg,C:\Users\Angad\Desktop\StemFellowship\data\raw\fitzpatrick\Categorized_AbbrvName\ne-de_361\ne-de_f2_266_f55a29c5.jpg,2,light_FST1_2,0,0,0.001292104134336114
er-an-ce_f2_41_c6f03775.jpg,C:\Users\Angad\Desktop\StemFellowship\data\raw\fitzpatrick\Categorized_AbbrvName\er-an-ce_88\er-an-ce_f2_41_c6f03775.jpg,2,light_FST1_2,0,1,0.7413676977157593
ba-ce-ca_f1_0_d2c77aa8.jpg,C:\Users\Angad\Desktop\StemFellowship\data\raw\fitzpatrick\Categorized_AbbrvName\ba-ce-ca_468\ba-ce-ca_f1_0_d2c77aa8.jpg,1,light_FST1_2,1,1,0.5671717524528503
li-si_f3_11_f97fc452.jpg,C:\Users\Angad\Desktop\StemFellowship\data\raw\fitzpatrick\Categorized_AbbrvName\li-si_97\li-si_f3_11_f97fc452.jpg,3,medium_FST3_4,0,0,0.0367375873029232
er-an-ce_f2_22_52b25d02.jpg,C:\Users\Angad\Desktop\StemFellowship\data\raw\fitzpatrick\Categorized_AbbrvName\er-an-ce_88\er-an-ce_f2_22_52b25d02.jpg,2,light_FST1_2,0,0,0.24210499227046967
ma-me_f2_9_3463d25c.jpg,C:\Users\Angad\Desktop\StemFellowship\data\raw\fitzpatrick\Categorized_AbbrvName\ma-me_111\ma-me_f2_9_3463d25c.jpg,2,light_FST1_2,1,1,0.7233024835586548
li-pl_f4_296_3d260ca5.jpg,C:\Users\Angad\Desktop\StemFellowship\data\raw\fitzpatrick\Categorized_AbbrvName\li-pl_491\li-pl_f4_296_3d260ca5.jpg,4,medium_FST3_4,0,0,0.010615907609462738
sa_f1_254_1027d718.jpg,C:\Users\Angad\Desktop\StemFellowship\data\raw\fitzpatrick\Categorized_AbbrvName\sa_349\sa_f1_254_1027d718.jpg,1,light_FST1_2,0,0,0.00596211152151227
ps_f2_348_84b44e09.jpg,C:\Users\Angad\Desktop\StemFellowship\data\raw\fitzpatrick\Categorized_AbbrvName\ps_653\ps_f2_348_84b44e09.jpg,2,light_FST1_2,0,0,0.012328945100307465
ps_f5_575_8a975ed7.jpg,C:\Users\Angad\Desktop\StemFellowship\data\raw\fitzpatrick\Categorized_AbbrvName\ps_653\ps_f5_575_8a975ed7.jpg,5,dark_FST5_6,0,0,0.006134867202490568
su-da-sk_f2_40_59840f42.jpg,C:\Users\Angad\Desktop\StemFellowship\data\raw\fitzpatrick\Categorized_AbbrvName\su-da-sk_66\su-da-sk_f2_40_59840f42.jpg,2,light_FST1_2,0,0,0.008267550729215145
ph_f3_219_8ba7bd82.jpg,C:\Users\Angad\Desktop\StemFellowship\data\raw\fitzpatrick\Categorized_AbbrvName\ph_348\ph_f3_219_8ba7bd82.jpg,3,medium_FST3_4,0,0,0.00014308035315480083
ec_f2_59_37f6c602.jpg,C:\Users\Angad\Desktop\StemFellowship\data\raw\fitzpatrick\Categorized_AbbrvName\ec_204\ec_f2_59_37f6c602.jpg,2,light_FST1_2,0,0,0.07827828824520111
ac-ke_f3_164_6c17d9fb.jpg,C:\Users\Angad\Desktop\StemFellowship\data\raw\fitzpatrick\Categorized_AbbrvName\ac-ke_175\ac-ke_f3_164_6c17d9fb.jpg,3,medium_FST3_4,1,0,0.1311393678188324
dy-ec_f2_76_50153c30.jpg,C:\Users\Angad\Desktop\StemFellowship\data\raw\fitzpatrick\Categorized_AbbrvName\dy-ec_83\dy-ec_f2_76_50153c30.jpg,2,light_FST1_2,0,0,0.046308353543281555
te_f2_53_0869487b.jpg,C:\Users\Angad\Desktop\StemFellowship\data\raw\fitzpatrick\Categorized_AbbrvName\te_126\te_f2_53_0869487b.jpg,2,light_FST1_2,0,0,0.001368246739730239
ka-sa_f3_85_645b2410.jpg,C:\Users\Angad\Desktop\StemFellowship\data\raw\fitzpatrick\Categorized_AbbrvName\ka-sa_156\ka-sa_f3_85_645b2410.jpg,3,medium_FST3_4,1,1,0.6897255778312683
me_f2_86_2ddc13cb.jpg,C:\Users\Angad\Desktop\StemFellowship\data\raw\fitzpatrick\Categorized_AbbrvName\me_261\me_f2_86_2ddc13cb.jpg,2,light_FST1_2,1,1,0.9762959480285645
pi-ro_f2_51_09743276.jpg,C:\Users\Angad\Desktop\StemFellowship\data\raw\fitzpatrick\Categorized_AbbrvName\pi-ro_193\pi-ro_f2_51_09743276.jpg,2,light_FST1_2,0,0,0.028182493522763252
ac-ke_f2_93_b565d1fa.jpg,C:\Users\Angad\Desktop\StemFellowship\data\raw\fitzpatrick\Categorized_AbbrvName\ac-ke_175\ac-ke_f2_93_b565d1fa.jpg,2,light_FST1_2,1,1,0.9933291673660278
ch_f4_89_db3d7895.jpg,C:\Users\Angad\Desktop\StemFellowship\data\raw\fitzpatrick\Categorized_AbbrvName\ch_106\ch_f4_89_db3d7895.jpg,4,medium_FST3_4,0,0,0.007484076544642448
ac-ni_f4_15_bebaf507.jpg,C:\Users\Angad\Desktop\StemFellowship\data\raw\fitzpatrick\Categorized_AbbrvName\ac-ni_92\ac-ni_f4_15_bebaf507.jpg,4,medium_FST3_4,0,0,0.0163374375551939
ba-ce-ca_f4_404_998ab155.jpg,C:\Users\Angad\Desktop\StemFellowship\data\raw\fitzpatrick\Categorized_AbbrvName\ba-ce-ca_468\ba-ce-ca_f4_404_998ab155.jpg,4,medium_FST3_4,1,1,0.7715325355529785
dr-in-pi-ch_f4_26_246903f8.jpg,C:\Users\Angad\Desktop\StemFellowship\data\raw\fitzpatrick\Categorized_AbbrvName\dr-in-pi-ch_71\dr-in-pi-ch_f4_26_246903f8.jpg,4,medium_FST3_4,0,0,0.2626206874847412
ps_f5_595_a09323de.jpg,C:\Users\Angad\Desktop\StemFellowship\data\raw\fitzpatrick\Categorized_AbbrvName\ps_653\ps_f5_595_a09323de.jpg,5,dark_FST5_6,0,1,0.5051054954528809
rh_f5_89_7be62f84.jpg,C:\Users\Angad\Desktop\StemFellowship\data\raw\fitzpatrick\Categorized_AbbrvName\rh_91\rh_f5_89_7be62f84.jpg,5,dark_FST5_6,0,0,0.004093093331903219
fa-de_f2_15_2cdded67.jpg,C:\Users\Angad\Desktop\StemFellowship\data\raw\fitzpatrick\Categorized_AbbrvName\fa-de_66\fa-de_f2_15_2cdded67.jpg,2,light_FST1_2,0,0,0.004255302250385284
gr-an_f3_95_53902b69.jpg,C:\Users\Angad\Desktop\StemFellowship\data\raw\fitzpatrick\Categorized_AbbrvName\gr-an_211\gr-an_f3_95_53902b69.jpg,3,medium_FST3_4,0,1,0.6314258575439453
fo-sp_f4_95_cae259ae.jpg,C:\Users\Angad\Desktop\StemFellowship\data\raw\fitzpatrick\Categorized_AbbrvName\fo-sp_100\fo-sp_f4_95_cae259ae.jpg,4,medium_FST3_4,0,0,0.19088086485862732
py-gr_f2_80_d6fc57f3.jpg,C:\Users\Angad\Desktop\StemFellowship\data\raw\fitzpatrick\Categorized_AbbrvName\py-gr_113\py-gr_f2_80_d6fc57f3.jpg,2,light_FST1_2,0,0,0.08309027552604675
ac-vu_f2_298_07a62c58.jpg,C:\Users\Angad\Desktop\StemFellowship\data\raw\fitzpatrick\Categorized_AbbrvName\ac-vu_335\ac-vu_f2_298_07a62c58.jpg,2,light_FST1_2,0,0,0.0354163758456707
sq-ce-ca_f3_525_2dc34fb7.jpg,C:\Users\Angad\Desktop\StemFellowship\data\raw\fitzpatrick\Categorized_AbbrvName\sq-ce-ca_581\sq-ce-ca_f3_525_2dc34fb7.jpg,3,medium_FST3_4,1,0,0.025458356365561485
pa_f1_6_d55f94ee.jpg,C:\Users\Angad\Desktop\StemFellowship\data\raw\fitzpatrick\Categorized_AbbrvName\pa_59\pa_f1_6_d55f94ee.jpg,1,light_FST1_2,0,1,0.6695986390113831
ac_f1_32_82a3899c.jpg,C:\Users\Angad\Desktop\StemFellowship\data\raw\fitzpatrick\Categorized_AbbrvName\ac_183\ac_f1_32_82a3899c.jpg,1,light_FST1_2,0,0,0.1966358721256256
ba-ce-ca_f3_395_61dc5a89.jpg,C:\Users\Angad\Desktop\StemFellowship\data\raw\fitzpatrick\Categorized_AbbrvName\ba-ce-ca_468\ba-ce-ca_f3_395_61dc5a89.jpg,3,medium_FST3_4,1,1,0.9967960715293884
li-si_f6_47_04379559.jpg,C:\Users\Angad\Desktop\StemFellowship\data\raw\fitzpatrick\Categorized_AbbrvName\li-si_97\li-si_f6_47_04379559.jpg,6,dark_FST5_6,0,0,0.021922146901488304
fo_f2_338_803b6ec7.jpg,C:\Users\Angad\Desktop\StemFellowship\data\raw\fitzpatrick\Categorized_AbbrvName\fo_342\fo_f2_338_803b6ec7.jpg,2,light_FST1_2,0,0,0.001259095617569983
ac-ke_f4_28_ba662524.jpg,C:\Users\Angad\Desktop\StemFellowship\data\raw\fitzpatrick\Categorized_AbbrvName\ac-ke_175\ac-ke_f4_28_ba662524.jpg,4,medium_FST3_4,1,1,0.8860902786254883
ne-li_f2_58_d336ff21.jpg,C:\Users\Angad\Desktop\StemFellowship\data\raw\fitzpatrick\Categorized_AbbrvName\ne-li_123\ne-li_f2_58_d336ff21.jpg,2,light_FST1_2,0,0,0.03362269327044487
ne-de_f1_80_f1b9d7f3.jpg,C:\Users\Angad\Desktop\StemFellowship\data\raw\fitzpatrick\Categorized_AbbrvName\ne-de_361\ne-de_f1_80_f1b9d7f3.jpg,1,light_FST1_2,0,1,0.7511604428291321
ch_f2_5_52d835b9.jpg,C:\Users\Angad\Desktop\StemFellowship\data\raw\fitzpatrick\Categorized_AbbrvName\ch_106\ch_f2_5_52d835b9.jpg,2,light_FST1_2,0,0,0.03179514780640602
gr-an_f1_107_fa13dce3.jpg,C:\Users\Angad\Desktop\StemFellowship\data\raw\fitzpatrick\Categorized_AbbrvName\gr-an_211\gr-an_f1_107_fa13dce3.jpg,1,light_FST1_2,0,0,0.222638800740242
sq-ce-ca_f2_418_3368f86f.jpg,C:\Users\Angad\Desktop\StemFellowship\data\raw\fitzpatrick\Categorized_AbbrvName\sq-ce-ca_581\sq-ce-ca_f2_418_3368f86f.jpg,2,light_FST1_2,1,0,0.12484598904848099
le-ma_f2_12_54023705.jpg,C:\Users\Angad\Desktop\StemFellowship\data\raw\fitzpatrick\Categorized_AbbrvName\le-ma_83\le-ma_f2_12_54023705.jpg,2,light_FST1_2,1,1,0.966795802116394
dr-er_f3_179_1fc78964.jpg,C:\Users\Angad\Desktop\StemFellowship\data\raw\fitzpatrick\Categorized_AbbrvName\dr-er_200\dr-er_f3_179_1fc78964.jpg,3,medium_FST3_4,0,0,0.1445315033197403
ne-ne_f2_14_41c04ddd.jpg,C:\Users\Angad\Desktop\StemFellowship\data\raw\fitzpatrick\Categorized_AbbrvName\ne-ne_86\ne-ne_f2_14_41c04ddd.jpg,2,light_FST1_2,0,1,0.7642810344696045
sq-ce-ca_f2_523_fb286549.jpg,C:\Users\Angad\Desktop\StemFellowship\data\raw\fitzpatrick\Categorized_AbbrvName\sq-ce-ca_581\sq-ce-ca_f2_523_fb286549.jpg,2,light_FST1_2,1,0,0.39712387323379517
ic-vu_f1_13_a104b6ea.jpg,C:\Users\Angad\Desktop\StemFellowship\data\raw\fitzpatrick\Categorized_AbbrvName\ic-vu_65\ic-vu_f1_13_a104b6ea.jpg,1,light_FST1_2,0,0,0.12306126207113266
pu-ps_f4_23_4c3cad1a.jpg,C:\Users\Angad\Desktop\StemFellowship\data\raw\fitzpatrick\Categorized_AbbrvName\pu-ps_53\pu-ps_f4_23_4c3cad1a.jpg,4,medium_FST3_4,0,0,2.185078847105615e-05
ro_f2_79_a1b3c793.jpg,C:\Users\Angad\Desktop\StemFellowship\data\raw\fitzpatrick\Categorized_AbbrvName\ro_102\ro_f2_79_a1b3c793.jpg,2,light_FST1_2,0,0,0.0016318688867613673
ac-ke_f3_77_9b038a69.jpg,C:\Users\Angad\Desktop\StemFellowship\data\raw\fitzpatrick\Categorized_AbbrvName\ac-ke_175\ac-ke_f3_77_9b038a69.jpg,3,medium_FST3_4,1,1,0.5754027962684631
ac-vu_f2_38_3f982d9b.jpg,C:\Users\Angad\Desktop\StemFellowship\data\raw\fitzpatrick\Categorized_AbbrvName\ac-vu_335\ac-vu_f2_38_3f982d9b.jpg,2,light_FST1_2,0,0,0.018785014748573303
lu-er_f5_393_7db5f2a0.jpg,C:\Users\Angad\Desktop\StemFellowship\data\raw\fitzpatrick\Categorized_AbbrvName\lu-er_410\lu-er_f5_393_7db5f2a0.jpg,5,dark_FST5_6,0,0,0.03387786075472832
er-mu_f2_42_6dd6c482.jpg,C:\Users\Angad\Desktop\StemFellowship\data\raw\fitzpatrick\Categorized_AbbrvName\er-mu_236\er-mu_f2_42_6dd6c482.jpg,2,light_FST1_2,0,0,8.042067929636687e-05
ac-ni_f3_6_6216376e.jpg,C:\Users\Angad\Desktop\StemFellowship\data\raw\fitzpatrick\Categorized_AbbrvName\ac-ni_92\ac-ni_f3_6_6216376e.jpg,3,medium_FST3_4,0,1,0.6807101368904114
ph_f2_215_d37f6e14.jpg,C:\Users\Angad\Desktop\StemFellowship\data\raw\fitzpatrick\Categorized_AbbrvName\ph_348\ph_f2_215_d37f6e14.jpg,2,light_FST1_2,0,0,0.019527070224285126
po-ac_f4_34_78643b37.jpg,C:\Users\Angad\Desktop\StemFellowship\data\raw\fitzpatrick\Categorized_AbbrvName\po-ac_183\po-ac_f4_34_78643b37.jpg,4,medium_FST3_4,0,0,0.00021083057799842209
my_f4_60_b015f166.jpg,C:\Users\Angad\Desktop\StemFellowship\data\raw\fitzpatrick\Categorized_AbbrvName\my_67\my_f4_60_b015f166.jpg,4,medium_FST3_4,0,0,0.02440098486840725
ne-de_f2_89_26209329.jpg,C:\Users\Angad\Desktop\StemFellowship\data\raw\fitzpatrick\Categorized_AbbrvName\ne-de_361\ne-de_f2_89_26209329.jpg,2,light_FST1_2,0,1,0.5220316052436829
fo_f1_212_de6cf231.jpg,C:\Users\Angad\Desktop\StemFellowship\data\raw\fitzpatrick\Categorized_AbbrvName\fo_342\fo_f1_212_de6cf231.jpg,1,light_FST1_2,0,0,0.06595969200134277
sq-ce-ca_f3_355_d10f7d68.jpg,C:\Users\Angad\Desktop\StemFellowship\data\raw\fitzpatrick\Categorized_AbbrvName\sq-ce-ca_581\sq-ce-ca_f3_355_d10f7d68.jpg,3,medium_FST3_4,1,1,0.5670948624610901
dr-er_f1_145_5f636a0f.jpg,C:\Users\Angad\Desktop\StemFellowship\data\raw\fitzpatrick\Categorized_AbbrvName\dr-er_200\dr-er_f1_145_5f636a0f.jpg,1,light_FST1_2,0,0,0.02393626980483532
gr-an_f4_34_f99170b7.jpg,C:\Users\Angad\Desktop\StemFellowship\data\raw\fitzpatrick\Categorized_AbbrvName\gr-an_211\gr-an_f4_34_f99170b7.jpg,4,medium_FST3_4,0,0,0.07404746860265732
er-mu_f4_88_5478da67.jpg,C:\Users\Angad\Desktop\StemFellowship\data\raw\fitzpatrick\Categorized_AbbrvName\er-mu_236\er-mu_f4_88_5478da67.jpg,4,medium_FST3_4,0,0,0.407120943069458
ba-ce-ca_f5_284_9255b18c.jpg,C:\Users\Angad\Desktop\StemFellowship\data\raw\fitzpatrick\Categorized_AbbrvName\ba-ce-ca_468\ba-ce-ca_f5_284_9255b18c.jpg,5,dark_FST5_6,1,1,0.9626312255859375
ps_f1_157_4e750ecc.jpg,C:\Users\Angad\Desktop\StemFellowship\data\raw\fitzpatrick\Categorized_AbbrvName\ps_653\ps_f1_157_4e750ecc.jpg,1,light_FST1_2,0,1,0.6746748089790344
ac-en_f3_54_688c174c.jpg,C:\Users\Angad\Desktop\StemFellowship\data\raw\fitzpatrick\Categorized_AbbrvName\ac-en_92\ac-en_f3_54_688c174c.jpg,3,medium_FST3_4,0,0,0.000642046332359314
ba-ce-ca_f3_361_019fde7f.jpg,C:\Users\Angad\Desktop\StemFellowship\data\raw\fitzpatrick\Categorized_AbbrvName\ba-ce-ca_468\ba-ce-ca_f3_361_019fde7f.jpg,3,medium_FST3_4,1,1,0.9547539949417114
ac-au-bu-di-ge_f3_52_6d447cdf.jpg,C:\Users\Angad\Desktop\StemFellowship\data\raw\fitzpatrick\Categorized_AbbrvName\ac-au-bu-di-ge_67\ac-au-bu-di-ge_f3_52_6d447cdf.jpg,3,medium_FST3_4,0,0,0.48428770899772644
sq-ce-ca_f6_497_6dd76797.jpg,C:\Users\Angad\Desktop\StemFellowship\data\raw\fitzpatrick\Categorized_AbbrvName\sq-ce-ca_581\sq-ce-ca_f6_497_6dd76797.jpg,6,dark_FST5_6,1,1,0.9782702922821045
ro_f3_65_22946b54.jpg,C:\Users\Angad\Desktop\StemFellowship\data\raw\fitzpatrick\Categorized_AbbrvName\ro_102\ro_f3_65_22946b54.jpg,3,medium_FST3_4,0,1,0.7195662260055542
ac-en_f4_84_cdc6a1f7.jpg,C:\Users\Angad\Desktop\StemFellowship\data\raw\fitzpatrick\Categorized_AbbrvName\ac-en_92\ac-en_f4_84_cdc6a1f7.jpg,4,medium_FST3_4,0,0,0.02795921452343464
sa_f4_147_e36e995b.jpg,C:\Users\Angad\Desktop\StemFellowship\data\raw\fitzpatrick\Categorized_AbbrvName\sa_349\sa_f4_147_e36e995b.jpg,4,medium_FST3_4,0,0,0.4778376519680023
ps_f2_646_21a75633.jpg,C:\Users\Angad\Desktop\StemFellowship\data\raw\fitzpatrick\Categorized_AbbrvName\ps_653\ps_f2_646_21a75633.jpg,2,light_FST1_2,0,1,0.6594607830047607
se-ke_f2_45_3c066c14.jpg,C:\Users\Angad\Desktop\StemFellowship\data\raw\fitzpatrick\Categorized_AbbrvName\se-ke_69\se-ke_f2_45_3c066c14.jpg,2,light_FST1_2,0,1,0.7301627993583679
eh-da-sy_f3_19_f593b870.jpg,C:\Users\Angad\Desktop\StemFellowship\data\raw\fitzpatrick\Categorized_AbbrvName\eh-da-sy_127\eh-da-sy_f3_19_f593b870.jpg,3,medium_FST3_4,0,0,0.13822640478610992
da-di_f5_102_c44cd54c.jpg,C:\Users\Angad\Desktop\StemFellowship\data\raw\fitzpatrick\Categorized_AbbrvName\da-di_153\da-di_f5_102_c44cd54c.jpg,5,dark_FST5_6,0,0,0.029799144715070724
ne-ne_f1_5_aa1951a8.jpg,C:\Users\Angad\Desktop\StemFellowship\data\raw\fitzpatrick\Categorized_AbbrvName\ne-ne_86\ne-ne_f1_5_aa1951a8.jpg,1,light_FST1_2,0,1,0.6058568954467773
ac-ke_f2_4_55e268bf.jpg,C:\Users\Angad\Desktop\StemFellowship\data\raw\fitzpatrick\Categorized_AbbrvName\ac-ke_175\ac-ke_f2_4_55e268bf.jpg,2,light_FST1_2,1,0,0.46812400221824646
da-di_f3_127_a54bf7ab.jpg,C:\Users\Angad\Desktop\StemFellowship\data\raw\fitzpatrick\Categorized_AbbrvName\da-di_153\da-di_f3_127_a54bf7ab.jpg,3,medium_FST3_4,0,0,0.002147361868992448
lu-er_f2_167_6e945731.jpg,C:\Users\Angad\Desktop\StemFellowship\data\raw\fitzpatrick\Categorized_AbbrvName\lu-er_410\lu-er_f2_167_6e945731.jpg,2,light_FST1_2,0,0,0.013241001404821873
sq-ce-ca_f2_466_597405f8.jpg,C:\Users\Angad\Desktop\StemFellowship\data\raw\fitzpatrick\Categorized_AbbrvName\sq-ce-ca_581\sq-ce-ca_f2_466_597405f8.jpg,2,light_FST1_2,1,1,0.8517804145812988
fo_f5_224_50c825e6.jpg,C:\Users\Angad\Desktop\StemFellowship\data\raw\fitzpatrick\Categorized_AbbrvName\fo_342\fo_f5_224_50c825e6.jpg,5,dark_FST5_6,0,0,0.008097758516669273
sy_f3_121_3db45506.jpg,C:\Users\Angad\Desktop\StemFellowship\data\raw\fitzpatrick\Categorized_AbbrvName\sy_127\sy_f3_121_3db45506.jpg,3,medium_FST3_4,0,0,0.07355861365795135
ac-ke_f2_29_44aefdc6.jpg,C:\Users\Angad\Desktop\StemFellowship\data\raw\fitzpatrick\Categorized_AbbrvName\ac-ke_175\ac-ke_f2_29_44aefdc6.jpg,2,light_FST1_2,1,1,0.6236423850059509
sq-ce-ca_f4_242_dae64acd.jpg,C:\Users\Angad\Desktop\StemFellowship\data\raw\fitzpatrick\Categorized_AbbrvName\sq-ce-ca_581\sq-ce-ca_f4_242_dae64acd.jpg,4,medium_FST3_4,1,1,0.5405598282814026
al-co-de_f2_257_34d759d6.jpg,C:\Users\Angad\Desktop\StemFellowship\data\raw\fitzpatrick\Categorized_AbbrvName\al-co-de_430\al-co-de_f2_257_34d759d6.jpg,2,light_FST1_2,0,0,0.14295357465744019
te_f2_114_e96aa1f6.jpg,C:\Users\Angad\Desktop\StemFellowship\data\raw\fitzpatrick\Categorized_AbbrvName\te_126\te_f2_114_e96aa1f6.jpg,2,light_FST1_2,0,0,0.008757499977946281
ac-ni_f4_70_a3f45c39.jpg,C:\Users\Angad\Desktop\StemFellowship\data\raw\fitzpatrick\Categorized_AbbrvName\ac-ni_92\ac-ni_f4_70_a3f45c39.jpg,4,medium_FST3_4,0,0,0.08056490868330002
ne-ex_f1_44_c5431b78.jpg,C:\Users\Angad\Desktop\StemFellowship\data\raw\fitzpatrick\Categorized_AbbrvName\ne-ex_73\ne-ex_f1_44_c5431b78.jpg,1,light_FST1_2,0,0,0.005347433965653181
pi-ro_f4_129_674c54b5.jpg,C:\Users\Angad\Desktop\StemFellowship\data\raw\fitzpatrick\Categorized_AbbrvName\pi-ro_193\pi-ro_f4_129_674c54b5.jpg,4,medium_FST3_4,0,0,0.0001770222297636792
pe-li_f1_137_6ff1583f.jpg,C:\Users\Angad\Desktop\StemFellowship\data\raw\fitzpatrick\Categorized_AbbrvName\pe-li_151\pe-li_f1_137_6ff1583f.jpg,1,light_FST1_2,0,0,0.04547353833913803
ac_f2_20_c2c7aed8.jpg,C:\Users\Angad\Desktop\StemFellowship\data\raw\fitzpatrick\Categorized_AbbrvName\ac_183\ac_f2_20_c2c7aed8.jpg,2,light_FST1_2,0,0,0.3255067467689514
se-ke_f3_38_1f0af24c.jpg,C:\Users\Angad\Desktop\StemFellowship\data\raw\fitzpatrick\Categorized_AbbrvName\se-ke_69\se-ke_f3_38_1f0af24c.jpg,3,medium_FST3_4,0,0,0.05535672977566719
gr-an_f1_70_f81b527a.jpg,C:\Users\Angad\Desktop\StemFellowship\data\raw\fitzpatrick\Categorized_AbbrvName\gr-an_211\gr-an_f1_70_f81b527a.jpg,1,light_FST1_2,0,1,0.6198883652687073
ch_f3_77_55da8d52.jpg,C:\Users\Angad\Desktop\StemFellowship\data\raw\fitzpatrick\Categorized_AbbrvName\ch_106\ch_f3_77_55da8d52.jpg,3,medium_FST3_4,0,0,0.03169213607907295
lu-er_f1_18_9426f7bc.jpg,C:\Users\Angad\Desktop\StemFellowship\data\raw\fitzpatrick\Categorized_AbbrvName\lu-er_410\lu-er_f1_18_9426f7bc.jpg,1,light_FST1_2,0,0,0.32191014289855957
ly_f6_28_64222f33.jpg,C:\Users\Angad\Desktop\StemFellowship\data\raw\fitzpatrick\Categorized_AbbrvName\ly_100\ly_f6_28_64222f33.jpg,6,dark_FST5_6,0,0,0.06894981861114502
pi-ro_f3_25_9fdc1b6c.jpg,C:\Users\Angad\Desktop\StemFellowship\data\raw\fitzpatrick\Categorized_AbbrvName\pi-ro_193\pi-ro_f3_25_9fdc1b6c.jpg,3,medium_FST3_4,0,0,0.08193415403366089
sa_f3_324_8bfaed09.jpg,C:\Users\Angad\Desktop\StemFellowship\data\raw\fitzpatrick\Categorized_AbbrvName\sa_349\sa_f3_324_8bfaed09.jpg,3,medium_FST3_4,0,0,0.0005133039085194468
ly_f1_42_e18dc15a.jpg,C:\Users\Angad\Desktop\StemFellowship\data\raw\fitzpatrick\Categorized_AbbrvName\ly_100\ly_f1_42_e18dc15a.jpg,1,light_FST1_2,0,0,0.016718665137887
su-sp-me-ss_f1_95_3cc5bf09.jpg,C:\Users\Angad\Desktop\StemFellowship\data\raw\fitzpatrick\Categorized_AbbrvName\su-sp-me-ss_118\su-sp-me-ss_f1_95_3cc5bf09.jpg,1,light_FST1_2,1,1,0.961004376411438
sy_f5_3_b53a5cc3.jpg,C:\Users\Angad\Desktop\StemFellowship\data\raw\fitzpatrick\Categorized_AbbrvName\sy_127\sy_f5_3_b53a5cc3.jpg,5,dark_FST5_6,0,0,2.6104730821430167e-08
ic-vu_f2_25_53c8d702.jpg,C:\Users\Angad\Desktop\StemFellowship\data\raw\fitzpatrick\Categorized_AbbrvName\ic-vu_65\ic-vu_f2_25_53c8d702.jpg,2,light_FST1_2,0,0,0.0016458411701023579
me_f3_178_68528c33.jpg,C:\Users\Angad\Desktop\StemFellowship\data\raw\fitzpatrick\Categorized_AbbrvName\me_261\me_f3_178_68528c33.jpg,3,medium_FST3_4,1,1,0.8987510800361633
ac-en_f2_51_67e24fba.jpg,C:\Users\Angad\Desktop\StemFellowship\data\raw\fitzpatrick\Categorized_AbbrvName\ac-en_92\ac-en_f2_51_67e24fba.jpg,2,light_FST1_2,0,0,0.3936653137207031
ps_f3_391_095b1236.jpg,C:\Users\Angad\Desktop\StemFellowship\data\raw\fitzpatrick\Categorized_AbbrvName\ps_653\ps_f3_391_095b1236.jpg,3,medium_FST3_4,0,0,0.24716816842556
su-sp-me-ss_f5_101_58005ed7.jpg,C:\Users\Angad\Desktop\StemFellowship\data\raw\fitzpatrick\Categorized_AbbrvName\su-sp-me-ss_118\su-sp-me-ss_f5_101_58005ed7.jpg,5,dark_FST5_6,1,0,0.018543843179941177
ac-vu_f2_229_3b766f1a.jpg,C:\Users\Angad\Desktop\StemFellowship\data\raw\fitzpatrick\Categorized_AbbrvName\ac-vu_335\ac-vu_f2_229_3b766f1a.jpg,2,light_FST1_2,0,0,0.0005312607390806079
lu-er_f4_179_847fcdad.jpg,C:\Users\Angad\Desktop\StemFellowship\data\raw\fitzpatrick\Categorized_AbbrvName\lu-er_410\lu-er_f4_179_847fcdad.jpg,4,medium_FST3_4,0,0,0.0003467134083621204
sa_f6_219_e042428c.jpg,C:\Users\Angad\Desktop\StemFellowship\data\raw\fitzpatrick\Categorized_AbbrvName\sa_349\sa_f6_219_e042428c.jpg,6,dark_FST5_6,0,0,0.1554066240787506
fi-er_f3_21_ae608b81.jpg,C:\Users\Angad\Desktop\StemFellowship\data\raw\fitzpatrick\Categorized_AbbrvName\fi-er_125\fi-er_f3_21_ae608b81.jpg,3,medium_FST3_4,0,0,0.22861994802951813
ac-vu_f1_157_502e9a66.jpg,C:\Users\Angad\Desktop\StemFellowship\data\raw\fitzpatrick\Categorized_AbbrvName\ac-vu_335\ac-vu_f1_157_502e9a66.jpg,1,light_FST1_2,0,0,0.2824821174144745
ke_f1_132_c45e1a65.jpg,C:\Users\Angad\Desktop\StemFellowship\data\raw\fitzpatrick\Categorized_AbbrvName\ke_156\ke_f1_132_c45e1a65.jpg,1,light_FST1_2,0,0,0.11972557753324509
ps_f2_282_6f7688a8.jpg,C:\Users\Angad\Desktop\StemFellowship\data\raw\fitzpatrick\Categorized_AbbrvName\ps_653\ps_f2_282_6f7688a8.jpg,2,light_FST1_2,0,0,0.49039921164512634
da-di_f3_147_14c2b85d.jpg,C:\Users\Angad\Desktop\StemFellowship\data\raw\fitzpatrick\Categorized_AbbrvName\da-di_153\da-di_f3_147_14c2b85d.jpg,3,medium_FST3_4,0,0,0.36209234595298767
sq-ce-ca_f1_339_5c4f07ca.jpg,C:\Users\Angad\Desktop\StemFellowship\data\raw\fitzpatrick\Categorized_AbbrvName\sq-ce-ca_581\sq-ce-ca_f1_339_5c4f07ca.jpg,1,light_FST1_2,1,1,0.9717381000518799
pe-de_f3_50_5e11a765.jpg,C:\Users\Angad\Desktop\StemFellowship\data\raw\fitzpatrick\Categorized_AbbrvName\pe-de_61\pe-de_f3_50_5e11a765.jpg,3,medium_FST3_4,0,0,0.42161741852760315
eh-da-sy_f5_21_74543e57.jpg,C:\Users\Angad\Desktop\StemFellowship\data\raw\fitzpatrick\Categorized_AbbrvName\eh-da-sy_127\eh-da-sy_f5_21_74543e57.jpg,5,dark_FST5_6,0,0,0.03736882284283638
fo_f2_97_0f0677bf.jpg,C:\Users\Angad\Desktop\StemFellowship\data\raw\fitzpatrick\Categorized_AbbrvName\fo_342\fo_f2_97_0f0677bf.jpg,2,light_FST1_2,0,0,0.012688781134784222
lu-su_f2_64_e250052c.jpg,C:\Users\Angad\Desktop\StemFellowship\data\raw\fitzpatrick\Categorized_AbbrvName\lu-su_111\lu-su_f2_64_e250052c.jpg,2,light_FST1_2,0,0,0.2960816025733948
tu_f1_104_77a394e9.jpg,C:\Users\Angad\Desktop\StemFellowship\data\raw\fitzpatrick\Categorized_AbbrvName\tu_152\tu_f1_104_77a394e9.jpg,1,light_FST1_2,0,0,0.028010539710521698
po-wi-st_f3_47_a3535987.jpg,C:\Users\Angad\Desktop\StemFellowship\data\raw\fitzpatrick\Categorized_AbbrvName\po-wi-st_59\po-wi-st_f3_47_a3535987.jpg,3,medium_FST3_4,0,0,0.004098249599337578
fo_f2_124_f484557c.jpg,C:\Users\Angad\Desktop\StemFellowship\data\raw\fitzpatrick\Categorized_AbbrvName\fo_342\fo_f2_124_f484557c.jpg,2,light_FST1_2,0,0,0.35873985290527344
fo_f2_46_f5a3403a.jpg,C:\Users\Angad\Desktop\StemFellowship\data\raw\fitzpatrick\Categorized_AbbrvName\fo_342\fo_f2_46_f5a3403a.jpg,2,light_FST1_2,0,1,0.5319730043411255
lu-er_f2_67_54edd4d0.jpg,C:\Users\Angad\Desktop\StemFellowship\data\raw\fitzpatrick\Categorized_AbbrvName\lu-er_410\lu-er_f2_67_54edd4d0.jpg,2,light_FST1_2,0,0,0.06931393593549728
ac-vu_f2_232_29bb3a16.jpg,C:\Users\Angad\Desktop\StemFellowship\data\raw\fitzpatrick\Categorized_AbbrvName\ac-vu_335\ac-vu_f2_232_29bb3a16.jpg,2,light_FST1_2,0,0,0.09657057374715805
so-cy-ba-ce-ca_f1_11_c44f4420.jpg,C:\Users\Angad\Desktop\StemFellowship\data\raw\fitzpatrick\Categorized_AbbrvName\so-cy-ba-ce-ca_66\so-cy-ba-ce-ca_f1_11_c44f4420.jpg,1,light_FST1_2,1,1,0.9629651308059692
ur_f1_72_c9520239.jpg,C:\Users\Angad\Desktop\StemFellowship\data\raw\fitzpatrick\Categorized_AbbrvName\ur_151\ur_f1_72_c9520239.jpg,1,light_FST1_2,0,0,0.0015879521379247308
er-an-ce_f1_31_5245c8d9.jpg,C:\Users\Angad\Desktop\StemFellowship\data\raw\fitzpatrick\Categorized_AbbrvName\er-an-ce_88\er-an-ce_f1_31_5245c8d9.jpg,1,light_FST1_2,0,1,0.5132778286933899
le-ma_f1_2_45005e10.jpg,C:\Users\Angad\Desktop\StemFellowship\data\raw\fitzpatrick\Categorized_AbbrvName\le-ma_83\le-ma_f1_2_45005e10.jpg,1,light_FST1_2,1,1,0.8732306957244873
ec_f2_52_86cd7e56.jpg,C:\Users\Angad\Desktop\StemFellowship\data\raw\fitzpatrick\Categorized_AbbrvName\ec_204\ec_f2_52_86cd7e56.jpg,2,light_FST1_2,0,0,0.33707839250564575
ec_f2_106_dcaccc50.jpg,C:\Users\Angad\Desktop\StemFellowship\data\raw\fitzpatrick\Categorized_AbbrvName\ec_204\ec_f2_106_dcaccc50.jpg,2,light_FST1_2,0,1,0.5383052229881287
po-ac_f3_14_9cf66703.jpg,C:\Users\Angad\Desktop\StemFellowship\data\raw\fitzpatrick\Categorized_AbbrvName\po-ac_183\po-ac_f3_14_9cf66703.jpg,3,medium_FST3_4,0,1,0.9378225803375244
ps_f2_281_2b35207e.jpg,C:\Users\Angad\Desktop\StemFellowship\data\raw\fitzpatrick\Categorized_AbbrvName\ps_653\ps_f2_281_2b35207e.jpg,2,light_FST1_2,0,1,0.6383996605873108
dr-er_f2_130_74d0b28d.jpg,C:\Users\Angad\Desktop\StemFellowship\data\raw\fitzpatrick\Categorized_AbbrvName\dr-er_200\dr-er_f2_130_74d0b28d.jpg,2,light_FST1_2,0,0,0.07205571979284286
dr-er_f6_83_ed566a3b.jpg,C:\Users\Angad\Desktop\StemFellowship\data\raw\fitzpatrick\Categorized_AbbrvName\dr-er_200\dr-er_f6_83_ed566a3b.jpg,6,dark_FST5_6,0,0,0.12442034482955933
ka-sa_f3_55_411f9076.jpg,C:\Users\Angad\Desktop\StemFellowship\data\raw\fitzpatrick\Categorized_AbbrvName\ka-sa_156\ka-sa_f3_55_411f9076.jpg,3,medium_FST3_4,1,0,0.3631088137626648
ac-en_f2_35_f26a8582.jpg,C:\Users\Angad\Desktop\StemFellowship\data\raw\fitzpatrick\Categorized_AbbrvName\ac-en_92\ac-en_f2_35_f26a8582.jpg,2,light_FST1_2,0,0,0.1517605185508728
ph_f2_81_848015a8.jpg,C:\Users\Angad\Desktop\StemFellowship\data\raw\fitzpatrick\Categorized_AbbrvName\ph_348\ph_f2_81_848015a8.jpg,2,light_FST1_2,0,0,0.0007490694406442344
na-co_f1_72_8342209d.jpg,C:\Users\Angad\Desktop\StemFellowship\data\raw\fitzpatrick\Categorized_AbbrvName\na-co_73\na-co_f1_72_8342209d.jpg,1,light_FST1_2,0,1,0.7984879612922668
pi-ro_f2_27_661ed630.jpg,C:\Users\Angad\Desktop\StemFellowship\data\raw\fitzpatrick\Categorized_AbbrvName\pi-ro_193\pi-ro_f2_27_661ed630.jpg,2,light_FST1_2,0,0,0.0002876479993574321
mu_f3_85_519a182a.jpg,C:\Users\Angad\Desktop\StemFellowship\data\raw\fitzpatrick\Categorized_AbbrvName\mu_92\mu_f3_85_519a182a.jpg,3,medium_FST3_4,0,0,0.05305563285946846
co-ne_f2_41_cca5d4ac.jpg,C:\Users\Angad\Desktop\StemFellowship\data\raw\fitzpatrick\Categorized_AbbrvName\co-ne_68\co-ne_f2_41_cca5d4ac.jpg,2,light_FST1_2,0,0,0.1354874223470688
vi_f4_157_061a1232.jpg,C:\Users\Angad\Desktop\StemFellowship\data\raw\fitzpatrick\Categorized_AbbrvName\vi_166\vi_f4_157_061a1232.jpg,4,medium_FST3_4,0,1,0.6049686670303345
ba-ce-ca_f2_139_861205f5.jpg,C:\Users\Angad\Desktop\StemFellowship\data\raw\fitzpatrick\Categorized_AbbrvName\ba-ce-ca_468\ba-ce-ca_f2_139_861205f5.jpg,2,light_FST1_2,1,1,0.8149986863136292
pi-cy_f4_77_3a1577a8.jpg,C:\Users\Angad\Desktop\StemFellowship\data\raw\fitzpatrick\Categorized_AbbrvName\pi-cy_93\pi-cy_f4_77_3a1577a8.jpg,4,medium_FST3_4,0,1,0.6958528757095337
st-jo-sy_f1_105_4e376bd8.jpg,C:\Users\Angad\Desktop\StemFellowship\data\raw\fitzpatrick\Categorized_AbbrvName\st-jo-sy_113\st-jo-sy_f1_105_4e376bd8.jpg,1,light_FST1_2,0,0,0.08281510323286057
ac-ke_f2_20_3b843066.jpg,C:\Users\Angad\Desktop\StemFellowship\data\raw\fitzpatrick\Categorized_AbbrvName\ac-ke_175\ac-ke_f2_20_3b843066.jpg,2,light_FST1_2,1,1,0.6747564673423767
my-fu_f6_3_b580a075.jpg,C:\Users\Angad\Desktop\StemFellowship\data\raw\fitzpatrick\Categorized_AbbrvName\my-fu_182\my-fu_f6_3_b580a075.jpg,6,dark_FST5_6,1,0,0.05171509459614754
vi_f5_133_d6bdb8c6.jpg,C:\Users\Angad\Desktop\StemFellowship\data\raw\fitzpatrick\Categorized_AbbrvName\vi_166\vi_f5_133_d6bdb8c6.jpg,5,dark_FST5_6,0,0,0.0004414805443957448
li-pl_f2_237_85db83be.jpg,C:\Users\Angad\Desktop\StemFellowship\data\raw\fitzpatrick\Categorized_AbbrvName\li-pl_491\li-pl_f2_237_85db83be.jpg,2,light_FST1_2,0,0,0.23671577870845795
ba-ce-ca-mo_f1_31_12fee8f8.jpg,C:\Users\Angad\Desktop\StemFellowship\data\raw\fitzpatrick\Categorized_AbbrvName\ba-ce-ca-mo_62\ba-ce-ca-mo_f1_31_12fee8f8.jpg,1,light_FST1_2,1,1,0.5144901871681213
li-pl_f5_343_553a4c38.jpg,C:\Users\Angad\Desktop\StemFellowship\data\raw\fitzpatrick\Categorized_AbbrvName\li-pl_491\li-pl_f5_343_553a4c38.jpg,5,dark_FST5_6,0,0,0.22345677018165588
my-fu_f2_16_c981272f.jpg,C:\Users\Angad\Desktop\StemFellowship\data\raw\fitzpatrick\Categorized_AbbrvName\my-fu_182\my-fu_f2_16_c981272f.jpg,2,light_FST1_2,1,1,0.9666564464569092
gr-py_f4_14_52267322.jpg,C:\Users\Angad\Desktop\StemFellowship\data\raw\fitzpatrick\Categorized_AbbrvName\gr-py_75\gr-py_f4_14_52267322.jpg,4,medium_FST3_4,0,0,0.09520110487937927
ba-ce-ca_f3_72_9f3e74ee.jpg,C:\Users\Angad\Desktop\StemFellowship\data\raw\fitzpatrick\Categorized_AbbrvName\ba-ce-ca_468\ba-ce-ca_f3_72_9f3e74ee.jpg,3,medium_FST3_4,1,1,0.9721634387969971
ph_f4_16_85c0d757.jpg,C:\Users\Angad\Desktop\StemFellowship\data\raw\fitzpatrick\Categorized_AbbrvName\ph_348\ph_f4_16_85c0d757.jpg,4,medium_FST3_4,0,0,0.012517011724412441
ur-pi_f1_79_0f674cde.jpg,C:\Users\Angad\Desktop\StemFellowship\data\raw\fitzpatrick\Categorized_AbbrvName\ur-pi_112\ur-pi_f1_79_0f674cde.jpg,1,light_FST1_2,0,0,0.05741918087005615
fo-sp_f4_92_bcee3f63.jpg,C:\Users\Angad\Desktop\StemFellowship\data\raw\fitzpatrick\Categorized_AbbrvName\fo-sp_100\fo-sp_f4_92_bcee3f63.jpg,4,medium_FST3_4,0,0,0.048783402889966965
ma-me_f3_97_2cd4cd28.jpg,C:\Users\Angad\Desktop\StemFellowship\data\raw\fitzpatrick\Categorized_AbbrvName\ma-me_111\ma-me_f3_97_2cd4cd28.jpg,3,medium_FST3_4,1,1,0.9936612844467163
er-an-ce_f2_49_eaf7cc49.jpg,C:\Users\Angad\Desktop\StemFellowship\data\raw\fitzpatrick\Categorized_AbbrvName\er-an-ce_88\er-an-ce_f2_49_eaf7cc49.jpg,2,light_FST1_2,0,0,0.15680944919586182
ne-in_f4_35_5e752b37.jpg,C:\Users\Angad\Desktop\StemFellowship\data\raw\fitzpatrick\Categorized_AbbrvName\ne-in_260\ne-in_f4_35_5e752b37.jpg,4,medium_FST3_4,0,0,0.0632581040263176
lu-er_f2_301_dafd1b7a.jpg,C:\Users\Angad\Desktop\StemFellowship\data\raw\fitzpatrick\Categorized_AbbrvName\lu-er_410\lu-er_f2_301_dafd1b7a.jpg,2,light_FST1_2,0,0,0.29031455516815186
sy_f3_65_9be0f8e4.jpg,C:\Users\Angad\Desktop\StemFellowship\data\raw\fitzpatrick\Categorized_AbbrvName\sy_127\sy_f3_65_9be0f8e4.jpg,3,medium_FST3_4,0,0,0.0018710785079747438
te_f2_56_e52b7a2a.jpg,C:\Users\Angad\Desktop\StemFellowship\data\raw\fitzpatrick\Categorized_AbbrvName\te_126\te_f2_56_e52b7a2a.jpg,2,light_FST1_2,0,0,0.010757025331258774
ca-cu_f6_73_434205c8.jpg,C:\Users\Angad\Desktop\StemFellowship\data\raw\fitzpatrick\Categorized_AbbrvName\ca-cu_80\ca-cu_f6_73_434205c8.jpg,6,dark_FST5_6,0,0,0.005332936067134142
le-ma_f4_71_80203c8b.jpg,C:\Users\Angad\Desktop\StemFellowship\data\raw\fitzpatrick\Categorized_AbbrvName\le-ma_83\le-ma_f4_71_80203c8b.jpg,4,medium_FST3_4,1,1,0.9774302840232849
ju-xa_f2_96_6a6695fc.jpg,C:\Users\Angad\Desktop\StemFellowship\data\raw\fitzpatrick\Categorized_AbbrvName\ju-xa_149\ju-xa_f2_96_6a6695fc.jpg,2,light_FST1_2,0,0,0.04369738698005676
ka-sa_f6_41_be14688e.jpg,C:\Users\Angad\Desktop\StemFellowship\data\raw\fitzpatrick\Categorized_AbbrvName\ka-sa_156\ka-sa_f6_41_be14688e.jpg,6,dark_FST5_6,1,1,0.5085325241088867
xa_f3_2_8c28b566.jpg,C:\Users\Angad\Desktop\StemFellowship\data\raw\fitzpatrick\Categorized_AbbrvName\xa_53\xa_f3_2_8c28b566.jpg,3,medium_FST3_4,0,0,0.0015580279286950827
er-el-di_f2_0_8fdb7ba5.jpg,C:\Users\Angad\Desktop\StemFellowship\data\raw\fitzpatrick\Categorized_AbbrvName\er-el-di_55\er-el-di_f2_0_8fdb7ba5.jpg,2,light_FST1_2,0,0,0.23151537775993347
ne-in_f2_71_195973a8.jpg,C:\Users\Angad\Desktop\StemFellowship\data\raw\fitzpatrick\Categorized_AbbrvName\ne-in_260\ne-in_f2_71_195973a8.jpg,2,light_FST1_2,0,0,0.12261255830526352
eh-da-sy_f3_91_9952c884.jpg,C:\Users\Angad\Desktop\StemFellowship\data\raw\fitzpatrick\Categorized_AbbrvName\eh-da-sy_127\eh-da-sy_f3_91_9952c884.jpg,3,medium_FST3_4,0,0,0.3711533546447754
ep-ne_f2_84_cbb929b7.jpg,C:\Users\Angad\Desktop\StemFellowship\data\raw\fitzpatrick\Categorized_AbbrvName\ep-ne_91\ep-ne_f2_84_cbb929b7.jpg,2,light_FST1_2,0,0,0.14483363926410675
pi-ro_f5_135_72f10ad8.jpg,C:\Users\Angad\Desktop\StemFellowship\data\raw\fitzpatrick\Categorized_AbbrvName\pi-ro_193\pi-ro_f5_135_72f10ad8.jpg,5,dark_FST5_6,0,0,5.3541240049526095e-05
in-pi_f4_36_eefdf8cd.jpg,C:\Users\Angad\Desktop\StemFellowship\data\raw\fitzpatrick\Categorized_AbbrvName\in-pi_102\in-pi_f4_36_eefdf8cd.jpg,4,medium_FST3_4,0,0,0.3068678081035614
ly-di_f3_90_91c02a03.jpg,C:\Users\Angad\Desktop\StemFellowship\data\raw\fitzpatrick\Categorized_AbbrvName\ly-di_129\ly-di_f3_90_91c02a03.jpg,3,medium_FST3_4,0,0,0.4382815361022949
ha-ha-di_f2_58_911715df.jpg,C:\Users\Angad\Desktop\StemFellowship\data\raw\fitzpatrick\Categorized_AbbrvName\ha-ha-di_174\ha-ha-di_f2_58_911715df.jpg,2,light_FST1_2,0,0,0.03702409192919731
ha-ha-di_f2_28_d0ced9e5.jpg,C:\Users\Angad\Desktop\StemFellowship\data\raw\fitzpatrick\Categorized_AbbrvName\ha-ha-di_174\ha-ha-di_f2_28_d0ced9e5.jpg,2,light_FST1_2,0,0,0.25679999589920044
ne-in_f3_197_fa6ca6c8.jpg,C:\Users\Angad\Desktop\StemFellowship\data\raw\fitzpatrick\Categorized_AbbrvName\ne-in_260\ne-in_f3_197_fa6ca6c8.jpg,3,medium_FST3_4,0,0,0.4548134207725525
ur-pi_f2_15_e874b7a7.jpg,C:\Users\Angad\Desktop\StemFellowship\data\raw\fitzpatrick\Categorized_AbbrvName\ur-pi_112\ur-pi_f2_15_e874b7a7.jpg,2,light_FST1_2,0,0,0.003479407634586096
pi-ro_f2_110_4bc382e6.jpg,C:\Users\Angad\Desktop\StemFellowship\data\raw\fitzpatrick\Categorized_AbbrvName\pi-ro_193\pi-ro_f2_110_4bc382e6.jpg,2,light_FST1_2,0,0,0.011997919529676437
ba-ce-ca_f2_82_f576c38e.jpg,C:\Users\Angad\Desktop\StemFellowship\data\raw\fitzpatrick\Categorized_AbbrvName\ba-ce-ca_468\ba-ce-ca_f2_82_f576c38e.jpg,2,light_FST1_2,1,1,0.7712511420249939
se-de_f1_20_22ab1ad4.jpg,C:\Users\Angad\Desktop\StemFellowship\data\raw\fitzpatrick\Categorized_AbbrvName\se-de_126\se-de_f1_20_22ab1ad4.jpg,1,light_FST1_2,0,0,0.11755882203578949
pu-ps_f1_48_9e03d302.jpg,C:\Users\Angad\Desktop\StemFellowship\data\raw\fitzpatrick\Categorized_AbbrvName\pu-ps_53\pu-ps_f1_48_9e03d302.jpg,1,light_FST1_2,0,0,0.10023965686559677
ne-in_f1_14_10cb8fd5.jpg,C:\Users\Angad\Desktop\StemFellowship\data\raw\fitzpatrick\Categorized_AbbrvName\ne-in_260\ne-in_f1_14_10cb8fd5.jpg,1,light_FST1_2,0,0,0.17777176201343536
al-co-de_f4_133_2a258761.jpg,C:\Users\Angad\Desktop\StemFellowship\data\raw\fitzpatrick\Categorized_AbbrvName\al-co-de_430\al-co-de_f4_133_2a258761.jpg,4,medium_FST3_4,0,0,0.06647813320159912
er-no_f1_26_829edfa1.jpg,C:\Users\Angad\Desktop\StemFellowship\data\raw\fitzpatrick\Categorized_AbbrvName\er-no_81\er-no_f1_26_829edfa1.jpg,1,light_FST1_2,0,0,0.153670534491539
dr-in-pi-ch_f4_57_ad82e42d.jpg,C:\Users\Angad\Desktop\StemFellowship\data\raw\fitzpatrick\Categorized_AbbrvName\dr-in-pi-ch_71\dr-in-pi-ch_f4_57_ad82e42d.jpg,4,medium_FST3_4,0,0,0.0017836152110248804
ep-bu_f1_24_e7827073.jpg,C:\Users\Angad\Desktop\StemFellowship\data\raw\fitzpatrick\Categorized_AbbrvName\ep-bu_70\ep-bu_f1_24_e7827073.jpg,1,light_FST1_2,0,1,0.6131802201271057
pi-ro_f3_22_b1a49944.jpg,C:\Users\Angad\Desktop\StemFellowship\data\raw\fitzpatrick\Categorized_AbbrvName\pi-ro_193\pi-ro_f3_22_b1a49944.jpg,3,medium_FST3_4,0,0,0.00025199566152878106
po_f3_56_91258044.jpg,C:\Users\Angad\Desktop\StemFellowship\data\raw\fitzpatrick\Categorized_AbbrvName\po_127\po_f3_56_91258044.jpg,3,medium_FST3_4,0,0,0.13776805996894836
ju-xa_f4_7_32170ab2.jpg,C:\Users\Angad\Desktop\StemFellowship\data\raw\fitzpatrick\Categorized_AbbrvName\ju-xa_149\ju-xa_f4_7_32170ab2.jpg,4,medium_FST3_4,0,1,0.9268390536308289
ph_f1_29_6f093d06.jpg,C:\Users\Angad\Desktop\StemFellowship\data\raw\fitzpatrick\Categorized_AbbrvName\ph_348\ph_f1_29_6f093d06.jpg,1,light_FST1_2,0,1,0.6632276177406311
la-ce-hi_f2_9_b34922b3.jpg,C:\Users\Angad\Desktop\StemFellowship\data\raw\fitzpatrick\Categorized_AbbrvName\la-ce-hi_60\la-ce-hi_f2_9_b34922b3.jpg,2,light_FST1_2,0,0,0.04723786562681198
ba-ce-ca_f4_326_aba2c3ec.jpg,C:\Users\Angad\Desktop\StemFellowship\data\raw\fitzpatrick\Categorized_AbbrvName\ba-ce-ca_468\ba-ce-ca_f4_326_aba2c3ec.jpg,4,medium_FST3_4,1,1,0.9454826712608337
st-ed_f5_18_3ad2e6f5.jpg,C:\Users\Angad\Desktop\StemFellowship\data\raw\fitzpatrick\Categorized_AbbrvName\st-ed_69\st-ed_f5_18_3ad2e6f5.jpg,5,dark_FST5_6,0,0,0.4125714898109436
li-pl_f3_434_ec1d0ea2.jpg,C:\Users\Angad\Desktop\StemFellowship\data\raw\fitzpatrick\Categorized_AbbrvName\li-pl_491\li-pl_f3_434_ec1d0ea2.jpg,3,medium_FST3_4,0,0,0.00760768773034215
ka-sa_f3_103_2c79733c.jpg,C:\Users\Angad\Desktop\StemFellowship\data\raw\fitzpatrick\Categorized_AbbrvName\ka-sa_156\ka-sa_f3_103_2c79733c.jpg,3,medium_FST3_4,1,1,0.62663334608078
ph_f1_5_c014669f.jpg,C:\Users\Angad\Desktop\StemFellowship\data\raw\fitzpatrick\Categorized_AbbrvName\ph_348\ph_f1_5_c014669f.jpg,1,light_FST1_2,0,0,0.21893887221813202
st_f2_14_26783aea.jpg,C:\Users\Angad\Desktop\StemFellowship\data\raw\fitzpatrick\Categorized_AbbrvName\st_67\st_f2_14_26783aea.jpg,2,light_FST1_2,0,0,0.4282599687576294
fo-sp_f2_3_3f7aaf6d.jpg,C:\Users\Angad\Desktop\StemFellowship\data\raw\fitzpatrick\Categorized_AbbrvName\fo-sp_100\fo-sp_f2_3_3f7aaf6d.jpg,2,light_FST1_2,0,0,0.13247404992580414
tu_f2_138_fc3b5ed9.jpg,C:\Users\Angad\Desktop\StemFellowship\data\raw\fitzpatrick\Categorized_AbbrvName\tu_152\tu_f2_138_fc3b5ed9.jpg,2,light_FST1_2,0,0,0.4792173206806183
er-mu_f1_18_de2514c9.jpg,C:\Users\Angad\Desktop\StemFellowship\data\raw\fitzpatrick\Categorized_AbbrvName\er-mu_236\er-mu_f1_18_de2514c9.jpg,1,light_FST1_2,0,0,0.023675495758652687
ti-bi_f2_46_807e7342.jpg,C:\Users\Angad\Desktop\StemFellowship\data\raw\fitzpatrick\Categorized_AbbrvName\ti-bi_73\ti-bi_f2_46_807e7342.jpg,2,light_FST1_2,0,0,0.05376109853386879
pi-ro_f3_182_5fa19ac2.jpg,C:\Users\Angad\Desktop\StemFellowship\data\raw\fitzpatrick\Categorized_AbbrvName\pi-ro_193\pi-ro_f3_182_5fa19ac2.jpg,3,medium_FST3_4,0,0,0.0037287308368831873
ph_f3_225_f563950a.jpg,C:\Users\Angad\Desktop\StemFellowship\data\raw\fitzpatrick\Categorized_AbbrvName\ph_348\ph_f3_225_f563950a.jpg,3,medium_FST3_4,0,0,0.009564556181430817
gr-an_f1_151_83c0726e.jpg,C:\Users\Angad\Desktop\StemFellowship\data\raw\fitzpatrick\Categorized_AbbrvName\gr-an_211\gr-an_f1_151_83c0726e.jpg,1,light_FST1_2,0,0,0.16268965601921082
sq-ce-ca_f1_474_f7e7fb15.jpg,C:\Users\Angad\Desktop\StemFellowship\data\raw\fitzpatrick\Categorized_AbbrvName\sq-ce-ca_581\sq-ce-ca_f1_474_f7e7fb15.jpg,1,light_FST1_2,1,1,0.9508516192436218
pi-ru-pi_f4_129_3fcf0077.jpg,C:\Users\Angad\Desktop\StemFellowship\data\raw\fitzpatrick\Categorized_AbbrvName\pi-ru-pi_278\pi-ru-pi_f4_129_3fcf0077.jpg,4,medium_FST3_4,0,0,0.03318516165018082
ps_f2_178_4603fefb.jpg,C:\Users\Angad\Desktop\StemFellowship\data\raw\fitzpatrick\Categorized_AbbrvName\ps_653\ps_f2_178_4603fefb.jpg,2,light_FST1_2,0,1,0.6451184153556824
po_f3_82_b2dfc106.jpg,C:\Users\Angad\Desktop\StemFellowship\data\raw\fitzpatrick\Categorized_AbbrvName\po_127\po_f3_82_b2dfc106.jpg,3,medium_FST3_4,0,1,0.5904628038406372
pa_f4_45_a33ce0b9.jpg,C:\Users\Angad\Desktop\StemFellowship\data\raw\fitzpatrick\Categorized_AbbrvName\pa_59\pa_f4_45_a33ce0b9.jpg,4,medium_FST3_4,0,0,0.005681107752025127
tu-sc_f2_45_024df410.jpg,C:\Users\Angad\Desktop\StemFellowship\data\raw\fitzpatrick\Categorized_AbbrvName\tu-sc_141\tu-sc_f2_45_024df410.jpg,2,light_FST1_2,0,0,0.43330201506614685
ec_f3_178_c24bf40a.jpg,C:\Users\Angad\Desktop\StemFellowship\data\raw\fitzpatrick\Categorized_AbbrvName\ec_204\ec_f3_178_c24bf40a.jpg,3,medium_FST3_4,0,0,0.011664027348160744
pe-li_f3_97_94678fff.jpg,C:\Users\Angad\Desktop\StemFellowship\data\raw\fitzpatrick\Categorized_AbbrvName\pe-li_151\pe-li_f3_97_94678fff.jpg,3,medium_FST3_4,0,0,0.0002767823461908847
la-ce-hi_f1_23_8361c316.jpg,C:\Users\Angad\Desktop\StemFellowship\data\raw\fitzpatrick\Categorized_AbbrvName\la-ce-hi_60\la-ce-hi_f1_23_8361c316.jpg,1,light_FST1_2,0,0,0.44039592146873474
ke_f1_44_32cf32ea.jpg,C:\Users\Angad\Desktop\StemFellowship\data\raw\fitzpatrick\Categorized_AbbrvName\ke_156\ke_f1_44_32cf32ea.jpg,1,light_FST1_2,0,0,0.07191344350576401
py-gr_f5_43_be8b6845.jpg,C:\Users\Angad\Desktop\StemFellowship\data\raw\fitzpatrick\Categorized_AbbrvName\py-gr_113\py-gr_f5_43_be8b6845.jpg,5,dark_FST5_6,0,1,0.7307615876197815
lu-er_f2_79_51cf65ee.jpg,C:\Users\Angad\Desktop\StemFellowship\data\raw\fitzpatrick\Categorized_AbbrvName\lu-er_410\lu-er_f2_79_51cf65ee.jpg,2,light_FST1_2,0,0,0.34769609570503235
ke-pi_f5_48_96648076.jpg,C:\Users\Angad\Desktop\StemFellowship\data\raw\fitzpatrick\Categorized_AbbrvName\ke-pi_78\ke-pi_f5_48_96648076.jpg,5,dark_FST5_6,0,0,0.06971102952957153
me_f3_253_4695bfda.jpg,C:\Users\Angad\Desktop\StemFellowship\data\raw\fitzpatrick\Categorized_AbbrvName\me_261\me_f3_253_4695bfda.jpg,3,medium_FST3_4,1,1,0.9939364790916443
ne-de_f3_64_07c56513.jpg,C:\Users\Angad\Desktop\StemFellowship\data\raw\fitzpatrick\Categorized_AbbrvName\ne-de_361\ne-de_f3_64_07c56513.jpg,3,medium_FST3_4,0,1,0.5917384028434753
my-fu_f1_175_ac684a3d.jpg,C:\Users\Angad\Desktop\StemFellowship\data\raw\fitzpatrick\Categorized_AbbrvName\my-fu_182\my-fu_f1_175_ac684a3d.jpg,1,light_FST1_2,1,1,0.8049498796463013
pi_f3_31_6275c16e.jpg,C:\Users\Angad\Desktop\StemFellowship\data\raw\fitzpatrick\Categorized_AbbrvName\pi_53\pi_f3_31_6275c16e.jpg,3,medium_FST3_4,0,0,0.025156209245324135
fo_f4_72_bb197293.jpg,C:\Users\Angad\Desktop\StemFellowship\data\raw\fitzpatrick\Categorized_AbbrvName\fo_342\fo_f4_72_bb197293.jpg,4,medium_FST3_4,0,0,0.01658325269818306
sq-ce-ca_f2_241_ef876492.jpg,C:\Users\Angad\Desktop\StemFellowship\data\raw\fitzpatrick\Categorized_AbbrvName\sq-ce-ca_581\sq-ce-ca_f2_241_ef876492.jpg,2,light_FST1_2,1,1,0.8537035584449768
pi-ru-pi_f5_113_528e8095.jpg,C:\Users\Angad\Desktop\StemFellowship\data\raw\fitzpatrick\Categorized_AbbrvName\pi-ru-pi_278\pi-ru-pi_f5_113_528e8095.jpg,5,dark_FST5_6,0,0,0.15153643488883972
ba-ce-ca_f2_63_badbfab4.jpg,C:\Users\Angad\Desktop\StemFellowship\data\raw\fitzpatrick\Categorized_AbbrvName\ba-ce-ca_468\ba-ce-ca_f2_63_badbfab4.jpg,2,light_FST1_2,1,1,0.9826207756996155
ps_f1_283_7215ee9b.jpg,C:\Users\Angad\Desktop\StemFellowship\data\raw\fitzpatrick\Categorized_AbbrvName\ps_653\ps_f1_283_7215ee9b.jpg,1,light_FST1_2,0,0,0.15571552515029907
ne-de_f2_39_8b55e41b.jpg,C:\Users\Angad\Desktop\StemFellowship\data\raw\fitzpatrick\Categorized_AbbrvName\ne-de_361\ne-de_f2_39_8b55e41b.jpg,2,light_FST1_2,0,1,0.9280866980552673
ps_f4_556_b33df4d9.jpg,C:\Users\Angad\Desktop\StemFellowship\data\raw\fitzpatrick\Categorized_AbbrvName\ps_653\ps_f4_556_b33df4d9.jpg,4,medium_FST3_4,0,0,0.045342251658439636
ne-ex_f3_58_42f803e6.jpg,C:\Users\Angad\Desktop\StemFellowship\data\raw\fitzpatrick\Categorized_AbbrvName\ne-ex_73\ne-ex_f3_58_42f803e6.jpg,3,medium_FST3_4,0,0,0.0017517587402835488
ac_f1_127_f65b54cd.jpg,C:\Users\Angad\Desktop\StemFellowship\data\raw\fitzpatrick\Categorized_AbbrvName\ac_183\ac_f1_127_f65b54cd.jpg,1,light_FST1_2,0,0,0.051646750420331955
lu-er_f4_390_5348d2e6.jpg,C:\Users\Angad\Desktop\StemFellowship\data\raw\fitzpatrick\Categorized_AbbrvName\lu-er_410\lu-er_f4_390_5348d2e6.jpg,4,medium_FST3_4,0,0,0.0067354063503444195
py-gr_f2_48_a7a5cd82.jpg,C:\Users\Angad\Desktop\StemFellowship\data\raw\fitzpatrick\Categorized_AbbrvName\py-gr_113\py-gr_f2_48_a7a5cd82.jpg,2,light_FST1_2,0,1,0.8658967614173889
po_f5_59_659f58e8.jpg,C:\Users\Angad\Desktop\StemFellowship\data\raw\fitzpatrick\Categorized_AbbrvName\po_127\po_f5_59_659f58e8.jpg,5,dark_FST5_6,0,0,0.1693507730960846
ps_f2_25_ecfbdbcc.jpg,C:\Users\Angad\Desktop\StemFellowship\data\raw\fitzpatrick\Categorized_AbbrvName\ps_653\ps_f2_25_ecfbdbcc.jpg,2,light_FST1_2,0,0,0.29543110728263855
ur_f3_17_2fbb5c92.jpg,C:\Users\Angad\Desktop\StemFellowship\data\raw\fitzpatrick\Categorized_AbbrvName\ur_151\ur_f3_17_2fbb5c92.jpg,3,medium_FST3_4,0,0,0.010372820310294628
ph_f2_127_2f127e14.jpg,C:\Users\Angad\Desktop\StemFellowship\data\raw\fitzpatrick\Categorized_AbbrvName\ph_348\ph_f2_127_2f127e14.jpg,2,light_FST1_2,0,1,0.5120092034339905
st-jo-sy_f1_95_e3c9c1bd.jpg,C:\Users\Angad\Desktop\StemFellowship\data\raw\fitzpatrick\Categorized_AbbrvName\st-jo-sy_113\st-jo-sy_f1_95_e3c9c1bd.jpg,1,light_FST1_2,0,0,0.19309812784194946
in-pi_f2_91_3e55320f.jpg,C:\Users\Angad\Desktop\StemFellowship\data\raw\fitzpatrick\Categorized_AbbrvName\in-pi_102\in-pi_f2_91_3e55320f.jpg,2,light_FST1_2,0,0,0.09271402657032013
pe-li_f1_149_ac777801.jpg,C:\Users\Angad\Desktop\StemFellowship\data\raw\fitzpatrick\Categorized_AbbrvName\pe-li_151\pe-li_f1_149_ac777801.jpg,1,light_FST1_2,0,0,0.004383272957056761
lu-su_f2_15_438a1bfa.jpg,C:\Users\Angad\Desktop\StemFellowship\data\raw\fitzpatrick\Categorized_AbbrvName\lu-su_111\lu-su_f2_15_438a1bfa.jpg,2,light_FST1_2,0,0,0.2977104187011719
li-si_f1_60_ac2e6a82.jpg,C:\Users\Angad\Desktop\StemFellowship\data\raw\fitzpatrick\Categorized_AbbrvName\li-si_97\li-si_f1_60_ac2e6a82.jpg,1,light_FST1_2,0,0,0.13216349482536316
lu-er_f4_380_e152ce17.jpg,C:\Users\Angad\Desktop\StemFellowship\data\raw\fitzpatrick\Categorized_AbbrvName\lu-er_410\lu-er_f4_380_e152ce17.jpg,4,medium_FST3_4,0,0,0.015972523018717766
sa_f4_71_50c2273f.jpg,C:\Users\Angad\Desktop\StemFellowship\data\raw\fitzpatrick\Categorized_AbbrvName\sa_349\sa_f4_71_50c2273f.jpg,4,medium_FST3_4,0,0,0.010782563127577305
ps_f3_359_c5af9001.jpg,C:\Users\Angad\Desktop\StemFellowship\data\raw\fitzpatrick\Categorized_AbbrvName\ps_653\ps_f3_359_c5af9001.jpg,3,medium_FST3_4,0,1,0.9638149738311768
co-ne_f1_10_8169683a.jpg,C:\Users\Angad\Desktop\StemFellowship\data\raw\fitzpatrick\Categorized_AbbrvName\co-ne_68\co-ne_f1_10_8169683a.jpg,1,light_FST1_2,0,0,0.4171217978000641
sq-ce-ca_f2_44_c2ef361b.jpg,C:\Users\Angad\Desktop\StemFellowship\data\raw\fitzpatrick\Categorized_AbbrvName\sq-ce-ca_581\sq-ce-ca_f2_44_c2ef361b.jpg,2,light_FST1_2,1,1,0.5475863814353943
ur_f2_97_3acd23bc.jpg,C:\Users\Angad\Desktop\StemFellowship\data\raw\fitzpatrick\Categorized_AbbrvName\ur_151\ur_f2_97_3acd23bc.jpg,2,light_FST1_2,0,0,0.012988303788006306
ac-au-bu-di-ge_f1_42_b1e146e2.jpg,C:\Users\Angad\Desktop\StemFellowship\data\raw\fitzpatrick\Categorized_AbbrvName\ac-au-bu-di-ge_67\ac-au-bu-di-ge_f1_42_b1e146e2.jpg,1,light_FST1_2,0,1,0.5759051442146301
ps_f3_511_b457eadc.jpg,C:\Users\Angad\Desktop\StemFellowship\data\raw\fitzpatrick\Categorized_AbbrvName\ps_653\ps_f3_511_b457eadc.jpg,3,medium_FST3_4,0,0,0.009589885361492634
ac-au-bu-di-ge_f3_58_01506c81.jpg,C:\Users\Angad\Desktop\StemFellowship\data\raw\fitzpatrick\Categorized_AbbrvName\ac-au-bu-di-ge_67\ac-au-bu-di-ge_f3_58_01506c81.jpg,3,medium_FST3_4,0,0,0.08098381012678146
ke_f4_137_d1cd51f1.jpg,C:\Users\Angad\Desktop\StemFellowship\data\raw\fitzpatrick\Categorized_AbbrvName\ke_156\ke_f4_137_d1cd51f1.jpg,4,medium_FST3_4,0,0,0.006186777260154486
ps_f4_475_0be7804d.jpg,C:\Users\Angad\Desktop\StemFellowship\data\raw\fitzpatrick\Categorized_AbbrvName\ps_653\ps_f4_475_0be7804d.jpg,4,medium_FST3_4,0,1,0.73736971616745
ec_f1_67_f15bc382.jpg,C:\Users\Angad\Desktop\StemFellowship\data\raw\fitzpatrick\Categorized_AbbrvName\ec_204\ec_f1_67_f15bc382.jpg,1,light_FST1_2,0,0,0.3669274151325226
in-pi_f3_2_3c79c343.jpg,C:\Users\Angad\Desktop\StemFellowship\data\raw\fitzpatrick\Categorized_AbbrvName\in-pi_102\in-pi_f3_2_3c79c343.jpg,3,medium_FST3_4,0,0,0.06216531991958618
se-ke_f1_60_46d63b65.jpg,C:\Users\Angad\Desktop\StemFellowship\data\raw\fitzpatrick\Categorized_AbbrvName\se-ke_69\se-ke_f1_60_46d63b65.jpg,1,light_FST1_2,0,1,0.7633985280990601
sq-ce-ca_f1_119_8e78549a.jpg,C:\Users\Angad\Desktop\StemFellowship\data\raw\fitzpatrick\Categorized_AbbrvName\sq-ce-ca_581\sq-ce-ca_f1_119_8e78549a.jpg,1,light_FST1_2,1,1,0.6798924207687378
ps_f5_633_e0ccb5e5.jpg,C:\Users\Angad\Desktop\StemFellowship\data\raw\fitzpatrick\Categorized_AbbrvName\ps_653\ps_f5_633_e0ccb5e5.jpg,5,dark_FST5_6,0,0,0.021851131692528725
ne-in_f3_153_182c8a53.jpg,C:\Users\Angad\Desktop\StemFellowship\data\raw\fitzpatrick\Categorized_AbbrvName\ne-in_260\ne-in_f3_153_182c8a53.jpg,3,medium_FST3_4,0,0,0.0068296645767986774
vi_f5_119_6aa839fc.jpg,C:\Users\Angad\Desktop\StemFellowship\data\raw\fitzpatrick\Categorized_AbbrvName\vi_166\vi_f5_119_6aa839fc.jpg,5,dark_FST5_6,0,0,0.403857946395874
la-ce-hi_f1_54_f3609b75.jpg,C:\Users\Angad\Desktop\StemFellowship\data\raw\fitzpatrick\Categorized_AbbrvName\la-ce-hi_60\la-ce-hi_f1_54_f3609b75.jpg,1,light_FST1_2,0,1,0.5843284726142883
in-pi_f3_75_fac177c1.jpg,C:\Users\Angad\Desktop\StemFellowship\data\raw\fitzpatrick\Categorized_AbbrvName\in-pi_102\in-pi_f3_75_fac177c1.jpg,3,medium_FST3_4,0,0,0.162693589925766
fo_f2_48_ffbe4f79.jpg,C:\Users\Angad\Desktop\StemFellowship\data\raw\fitzpatrick\Categorized_AbbrvName\fo_342\fo_f2_48_ffbe4f79.jpg,2,light_FST1_2,0,0,0.025885339826345444
lu-er_f2_184_3b4bde58.jpg,C:\Users\Angad\Desktop\StemFellowship\data\raw\fitzpatrick\Categorized_AbbrvName\lu-er_410\lu-er_f2_184_3b4bde58.jpg,2,light_FST1_2,0,1,0.5552945137023926
li-si_f2_52_44bc5141.jpg,C:\Users\Angad\Desktop\StemFellowship\data\raw\fitzpatrick\Categorized_AbbrvName\li-si_97\li-si_f2_52_44bc5141.jpg,2,light_FST1_2,0,1,0.9443340301513672
ec_f3_197_211086e0.jpg,C:\Users\Angad\Desktop\StemFellowship\data\raw\fitzpatrick\Categorized_AbbrvName\ec_204\ec_f3_197_211086e0.jpg,3,medium_FST3_4,0,0,0.014725887216627598
in-pi_f2_20_dcf5d5da.jpg,C:\Users\Angad\Desktop\StemFellowship\data\raw\fitzpatrick\Categorized_AbbrvName\in-pi_102\in-pi_f2_20_dcf5d5da.jpg,2,light_FST1_2,0,0,0.00300785293802619
ne-li_f4_1_8438db40.jpg,C:\Users\Angad\Desktop\StemFellowship\data\raw\fitzpatrick\Categorized_AbbrvName\ne-li_123\ne-li_f4_1_8438db40.jpg,4,medium_FST3_4,0,0,0.04154464602470398
ne-in_f2_51_5ef1455e.jpg,C:\Users\Angad\Desktop\StemFellowship\data\raw\fitzpatrick\Categorized_AbbrvName\ne-in_260\ne-in_f2_51_5ef1455e.jpg,2,light_FST1_2,0,0,0.23985208570957184
er-mu_f5_142_dc7daff6.jpg,C:\Users\Angad\Desktop\StemFellowship\data\raw\fitzpatrick\Categorized_AbbrvName\er-mu_236\er-mu_f5_142_dc7daff6.jpg,5,dark_FST5_6,0,0,0.04925941303372383
dr-in-pi-ch_f6_33_dc9e6073.jpg,C:\Users\Angad\Desktop\StemFellowship\data\raw\fitzpatrick\Categorized_AbbrvName\dr-in-pi-ch_71\dr-in-pi-ch_f6_33_dc9e6073.jpg,6,dark_FST5_6,0,0,0.16034170985221863
pe-de_f2_43_6862ef7f.jpg,C:\Users\Angad\Desktop\StemFellowship\data\raw\fitzpatrick\Categorized_AbbrvName\pe-de_61\pe-de_f2_43_6862ef7f.jpg,2,light_FST1_2,0,0,0.00393671216443181
se-de_f1_54_8c146796.jpg,C:\Users\Angad\Desktop\StemFellowship\data\raw\fitzpatrick\Categorized_AbbrvName\se-de_126\se-de_f1_54_8c146796.jpg,1,light_FST1_2,0,0,0.01669074408710003
gr-an_f2_0_9dc73230.jpg,C:\Users\Angad\Desktop\StemFellowship\data\raw\fitzpatrick\Categorized_AbbrvName\gr-an_211\gr-an_f2_0_9dc73230.jpg,2,light_FST1_2,0,0,0.2343011498451233
ps_f6_367_b6f9c924.jpg,C:\Users\Angad\Desktop\StemFellowship\data\raw\fitzpatrick\Categorized_AbbrvName\ps_653\ps_f6_367_b6f9c924.jpg,6,dark_FST5_6,0,0,0.26859334111213684
ne-in_f3_32_c07cacc0.jpg,C:\Users\Angad\Desktop\StemFellowship\data\raw\fitzpatrick\Categorized_AbbrvName\ne-in_260\ne-in_f3_32_c07cacc0.jpg,3,medium_FST3_4,0,0,0.058067966252565384
fo_f3_313_728f4e10.jpg,C:\Users\Angad\Desktop\StemFellowship\data\raw\fitzpatrick\Categorized_AbbrvName\fo_342\fo_f3_313_728f4e10.jpg,3,medium_FST3_4,0,0,6.991028931224719e-05
ur-pi_f1_87_9631fcf4.jpg,C:\Users\Angad\Desktop\StemFellowship\data\raw\fitzpatrick\Categorized_AbbrvName\ur-pi_112\ur-pi_f1_87_9631fcf4.jpg,1,light_FST1_2,0,0,0.0074252476915717125
fi-er_f4_22_c20e5d95.jpg,C:\Users\Angad\Desktop\StemFellowship\data\raw\fitzpatrick\Categorized_AbbrvName\fi-er_125\fi-er_f4_22_c20e5d95.jpg,4,medium_FST3_4,0,0,0.014279168099164963
fo_f2_24_13e27cd3.jpg,C:\Users\Angad\Desktop\StemFellowship\data\raw\fitzpatrick\Categorized_AbbrvName\fo_342\fo_f2_24_13e27cd3.jpg,2,light_FST1_2,0,0,0.1258159726858139
ne-ne_f2_22_870cd24c.jpg,C:\Users\Angad\Desktop\StemFellowship\data\raw\fitzpatrick\Categorized_AbbrvName\ne-ne_86\ne-ne_f2_22_870cd24c.jpg,2,light_FST1_2,0,1,0.5197193622589111
po-ac_f3_181_29818f25.jpg,C:\Users\Angad\Desktop\StemFellowship\data\raw\fitzpatrick\Categorized_AbbrvName\po-ac_183\po-ac_f3_181_29818f25.jpg,3,medium_FST3_4,0,0,0.12748689949512482
dr-er_f2_150_91f03ff7.jpg,C:\Users\Angad\Desktop\StemFellowship\data\raw\fitzpatrick\Categorized_AbbrvName\dr-er_200\dr-er_f2_150_91f03ff7.jpg,2,light_FST1_2,0,0,0.008787511847913265
ph_f3_46_344a8714.jpg,C:\Users\Angad\Desktop\StemFellowship\data\raw\fitzpatrick\Categorized_AbbrvName\ph_348\ph_f3_46_344a8714.jpg,3,medium_FST3_4,0,0,0.14011862874031067
ch_f2_59_29976dbd.jpg,C:\Users\Angad\Desktop\StemFellowship\data\raw\fitzpatrick\Categorized_AbbrvName\ch_106\ch_f2_59_29976dbd.jpg,2,light_FST1_2,0,0,0.12028545886278152
sy_f4_25_764e922a.jpg,C:\Users\Angad\Desktop\StemFellowship\data\raw\fitzpatrick\Categorized_AbbrvName\sy_127\sy_f4_25_764e922a.jpg,4,medium_FST3_4,0,0,6.663786916760728e-05
da-di_f5_145_67997e7a.jpg,C:\Users\Angad\Desktop\StemFellowship\data\raw\fitzpatrick\Categorized_AbbrvName\da-di_153\da-di_f5_145_67997e7a.jpg,5,dark_FST5_6,0,0,0.01602904126048088
me_f2_123_59c60187.jpg,C:\Users\Angad\Desktop\StemFellowship\data\raw\fitzpatrick\Categorized_AbbrvName\me_261\me_f2_123_59c60187.jpg,2,light_FST1_2,1,1,0.9645909070968628
ph_f4_17_9f670a54.jpg,C:\Users\Angad\Desktop\StemFellowship\data\raw\fitzpatrick\Categorized_AbbrvName\ph_348\ph_f4_17_9f670a54.jpg,4,medium_FST3_4,0,0,0.01582087017595768
pe-de_f2_58_33c91196.jpg,C:\Users\Angad\Desktop\StemFellowship\data\raw\fitzpatrick\Categorized_AbbrvName\pe-de_61\pe-de_f2_58_33c91196.jpg,2,light_FST1_2,0,0,0.004879530053585768
sy_f3_64_972927af.jpg,C:\Users\Angad\Desktop\StemFellowship\data\raw\fitzpatrick\Categorized_AbbrvName\sy_127\sy_f3_64_972927af.jpg,3,medium_FST3_4,0,0,0.007779181934893131
pi-ru-pi_f3_197_001b1edd.jpg,C:\Users\Angad\Desktop\StemFellowship\data\raw\fitzpatrick\Categorized_AbbrvName\pi-ru-pi_278\pi-ru-pi_f3_197_001b1edd.jpg,3,medium_FST3_4,0,0,0.10187845677137375
ba-ce-ca_f2_263_f420eb73.jpg,C:\Users\Angad\Desktop\StemFellowship\data\raw\fitzpatrick\Categorized_AbbrvName\ba-ce-ca_468\ba-ce-ca_f2_263_f420eb73.jpg,2,light_FST1_2,1,0,0.47339603304862976
me_f1_140_85bfb732.jpg,C:\Users\Angad\Desktop\StemFellowship\data\raw\fitzpatrick\Categorized_AbbrvName\me_261\me_f1_140_85bfb732.jpg,1,light_FST1_2,1,1,0.7162065505981445
sa_f3_316_28eb8c02.jpg,C:\Users\Angad\Desktop\StemFellowship\data\raw\fitzpatrick\Categorized_AbbrvName\sa_349\sa_f3_316_28eb8c02.jpg,3,medium_FST3_4,0,0,0.0003951869730371982
pi-cy_f3_9_3f5d673d.jpg,C:\Users\Angad\Desktop\StemFellowship\data\raw\fitzpatrick\Categorized_AbbrvName\pi-cy_93\pi-cy_f3_9_3f5d673d.jpg,3,medium_FST3_4,0,1,0.9367495179176331
ep-bu_f5_3_2fa39d64.jpg,C:\Users\Angad\Desktop\StemFellowship\data\raw\fitzpatrick\Categorized_AbbrvName\ep-bu_70\ep-bu_f5_3_2fa39d64.jpg,5,dark_FST5_6,0,0,0.0004434743314050138
fo_f4_248_441be9cb.jpg,C:\Users\Angad\Desktop\StemFellowship\data\raw\fitzpatrick\Categorized_AbbrvName\fo_342\fo_f4_248_441be9cb.jpg,4,medium_FST3_4,0,0,0.30439871549606323
ac_f3_119_5e39496a.jpg,C:\Users\Angad\Desktop\StemFellowship\data\raw\fitzpatrick\Categorized_AbbrvName\ac_183\ac_f3_119_5e39496a.jpg,3,medium_FST3_4,0,0,0.3687817454338074
ka-sa_f3_15_860fa241.jpg,C:\Users\Angad\Desktop\StemFellowship\data\raw\fitzpatrick\Categorized_AbbrvName\ka-sa_156\ka-sa_f3_15_860fa241.jpg,3,medium_FST3_4,1,1,0.994948148727417
da-di_f5_126_1fe42da5.jpg,C:\Users\Angad\Desktop\StemFellowship\data\raw\fitzpatrick\Categorized_AbbrvName\da-di_153\da-di_f5_126_1fe42da5.jpg,5,dark_FST5_6,0,0,0.04211404174566269
ne-ex_f3_67_999914e8.jpg,C:\Users\Angad\Desktop\StemFellowship\data\raw\fitzpatrick\Categorized_AbbrvName\ne-ex_73\ne-ex_f3_67_999914e8.jpg,3,medium_FST3_4,0,0,0.17100882530212402
pi-li-ch_f2_53_3239c265.jpg,C:\Users\Angad\Desktop\StemFellowship\data\raw\fitzpatrick\Categorized_AbbrvName\pi-li-ch_73\pi-li-ch_f2_53_3239c265.jpg,2,light_FST1_2,0,0,0.12359961867332458
ne-de_f4_276_2c8d7482.jpg,C:\Users\Angad\Desktop\StemFellowship\data\raw\fitzpatrick\Categorized_AbbrvName\ne-de_361\ne-de_f4_276_2c8d7482.jpg,4,medium_FST3_4,0,0,0.057801857590675354
tu-sc_f3_121_3f10e22d.jpg,C:\Users\Angad\Desktop\StemFellowship\data\raw\fitzpatrick\Categorized_AbbrvName\tu-sc_141\tu-sc_f3_121_3f10e22d.jpg,3,medium_FST3_4,0,0,0.007999792695045471
ec_f2_158_b2cc009b.jpg,C:\Users\Angad\Desktop\StemFellowship\data\raw\fitzpatrick\Categorized_AbbrvName\ec_204\ec_f2_158_b2cc009b.jpg,2,light_FST1_2,0,0,0.004685379099100828
su-sp-me-ss_f2_88_cba6bd5b.jpg,C:\Users\Angad\Desktop\StemFellowship\data\raw\fitzpatrick\Categorized_AbbrvName\su-sp-me-ss_118\su-sp-me-ss_f2_88_cba6bd5b.jpg,2,light_FST1_2,1,1,0.8742010593414307
po_f5_123_4927681b.jpg,C:\Users\Angad\Desktop\StemFellowship\data\raw\fitzpatrick\Categorized_AbbrvName\po_127\po_f5_123_4927681b.jpg,5,dark_FST5_6,0,0,0.04905489459633827
ba-ce-ca_f5_343_032b3adb.jpg,C:\Users\Angad\Desktop\StemFellowship\data\raw\fitzpatrick\Categorized_AbbrvName\ba-ce-ca_468\ba-ce-ca_f5_343_032b3adb.jpg,5,dark_FST5_6,1,1,0.9987438321113586
hi_f4_78_f356bce5.jpg,C:\Users\Angad\Desktop\StemFellowship\data\raw\fitzpatrick\Categorized_AbbrvName\hi_90\hi_f4_78_f356bce5.jpg,4,medium_FST3_4,0,0,0.0036963531747460365
dy-ec_f6_81_e545c822.jpg,C:\Users\Angad\Desktop\StemFellowship\data\raw\fitzpatrick\Categorized_AbbrvName\dy-ec_83\dy-ec_f6_81_e545c822.jpg,6,dark_FST5_6,0,0,0.014125487767159939
ec_f1_13_ebd49c44.jpg,C:\Users\Angad\Desktop\StemFellowship\data\raw\fitzpatrick\Categorized_AbbrvName\ec_204\ec_f1_13_ebd49c44.jpg,1,light_FST1_2,0,0,0.0026007399428635836
sq-ce-ca_f1_69_26108459.jpg,C:\Users\Angad\Desktop\StemFellowship\data\raw\fitzpatrick\Categorized_AbbrvName\sq-ce-ca_581\sq-ce-ca_f1_69_26108459.jpg,1,light_FST1_2,1,0,0.1050531268119812
po-ac_f4_12_eb9e3bbb.jpg,C:\Users\Angad\Desktop\StemFellowship\data\raw\fitzpatrick\Categorized_AbbrvName\po-ac_183\po-ac_f4_12_eb9e3bbb.jpg,4,medium_FST3_4,0,0,0.10182585567235947
ur_f1_34_0455b31f.jpg,C:\Users\Angad\Desktop\StemFellowship\data\raw\fitzpatrick\Categorized_AbbrvName\ur_151\ur_f1_34_0455b31f.jpg,1,light_FST1_2,0,0,0.17960141599178314
ju-xa_f4_144_3b52518f.jpg,C:\Users\Angad\Desktop\StemFellowship\data\raw\fitzpatrick\Categorized_AbbrvName\ju-xa_149\ju-xa_f4_144_3b52518f.jpg,4,medium_FST3_4,0,1,0.6505237817764282
sa_f3_262_5ed67af6.jpg,C:\Users\Angad\Desktop\StemFellowship\data\raw\fitzpatrick\Categorized_AbbrvName\sa_349\sa_f3_262_5ed67af6.jpg,3,medium_FST3_4,0,0,0.007352940272539854
gr-an_f4_193_add35647.jpg,C:\Users\Angad\Desktop\StemFellowship\data\raw\fitzpatrick\Categorized_AbbrvName\gr-an_211\gr-an_f4_193_add35647.jpg,4,medium_FST3_4,0,0,0.00807579979300499
hi_f2_44_b76000db.jpg,C:\Users\Angad\Desktop\StemFellowship\data\raw\fitzpatrick\Categorized_AbbrvName\hi_90\hi_f2_44_b76000db.jpg,2,light_FST1_2,0,0,0.4667956531047821
fo-sp_f2_0_f3189064.jpg,C:\Users\Angad\Desktop\StemFellowship\data\raw\fitzpatrick\Categorized_AbbrvName\fo-sp_100\fo-sp_f2_0_f3189064.jpg,2,light_FST1_2,0,0,0.044846780598163605
pe-li_f2_100_e449ddb6.jpg,C:\Users\Angad\Desktop\StemFellowship\data\raw\fitzpatrick\Categorized_AbbrvName\pe-li_151\pe-li_f2_100_e449ddb6.jpg,2,light_FST1_2,0,0,0.0063546765595674515
pi-ro_f4_49_a837e01a.jpg,C:\Users\Angad\Desktop\StemFellowship\data\raw\fitzpatrick\Categorized_AbbrvName\pi-ro_193\pi-ro_f4_49_a837e01a.jpg,4,medium_FST3_4,0,0,0.0266850758343935
er-mu_f4_17_1222dd7e.jpg,C:\Users\Angad\Desktop\StemFellowship\data\raw\fitzpatrick\Categorized_AbbrvName\er-mu_236\er-mu_f4_17_1222dd7e.jpg,4,medium_FST3_4,0,1,0.7287167906761169
ne-li_f3_10_f4b9c2fa.jpg,C:\Users\Angad\Desktop\StemFellowship\data\raw\fitzpatrick\Categorized_AbbrvName\ne-li_123\ne-li_f3_10_f4b9c2fa.jpg,3,medium_FST3_4,0,0,0.14097529649734497
tu_f2_6_5f12eae6.jpg,C:\Users\Angad\Desktop\StemFellowship\data\raw\fitzpatrick\Categorized_AbbrvName\tu_152\tu_f2_6_5f12eae6.jpg,2,light_FST1_2,0,1,0.6495515704154968
dr-er_f2_24_0c030c00.jpg,C:\Users\Angad\Desktop\StemFellowship\data\raw\fitzpatrick\Categorized_AbbrvName\dr-er_200\dr-er_f2_24_0c030c00.jpg,2,light_FST1_2,0,0,0.11826707422733307
ka-sa_f3_78_d882dc1a.jpg,C:\Users\Angad\Desktop\StemFellowship\data\raw\fitzpatrick\Categorized_AbbrvName\ka-sa_156\ka-sa_f3_78_d882dc1a.jpg,3,medium_FST3_4,1,1,0.9190571904182434
pu-ps_f5_7_c44faf32.jpg,C:\Users\Angad\Desktop\StemFellowship\data\raw\fitzpatrick\Categorized_AbbrvName\pu-ps_53\pu-ps_f5_7_c44faf32.jpg,5,dark_FST5_6,0,0,0.0031730434857308865
ac-ke_f4_172_4caae357.jpg,C:\Users\Angad\Desktop\StemFellowship\data\raw\fitzpatrick\Categorized_AbbrvName\ac-ke_175\ac-ke_f4_172_4caae357.jpg,4,medium_FST3_4,1,0,0.49592703580856323
li-am_f2_46_2eedc599.jpg,C:\Users\Angad\Desktop\StemFellowship\data\raw\fitzpatrick\Categorized_AbbrvName\li-am_77\li-am_f2_46_2eedc599.jpg,2,light_FST1_2,0,0,0.0619596429169178
ba-ce-ca_f5_315_915d7fa3.jpg,C:\Users\Angad\Desktop\StemFellowship\data\raw\fitzpatrick\Categorized_AbbrvName\ba-ce-ca_468\ba-ce-ca_f5_315_915d7fa3.jpg,5,dark_FST5_6,1,0,0.12636220455169678
fi-er_f3_18_294ac8f3.jpg,C:\Users\Angad\Desktop\StemFellowship\data\raw\fitzpatrick\Categorized_AbbrvName\fi-er_125\fi-er_f3_18_294ac8f3.jpg,3,medium_FST3_4,0,0,0.3893701732158661
ac-ke_f3_160_093fcc49.jpg,C:\Users\Angad\Desktop\StemFellowship\data\raw\fitzpatrick\Categorized_AbbrvName\ac-ke_175\ac-ke_f3_160_093fcc49.jpg,3,medium_FST3_4,1,1,0.5494915843009949
ne-in_f2_252_4b64f603.jpg,C:\Users\Angad\Desktop\StemFellowship\data\raw\fitzpatrick\Categorized_AbbrvName\ne-in_260\ne-in_f2_252_4b64f603.jpg,2,light_FST1_2,0,0,0.00912302453070879
eh-da-sy_f3_73_1c230599.jpg,C:\Users\Angad\Desktop\StemFellowship\data\raw\fitzpatrick\Categorized_AbbrvName\eh-da-sy_127\eh-da-sy_f3_73_1c230599.jpg,3,medium_FST3_4,0,0,0.024193158373236656
fo-sp_f5_31_3954d049.jpg,C:\Users\Angad\Desktop\StemFellowship\data\raw\fitzpatrick\Categorized_AbbrvName\fo-sp_100\fo-sp_f5_31_3954d049.jpg,5,dark_FST5_6,0,0,0.28754639625549316
li-si_f6_95_ca3f8fb8.jpg,C:\Users\Angad\Desktop\StemFellowship\data\raw\fitzpatrick\Categorized_AbbrvName\li-si_97\li-si_f6_95_ca3f8fb8.jpg,6,dark_FST5_6,0,0,0.005603225901722908
ly-di_f1_15_257785e2.jpg,C:\Users\Angad\Desktop\StemFellowship\data\raw\fitzpatrick\Categorized_AbbrvName\ly-di_129\ly-di_f1_15_257785e2.jpg,1,light_FST1_2,0,0,0.36292827129364014
gr-py_f1_11_8bad7346.jpg,C:\Users\Angad\Desktop\StemFellowship\data\raw\fitzpatrick\Categorized_AbbrvName\gr-py_75\gr-py_f1_11_8bad7346.jpg,1,light_FST1_2,0,1,0.9010908603668213
eh-da-sy_f4_68_da0147ea.jpg,C:\Users\Angad\Desktop\StemFellowship\data\raw\fitzpatrick\Categorized_AbbrvName\eh-da-sy_127\eh-da-sy_f4_68_da0147ea.jpg,4,medium_FST3_4,0,0,0.33192482590675354
pr-no_f5_149_6659ec02.jpg,C:\Users\Angad\Desktop\StemFellowship\data\raw\fitzpatrick\Categorized_AbbrvName\pr-no_170\pr-no_f5_149_6659ec02.jpg,5,dark_FST5_6,0,0,0.10560595244169235
hi_f4_88_b1bf4a41.jpg,C:\Users\Angad\Desktop\StemFellowship\data\raw\fitzpatrick\Categorized_AbbrvName\hi_90\hi_f4_88_b1bf4a41.jpg,4,medium_FST3_4,0,0,0.008137637749314308
ep-ne_f1_37_883073ce.jpg,C:\Users\Angad\Desktop\StemFellowship\data\raw\fitzpatrick\Categorized_AbbrvName\ep-ne_91\ep-ne_f1_37_883073ce.jpg,1,light_FST1_2,0,0,0.014893275685608387
ac-au-bu-di-ge_f1_27_ec8e57d5.jpg,C:\Users\Angad\Desktop\StemFellowship\data\raw\fitzpatrick\Categorized_AbbrvName\ac-au-bu-di-ge_67\ac-au-bu-di-ge_f1_27_ec8e57d5.jpg,1,light_FST1_2,0,0,0.0424385704100132
ne-li_f3_8_26aa34a8.jpg,C:\Users\Angad\Desktop\StemFellowship\data\raw\fitzpatrick\Categorized_AbbrvName\ne-li_123\ne-li_f3_8_26aa34a8.jpg,3,medium_FST3_4,0,0,0.010557664558291435
sa_f3_121_eb4cbb5b.jpg,C:\Users\Angad\Desktop\StemFellowship\data\raw\fitzpatrick\Categorized_AbbrvName\sa_349\sa_f3_121_eb4cbb5b.jpg,3,medium_FST3_4,0,0,0.13387084007263184
al-co-de_f3_373_b70c026a.jpg,C:\Users\Angad\Desktop\StemFellowship\data\raw\fitzpatrick\Categorized_AbbrvName\al-co-de_430\al-co-de_f3_373_b70c026a.jpg,3,medium_FST3_4,0,0,0.2847817540168762
ur_f4_59_9b3dd1c8.jpg,C:\Users\Angad\Desktop\StemFellowship\data\raw\fitzpatrick\Categorized_AbbrvName\ur_151\ur_f4_59_9b3dd1c8.jpg,4,medium_FST3_4,0,0,0.035515040159225464
mi_f2_12_43b19bd3.jpg,C:\Users\Angad\Desktop\StemFellowship\data\raw\fitzpatrick\Categorized_AbbrvName\mi_112\mi_f2_12_43b19bd3.jpg,2,light_FST1_2,0,0,0.21564194560050964
ke_f3_147_74042e64.jpg,C:\Users\Angad\Desktop\StemFellowship\data\raw\fitzpatrick\Categorized_AbbrvName\ke_156\ke_f3_147_74042e64.jpg,3,medium_FST3_4,0,0,0.01854667253792286
vi_f3_109_0cda7ac0.jpg,C:\Users\Angad\Desktop\StemFellowship\data\raw\fitzpatrick\Categorized_AbbrvName\vi_166\vi_f3_109_0cda7ac0.jpg,3,medium_FST3_4,0,0,0.47043558955192566
me_f3_167_079c3dd9.jpg,C:\Users\Angad\Desktop\StemFellowship\data\raw\fitzpatrick\Categorized_AbbrvName\me_261\me_f3_167_079c3dd9.jpg,3,medium_FST3_4,1,0,0.11955622583627701
mi_f2_88_55149479.jpg,C:\Users\Angad\Desktop\StemFellowship\data\raw\fitzpatrick\Categorized_AbbrvName\mi_112\mi_f2_88_55149479.jpg,2,light_FST1_2,0,0,0.06823629885911942
ac_f1_120_117f28ca.jpg,C:\Users\Angad\Desktop\StemFellowship\data\raw\fitzpatrick\Categorized_AbbrvName\ac_183\ac_f1_120_117f28ca.jpg,1,light_FST1_2,0,0,0.003507360816001892
me_f2_99_d4bc1c91.jpg,C:\Users\Angad\Desktop\StemFellowship\data\raw\fitzpatrick\Categorized_AbbrvName\me_261\me_f2_99_d4bc1c91.jpg,2,light_FST1_2,1,1,0.9986541271209717
pi-ru-pi_f3_179_d085ea1d.jpg,C:\Users\Angad\Desktop\StemFellowship\data\raw\fitzpatrick\Categorized_AbbrvName\pi-ru-pi_278\pi-ru-pi_f3_179_d085ea1d.jpg,3,medium_FST3_4,0,0,0.040912993252277374
ac-ni_f3_83_8d94fea4.jpg,C:\Users\Angad\Desktop\StemFellowship\data\raw\fitzpatrick\Categorized_AbbrvName\ac-ni_92\ac-ni_f3_83_8d94fea4.jpg,3,medium_FST3_4,0,0,0.006929103285074234
ep-ne_f2_21_6ed995cc.jpg,C:\Users\Angad\Desktop\StemFellowship\data\raw\fitzpatrick\Categorized_AbbrvName\ep-ne_91\ep-ne_f2_21_6ed995cc.jpg,2,light_FST1_2,0,0,0.29657185077667236
dy-ec_f2_63_afa29788.jpg,C:\Users\Angad\Desktop\StemFellowship\data\raw\fitzpatrick\Categorized_AbbrvName\dy-ec_83\dy-ec_f2_63_afa29788.jpg,2,light_FST1_2,0,0,0.15058211982250214
eh-da-sy_f3_107_05739ac5.jpg,C:\Users\Angad\Desktop\StemFellowship\data\raw\fitzpatrick\Categorized_AbbrvName\eh-da-sy_127\eh-da-sy_f3_107_05739ac5.jpg,3,medium_FST3_4,0,0,0.12459300458431244
sy_f2_90_741cf02d.jpg,C:\Users\Angad\Desktop\StemFellowship\data\raw\fitzpatrick\Categorized_AbbrvName\sy_127\sy_f2_90_741cf02d.jpg,2,light_FST1_2,0,0,0.014030376449227333
te_f1_94_d26899a0.jpg,C:\Users\Angad\Desktop\StemFellowship\data\raw\fitzpatrick\Categorized_AbbrvName\te_126\te_f1_94_d26899a0.jpg,1,light_FST1_2,0,1,0.6333950757980347
fa-de_f5_62_6e1a80dd.jpg,C:\Users\Angad\Desktop\StemFellowship\data\raw\fitzpatrick\Categorized_AbbrvName\fa-de_66\fa-de_f5_62_6e1a80dd.jpg,5,dark_FST5_6,0,0,3.107635711785406e-05
po-wi-st_f3_17_01011bb3.jpg,C:\Users\Angad\Desktop\StemFellowship\data\raw\fitzpatrick\Categorized_AbbrvName\po-wi-st_59\po-wi-st_f3_17_01011bb3.jpg,3,medium_FST3_4,0,1,0.834755003452301
dr-in-pi-ch_f2_36_e2a6ea2a.jpg,C:\Users\Angad\Desktop\StemFellowship\data\raw\fitzpatrick\Categorized_AbbrvName\dr-in-pi-ch_71\dr-in-pi-ch_f2_36_e2a6ea2a.jpg,2,light_FST1_2,0,0,0.42586034536361694
al-co-de_f3_231_213b08aa.jpg,C:\Users\Angad\Desktop\StemFellowship\data\raw\fitzpatrick\Categorized_AbbrvName\al-co-de_430\al-co-de_f3_231_213b08aa.jpg,3,medium_FST3_4,0,0,0.004682684782892466
sq-ce-ca_f3_520_a9789ebb.jpg,C:\Users\Angad\Desktop\StemFellowship\data\raw\fitzpatrick\Categorized_AbbrvName\sq-ce-ca_581\sq-ce-ca_f3_520_a9789ebb.jpg,3,medium_FST3_4,1,0,0.4706946015357971
su-sp-me-ss_f2_96_3abf697c.jpg,C:\Users\Angad\Desktop\StemFellowship\data\raw\fitzpatrick\Categorized_AbbrvName\su-sp-me-ss_118\su-sp-me-ss_f2_96_3abf697c.jpg,2,light_FST1_2,1,1,0.7008166313171387
al-co-de_f3_278_671720f1.jpg,C:\Users\Angad\Desktop\StemFellowship\data\raw\fitzpatrick\Categorized_AbbrvName\al-co-de_430\al-co-de_f3_278_671720f1.jpg,3,medium_FST3_4,0,0,0.036189738661050797
fa-de_f1_2_9e537072.jpg,C:\Users\Angad\Desktop\StemFellowship\data\raw\fitzpatrick\Categorized_AbbrvName\fa-de_66\fa-de_f1_2_9e537072.jpg,1,light_FST1_2,0,1,0.9663529992103577
tu_f2_78_e6ee23c6.jpg,C:\Users\Angad\Desktop\StemFellowship\data\raw\fitzpatrick\Categorized_AbbrvName\tu_152\tu_f2_78_e6ee23c6.jpg,2,light_FST1_2,0,0,0.46592381596565247
so-cy-ba-ce-ca_f2_9_bcd9a842.jpg,C:\Users\Angad\Desktop\StemFellowship\data\raw\fitzpatrick\Categorized_AbbrvName\so-cy-ba-ce-ca_66\so-cy-ba-ce-ca_f2_9_bcd9a842.jpg,2,light_FST1_2,1,1,0.9411937594413757
ne-in_f4_134_fdfd34f8.jpg,C:\Users\Angad\Desktop\StemFellowship\data\raw\fitzpatrick\Categorized_AbbrvName\ne-in_260\ne-in_f4_134_fdfd34f8.jpg,4,medium_FST3_4,0,1,0.5457138419151306
li-pl_f1_248_965747b2.jpg,C:\Users\Angad\Desktop\StemFellowship\data\raw\fitzpatrick\Categorized_AbbrvName\li-pl_491\li-pl_f1_248_965747b2.jpg,1,light_FST1_2,0,0,0.15877491235733032
ne-ne_f1_15_56556910.jpg,C:\Users\Angad\Desktop\StemFellowship\data\raw\fitzpatrick\Categorized_AbbrvName\ne-ne_86\ne-ne_f1_15_56556910.jpg,1,light_FST1_2,0,1,0.781629741191864
sq-ce-ca_f5_75_7136379c.jpg,C:\Users\Angad\Desktop\StemFellowship\data\raw\fitzpatrick\Categorized_AbbrvName\sq-ce-ca_581\sq-ce-ca_f5_75_7136379c.jpg,5,dark_FST5_6,1,1,0.9949892163276672
ac_f1_34_728a36e8.jpg,C:\Users\Angad\Desktop\StemFellowship\data\raw\fitzpatrick\Categorized_AbbrvName\ac_183\ac_f1_34_728a36e8.jpg,1,light_FST1_2,0,1,0.844711422920227
li-pl_f2_29_00a61ae0.jpg,C:\Users\Angad\Desktop\StemFellowship\data\raw\fitzpatrick\Categorized_AbbrvName\li-pl_491\li-pl_f2_29_00a61ae0.jpg,2,light_FST1_2,0,0,0.3371017873287201
ro_f2_22_c63758ff.jpg,C:\Users\Angad\Desktop\StemFellowship\data\raw\fitzpatrick\Categorized_AbbrvName\ro_102\ro_f2_22_c63758ff.jpg,2,light_FST1_2,0,0,0.004852805286645889
fo-sp_f1_51_742c83b0.jpg,C:\Users\Angad\Desktop\StemFellowship\data\raw\fitzpatrick\Categorized_AbbrvName\fo-sp_100\fo-sp_f1_51_742c83b0.jpg,1,light_FST1_2,0,0,0.3204557001590729
ac_f2_9_4776fafd.jpg,C:\Users\Angad\Desktop\StemFellowship\data\raw\fitzpatrick\Categorized_AbbrvName\ac_183\ac_f2_9_4776fafd.jpg,2,light_FST1_2,0,0,0.02453680895268917
lu-su_f1_73_55970043.jpg,C:\Users\Angad\Desktop\StemFellowship\data\raw\fitzpatrick\Categorized_AbbrvName\lu-su_111\lu-su_f1_73_55970043.jpg,1,light_FST1_2,0,1,0.5027470588684082
ba-ce-ca_f2_337_edf35e6b.jpg,C:\Users\Angad\Desktop\StemFellowship\data\raw\fitzpatrick\Categorized_AbbrvName\ba-ce-ca_468\ba-ce-ca_f2_337_edf35e6b.jpg,2,light_FST1_2,1,1,0.9897792935371399
ur_f3_53_273c1426.jpg,C:\Users\Angad\Desktop\StemFellowship\data\raw\fitzpatrick\Categorized_AbbrvName\ur_151\ur_f3_53_273c1426.jpg,3,medium_FST3_4,0,0,0.035951852798461914
sy_f5_89_a562d02d.jpg,C:\Users\Angad\Desktop\StemFellowship\data\raw\fitzpatrick\Categorized_AbbrvName\sy_127\sy_f5_89_a562d02d.jpg,5,dark_FST5_6,0,0,3.2074531191028655e-06
fi-er_f3_118_01735166.jpg,C:\Users\Angad\Desktop\StemFellowship\data\raw\fitzpatrick\Categorized_AbbrvName\fi-er_125\fi-er_f3_118_01735166.jpg,3,medium_FST3_4,0,0,0.19769521057605743
pi-ru-pi_f5_204_78c9b762.jpg,C:\Users\Angad\Desktop\StemFellowship\data\raw\fitzpatrick\Categorized_AbbrvName\pi-ru-pi_278\pi-ru-pi_f5_204_78c9b762.jpg,5,dark_FST5_6,0,0,0.00010044344526249915
ne-in_f2_187_7cba4dce.jpg,C:\Users\Angad\Desktop\StemFellowship\data\raw\fitzpatrick\Categorized_AbbrvName\ne-in_260\ne-in_f2_187_7cba4dce.jpg,2,light_FST1_2,0,0,0.1732541024684906
ne-in_f3_48_ed3b425c.jpg,C:\Users\Angad\Desktop\StemFellowship\data\raw\fitzpatrick\Categorized_AbbrvName\ne-in_260\ne-in_f3_48_ed3b425c.jpg,3,medium_FST3_4,0,0,0.2853267192840576
fi-er_f3_65_8ea0d683.jpg,C:\Users\Angad\Desktop\StemFellowship\data\raw\fitzpatrick\Categorized_AbbrvName\fi-er_125\fi-er_f3_65_8ea0d683.jpg,3,medium_FST3_4,0,0,0.029226083308458328
lu-er_f4_284_46c2dac7.jpg,C:\Users\Angad\Desktop\StemFellowship\data\raw\fitzpatrick\Categorized_AbbrvName\lu-er_410\lu-er_f4_284_46c2dac7.jpg,4,medium_FST3_4,0,0,0.36226627230644226
ke-pi_f3_25_cf9fa91e.jpg,C:\Users\Angad\Desktop\StemFellowship\data\raw\fitzpatrick\Categorized_AbbrvName\ke-pi_78\ke-pi_f3_25_cf9fa91e.jpg,3,medium_FST3_4,0,0,0.0018243837403133512
me_f1_127_125842e1.jpg,C:\Users\Angad\Desktop\StemFellowship\data\raw\fitzpatrick\Categorized_AbbrvName\me_261\me_f1_127_125842e1.jpg,1,light_FST1_2,1,1,0.749885082244873
gr-py_f2_40_55ec8488.jpg,C:\Users\Angad\Desktop\StemFellowship\data\raw\fitzpatrick\Categorized_AbbrvName\gr-py_75\gr-py_f2_40_55ec8488.jpg,2,light_FST1_2,0,1,0.7246090173721313
ba-ce-ca_f6_242_6b174a5d.jpg,C:\Users\Angad\Desktop\StemFellowship\data\raw\fitzpatrick\Categorized_AbbrvName\ba-ce-ca_468\ba-ce-ca_f6_242_6b174a5d.jpg,6,dark_FST5_6,1,1,0.9946020841598511
me_f4_75_879ce3af.jpg,C:\Users\Angad\Desktop\StemFellowship\data\raw\fitzpatrick\Categorized_AbbrvName\me_261\me_f4_75_879ce3af.jpg,4,medium_FST3_4,1,1,0.9558000564575195
po-ac_f4_30_aa887512.jpg,C:\Users\Angad\Desktop\StemFellowship\data\raw\fitzpatrick\Categorized_AbbrvName\po-ac_183\po-ac_f4_30_aa887512.jpg,4,medium_FST3_4,0,0,0.05587902292609215
ne-ne_f1_56_f4f27399.jpg,C:\Users\Angad\Desktop\StemFellowship\data\raw\fitzpatrick\Categorized_AbbrvName\ne-ne_86\ne-ne_f1_56_f4f27399.jpg,1,light_FST1_2,0,0,0.17625285685062408
po-ac_f3_168_5fb6e34e.jpg,C:\Users\Angad\Desktop\StemFellowship\data\raw\fitzpatrick\Categorized_AbbrvName\po-ac_183\po-ac_f3_168_5fb6e34e.jpg,3,medium_FST3_4,0,0,0.05579790100455284
ac_f5_176_6bbb87c1.jpg,C:\Users\Angad\Desktop\StemFellowship\data\raw\fitzpatrick\Categorized_AbbrvName\ac_183\ac_f5_176_6bbb87c1.jpg,5,dark_FST5_6,0,0,0.037798069417476654
da-di_f4_136_7de9a740.jpg,C:\Users\Angad\Desktop\StemFellowship\data\raw\fitzpatrick\Categorized_AbbrvName\da-di_153\da-di_f4_136_7de9a740.jpg,4,medium_FST3_4,0,0,0.018659401684999466
li-pl_f6_382_15beb0ac.jpg,C:\Users\Angad\Desktop\StemFellowship\data\raw\fitzpatrick\Categorized_AbbrvName\li-pl_491\li-pl_f6_382_15beb0ac.jpg,6,dark_FST5_6,0,0,0.052103254944086075
ac-vu_f3_126_ebebe04c.jpg,C:\Users\Angad\Desktop\StemFellowship\data\raw\fitzpatrick\Categorized_AbbrvName\ac-vu_335\ac-vu_f3_126_ebebe04c.jpg,3,medium_FST3_4,0,0,0.09754763543605804
er-an-ce_f3_64_a7101e38.jpg,C:\Users\Angad\Desktop\StemFellowship\data\raw\fitzpatrick\Categorized_AbbrvName\er-an-ce_88\er-an-ce_f3_64_a7101e38.jpg,3,medium_FST3_4,0,0,0.00025211196043528616
my_f3_24_2b400c31.jpg,C:\Users\Angad\Desktop\StemFellowship\data\raw\fitzpatrick\Categorized_AbbrvName\my_67\my_f3_24_2b400c31.jpg,3,medium_FST3_4,0,0,0.025843050330877304
ph_f2_143_617c9157.jpg,C:\Users\Angad\Desktop\StemFellowship\data\raw\fitzpatrick\Categorized_AbbrvName\ph_348\ph_f2_143_617c9157.jpg,2,light_FST1_2,0,0,0.2602787911891937
er-mu_f3_181_857054d9.jpg,C:\Users\Angad\Desktop\StemFellowship\data\raw\fitzpatrick\Categorized_AbbrvName\er-mu_236\er-mu_f3_181_857054d9.jpg,3,medium_FST3_4,0,1,0.668283224105835
ac-ke_f3_45_0dd2cb24.jpg,C:\Users\Angad\Desktop\StemFellowship\data\raw\fitzpatrick\Categorized_AbbrvName\ac-ke_175\ac-ke_f3_45_0dd2cb24.jpg,3,medium_FST3_4,1,0,0.32271820306777954
ur_f1_95_fb416b58.jpg,C:\Users\Angad\Desktop\StemFellowship\data\raw\fitzpatrick\Categorized_AbbrvName\ur_151\ur_f1_95_fb416b58.jpg,1,light_FST1_2,0,1,0.773169219493866
sq-ce-ca_f3_396_eefcaa40.jpg,C:\Users\Angad\Desktop\StemFellowship\data\raw\fitzpatrick\Categorized_AbbrvName\sq-ce-ca_581\sq-ce-ca_f3_396_eefcaa40.jpg,3,medium_FST3_4,1,1,0.9867783784866333
pi-ru-pi_f3_145_aa52eecd.jpg,C:\Users\Angad\Desktop\StemFellowship\data\raw\fitzpatrick\Categorized_AbbrvName\pi-ru-pi_278\pi-ru-pi_f3_145_aa52eecd.jpg,3,medium_FST3_4,0,0,0.0020747226662933826
na-co_f2_41_3fe39fb0.jpg,C:\Users\Angad\Desktop\StemFellowship\data\raw\fitzpatrick\Categorized_AbbrvName\na-co_73\na-co_f2_41_3fe39fb0.jpg,2,light_FST1_2,0,0,0.20818834006786346
pi-cy_f2_78_530b010e.jpg,C:\Users\Angad\Desktop\StemFellowship\data\raw\fitzpatrick\Categorized_AbbrvName\pi-cy_93\pi-cy_f2_78_530b010e.jpg,2,light_FST1_2,0,1,0.951795756816864
po-wi-st_f2_36_13d64f9a.jpg,C:\Users\Angad\Desktop\StemFellowship\data\raw\fitzpatrick\Categorized_AbbrvName\po-wi-st_59\po-wi-st_f2_36_13d64f9a.jpg,2,light_FST1_2,0,0,0.002120684366673231
ha-ne_f4_31_32a5ecac.jpg,C:\Users\Angad\Desktop\StemFellowship\data\raw\fitzpatrick\Categorized_AbbrvName\ha-ne_82\ha-ne_f4_31_32a5ecac.jpg,4,medium_FST3_4,0,0,0.06912355870008469
su-da-sk_f2_51_802df9a9.jpg,C:\Users\Angad\Desktop\StemFellowship\data\raw\fitzpatrick\Categorized_AbbrvName\su-da-sk_66\su-da-sk_f2_51_802df9a9.jpg,2,light_FST1_2,0,0,0.3403297960758209
pi-ro_f5_53_c6b6a33b.jpg,C:\Users\Angad\Desktop\StemFellowship\data\raw\fitzpatrick\Categorized_AbbrvName\pi-ro_193\pi-ro_f5_53_c6b6a33b.jpg,5,dark_FST5_6,0,0,1.2598845387401525e-05
lu-su_f5_105_d8e4dab2.jpg,C:\Users\Angad\Desktop\StemFellowship\data\raw\fitzpatrick\Categorized_AbbrvName\lu-su_111\lu-su_f5_105_d8e4dab2.jpg,5,dark_FST5_6,0,0,0.002954386407509446
sa_f2_238_5942c7f1.jpg,C:\Users\Angad\Desktop\StemFellowship\data\raw\fitzpatrick\Categorized_AbbrvName\sa_349\sa_f2_238_5942c7f1.jpg,2,light_FST1_2,0,0,0.16341760754585266
er-an-ce_f3_38_35bb1ee2.jpg,C:\Users\Angad\Desktop\StemFellowship\data\raw\fitzpatrick\Categorized_AbbrvName\er-an-ce_88\er-an-ce_f3_38_35bb1ee2.jpg,3,medium_FST3_4,0,0,0.22998164594173431
ac-vu_f3_239_3b3da93b.jpg,C:\Users\Angad\Desktop\StemFellowship\data\raw\fitzpatrick\Categorized_AbbrvName\ac-vu_335\ac-vu_f3_239_3b3da93b.jpg,3,medium_FST3_4,0,0,0.49734920263290405
ec_f2_170_493b84bf.jpg,C:\Users\Angad\Desktop\StemFellowship\data\raw\fitzpatrick\Categorized_AbbrvName\ec_204\ec_f2_170_493b84bf.jpg,2,light_FST1_2,0,0,0.2761189937591553
ne-ne_f2_77_9df19e45.jpg,C:\Users\Angad\Desktop\StemFellowship\data\raw\fitzpatrick\Categorized_AbbrvName\ne-ne_86\ne-ne_f2_77_9df19e45.jpg,2,light_FST1_2,0,1,0.8200944662094116
sq-ce-ca_f4_465_6dab8f11.jpg,C:\Users\Angad\Desktop\StemFellowship\data\raw\fitzpatrick\Categorized_AbbrvName\sq-ce-ca_581\sq-ce-ca_f4_465_6dab8f11.jpg,4,medium_FST3_4,1,0,0.0224123727530241
pi-ru-pi_f5_241_f4ad8def.jpg,C:\Users\Angad\Desktop\StemFellowship\data\raw\fitzpatrick\Categorized_AbbrvName\pi-ru-pi_278\pi-ru-pi_f5_241_f4ad8def.jpg,5,dark_FST5_6,0,0,0.004946260713040829
al-co-de_f1_144_c252ff2e.jpg,C:\Users\Angad\Desktop\StemFellowship\data\raw\fitzpatrick\Categorized_AbbrvName\al-co-de_430\al-co-de_f1_144_c252ff2e.jpg,1,light_FST1_2,0,0,0.010479395277798176
st_f5_38_87b020cf.jpg,C:\Users\Angad\Desktop\StemFellowship\data\raw\fitzpatrick\Categorized_AbbrvName\st_67\st_f5_38_87b020cf.jpg,5,dark_FST5_6,0,0,0.00902160070836544
eh-da-sy_f1_75_26928d6c.jpg,C:\Users\Angad\Desktop\StemFellowship\data\raw\fitzpatrick\Categorized_AbbrvName\eh-da-sy_127\eh-da-sy_f1_75_26928d6c.jpg,1,light_FST1_2,0,0,0.3155227303504944
ur_f3_100_fbfa0cf8.jpg,C:\Users\Angad\Desktop\StemFellowship\data\raw\fitzpatrick\Categorized_AbbrvName\ur_151\ur_f3_100_fbfa0cf8.jpg,3,medium_FST3_4,0,0,0.21797533333301544
ly_f3_49_2317f02d.jpg,C:\Users\Angad\Desktop\StemFellowship\data\raw\fitzpatrick\Categorized_AbbrvName\ly_100\ly_f3_49_2317f02d.jpg,3,medium_FST3_4,0,0,0.14236992597579956
lu-er_f4_123_3abeec9d.jpg,C:\Users\Angad\Desktop\StemFellowship\data\raw\fitzpatrick\Categorized_AbbrvName\lu-er_410\lu-er_f4_123_3abeec9d.jpg,4,medium_FST3_4,0,0,0.020743124186992645
ba-ce-ca_f1_101_0ac16a51.jpg,C:\Users\Angad\Desktop\StemFellowship\data\raw\fitzpatrick\Categorized_AbbrvName\ba-ce-ca_468\ba-ce-ca_f1_101_0ac16a51.jpg,1,light_FST1_2,1,1,0.9816762208938599
ne-ne_f1_25_47533058.jpg,C:\Users\Angad\Desktop\StemFellowship\data\raw\fitzpatrick\Categorized_AbbrvName\ne-ne_86\ne-ne_f1_25_47533058.jpg,1,light_FST1_2,0,1,0.7738250494003296
my-fu_f2_54_0adf95c8.jpg,C:\Users\Angad\Desktop\StemFellowship\data\raw\fitzpatrick\Categorized_AbbrvName\my-fu_182\my-fu_f2_54_0adf95c8.jpg,2,light_FST1_2,1,1,0.9638603925704956
eh-da-sy_f1_74_dfeb7e2d.jpg,C:\Users\Angad\Desktop\StemFellowship\data\raw\fitzpatrick\Categorized_AbbrvName\eh-da-sy_127\eh-da-sy_f1_74_dfeb7e2d.jpg,1,light_FST1_2,0,0,0.22320951521396637
tu_f3_47_74ebd26b.jpg,C:\Users\Angad\Desktop\StemFellowship\data\raw\fitzpatrick\Categorized_AbbrvName\tu_152\tu_f3_47_74ebd26b.jpg,3,medium_FST3_4,0,0,0.09170152246952057
ne-de_f4_223_ba3c6812.jpg,C:\Users\Angad\Desktop\StemFellowship\data\raw\fitzpatrick\Categorized_AbbrvName\ne-de_361\ne-de_f4_223_ba3c6812.jpg,4,medium_FST3_4,0,0,0.38039517402648926
sy_f2_5_c5af585a.jpg,C:\Users\Angad\Desktop\StemFellowship\data\raw\fitzpatrick\Categorized_AbbrvName\sy_127\sy_f2_5_c5af585a.jpg,2,light_FST1_2,0,0,0.17010167241096497
pi-ru-pi_f3_139_9a9e8952.jpg,C:\Users\Angad\Desktop\StemFellowship\data\raw\fitzpatrick\Categorized_AbbrvName\pi-ru-pi_278\pi-ru-pi_f3_139_9a9e8952.jpg,3,medium_FST3_4,0,0,0.0005458265659399331
ne-de_f6_280_a381a9e5.jpg,C:\Users\Angad\Desktop\StemFellowship\data\raw\fitzpatrick\Categorized_AbbrvName\ne-de_361\ne-de_f6_280_a381a9e5.jpg,6,dark_FST5_6,0,0,0.03032844513654709
al-co-de_f1_97_0bfbcf0f.jpg,C:\Users\Angad\Desktop\StemFellowship\data\raw\fitzpatrick\Categorized_AbbrvName\al-co-de_430\al-co-de_f1_97_0bfbcf0f.jpg,1,light_FST1_2,0,0,0.1300319880247116
ph_f3_107_6772a5c1.jpg,C:\Users\Angad\Desktop\StemFellowship\data\raw\fitzpatrick\Categorized_AbbrvName\ph_348\ph_f3_107_6772a5c1.jpg,3,medium_FST3_4,0,0,0.13180412352085114
fo_f3_67_567f012b.jpg,C:\Users\Angad\Desktop\StemFellowship\data\raw\fitzpatrick\Categorized_AbbrvName\fo_342\fo_f3_67_567f012b.jpg,3,medium_FST3_4,0,0,0.009683825075626373
eh-da-sy_f5_102_7a7b0a10.jpg,C:\Users\Angad\Desktop\StemFellowship\data\raw\fitzpatrick\Categorized_AbbrvName\eh-da-sy_127\eh-da-sy_f5_102_7a7b0a10.jpg,5,dark_FST5_6,0,0,0.011732873506844044
ne-li_f5_101_b8d84adb.jpg,C:\Users\Angad\Desktop\StemFellowship\data\raw\fitzpatrick\Categorized_AbbrvName\ne-li_123\ne-li_f5_101_b8d84adb.jpg,5,dark_FST5_6,0,0,0.20463000237941742
ph_f3_12_f5972e10.jpg,C:\Users\Angad\Desktop\StemFellowship\data\raw\fitzpatrick\Categorized_AbbrvName\ph_348\ph_f3_12_f5972e10.jpg,3,medium_FST3_4,0,0,0.0013965512625873089
ne-in_f4_0_f23937e8.jpg,C:\Users\Angad\Desktop\StemFellowship\data\raw\fitzpatrick\Categorized_AbbrvName\ne-in_260\ne-in_f4_0_f23937e8.jpg,4,medium_FST3_4,0,0,0.09000662714242935
er-el-di_f5_10_be283cd4.jpg,C:\Users\Angad\Desktop\StemFellowship\data\raw\fitzpatrick\Categorized_AbbrvName\er-el-di_55\er-el-di_f5_10_be283cd4.jpg,5,dark_FST5_6,0,0,0.0012681734515354037
dy-ec_f2_68_883ce60f.jpg,C:\Users\Angad\Desktop\StemFellowship\data\raw\fitzpatrick\Categorized_AbbrvName\dy-ec_83\dy-ec_f2_68_883ce60f.jpg,2,light_FST1_2,0,1,0.6450525522232056
ph_f2_103_628718f4.jpg,C:\Users\Angad\Desktop\StemFellowship\data\raw\fitzpatrick\Categorized_AbbrvName\ph_348\ph_f2_103_628718f4.jpg,2,light_FST1_2,0,1,0.6031505465507507
ac-au-bu-di-ge_f4_41_41770d73.jpg,C:\Users\Angad\Desktop\StemFellowship\data\raw\fitzpatrick\Categorized_AbbrvName\ac-au-bu-di-ge_67\ac-au-bu-di-ge_f4_41_41770d73.jpg,4,medium_FST3_4,0,1,0.9635214805603027
ps_f4_621_72425b50.jpg,C:\Users\Angad\Desktop\StemFellowship\data\raw\fitzpatrick\Categorized_AbbrvName\ps_653\ps_f4_621_72425b50.jpg,4,medium_FST3_4,0,1,0.5007047057151794
ba-ce-ca-mo_f1_25_ac09be61.jpg,C:\Users\Angad\Desktop\StemFellowship\data\raw\fitzpatrick\Categorized_AbbrvName\ba-ce-ca-mo_62\ba-ce-ca-mo_f1_25_ac09be61.jpg,1,light_FST1_2,1,1,0.915878176689148
ph_f3_145_b7eeb974.jpg,C:\Users\Angad\Desktop\StemFellowship\data\raw\fitzpatrick\Categorized_AbbrvName\ph_348\ph_f3_145_b7eeb974.jpg,3,medium_FST3_4,0,0,0.23750193417072296
da-di_f2_50_ee7324b3.jpg,C:\Users\Angad\Desktop\StemFellowship\data\raw\fitzpatrick\Categorized_AbbrvName\da-di_153\da-di_f2_50_ee7324b3.jpg,2,light_FST1_2,0,0,0.24358654022216797
ne-in_f4_81_8befff3b.jpg,C:\Users\Angad\Desktop\StemFellowship\data\raw\fitzpatrick\Categorized_AbbrvName\ne-in_260\ne-in_f4_81_8befff3b.jpg,4,medium_FST3_4,0,0,0.014127864502370358
tu-sc_f2_88_29940950.jpg,C:\Users\Angad\Desktop\StemFellowship\data\raw\fitzpatrick\Categorized_AbbrvName\tu-sc_141\tu-sc_f2_88_29940950.jpg,2,light_FST1_2,0,1,0.5807812213897705
sq-ce-ca_f2_34_48cec03c.jpg,C:\Users\Angad\Desktop\StemFellowship\data\raw\fitzpatrick\Categorized_AbbrvName\sq-ce-ca_581\sq-ce-ca_f2_34_48cec03c.jpg,2,light_FST1_2,1,1,0.9888443350791931
ph_f6_300_b5cce14f.jpg,C:\Users\Angad\Desktop\StemFellowship\data\raw\fitzpatrick\Categorized_AbbrvName\ph_348\ph_f6_300_b5cce14f.jpg,6,dark_FST5_6,0,0,0.00923832692205906
st-ed_f2_25_de0b136d.jpg,C:\Users\Angad\Desktop\StemFellowship\data\raw\fitzpatrick\Categorized_AbbrvName\st-ed_69\st-ed_f2_25_de0b136d.jpg,2,light_FST1_2,0,0,0.062001101672649384
me_f5_198_70766ed2.jpg,C:\Users\Angad\Desktop\StemFellowship\data\raw\fitzpatrick\Categorized_AbbrvName\me_261\me_f5_198_70766ed2.jpg,5,dark_FST5_6,1,1,0.9174754023551941
pi-ru-pi_f5_20_6264b352.jpg,C:\Users\Angad\Desktop\StemFellowship\data\raw\fitzpatrick\Categorized_AbbrvName\pi-ru-pi_278\pi-ru-pi_f5_20_6264b352.jpg,5,dark_FST5_6,0,0,0.0002887792943511158
dr-er_f4_33_0e8d52d1.jpg,C:\Users\Angad\Desktop\StemFellowship\data\raw\fitzpatrick\Categorized_AbbrvName\dr-er_200\dr-er_f4_33_0e8d52d1.jpg,4,medium_FST3_4,0,0,0.009182112291455269
al-co-de_f2_39_d188695a.jpg,C:\Users\Angad\Desktop\StemFellowship\data\raw\fitzpatrick\Categorized_AbbrvName\al-co-de_430\al-co-de_f2_39_d188695a.jpg,2,light_FST1_2,0,0,0.0048137325793504715
po-ac_f5_8_c3907cd7.jpg,C:\Users\Angad\Desktop\StemFellowship\data\raw\fitzpatrick\Categorized_AbbrvName\po-ac_183\po-ac_f5_8_c3907cd7.jpg,5,dark_FST5_6,0,0,0.020923269912600517
ac_f1_38_df7bcb30.jpg,C:\Users\Angad\Desktop\StemFellowship\data\raw\fitzpatrick\Categorized_AbbrvName\ac_183\ac_f1_38_df7bcb30.jpg,1,light_FST1_2,0,0,0.3794610798358917
te_f5_125_d53296d3.jpg,C:\Users\Angad\Desktop\StemFellowship\data\raw\fitzpatrick\Categorized_AbbrvName\te_126\te_f5_125_d53296d3.jpg,5,dark_FST5_6,0,0,0.005064318422228098
vi_f4_23_96670c60.jpg,C:\Users\Angad\Desktop\StemFellowship\data\raw\fitzpatrick\Categorized_AbbrvName\vi_166\vi_f4_23_96670c60.jpg,4,medium_FST3_4,0,0,0.09073192626237869
pr-no_f3_165_a419dce4.jpg,C:\Users\Angad\Desktop\StemFellowship\data\raw\fitzpatrick\Categorized_AbbrvName\pr-no_170\pr-no_f3_165_a419dce4.jpg,3,medium_FST3_4,0,0,0.1010744720697403
py-gr_f3_30_4094556d.jpg,C:\Users\Angad\Desktop\StemFellowship\data\raw\fitzpatrick\Categorized_AbbrvName\py-gr_113\py-gr_f3_30_4094556d.jpg,3,medium_FST3_4,0,1,0.7981440424919128
ne-de_f1_60_bf14a418.jpg,C:\Users\Angad\Desktop\StemFellowship\data\raw\fitzpatrick\Categorized_AbbrvName\ne-de_361\ne-de_f1_60_bf14a418.jpg,1,light_FST1_2,0,0,0.0018170702969655395
fo_f3_226_c253c552.jpg,C:\Users\Angad\Desktop\StemFellowship\data\raw\fitzpatrick\Categorized_AbbrvName\fo_342\fo_f3_226_c253c552.jpg,3,medium_FST3_4,0,0,0.028203502297401428
ne-de_f5_20_d6946659.jpg,C:\Users\Angad\Desktop\StemFellowship\data\raw\fitzpatrick\Categorized_AbbrvName\ne-de_361\ne-de_f5_20_d6946659.jpg,5,dark_FST5_6,0,0,0.2654954791069031
li-pl_f2_39_62f3327b.jpg,C:\Users\Angad\Desktop\StemFellowship\data\raw\fitzpatrick\Categorized_AbbrvName\li-pl_491\li-pl_f2_39_62f3327b.jpg,2,light_FST1_2,0,0,0.13390502333641052
pi-cy_f2_46_94e13acd.jpg,C:\Users\Angad\Desktop\StemFellowship\data\raw\fitzpatrick\Categorized_AbbrvName\pi-cy_93\pi-cy_f2_46_94e13acd.jpg,2,light_FST1_2,0,1,0.6799542307853699
se-de_f2_61_63644d5c.jpg,C:\Users\Angad\Desktop\StemFellowship\data\raw\fitzpatrick\Categorized_AbbrvName\se-de_126\se-de_f2_61_63644d5c.jpg,2,light_FST1_2,0,0,0.36754339933395386
li-pl_f4_489_de727a04.jpg,C:\Users\Angad\Desktop\StemFellowship\data\raw\fitzpatrick\Categorized_AbbrvName\li-pl_491\li-pl_f4_489_de727a04.jpg,4,medium_FST3_4,0,0,0.15618275105953217
lu-er_f6_0_6d4be984.jpg,C:\Users\Angad\Desktop\StemFellowship\data\raw\fitzpatrick\Categorized_AbbrvName\lu-er_410\lu-er_f6_0_6d4be984.jpg,6,dark_FST5_6,0,0,0.0016581022646278143
sa_f2_139_480fe2fb.jpg,C:\Users\Angad\Desktop\StemFellowship\data\raw\fitzpatrick\Categorized_AbbrvName\sa_349\sa_f2_139_480fe2fb.jpg,2,light_FST1_2,0,1,0.5166983008384705
mu-cy_f1_59_a69f3179.jpg,C:\Users\Angad\Desktop\StemFellowship\data\raw\fitzpatrick\Categorized_AbbrvName\mu-cy_79\mu-cy_f1_59_a69f3179.jpg,1,light_FST1_2,0,0,0.16411098837852478
mu_f2_76_d23f2bc6.jpg,C:\Users\Angad\Desktop\StemFellowship\data\raw\fitzpatrick\Categorized_AbbrvName\mu_92\mu_f2_76_d23f2bc6.jpg,2,light_FST1_2,0,0,0.4685719907283783
sa_f5_170_f68e79c4.jpg,C:\Users\Angad\Desktop\StemFellowship\data\raw\fitzpatrick\Categorized_AbbrvName\sa_349\sa_f5_170_f68e79c4.jpg,5,dark_FST5_6,0,0,0.3201618790626526
my-fu_f4_140_8ba5d484.jpg,C:\Users\Angad\Desktop\StemFellowship\data\raw\fitzpatrick\Categorized_AbbrvName\my-fu_182\my-fu_f4_140_8ba5d484.jpg,4,medium_FST3_4,1,0,0.23315493762493134
my-fu_f1_177_34d86d19.jpg,C:\Users\Angad\Desktop\StemFellowship\data\raw\fitzpatrick\Categorized_AbbrvName\my-fu_182\my-fu_f1_177_34d86d19.jpg,1,light_FST1_2,1,1,0.9752426147460938
ka-sa_f5_118_df8704cc.jpg,C:\Users\Angad\Desktop\StemFellowship\data\raw\fitzpatrick\Categorized_AbbrvName\ka-sa_156\ka-sa_f5_118_df8704cc.jpg,5,dark_FST5_6,1,1,0.85279780626297
ac-en_f2_15_f5ac6862.jpg,C:\Users\Angad\Desktop\StemFellowship\data\raw\fitzpatrick\Categorized_AbbrvName\ac-en_92\ac-en_f2_15_f5ac6862.jpg,2,light_FST1_2,0,0,0.49073123931884766
mu-cy_f1_61_4b4fed3c.jpg,C:\Users\Angad\Desktop\StemFellowship\data\raw\fitzpatrick\Categorized_AbbrvName\mu-cy_79\mu-cy_f1_61_4b4fed3c.jpg,1,light_FST1_2,0,1,0.8385859727859497
ne-de_f2_121_425d3b17.jpg,C:\Users\Angad\Desktop\StemFellowship\data\raw\fitzpatrick\Categorized_AbbrvName\ne-de_361\ne-de_f2_121_425d3b17.jpg,2,light_FST1_2,0,0,0.1114470362663269
be-di_f3_49_781840e1.jpg,C:\Users\Angad\Desktop\StemFellowship\data\raw\fitzpatrick\Categorized_AbbrvName\be-di_63\be-di_f3_49_781840e1.jpg,3,medium_FST3_4,0,0,0.014258538372814655
ps_f2_79_5bc562de.jpg,C:\Users\Angad\Desktop\StemFellowship\data\raw\fitzpatrick\Categorized_AbbrvName\ps_653\ps_f2_79_5bc562de.jpg,2,light_FST1_2,0,0,0.21850554645061493
pe-li_f2_40_56c32028.jpg,C:\Users\Angad\Desktop\StemFellowship\data\raw\fitzpatrick\Categorized_AbbrvName\pe-li_151\pe-li_f2_40_56c32028.jpg,2,light_FST1_2,0,0,0.020796043798327446
ur_f3_56_631ff673.jpg,C:\Users\Angad\Desktop\StemFellowship\data\raw\fitzpatrick\Categorized_AbbrvName\ur_151\ur_f3_56_631ff673.jpg,3,medium_FST3_4,0,0,0.003090374870225787
lu-er_f5_334_2a38635d.jpg,C:\Users\Angad\Desktop\StemFellowship\data\raw\fitzpatrick\Categorized_AbbrvName\lu-er_410\lu-er_f5_334_2a38635d.jpg,5,dark_FST5_6,0,0,0.013959556818008423
ps_f2_250_5780ebf9.jpg,C:\Users\Angad\Desktop\StemFellowship\data\raw\fitzpatrick\Categorized_AbbrvName\ps_653\ps_f2_250_5780ebf9.jpg,2,light_FST1_2,0,0,0.00329659809358418
so-cy-ba-ce-ca_f2_36_925ad6d3.jpg,C:\Users\Angad\Desktop\StemFellowship\data\raw\fitzpatrick\Categorized_AbbrvName\so-cy-ba-ce-ca_66\so-cy-ba-ce-ca_f2_36_925ad6d3.jpg,2,light_FST1_2,1,1,0.9927129149436951
ke_f4_16_77c6fecb.jpg,C:\Users\Angad\Desktop\StemFellowship\data\raw\fitzpatrick\Categorized_AbbrvName\ke_156\ke_f4_16_77c6fecb.jpg,4,medium_FST3_4,0,0,0.0031591288279742002
ne-in_f2_167_8e3231ac.jpg,C:\Users\Angad\Desktop\StemFellowship\data\raw\fitzpatrick\Categorized_AbbrvName\ne-in_260\ne-in_f2_167_8e3231ac.jpg,2,light_FST1_2,0,0,0.158970445394516
li-pl_f5_389_b8eb55ce.jpg,C:\Users\Angad\Desktop\StemFellowship\data\raw\fitzpatrick\Categorized_AbbrvName\li-pl_491\li-pl_f5_389_b8eb55ce.jpg,5,dark_FST5_6,0,0,0.022110922262072563
dr-er_f1_46_6f333814.jpg,C:\Users\Angad\Desktop\StemFellowship\data\raw\fitzpatrick\Categorized_AbbrvName\dr-er_200\dr-er_f1_46_6f333814.jpg,1,light_FST1_2,0,0,0.3295285403728485
ba-ce-ca_f2_187_ac9bb3ab.jpg,C:\Users\Angad\Desktop\StemFellowship\data\raw\fitzpatrick\Categorized_AbbrvName\ba-ce-ca_468\ba-ce-ca_f2_187_ac9bb3ab.jpg,2,light_FST1_2,1,1,0.8882561922073364
ba-ce-ca_f1_123_34f2d6c1.jpg,C:\Users\Angad\Desktop\StemFellowship\data\raw\fitzpatrick\Categorized_AbbrvName\ba-ce-ca_468\ba-ce-ca_f1_123_34f2d6c1.jpg,1,light_FST1_2,1,0,0.10691910982131958
te_f3_66_8b9207f1.jpg,C:\Users\Angad\Desktop\StemFellowship\data\raw\fitzpatrick\Categorized_AbbrvName\te_126\te_f3_66_8b9207f1.jpg,3,medium_FST3_4,0,0,0.04196789115667343
ac-vu_f3_273_60818388.jpg,C:\Users\Angad\Desktop\StemFellowship\data\raw\fitzpatrick\Categorized_AbbrvName\ac-vu_335\ac-vu_f3_273_60818388.jpg,3,medium_FST3_4,0,0,0.21796944737434387
be-ne_f1_30_fb820bfd.jpg,C:\Users\Angad\Desktop\StemFellowship\data\raw\fitzpatrick\Categorized_AbbrvName\be-ne_63\be-ne_f1_30_fb820bfd.jpg,1,light_FST1_2,0,0,0.19573158025741577
ac-vu_f3_331_bbbeccec.jpg,C:\Users\Angad\Desktop\StemFellowship\data\raw\fitzpatrick\Categorized_AbbrvName\ac-vu_335\ac-vu_f3_331_bbbeccec.jpg,3,medium_FST3_4,0,0,0.31082525849342346
lu-er_f4_57_1e2d617c.jpg,C:\Users\Angad\Desktop\StemFellowship\data\raw\fitzpatrick\Categorized_AbbrvName\lu-er_410\lu-er_f4_57_1e2d617c.jpg,4,medium_FST3_4,0,0,0.021531013771891594
ne-de_f3_288_a0c607e5.jpg,C:\Users\Angad\Desktop\StemFellowship\data\raw\fitzpatrick\Categorized_AbbrvName\ne-de_361\ne-de_f3_288_a0c607e5.jpg,3,medium_FST3_4,0,0,1.2650904864131007e-05
pr-no_f2_90_4fc089d3.jpg,C:\Users\Angad\Desktop\StemFellowship\data\raw\fitzpatrick\Categorized_AbbrvName\pr-no_170\pr-no_f2_90_4fc089d3.jpg,2,light_FST1_2,0,0,0.1643134504556656
my-fu_f1_93_25f13494.jpg,C:\Users\Angad\Desktop\StemFellowship\data\raw\fitzpatrick\Categorized_AbbrvName\my-fu_182\my-fu_f1_93_25f13494.jpg,1,light_FST1_2,1,1,0.6499891877174377
la-ce-hi_f3_34_8d8669c5.jpg,C:\Users\Angad\Desktop\StemFellowship\data\raw\fitzpatrick\Categorized_AbbrvName\la-ce-hi_60\la-ce-hi_f3_34_8d8669c5.jpg,3,medium_FST3_4,0,0,0.43703457713127136
pi-cy_f2_75_7157df00.jpg,C:\Users\Angad\Desktop\StemFellowship\data\raw\fitzpatrick\Categorized_AbbrvName\pi-cy_93\pi-cy_f2_75_7157df00.jpg,2,light_FST1_2,0,0,0.41260144114494324
li-pl_f6_450_a15efe8b.jpg,C:\Users\Angad\Desktop\StemFellowship\data\raw\fitzpatrick\Categorized_AbbrvName\li-pl_491\li-pl_f6_450_a15efe8b.jpg,6,dark_FST5_6,0,0,0.012285813689231873
se-ke_f2_46_5876dff0.jpg,C:\Users\Angad\Desktop\StemFellowship\data\raw\fitzpatrick\Categorized_AbbrvName\se-ke_69\se-ke_f2_46_5876dff0.jpg,2,light_FST1_2,0,1,0.8296464085578918
rh_f4_80_12281739.jpg,C:\Users\Angad\Desktop\StemFellowship\data\raw\fitzpatrick\Categorized_AbbrvName\rh_91\rh_f4_80_12281739.jpg,4,medium_FST3_4,0,1,0.6594252586364746
ac-au-bu-di-ge_f5_5_e1b9826a.jpg,C:\Users\Angad\Desktop\StemFellowship\data\raw\fitzpatrick\Categorized_AbbrvName\ac-au-bu-di-ge_67\ac-au-bu-di-ge_f5_5_e1b9826a.jpg,5,dark_FST5_6,0,0,0.15836697816848755
dr-er_f2_84_588225e6.jpg,C:\Users\Angad\Desktop\StemFellowship\data\raw\fitzpatrick\Categorized_AbbrvName\dr-er_200\dr-er_f2_84_588225e6.jpg,2,light_FST1_2,0,0,0.16601045429706573
li-si_f5_41_3d100981.jpg,C:\Users\Angad\Desktop\StemFellowship\data\raw\fitzpatrick\Categorized_AbbrvName\li-si_97\li-si_f5_41_3d100981.jpg,5,dark_FST5_6,0,0,0.017496805638074875
pi-ru-pi_f2_75_dc1d348f.jpg,C:\Users\Angad\Desktop\StemFellowship\data\raw\fitzpatrick\Categorized_AbbrvName\pi-ru-pi_278\pi-ru-pi_f2_75_dc1d348f.jpg,2,light_FST1_2,0,1,0.6015734076499939
ju-xa_f2_76_7b7275bf.jpg,C:\Users\Angad\Desktop\StemFellowship\data\raw\fitzpatrick\Categorized_AbbrvName\ju-xa_149\ju-xa_f2_76_7b7275bf.jpg,2,light_FST1_2,0,0,0.18924735486507416
pi-ru-pi_f4_30_88804537.jpg,C:\Users\Angad\Desktop\StemFellowship\data\raw\fitzpatrick\Categorized_AbbrvName\pi-ru-pi_278\pi-ru-pi_f4_30_88804537.jpg,4,medium_FST3_4,0,0,0.01792856678366661
po-wi-st_f3_54_8c221e09.jpg,C:\Users\Angad\Desktop\StemFellowship\data\raw\fitzpatrick\Categorized_AbbrvName\po-wi-st_59\po-wi-st_f3_54_8c221e09.jpg,3,medium_FST3_4,0,1,0.5315418243408203
mu_f6_40_b705703d.jpg,C:\Users\Angad\Desktop\StemFellowship\data\raw\fitzpatrick\Categorized_AbbrvName\mu_92\mu_f6_40_b705703d.jpg,6,dark_FST5_6,0,0,0.02261658012866974
fo_f2_93_eb2f2c35.jpg,C:\Users\Angad\Desktop\StemFellowship\data\raw\fitzpatrick\Categorized_AbbrvName\fo_342\fo_f2_93_eb2f2c35.jpg,2,light_FST1_2,0,0,0.1527688056230545
ly-di_f2_118_c13c4879.jpg,C:\Users\Angad\Desktop\StemFellowship\data\raw\fitzpatrick\Categorized_AbbrvName\ly-di_129\ly-di_f2_118_c13c4879.jpg,2,light_FST1_2,0,1,0.591533899307251
pi-ro_f2_68_57ed644f.jpg,C:\Users\Angad\Desktop\StemFellowship\data\raw\fitzpatrick\Categorized_AbbrvName\pi-ro_193\pi-ro_f2_68_57ed644f.jpg,2,light_FST1_2,0,0,0.07319998741149902
al-co-de_f1_69_079ff93e.jpg,C:\Users\Angad\Desktop\StemFellowship\data\raw\fitzpatrick\Categorized_AbbrvName\al-co-de_430\al-co-de_f1_69_079ff93e.jpg,1,light_FST1_2,0,0,0.22678214311599731
al-co-de_f2_90_d8531762.jpg,C:\Users\Angad\Desktop\StemFellowship\data\raw\fitzpatrick\Categorized_AbbrvName\al-co-de_430\al-co-de_f2_90_d8531762.jpg,2,light_FST1_2,0,0,0.06110450252890587
fa-de_f1_14_ce99eda8.jpg,C:\Users\Angad\Desktop\StemFellowship\data\raw\fitzpatrick\Categorized_AbbrvName\fa-de_66\fa-de_f1_14_ce99eda8.jpg,1,light_FST1_2,0,0,0.2966119945049286
ac-au-bu-di-ge_f2_33_a8c08380.jpg,C:\Users\Angad\Desktop\StemFellowship\data\raw\fitzpatrick\Categorized_AbbrvName\ac-au-bu-di-ge_67\ac-au-bu-di-ge_f2_33_a8c08380.jpg,2,light_FST1_2,0,0,0.007653297856450081
ac-vu_f5_171_a15409f6.jpg,C:\Users\Angad\Desktop\StemFellowship\data\raw\fitzpatrick\Categorized_AbbrvName\ac-vu_335\ac-vu_f5_171_a15409f6.jpg,5,dark_FST5_6,0,0,0.17388691008090973
li-pl_f1_91_f127b9f6.jpg,C:\Users\Angad\Desktop\StemFellowship\data\raw\fitzpatrick\Categorized_AbbrvName\li-pl_491\li-pl_f1_91_f127b9f6.jpg,1,light_FST1_2,0,1,0.8957308530807495
al-co-de_f2_334_74409e0c.jpg,C:\Users\Angad\Desktop\StemFellowship\data\raw\fitzpatrick\Categorized_AbbrvName\al-co-de_430\al-co-de_f2_334_74409e0c.jpg,2,light_FST1_2,0,0,0.08467250317335129
da-di_f1_46_216fad41.jpg,C:\Users\Angad\Desktop\StemFellowship\data\raw\fitzpatrick\Categorized_AbbrvName\da-di_153\da-di_f1_46_216fad41.jpg,1,light_FST1_2,0,0,0.19456234574317932
pi-li-ch_f1_6_4c50199b.jpg,C:\Users\Angad\Desktop\StemFellowship\data\raw\fitzpatrick\Categorized_AbbrvName\pi-li-ch_73\pi-li-ch_f1_6_4c50199b.jpg,1,light_FST1_2,0,0,0.33404314517974854
li-si_f1_20_742ae6a7.jpg,C:\Users\Angad\Desktop\StemFellowship\data\raw\fitzpatrick\Categorized_AbbrvName\li-si_97\li-si_f1_20_742ae6a7.jpg,1,light_FST1_2,0,0,0.033166661858558655
sa_f1_46_d6b09334.jpg,C:\Users\Angad\Desktop\StemFellowship\data\raw\fitzpatrick\Categorized_AbbrvName\sa_349\sa_f1_46_d6b09334.jpg,1,light_FST1_2,0,1,0.6596794128417969
ac-au-bu-di-ge_f1_61_ff72faec.jpg,C:\Users\Angad\Desktop\StemFellowship\data\raw\fitzpatrick\Categorized_AbbrvName\ac-au-bu-di-ge_67\ac-au-bu-di-ge_f1_61_ff72faec.jpg,1,light_FST1_2,0,0,0.0071084932424128056
gr-py_f3_23_1e00469b.jpg,C:\Users\Angad\Desktop\StemFellowship\data\raw\fitzpatrick\Categorized_AbbrvName\gr-py_75\gr-py_f3_23_1e00469b.jpg,3,medium_FST3_4,0,0,0.10823635011911392
pi-cy_f4_80_53250414.jpg,C:\Users\Angad\Desktop\StemFellowship\data\raw\fitzpatrick\Categorized_AbbrvName\pi-cy_93\pi-cy_f4_80_53250414.jpg,4,medium_FST3_4,0,1,0.5213494300842285
sq-ce-ca_f2_152_d1e31a0b.jpg,C:\Users\Angad\Desktop\StemFellowship\data\raw\fitzpatrick\Categorized_AbbrvName\sq-ce-ca_581\sq-ce-ca_f2_152_d1e31a0b.jpg,2,light_FST1_2,1,1,0.6296520233154297
ur_f1_105_f790ba34.jpg,C:\Users\Angad\Desktop\StemFellowship\data\raw\fitzpatrick\Categorized_AbbrvName\ur_151\ur_f1_105_f790ba34.jpg,1,light_FST1_2,0,0,0.12724590301513672
ba-ce-ca_f2_129_dbb854f5.jpg,C:\Users\Angad\Desktop\StemFellowship\data\raw\fitzpatrick\Categorized_AbbrvName\ba-ce-ca_468\ba-ce-ca_f2_129_dbb854f5.jpg,2,light_FST1_2,1,1,0.9660309553146362
ne-in_f3_234_5eb10b79.jpg,C:\Users\Angad\Desktop\StemFellowship\data\raw\fitzpatrick\Categorized_AbbrvName\ne-in_260\ne-in_f3_234_5eb10b79.jpg,3,medium_FST3_4,0,0,0.10712939500808716
ke-pi_f4_29_59def581.jpg,C:\Users\Angad\Desktop\StemFellowship\data\raw\fitzpatrick\Categorized_AbbrvName\ke-pi_78\ke-pi_f4_29_59def581.jpg,4,medium_FST3_4,0,0,0.0031437277793884277
ac-au-bu-di-ge_f1_39_a942cdf5.jpg,C:\Users\Angad\Desktop\StemFellowship\data\raw\fitzpatrick\Categorized_AbbrvName\ac-au-bu-di-ge_67\ac-au-bu-di-ge_f1_39_a942cdf5.jpg,1,light_FST1_2,0,0,0.43567872047424316
ly-di_f3_17_85a786c7.jpg,C:\Users\Angad\Desktop\StemFellowship\data\raw\fitzpatrick\Categorized_AbbrvName\ly-di_129\ly-di_f3_17_85a786c7.jpg,3,medium_FST3_4,0,0,0.20437487959861755
pi-ru-pi_f6_237_e140eecc.jpg,C:\Users\Angad\Desktop\StemFellowship\data\raw\fitzpatrick\Categorized_AbbrvName\pi-ru-pi_278\pi-ru-pi_f6_237_e140eecc.jpg,6,dark_FST5_6,0,0,0.15578344464302063
ph_f5_308_c676179d.jpg,C:\Users\Angad\Desktop\StemFellowship\data\raw\fitzpatrick\Categorized_AbbrvName\ph_348\ph_f5_308_c676179d.jpg,5,dark_FST5_6,0,0,0.006936509162187576
su-da-sk_f1_53_ae8ae01a.jpg,C:\Users\Angad\Desktop\StemFellowship\data\raw\fitzpatrick\Categorized_AbbrvName\su-da-sk_66\su-da-sk_f1_53_ae8ae01a.jpg,1,light_FST1_2,0,1,0.656743586063385
be-ne_f2_7_762bafbb.jpg,C:\Users\Angad\Desktop\StemFellowship\data\raw\fitzpatrick\Categorized_AbbrvName\be-ne_63\be-ne_f2_7_762bafbb.jpg,2,light_FST1_2,0,0,0.25102147459983826
pu-ps_f4_36_c186f7c6.jpg,C:\Users\Angad\Desktop\StemFellowship\data\raw\fitzpatrick\Categorized_AbbrvName\pu-ps_53\pu-ps_f4_36_c186f7c6.jpg,4,medium_FST3_4,0,1,0.817922055721283
xe-pi_f3_69_b76c78eb.jpg,C:\Users\Angad\Desktop\StemFellowship\data\raw\fitzpatrick\Categorized_AbbrvName\xe-pi_81\xe-pi_f3_69_b76c78eb.jpg,3,medium_FST3_4,0,0,0.31387844681739807
ch_f4_94_fc71281b.jpg,C:\Users\Angad\Desktop\StemFellowship\data\raw\fitzpatrick\Categorized_AbbrvName\ch_106\ch_f4_94_fc71281b.jpg,4,medium_FST3_4,0,0,0.0393524169921875
su-sp-me-ss_f1_53_270a217e.jpg,C:\Users\Angad\Desktop\StemFellowship\data\raw\fitzpatrick\Categorized_AbbrvName\su-sp-me-ss_118\su-sp-me-ss_f1_53_270a217e.jpg,1,light_FST1_2,1,0,0.2937101721763611
gr-an_f2_50_090f7f1f.jpg,C:\Users\Angad\Desktop\StemFellowship\data\raw\fitzpatrick\Categorized_AbbrvName\gr-an_211\gr-an_f2_50_090f7f1f.jpg,2,light_FST1_2,0,1,0.5059868097305298
al-co-de_f3_261_237e1df6.jpg,C:\Users\Angad\Desktop\StemFellowship\data\raw\fitzpatrick\Categorized_AbbrvName\al-co-de_430\al-co-de_f3_261_237e1df6.jpg,3,medium_FST3_4,0,0,0.0026005173567682505
ac-vu_f2_262_39f3448f.jpg,C:\Users\Angad\Desktop\StemFellowship\data\raw\fitzpatrick\Categorized_AbbrvName\ac-vu_335\ac-vu_f2_262_39f3448f.jpg,2,light_FST1_2,0,0,0.08315254747867584
ps_f1_305_448f9bc6.jpg,C:\Users\Angad\Desktop\StemFellowship\data\raw\fitzpatrick\Categorized_AbbrvName\ps_653\ps_f1_305_448f9bc6.jpg,1,light_FST1_2,0,1,0.7625086307525635
la-ce-hi_f2_38_cbffaeb3.jpg,C:\Users\Angad\Desktop\StemFellowship\data\raw\fitzpatrick\Categorized_AbbrvName\la-ce-hi_60\la-ce-hi_f2_38_cbffaeb3.jpg,2,light_FST1_2,0,0,0.14332301914691925
ic-vu_f3_63_f46af7dd.jpg,C:\Users\Angad\Desktop\StemFellowship\data\raw\fitzpatrick\Categorized_AbbrvName\ic-vu_65\ic-vu_f3_63_f46af7dd.jpg,3,medium_FST3_4,0,0,0.11772754043340683
ph_f3_275_90d86aa3.jpg,C:\Users\Angad\Desktop\StemFellowship\data\raw\fitzpatrick\Categorized_AbbrvName\ph_348\ph_f3_275_90d86aa3.jpg,3,medium_FST3_4,0,0,0.24057255685329437
se-ke_f2_27_9592684e.jpg,C:\Users\Angad\Desktop\StemFellowship\data\raw\fitzpatrick\Categorized_AbbrvName\se-ke_69\se-ke_f2_27_9592684e.jpg,2,light_FST1_2,0,1,0.5988285541534424
li-pl_f2_113_3e32cd1f.jpg,C:\Users\Angad\Desktop\StemFellowship\data\raw\fitzpatrick\Categorized_AbbrvName\li-pl_491\li-pl_f2_113_3e32cd1f.jpg,2,light_FST1_2,0,0,0.3716980516910553
al-co-de_f2_343_0578ee8b.jpg,C:\Users\Angad\Desktop\StemFellowship\data\raw\fitzpatrick\Categorized_AbbrvName\al-co-de_430\al-co-de_f2_343_0578ee8b.jpg,2,light_FST1_2,0,0,0.012618543580174446
ti-bi_f2_60_3eead8c5.jpg,C:\Users\Angad\Desktop\StemFellowship\data\raw\fitzpatrick\Categorized_AbbrvName\ti-bi_73\ti-bi_f2_60_3eead8c5.jpg,2,light_FST1_2,0,1,0.6644039154052734
ne-ne_f1_7_fa866bb4.jpg,C:\Users\Angad\Desktop\StemFellowship\data\raw\fitzpatrick\Categorized_AbbrvName\ne-ne_86\ne-ne_f1_7_fa866bb4.jpg,1,light_FST1_2,0,1,0.7428604960441589
pe-li_f2_90_41420ba8.jpg,C:\Users\Angad\Desktop\StemFellowship\data\raw\fitzpatrick\Categorized_AbbrvName\pe-li_151\pe-li_f2_90_41420ba8.jpg,2,light_FST1_2,0,0,0.3374650478363037
ba-ce-ca_f2_249_8befc3a0.jpg,C:\Users\Angad\Desktop\StemFellowship\data\raw\fitzpatrick\Categorized_AbbrvName\ba-ce-ca_468\ba-ce-ca_f2_249_8befc3a0.jpg,2,light_FST1_2,1,0,0.09398037940263748
pi-li-ch_f3_61_32b02206.jpg,C:\Users\Angad\Desktop\StemFellowship\data\raw\fitzpatrick\Categorized_AbbrvName\pi-li-ch_73\pi-li-ch_f3_61_32b02206.jpg,3,medium_FST3_4,0,0,0.0014629476936534047
my-fu_f1_89_85601458.jpg,C:\Users\Angad\Desktop\StemFellowship\data\raw\fitzpatrick\Categorized_AbbrvName\my-fu_182\my-fu_f1_89_85601458.jpg,1,light_FST1_2,1,1,0.7157173752784729
eh-da-sy_f4_53_3060664d.jpg,C:\Users\Angad\Desktop\StemFellowship\data\raw\fitzpatrick\Categorized_AbbrvName\eh-da-sy_127\eh-da-sy_f4_53_3060664d.jpg,4,medium_FST3_4,0,0,0.023138321936130524
ec_f2_97_f27fd1d2.jpg,C:\Users\Angad\Desktop\StemFellowship\data\raw\fitzpatrick\Categorized_AbbrvName\ec_204\ec_f2_97_f27fd1d2.jpg,2,light_FST1_2,0,0,0.0005953937652520835
po_f3_98_d94e41be.jpg,C:\Users\Angad\Desktop\StemFellowship\data\raw\fitzpatrick\Categorized_AbbrvName\po_127\po_f3_98_d94e41be.jpg,3,medium_FST3_4,0,0,0.032671935856342316
al-co-de_f2_136_41069e76.jpg,C:\Users\Angad\Desktop\StemFellowship\data\raw\fitzpatrick\Categorized_AbbrvName\al-co-de_430\al-co-de_f2_136_41069e76.jpg,2,light_FST1_2,0,0,0.1347511112689972
ps_f4_36_fe8894b8.jpg,C:\Users\Angad\Desktop\StemFellowship\data\raw\fitzpatrick\Categorized_AbbrvName\ps_653\ps_f4_36_fe8894b8.jpg,4,medium_FST3_4,0,1,0.6156584620475769
fo-sp_f2_80_6ea20aa2.jpg,C:\Users\Angad\Desktop\StemFellowship\data\raw\fitzpatrick\Categorized_AbbrvName\fo-sp_100\fo-sp_f2_80_6ea20aa2.jpg,2,light_FST1_2,0,0,0.45671963691711426
lu-su_f1_76_d1f747c0.jpg,C:\Users\Angad\Desktop\StemFellowship\data\raw\fitzpatrick\Categorized_AbbrvName\lu-su_111\lu-su_f1_76_d1f747c0.jpg,1,light_FST1_2,0,1,0.8528535962104797
ne-de_f1_214_4549902b.jpg,C:\Users\Angad\Desktop\StemFellowship\data\raw\fitzpatrick\Categorized_AbbrvName\ne-de_361\ne-de_f1_214_4549902b.jpg,1,light_FST1_2,0,0,0.3370659053325653
ph_f3_184_8c40c91e.jpg,C:\Users\Angad\Desktop\StemFellowship\data\raw\fitzpatrick\Categorized_AbbrvName\ph_348\ph_f3_184_8c40c91e.jpg,3,medium_FST3_4,0,0,0.0016631901962682605
ne-de_f4_339_11ac4650.jpg,C:\Users\Angad\Desktop\StemFellowship\data\raw\fitzpatrick\Categorized_AbbrvName\ne-de_361\ne-de_f4_339_11ac4650.jpg,4,medium_FST3_4,0,0,0.3157390356063843
me_f6_1_4c3f795c.jpg,C:\Users\Angad\Desktop\StemFellowship\data\raw\fitzpatrick\Categorized_AbbrvName\me_261\me_f6_1_4c3f795c.jpg,6,dark_FST5_6,1,0,0.22364996373653412
fo_f3_204_afe7b75c.jpg,C:\Users\Angad\Desktop\StemFellowship\data\raw\fitzpatrick\Categorized_AbbrvName\fo_342\fo_f3_204_afe7b75c.jpg,3,medium_FST3_4,0,0,0.06733565777540207
la-ce-hi_f2_58_8ea273fc.jpg,C:\Users\Angad\Desktop\StemFellowship\data\raw\fitzpatrick\Categorized_AbbrvName\la-ce-hi_60\la-ce-hi_f2_58_8ea273fc.jpg,2,light_FST1_2,0,0,0.23091654479503632
li-pl_f3_291_d48d97b5.jpg,C:\Users\Angad\Desktop\StemFellowship\data\raw\fitzpatrick\Categorized_AbbrvName\li-pl_491\li-pl_f3_291_d48d97b5.jpg,3,medium_FST3_4,0,0,0.00016181326645892113
ro_f3_100_744b82dd.jpg,C:\Users\Angad\Desktop\StemFellowship\data\raw\fitzpatrick\Categorized_AbbrvName\ro_102\ro_f3_100_744b82dd.jpg,3,medium_FST3_4,0,0,0.128638356924057
po_f1_13_0c6a824b.jpg,C:\Users\Angad\Desktop\StemFellowship\data\raw\fitzpatrick\Categorized_AbbrvName\po_127\po_f1_13_0c6a824b.jpg,1,light_FST1_2,0,0,0.02767065353691578
po-ac_f4_87_31101499.jpg,C:\Users\Angad\Desktop\StemFellowship\data\raw\fitzpatrick\Categorized_AbbrvName\po-ac_183\po-ac_f4_87_31101499.jpg,4,medium_FST3_4,0,0,0.0001698037376627326
dr-er_f2_71_ab221a5a.jpg,C:\Users\Angad\Desktop\StemFellowship\data\raw\fitzpatrick\Categorized_AbbrvName\dr-er_200\dr-er_f2_71_ab221a5a.jpg,2,light_FST1_2,0,0,0.30859601497650146
sq-ce-ca_f2_77_f909638c.jpg,C:\Users\Angad\Desktop\StemFellowship\data\raw\fitzpatrick\Categorized_AbbrvName\sq-ce-ca_581\sq-ce-ca_f2_77_f909638c.jpg,2,light_FST1_2,1,1,0.9953925609588623
ac-vu_f4_104_4cb85832.jpg,C:\Users\Angad\Desktop\StemFellowship\data\raw\fitzpatrick\Categorized_AbbrvName\ac-vu_335\ac-vu_f4_104_4cb85832.jpg,4,medium_FST3_4,0,0,0.004676299635320902
ha-ha-di_f2_64_706ca021.jpg,C:\Users\Angad\Desktop\StemFellowship\data\raw\fitzpatrick\Categorized_AbbrvName\ha-ha-di_174\ha-ha-di_f2_64_706ca021.jpg,2,light_FST1_2,0,0,0.16887663304805756
ec_f2_164_7d4186ec.jpg,C:\Users\Angad\Desktop\StemFellowship\data\raw\fitzpatrick\Categorized_AbbrvName\ec_204\ec_f2_164_7d4186ec.jpg,2,light_FST1_2,0,0,0.004678643774241209
ju-xa_f3_23_7ae8a310.jpg,C:\Users\Angad\Desktop\StemFellowship\data\raw\fitzpatrick\Categorized_AbbrvName\ju-xa_149\ju-xa_f3_23_7ae8a310.jpg,3,medium_FST3_4,0,0,0.030808089300990105
tu-sc_f2_17_f6269411.jpg,C:\Users\Angad\Desktop\StemFellowship\data\raw\fitzpatrick\Categorized_AbbrvName\tu-sc_141\tu-sc_f2_17_f6269411.jpg,2,light_FST1_2,0,0,0.05238316208124161
ne-in_f4_158_36c7e890.jpg,C:\Users\Angad\Desktop\StemFellowship\data\raw\fitzpatrick\Categorized_AbbrvName\ne-in_260\ne-in_f4_158_36c7e890.jpg,4,medium_FST3_4,0,0,0.022032495588064194
ka-sa_f4_68_2556115a.jpg,C:\Users\Angad\Desktop\StemFellowship\data\raw\fitzpatrick\Categorized_AbbrvName\ka-sa_156\ka-sa_f4_68_2556115a.jpg,4,medium_FST3_4,1,1,0.9830317497253418
ba-ce-ca_f4_367_de24cc0b.jpg,C:\Users\Angad\Desktop\StemFellowship\data\raw\fitzpatrick\Categorized_AbbrvName\ba-ce-ca_468\ba-ce-ca_f4_367_de24cc0b.jpg,4,medium_FST3_4,1,1,0.774752140045166
al-co-de_f1_245_f6f1c4e0.jpg,C:\Users\Angad\Desktop\StemFellowship\data\raw\fitzpatrick\Categorized_AbbrvName\al-co-de_430\al-co-de_f1_245_f6f1c4e0.jpg,1,light_FST1_2,0,0,0.14505822956562042
ac_f4_110_a85b61c5.jpg,C:\Users\Angad\Desktop\StemFellowship\data\raw\fitzpatrick\Categorized_AbbrvName\ac_183\ac_f4_110_a85b61c5.jpg,4,medium_FST3_4,0,0,0.08926284313201904
pi_f3_38_3d2f7ae5.jpg,C:\Users\Angad\Desktop\StemFellowship\data\raw\fitzpatrick\Categorized_AbbrvName\pi_53\pi_f3_38_3d2f7ae5.jpg,3,medium_FST3_4,0,0,0.3103913366794586
st-ed_f2_34_069f8e54.jpg,C:\Users\Angad\Desktop\StemFellowship\data\raw\fitzpatrick\Categorized_AbbrvName\st-ed_69\st-ed_f2_34_069f8e54.jpg,2,light_FST1_2,0,0,0.13758620619773865
st-ed_f1_1_99fa656a.jpg,C:\Users\Angad\Desktop\StemFellowship\data\raw\fitzpatrick\Categorized_AbbrvName\st-ed_69\st-ed_f1_1_99fa656a.jpg,1,light_FST1_2,0,0,0.21076658368110657
mu-cy_f3_60_d44a546f.jpg,C:\Users\Angad\Desktop\StemFellowship\data\raw\fitzpatrick\Categorized_AbbrvName\mu-cy_79\mu-cy_f3_60_d44a546f.jpg,3,medium_FST3_4,0,1,0.5516877770423889
er-mu_f2_173_2610aad0.jpg,C:\Users\Angad\Desktop\StemFellowship\data\raw\fitzpatrick\Categorized_AbbrvName\er-mu_236\er-mu_f2_173_2610aad0.jpg,2,light_FST1_2,0,0,0.10267685353755951
fi-er_f6_86_b491dc0b.jpg,C:\Users\Angad\Desktop\StemFellowship\data\raw\fitzpatrick\Categorized_AbbrvName\fi-er_125\fi-er_f6_86_b491dc0b.jpg,6,dark_FST5_6,0,0,0.018771836534142494
da-di_f2_37_debb7cf0.jpg,C:\Users\Angad\Desktop\StemFellowship\data\raw\fitzpatrick\Categorized_AbbrvName\da-di_153\da-di_f2_37_debb7cf0.jpg,2,light_FST1_2,0,0,0.40751680731773376
eh-da-sy_f5_78_b1090a5d.jpg,C:\Users\Angad\Desktop\StemFellowship\data\raw\fitzpatrick\Categorized_AbbrvName\eh-da-sy_127\eh-da-sy_f5_78_b1090a5d.jpg,5,dark_FST5_6,0,0,0.004241190385073423
in-pi_f2_59_4c8125ec.jpg,C:\Users\Angad\Desktop\StemFellowship\data\raw\fitzpatrick\Categorized_AbbrvName\in-pi_102\in-pi_f2_59_4c8125ec.jpg,2,light_FST1_2,0,0,0.11285573244094849
li-pl_f6_287_df3a97d6.jpg,C:\Users\Angad\Desktop\StemFellowship\data\raw\fitzpatrick\Categorized_AbbrvName\li-pl_491\li-pl_f6_287_df3a97d6.jpg,6,dark_FST5_6,0,0,0.17135517299175262
ke_f4_111_79dd087b.jpg,C:\Users\Angad\Desktop\StemFellowship\data\raw\fitzpatrick\Categorized_AbbrvName\ke_156\ke_f4_111_79dd087b.jpg,4,medium_FST3_4,0,0,0.0486878901720047
tu_f5_103_e6d695d4.jpg,C:\Users\Angad\Desktop\StemFellowship\data\raw\fitzpatrick\Categorized_AbbrvName\tu_152\tu_f5_103_e6d695d4.jpg,5,dark_FST5_6,0,1,0.6271648406982422
ep-ne_f2_60_91a0742a.jpg,C:\Users\Angad\Desktop\StemFellowship\data\raw\fitzpatrick\Categorized_AbbrvName\ep-ne_91\ep-ne_f2_60_91a0742a.jpg,2,light_FST1_2,0,0,0.03130614012479782
te_f2_78_7db71f8f.jpg,C:\Users\Angad\Desktop\StemFellowship\data\raw\fitzpatrick\Categorized_AbbrvName\te_126\te_f2_78_7db71f8f.jpg,2,light_FST1_2,0,0,0.13949984312057495
tu_f2_74_9910ba40.jpg,C:\Users\Angad\Desktop\StemFellowship\data\raw\fitzpatrick\Categorized_AbbrvName\tu_152\tu_f2_74_9910ba40.jpg,2,light_FST1_2,0,0,0.13518910109996796
li-pl_f5_294_2670ef04.jpg,C:\Users\Angad\Desktop\StemFellowship\data\raw\fitzpatrick\Categorized_AbbrvName\li-pl_491\li-pl_f5_294_2670ef04.jpg,5,dark_FST5_6,0,0,0.002669984707608819
ac-vu_f2_299_58b11ade.jpg,C:\Users\Angad\Desktop\StemFellowship\data\raw\fitzpatrick\Categorized_AbbrvName\ac-vu_335\ac-vu_f2_299_58b11ade.jpg,2,light_FST1_2,0,0,0.0752488523721695
my-fu_f4_104_b1f5e53b.jpg,C:\Users\Angad\Desktop\StemFellowship\data\raw\fitzpatrick\Categorized_AbbrvName\my-fu_182\my-fu_f4_104_b1f5e53b.jpg,4,medium_FST3_4,1,1,0.7587079405784607
er-no_f1_38_ad6cfeca.jpg,C:\Users\Angad\Desktop\StemFellowship\data\raw\fitzpatrick\Categorized_AbbrvName\er-no_81\er-no_f1_38_ad6cfeca.jpg,1,light_FST1_2,0,1,0.7991768717765808
di-ac-po_f4_16_310c13f3.jpg,C:\Users\Angad\Desktop\StemFellowship\data\raw\fitzpatrick\Categorized_AbbrvName\di-ac-po_60\di-ac-po_f4_16_310c13f3.jpg,4,medium_FST3_4,0,0,0.14861612021923065
ph_f2_161_b446af30.jpg,C:\Users\Angad\Desktop\StemFellowship\data\raw\fitzpatrick\Categorized_AbbrvName\ph_348\ph_f2_161_b446af30.jpg,2,light_FST1_2,0,0,0.3132787048816681
sq-ce-ca_f1_367_7a1b181c.jpg,C:\Users\Angad\Desktop\StemFellowship\data\raw\fitzpatrick\Categorized_AbbrvName\sq-ce-ca_581\sq-ce-ca_f1_367_7a1b181c.jpg,1,light_FST1_2,1,1,0.9733224511146545
vi_f3_146_7e94b9c8.jpg,C:\Users\Angad\Desktop\StemFellowship\data\raw\fitzpatrick\Categorized_AbbrvName\vi_166\vi_f3_146_7e94b9c8.jpg,3,medium_FST3_4,0,0,0.44603240489959717
ur_f2_65_f0824bbe.jpg,C:\Users\Angad\Desktop\StemFellowship\data\raw\fitzpatrick\Categorized_AbbrvName\ur_151\ur_f2_65_f0824bbe.jpg,2,light_FST1_2,0,0,0.02860988862812519
my_f2_0_fa83e64b.jpg,C:\Users\Angad\Desktop\StemFellowship\data\raw\fitzpatrick\Categorized_AbbrvName\my_67\my_f2_0_fa83e64b.jpg,2,light_FST1_2,0,1,0.9256658554077148
po-wi-st_f3_0_98feee4e.jpg,C:\Users\Angad\Desktop\StemFellowship\data\raw\fitzpatrick\Categorized_AbbrvName\po-wi-st_59\po-wi-st_f3_0_98feee4e.jpg,3,medium_FST3_4,0,0,0.2013479471206665
fo_f2_50_71db60e9.jpg,C:\Users\Angad\Desktop\StemFellowship\data\raw\fitzpatrick\Categorized_AbbrvName\fo_342\fo_f2_50_71db60e9.jpg,2,light_FST1_2,0,0,0.06906576454639435
lu-er_f3_312_f03897a3.jpg,C:\Users\Angad\Desktop\StemFellowship\data\raw\fitzpatrick\Categorized_AbbrvName\lu-er_410\lu-er_f3_312_f03897a3.jpg,3,medium_FST3_4,0,0,0.0931505635380745
vi_f3_4_fd586748.jpg,C:\Users\Angad\Desktop\StemFellowship\data\raw\fitzpatrick\Categorized_AbbrvName\vi_166\vi_f3_4_fd586748.jpg,3,medium_FST3_4,0,0,0.14294637739658356
pi-ro_f1_34_0a69292e.jpg,C:\Users\Angad\Desktop\StemFellowship\data\raw\fitzpatrick\Categorized_AbbrvName\pi-ro_193\pi-ro_f1_34_0a69292e.jpg,1,light_FST1_2,0,0,0.4825224280357361
li-si_f5_25_9ceba0da.jpg,C:\Users\Angad\Desktop\StemFellowship\data\raw\fitzpatrick\Categorized_AbbrvName\li-si_97\li-si_f5_25_9ceba0da.jpg,5,dark_FST5_6,0,0,0.04276592284440994
ke_f1_19_96372e65.jpg,C:\Users\Angad\Desktop\StemFellowship\data\raw\fitzpatrick\Categorized_AbbrvName\ke_156\ke_f1_19_96372e65.jpg,1,light_FST1_2,0,0,0.001479624304920435
ne-ex_f2_33_0029e2c6.jpg,C:\Users\Angad\Desktop\StemFellowship\data\raw\fitzpatrick\Categorized_AbbrvName\ne-ex_73\ne-ex_f2_33_0029e2c6.jpg,2,light_FST1_2,0,1,0.6102225184440613
st_f5_13_41b0ea8a.jpg,C:\Users\Angad\Desktop\StemFellowship\data\raw\fitzpatrick\Categorized_AbbrvName\st_67\st_f5_13_41b0ea8a.jpg,5,dark_FST5_6,0,0,0.0037030072417110205
hi_f4_80_43889fde.jpg,C:\Users\Angad\Desktop\StemFellowship\data\raw\fitzpatrick\Categorized_AbbrvName\hi_90\hi_f4_80_43889fde.jpg,4,medium_FST3_4,0,0,0.0006256551714614034
pi-ro_f4_192_5f1ed6de.jpg,C:\Users\Angad\Desktop\StemFellowship\data\raw\fitzpatrick\Categorized_AbbrvName\pi-ro_193\pi-ro_f4_192_5f1ed6de.jpg,4,medium_FST3_4,0,0,0.0009501803433522582
be-di_f3_23_8ea61e02.jpg,C:\Users\Angad\Desktop\StemFellowship\data\raw\fitzpatrick\Categorized_AbbrvName\be-di_63\be-di_f3_23_8ea61e02.jpg,3,medium_FST3_4,0,1,0.675724983215332
al-co-de_f2_212_31e31e68.jpg,C:\Users\Angad\Desktop\StemFellowship\data\raw\fitzpatrick\Categorized_AbbrvName\al-co-de_430\al-co-de_f2_212_31e31e68.jpg,2,light_FST1_2,0,0,0.15908430516719818
ph_f2_51_6ce29c23.jpg,C:\Users\Angad\Desktop\StemFellowship\data\raw\fitzpatrick\Categorized_AbbrvName\ph_348\ph_f2_51_6ce29c23.jpg,2,light_FST1_2,0,0,0.49413996934890747
ep-bu_f2_44_15518442.jpg,C:\Users\Angad\Desktop\StemFellowship\data\raw\fitzpatrick\Categorized_AbbrvName\ep-bu_70\ep-bu_f2_44_15518442.jpg,2,light_FST1_2,0,0,0.032821204513311386
al-co-de_f2_15_06da798e.jpg,C:\Users\Angad\Desktop\StemFellowship\data\raw\fitzpatrick\Categorized_AbbrvName\al-co-de_430\al-co-de_f2_15_06da798e.jpg,2,light_FST1_2,0,0,0.050537608563899994
rh_f1_50_d1d33e63.jpg,C:\Users\Angad\Desktop\StemFellowship\data\raw\fitzpatrick\Categorized_AbbrvName\rh_91\rh_f1_50_d1d33e63.jpg,1,light_FST1_2,0,0,0.41457685828208923
ps_f3_270_e8514584.jpg,C:\Users\Angad\Desktop\StemFellowship\data\raw\fitzpatrick\Categorized_AbbrvName\ps_653\ps_f3_270_e8514584.jpg,3,medium_FST3_4,0,0,0.00808898825198412
vi_f6_1_f228b0ed.jpg,C:\Users\Angad\Desktop\StemFellowship\data\raw\fitzpatrick\Categorized_AbbrvName\vi_166\vi_f6_1_f228b0ed.jpg,6,dark_FST5_6,0,1,0.5089963674545288
gr-an_f2_71_fa10fcac.jpg,C:\Users\Angad\Desktop\StemFellowship\data\raw\fitzpatrick\Categorized_AbbrvName\gr-an_211\gr-an_f2_71_fa10fcac.jpg,2,light_FST1_2,0,1,0.6616007685661316
ka-sa_f1_104_4c314ddb.jpg,C:\Users\Angad\Desktop\StemFellowship\data\raw\fitzpatrick\Categorized_AbbrvName\ka-sa_156\ka-sa_f1_104_4c314ddb.jpg,1,light_FST1_2,1,1,0.9832774996757507
sq-ce-ca_f3_292_91b9cb94.jpg,C:\Users\Angad\Desktop\StemFellowship\data\raw\fitzpatrick\Categorized_AbbrvName\sq-ce-ca_581\sq-ce-ca_f3_292_91b9cb94.jpg,3,medium_FST3_4,1,1,0.9860216975212097
sq-ce-ca_f3_551_09a75e2a.jpg,C:\Users\Angad\Desktop\StemFellowship\data\raw\fitzpatrick\Categorized_AbbrvName\sq-ce-ca_581\sq-ce-ca_f3_551_09a75e2a.jpg,3,medium_FST3_4,1,1,0.9999005794525146
fi-er_f2_11_edd45efd.jpg,C:\Users\Angad\Desktop\StemFellowship\data\raw\fitzpatrick\Categorized_AbbrvName\fi-er_125\fi-er_f2_11_edd45efd.jpg,2,light_FST1_2,0,0,0.015351034700870514
ma-me_f2_110_ba250d0f.jpg,C:\Users\Angad\Desktop\StemFellowship\data\raw\fitzpatrick\Categorized_AbbrvName\ma-me_111\ma-me_f2_110_ba250d0f.jpg,2,light_FST1_2,1,1,0.7536941766738892
ke_f2_2_c189dc27.jpg,C:\Users\Angad\Desktop\StemFellowship\data\raw\fitzpatrick\Categorized_AbbrvName\ke_156\ke_f2_2_c189dc27.jpg,2,light_FST1_2,0,0,0.0372668020427227
pr-no_f4_47_fca78d7b.jpg,C:\Users\Angad\Desktop\StemFellowship\data\raw\fitzpatrick\Categorized_AbbrvName\pr-no_170\pr-no_f4_47_fca78d7b.jpg,4,medium_FST3_4,0,0,3.1845040211919695e-05
ph_f2_230_8bb187af.jpg,C:\Users\Angad\Desktop\StemFellowship\data\raw\fitzpatrick\Categorized_AbbrvName\ph_348\ph_f2_230_8bb187af.jpg,2,light_FST1_2,0,0,0.0014193644747138023
da-di_f1_60_eb7aabd9.jpg,C:\Users\Angad\Desktop\StemFellowship\data\raw\fitzpatrick\Categorized_AbbrvName\da-di_153\da-di_f1_60_eb7aabd9.jpg,1,light_FST1_2,0,0,0.07843693345785141
ac-ni_f3_27_d519b297.jpg,C:\Users\Angad\Desktop\StemFellowship\data\raw\fitzpatrick\Categorized_AbbrvName\ac-ni_92\ac-ni_f3_27_d519b297.jpg,3,medium_FST3_4,0,0,0.031005650758743286
tu-sc_f4_12_c22e0123.jpg,C:\Users\Angad\Desktop\StemFellowship\data\raw\fitzpatrick\Categorized_AbbrvName\tu-sc_141\tu-sc_f4_12_c22e0123.jpg,4,medium_FST3_4,0,0,0.016229519620537758
dr-in-pi-ch_f2_55_4707c66e.jpg,C:\Users\Angad\Desktop\StemFellowship\data\raw\fitzpatrick\Categorized_AbbrvName\dr-in-pi-ch_71\dr-in-pi-ch_f2_55_4707c66e.jpg,2,light_FST1_2,0,1,0.6585618257522583
sq-ce-ca_f5_38_e5f60c3d.jpg,C:\Users\Angad\Desktop\StemFellowship\data\raw\fitzpatrick\Categorized_AbbrvName\sq-ce-ca_581\sq-ce-ca_f5_38_e5f60c3d.jpg,5,dark_FST5_6,1,1,0.733109712600708
ec_f1_69_a9e06a63.jpg,C:\Users\Angad\Desktop\StemFellowship\data\raw\fitzpatrick\Categorized_AbbrvName\ec_204\ec_f1_69_a9e06a63.jpg,1,light_FST1_2,0,0,0.05711759999394417
se-de_f4_49_44c18634.jpg,C:\Users\Angad\Desktop\StemFellowship\data\raw\fitzpatrick\Categorized_AbbrvName\se-de_126\se-de_f4_49_44c18634.jpg,4,medium_FST3_4,0,0,0.017226293683052063
pi-ro_f3_141_67df381b.jpg,C:\Users\Angad\Desktop\StemFellowship\data\raw\fitzpatrick\Categorized_AbbrvName\pi-ro_193\pi-ro_f3_141_67df381b.jpg,3,medium_FST3_4,0,0,0.01880801096558571
sa_f2_21_af01e0a9.jpg,C:\Users\Angad\Desktop\StemFellowship\data\raw\fitzpatrick\Categorized_AbbrvName\sa_349\sa_f2_21_af01e0a9.jpg,2,light_FST1_2,0,1,0.7008318305015564
ne-li_f5_113_d4381a18.jpg,C:\Users\Angad\Desktop\StemFellowship\data\raw\fitzpatrick\Categorized_AbbrvName\ne-li_123\ne-li_f5_113_d4381a18.jpg,5,dark_FST5_6,0,0,0.1377531886100769
dr-er_f3_61_d4113dc4.jpg,C:\Users\Angad\Desktop\StemFellowship\data\raw\fitzpatrick\Categorized_AbbrvName\dr-er_200\dr-er_f3_61_d4113dc4.jpg,3,medium_FST3_4,0,0,0.002325813053175807
lu-er_f4_53_419bb3a8.jpg,C:\Users\Angad\Desktop\StemFellowship\data\raw\fitzpatrick\Categorized_AbbrvName\lu-er_410\lu-er_f4_53_419bb3a8.jpg,4,medium_FST3_4,0,0,0.03196660801768303
ne-de_f1_85_1805c553.jpg,C:\Users\Angad\Desktop\StemFellowship\data\raw\fitzpatrick\Categorized_AbbrvName\ne-de_361\ne-de_f1_85_1805c553.jpg,1,light_FST1_2,0,0,0.4377479553222656
eh-da-sy_f4_126_c87511ba.jpg,C:\Users\Angad\Desktop\StemFellowship\data\raw\fitzpatrick\Categorized_AbbrvName\eh-da-sy_127\eh-da-sy_f4_126_c87511ba.jpg,4,medium_FST3_4,0,0,0.03899260237812996
se-ke_f2_66_7b13cb1d.jpg,C:\Users\Angad\Desktop\StemFellowship\data\raw\fitzpatrick\Categorized_AbbrvName\se-ke_69\se-ke_f2_66_7b13cb1d.jpg,2,light_FST1_2,0,1,0.9154697060585022
my_f3_30_69f789e2.jpg,C:\Users\Angad\Desktop\StemFellowship\data\raw\fitzpatrick\Categorized_AbbrvName\my_67\my_f3_30_69f789e2.jpg,3,medium_FST3_4,0,0,0.1536068171262741
al-co-de_f4_96_81e861e4.jpg,C:\Users\Angad\Desktop\StemFellowship\data\raw\fitzpatrick\Categorized_AbbrvName\al-co-de_430\al-co-de_f4_96_81e861e4.jpg,4,medium_FST3_4,0,0,0.01062772423028946
rh_f3_82_97c2b266.jpg,C:\Users\Angad\Desktop\StemFellowship\data\raw\fitzpatrick\Categorized_AbbrvName\rh_91\rh_f3_82_97c2b266.jpg,3,medium_FST3_4,0,0,0.115138478577137
ke_f6_4_d95bb36b.jpg,C:\Users\Angad\Desktop\StemFellowship\data\raw\fitzpatrick\Categorized_AbbrvName\ke_156\ke_f6_4_d95bb36b.jpg,6,dark_FST5_6,0,0,0.033963337540626526
ba-ce-ca_f3_275_7297014b.jpg,C:\Users\Angad\Desktop\StemFellowship\data\raw\fitzpatrick\Categorized_AbbrvName\ba-ce-ca_468\ba-ce-ca_f3_275_7297014b.jpg,3,medium_FST3_4,1,0,0.021774837747216225
sq-ce-ca_f2_188_0cc0fd84.jpg,C:\Users\Angad\Desktop\StemFellowship\data\raw\fitzpatrick\Categorized_AbbrvName\sq-ce-ca_581\sq-ce-ca_f2_188_0cc0fd84.jpg,2,light_FST1_2,1,0,0.1773076206445694
hi_f3_53_9dad2b2a.jpg,C:\Users\Angad\Desktop\StemFellowship\data\raw\fitzpatrick\Categorized_AbbrvName\hi_90\hi_f3_53_9dad2b2a.jpg,3,medium_FST3_4,0,0,0.3118039667606354
ne-de_f4_178_2a3750d8.jpg,C:\Users\Angad\Desktop\StemFellowship\data\raw\fitzpatrick\Categorized_AbbrvName\ne-de_361\ne-de_f4_178_2a3750d8.jpg,4,medium_FST3_4,0,1,0.9256281852722168
pe-li_f3_136_d6c2b49e.jpg,C:\Users\Angad\Desktop\StemFellowship\data\raw\fitzpatrick\Categorized_AbbrvName\pe-li_151\pe-li_f3_136_d6c2b49e.jpg,3,medium_FST3_4,0,0,0.20239798724651337
ne-de_f1_35_85ac992d.jpg,C:\Users\Angad\Desktop\StemFellowship\data\raw\fitzpatrick\Categorized_AbbrvName\ne-de_361\ne-de_f1_35_85ac992d.jpg,1,light_FST1_2,0,1,0.8697525858879089
sq-ce-ca_f5_427_8b545da3.jpg,C:\Users\Angad\Desktop\StemFellowship\data\raw\fitzpatrick\Categorized_AbbrvName\sq-ce-ca_581\sq-ce-ca_f5_427_8b545da3.jpg,5,dark_FST5_6,1,1,0.896235466003418
ur_f2_127_b3b6a19f.jpg,C:\Users\Angad\Desktop\StemFellowship\data\raw\fitzpatrick\Categorized_AbbrvName\ur_151\ur_f2_127_b3b6a19f.jpg,2,light_FST1_2,0,0,0.0025346868205815554
ba-ce-ca-mo_f1_32_b9139340.jpg,C:\Users\Angad\Desktop\StemFellowship\data\raw\fitzpatrick\Categorized_AbbrvName\ba-ce-ca-mo_62\ba-ce-ca-mo_f1_32_b9139340.jpg,1,light_FST1_2,1,0,0.1178162693977356
ch_f1_58_0cb82dc6.jpg,C:\Users\Angad\Desktop\StemFellowship\data\raw\fitzpatrick\Categorized_AbbrvName\ch_106\ch_f1_58_0cb82dc6.jpg,1,light_FST1_2,0,1,0.6405969262123108
ly-di_f1_10_fb5cc2f8.jpg,C:\Users\Angad\Desktop\StemFellowship\data\raw\fitzpatrick\Categorized_AbbrvName\ly-di_129\ly-di_f1_10_fb5cc2f8.jpg,1,light_FST1_2,0,1,0.6867173910140991
mu-cy_f3_11_79ff7d34.jpg,C:\Users\Angad\Desktop\StemFellowship\data\raw\fitzpatrick\Categorized_AbbrvName\mu-cy_79\mu-cy_f3_11_79ff7d34.jpg,3,medium_FST3_4,0,1,0.8941892981529236
ac_f2_142_837b623f.jpg,C:\Users\Angad\Desktop\StemFellowship\data\raw\fitzpatrick\Categorized_AbbrvName\ac_183\ac_f2_142_837b623f.jpg,2,light_FST1_2,0,1,0.8430224061012268
li-pl_f4_442_9b8c0000.jpg,C:\Users\Angad\Desktop\StemFellowship\data\raw\fitzpatrick\Categorized_AbbrvName\li-pl_491\li-pl_f4_442_9b8c0000.jpg,4,medium_FST3_4,0,0,0.17170925438404083
sa_f4_29_ccd53f1e.jpg,C:\Users\Angad\Desktop\StemFellowship\data\raw\fitzpatrick\Categorized_AbbrvName\sa_349\sa_f4_29_ccd53f1e.jpg,4,medium_FST3_4,0,0,0.1888497918844223
li-re_f2_17_6a421fa7.jpg,C:\Users\Angad\Desktop\StemFellowship\data\raw\fitzpatrick\Categorized_AbbrvName\li-re_60\li-re_f2_17_6a421fa7.jpg,2,light_FST1_2,0,0,0.4270864427089691
tu-sc_f1_25_f34b3c5a.jpg,C:\Users\Angad\Desktop\StemFellowship\data\raw\fitzpatrick\Categorized_AbbrvName\tu-sc_141\tu-sc_f1_25_f34b3c5a.jpg,1,light_FST1_2,0,0,0.018814904615283012
al-co-de_f2_372_566761f6.jpg,C:\Users\Angad\Desktop\StemFellowship\data\raw\fitzpatrick\Categorized_AbbrvName\al-co-de_430\al-co-de_f2_372_566761f6.jpg,2,light_FST1_2,0,0,0.36440974473953247
ac-vu_f2_223_1a78edee.jpg,C:\Users\Angad\Desktop\StemFellowship\data\raw\fitzpatrick\Categorized_AbbrvName\ac-vu_335\ac-vu_f2_223_1a78edee.jpg,2,light_FST1_2,0,0,0.020601985976099968
ac-vu_f1_206_725b3f5a.jpg,C:\Users\Angad\Desktop\StemFellowship\data\raw\fitzpatrick\Categorized_AbbrvName\ac-vu_335\ac-vu_f1_206_725b3f5a.jpg,1,light_FST1_2,0,0,0.016873810440301895
ps_f4_58_9d6d8fcc.jpg,C:\Users\Angad\Desktop\StemFellowship\data\raw\fitzpatrick\Categorized_AbbrvName\ps_653\ps_f4_58_9d6d8fcc.jpg,4,medium_FST3_4,0,0,0.0001962823880603537
ac-vu_f2_109_74df53d1.jpg,C:\Users\Angad\Desktop\StemFellowship\data\raw\fitzpatrick\Categorized_AbbrvName\ac-vu_335\ac-vu_f2_109_74df53d1.jpg,2,light_FST1_2,0,0,0.0017554588848724961
ur_f1_98_c931643c.jpg,C:\Users\Angad\Desktop\StemFellowship\data\raw\fitzpatrick\Categorized_AbbrvName\ur_151\ur_f1_98_c931643c.jpg,1,light_FST1_2,0,0,0.05919454246759415
pi-li-ch_f4_54_c5c492e7.jpg,C:\Users\Angad\Desktop\StemFellowship\data\raw\fitzpatrick\Categorized_AbbrvName\pi-li-ch_73\pi-li-ch_f4_54_c5c492e7.jpg,4,medium_FST3_4,0,0,0.02204211987555027
pr-no_f5_79_c8f82a86.jpg,C:\Users\Angad\Desktop\StemFellowship\data\raw\fitzpatrick\Categorized_AbbrvName\pr-no_170\pr-no_f5_79_c8f82a86.jpg,5,dark_FST5_6,0,0,0.010982414707541466
da-di_f1_34_6f7bc731.jpg,C:\Users\Angad\Desktop\StemFellowship\data\raw\fitzpatrick\Categorized_AbbrvName\da-di_153\da-di_f1_34_6f7bc731.jpg,1,light_FST1_2,0,0,0.010062429122626781
pi-li-ch_f4_10_7db6cd45.jpg,C:\Users\Angad\Desktop\StemFellowship\data\raw\fitzpatrick\Categorized_AbbrvName\pi-li-ch_73\pi-li-ch_f4_10_7db6cd45.jpg,4,medium_FST3_4,0,0,0.0005437054205685854
me_f2_155_4874ae43.jpg,C:\Users\Angad\Desktop\StemFellowship\data\raw\fitzpatrick\Categorized_AbbrvName\me_261\me_f2_155_4874ae43.jpg,2,light_FST1_2,1,1,0.879331111907959
sq-ce-ca_f3_412_f9c6ce09.jpg,C:\Users\Angad\Desktop\StemFellowship\data\raw\fitzpatrick\Categorized_AbbrvName\sq-ce-ca_581\sq-ce-ca_f3_412_f9c6ce09.jpg,3,medium_FST3_4,1,1,0.8238845467567444
ne-ne_f1_70_aae5e1fc.jpg,C:\Users\Angad\Desktop\StemFellowship\data\raw\fitzpatrick\Categorized_AbbrvName\ne-ne_86\ne-ne_f1_70_aae5e1fc.jpg,1,light_FST1_2,0,1,0.5677239894866943
da-di_f6_105_20122874.jpg,C:\Users\Angad\Desktop\StemFellowship\data\raw\fitzpatrick\Categorized_AbbrvName\da-di_153\da-di_f6_105_20122874.jpg,6,dark_FST5_6,0,0,0.20698240399360657
tu_f2_131_b84da9c8.jpg,C:\Users\Angad\Desktop\StemFellowship\data\raw\fitzpatrick\Categorized_AbbrvName\tu_152\tu_f2_131_b84da9c8.jpg,2,light_FST1_2,0,1,0.8729214072227478
sa_f3_253_8d7b2609.jpg,C:\Users\Angad\Desktop\StemFellowship\data\raw\fitzpatrick\Categorized_AbbrvName\sa_349\sa_f3_253_8d7b2609.jpg,3,medium_FST3_4,0,0,0.03315555676817894
ac_f2_99_221cdcf3.jpg,C:\Users\Angad\Desktop\StemFellowship\data\raw\fitzpatrick\Categorized_AbbrvName\ac_183\ac_f2_99_221cdcf3.jpg,2,light_FST1_2,0,0,0.1649724543094635
ps_f2_411_0f0a363e.jpg,C:\Users\Angad\Desktop\StemFellowship\data\raw\fitzpatrick\Categorized_AbbrvName\ps_653\ps_f2_411_0f0a363e.jpg,2,light_FST1_2,0,0,0.2933439016342163
pa_f1_0_4cd5b4b4.jpg,C:\Users\Angad\Desktop\StemFellowship\data\raw\fitzpatrick\Categorized_AbbrvName\pa_59\pa_f1_0_4cd5b4b4.jpg,1,light_FST1_2,0,1,0.8210589289665222
fa-de_f1_1_038bef65.jpg,C:\Users\Angad\Desktop\StemFellowship\data\raw\fitzpatrick\Categorized_AbbrvName\fa-de_66\fa-de_f1_1_038bef65.jpg,1,light_FST1_2,0,0,0.22027507424354553
da-di_f2_31_665dfeca.jpg,C:\Users\Angad\Desktop\StemFellowship\data\raw\fitzpatrick\Categorized_AbbrvName\da-di_153\da-di_f2_31_665dfeca.jpg,2,light_FST1_2,0,1,0.6536757349967957
py-gr_f2_96_f20d6a54.jpg,C:\Users\Angad\Desktop\StemFellowship\data\raw\fitzpatrick\Categorized_AbbrvName\py-gr_113\py-gr_f2_96_f20d6a54.jpg,2,light_FST1_2,0,0,0.004689628258347511
ka-sa_f3_82_80a3e008.jpg,C:\Users\Angad\Desktop\StemFellowship\data\raw\fitzpatrick\Categorized_AbbrvName\ka-sa_156\ka-sa_f3_82_80a3e008.jpg,3,medium_FST3_4,1,1,0.8665662407875061
ap-cu_f3_34_b7c9c9e7.jpg,C:\Users\Angad\Desktop\StemFellowship\data\raw\fitzpatrick\Categorized_AbbrvName\ap-cu_72\ap-cu_f3_34_b7c9c9e7.jpg,3,medium_FST3_4,0,0,0.03775404021143913
tu_f3_63_1fa3de78.jpg,C:\Users\Angad\Desktop\StemFellowship\data\raw\fitzpatrick\Categorized_AbbrvName\tu_152\tu_f3_63_1fa3de78.jpg,3,medium_FST3_4,0,1,0.915597677230835
er-mu_f3_27_f97e7a8f.jpg,C:\Users\Angad\Desktop\StemFellowship\data\raw\fitzpatrick\Categorized_AbbrvName\er-mu_236\er-mu_f3_27_f97e7a8f.jpg,3,medium_FST3_4,0,0,0.056873004883527756
ps_f3_538_766bd573.jpg,C:\Users\Angad\Desktop\StemFellowship\data\raw\fitzpatrick\Categorized_AbbrvName\ps_653\ps_f3_538_766bd573.jpg,3,medium_FST3_4,0,0,0.07920152693986893
sa_f2_201_96ff1c36.jpg,C:\Users\Angad\Desktop\StemFellowship\data\raw\fitzpatrick\Categorized_AbbrvName\sa_349\sa_f2_201_96ff1c36.jpg,2,light_FST1_2,0,1,0.8965429663658142
pe-li_f2_118_de0d5537.jpg,C:\Users\Angad\Desktop\StemFellowship\data\raw\fitzpatrick\Categorized_AbbrvName\pe-li_151\pe-li_f2_118_de0d5537.jpg,2,light_FST1_2,0,0,0.04384015128016472
be-ne_f3_26_1f16657e.jpg,C:\Users\Angad\Desktop\StemFellowship\data\raw\fitzpatrick\Categorized_AbbrvName\be-ne_63\be-ne_f3_26_1f16657e.jpg,3,medium_FST3_4,0,0,0.28533053398132324
ne-in_f5_59_13f2b590.jpg,C:\Users\Angad\Desktop\StemFellowship\data\raw\fitzpatrick\Categorized_AbbrvName\ne-in_260\ne-in_f5_59_13f2b590.jpg,5,dark_FST5_6,0,0,0.2504115104675293
ba-ce-ca_f2_318_6abd190e.jpg,C:\Users\Angad\Desktop\StemFellowship\data\raw\fitzpatrick\Categorized_AbbrvName\ba-ce-ca_468\ba-ce-ca_f2_318_6abd190e.jpg,2,light_FST1_2,1,1,0.9279532432556152
le-ma_f2_48_a0f2068e.jpg,C:\Users\Angad\Desktop\StemFellowship\data\raw\fitzpatrick\Categorized_AbbrvName\le-ma_83\le-ma_f2_48_a0f2068e.jpg,2,light_FST1_2,1,1,0.9947938323020935
ur_f4_149_e1279fe0.jpg,C:\Users\Angad\Desktop\StemFellowship\data\raw\fitzpatrick\Categorized_AbbrvName\ur_151\ur_f4_149_e1279fe0.jpg,4,medium_FST3_4,0,0,0.10500016808509827
ka-sa_f3_111_836f1def.jpg,C:\Users\Angad\Desktop\StemFellowship\data\raw\fitzpatrick\Categorized_AbbrvName\ka-sa_156\ka-sa_f3_111_836f1def.jpg,3,medium_FST3_4,1,1,0.6201265454292297
ps_f1_317_b9379465.jpg,C:\Users\Angad\Desktop\StemFellowship\data\raw\fitzpatrick\Categorized_AbbrvName\ps_653\ps_f1_317_b9379465.jpg,1,light_FST1_2,0,0,0.2535032629966736
ke-pi_f1_28_f7cbcc03.jpg,C:\Users\Angad\Desktop\StemFellowship\data\raw\fitzpatrick\Categorized_AbbrvName\ke-pi_78\ke-pi_f1_28_f7cbcc03.jpg,1,light_FST1_2,0,0,0.21915985643863678
ba-ce-ca_f2_314_1695bd10.jpg,C:\Users\Angad\Desktop\StemFellowship\data\raw\fitzpatrick\Categorized_AbbrvName\ba-ce-ca_468\ba-ce-ca_f2_314_1695bd10.jpg,2,light_FST1_2,1,0,0.46372073888778687
su-sp-me-ss_f2_98_7680cf64.jpg,C:\Users\Angad\Desktop\StemFellowship\data\raw\fitzpatrick\Categorized_AbbrvName\su-sp-me-ss_118\su-sp-me-ss_f2_98_7680cf64.jpg,2,light_FST1_2,1,1,0.8770827651023865
la-ce-hi_f1_45_f6e6b1a8.jpg,C:\Users\Angad\Desktop\StemFellowship\data\raw\fitzpatrick\Categorized_AbbrvName\la-ce-hi_60\la-ce-hi_f1_45_f6e6b1a8.jpg,1,light_FST1_2,0,0,0.26033127307891846
ec_f2_146_7ec479c3.jpg,C:\Users\Angad\Desktop\StemFellowship\data\raw\fitzpatrick\Categorized_AbbrvName\ec_204\ec_f2_146_7ec479c3.jpg,2,light_FST1_2,0,0,0.12341609597206116
pi-cy_f2_35_d6d9dded.jpg,C:\Users\Angad\Desktop\StemFellowship\data\raw\fitzpatrick\Categorized_AbbrvName\pi-cy_93\pi-cy_f2_35_d6d9dded.jpg,2,light_FST1_2,0,0,0.12617100775241852
ba-ce-ca_f3_10_84d86160.jpg,C:\Users\Angad\Desktop\StemFellowship\data\raw\fitzpatrick\Categorized_AbbrvName\ba-ce-ca_468\ba-ce-ca_f3_10_84d86160.jpg,3,medium_FST3_4,1,1,0.9913139939308167
ps_f5_639_b4b0eeeb.jpg,C:\Users\Angad\Desktop\StemFellowship\data\raw\fitzpatrick\Categorized_AbbrvName\ps_653\ps_f5_639_b4b0eeeb.jpg,5,dark_FST5_6,0,0,0.030627623200416565
ic-vu_f2_47_578d7274.jpg,C:\Users\Angad\Desktop\StemFellowship\data\raw\fitzpatrick\Categorized_AbbrvName\ic-vu_65\ic-vu_f2_47_578d7274.jpg,2,light_FST1_2,0,0,0.173960879445076
da-di_f6_59_5c2daa14.jpg,C:\Users\Angad\Desktop\StemFellowship\data\raw\fitzpatrick\Categorized_AbbrvName\da-di_153\da-di_f6_59_5c2daa14.jpg,6,dark_FST5_6,0,0,0.006145881023257971
li-pl_f3_368_a824ec28.jpg,C:\Users\Angad\Desktop\StemFellowship\data\raw\fitzpatrick\Categorized_AbbrvName\li-pl_491\li-pl_f3_368_a824ec28.jpg,3,medium_FST3_4,0,0,0.18075786530971527
vi_f4_86_4ca3e81a.jpg,C:\Users\Angad\Desktop\StemFellowship\data\raw\fitzpatrick\Categorized_AbbrvName\vi_166\vi_f4_86_4ca3e81a.jpg,4,medium_FST3_4,0,0,0.24094489216804504
sa_f4_270_d8669a0e.jpg,C:\Users\Angad\Desktop\StemFellowship\data\raw\fitzpatrick\Categorized_AbbrvName\sa_349\sa_f4_270_d8669a0e.jpg,4,medium_FST3_4,0,0,0.024702519178390503
ha-ne_f2_65_8647998b.jpg,C:\Users\Angad\Desktop\StemFellowship\data\raw\fitzpatrick\Categorized_AbbrvName\ha-ne_82\ha-ne_f2_65_8647998b.jpg,2,light_FST1_2,0,0,0.4621686041355133
ec_f6_109_1e05b3cf.jpg,C:\Users\Angad\Desktop\StemFellowship\data\raw\fitzpatrick\Categorized_AbbrvName\ec_204\ec_f6_109_1e05b3cf.jpg,6,dark_FST5_6,0,0,0.028687478974461555
te_f4_30_c23edb40.jpg,C:\Users\Angad\Desktop\StemFellowship\data\raw\fitzpatrick\Categorized_AbbrvName\te_126\te_f4_30_c23edb40.jpg,4,medium_FST3_4,0,0,0.11986229568719864
ne-in_f4_245_7605bcd5.jpg,C:\Users\Angad\Desktop\StemFellowship\data\raw\fitzpatrick\Categorized_AbbrvName\ne-in_260\ne-in_f4_245_7605bcd5.jpg,4,medium_FST3_4,0,0,0.1260613650083542
lu-er_f1_71_ad1dd8b5.jpg,C:\Users\Angad\Desktop\StemFellowship\data\raw\fitzpatrick\Categorized_AbbrvName\lu-er_410\lu-er_f1_71_ad1dd8b5.jpg,1,light_FST1_2,0,0,0.20551259815692902
ac_f3_108_fafba0d0.jpg,C:\Users\Angad\Desktop\StemFellowship\data\raw\fitzpatrick\Categorized_AbbrvName\ac_183\ac_f3_108_fafba0d0.jpg,3,medium_FST3_4,0,0,0.4454105794429779
fo_f2_27_18512e5c.jpg,C:\Users\Angad\Desktop\StemFellowship\data\raw\fitzpatrick\Categorized_AbbrvName\fo_342\fo_f2_27_18512e5c.jpg,2,light_FST1_2,0,0,0.0037563168443739414
te_f3_26_3c037f81.jpg,C:\Users\Angad\Desktop\StemFellowship\data\raw\fitzpatrick\Categorized_AbbrvName\te_126\te_f3_26_3c037f81.jpg,3,medium_FST3_4,0,1,0.6298515796661377
li-pl_f1_108_cf9e9877.jpg,C:\Users\Angad\Desktop\StemFellowship\data\raw\fitzpatrick\Categorized_AbbrvName\li-pl_491\li-pl_f1_108_cf9e9877.jpg,1,light_FST1_2,0,1,0.6054131984710693
er-mu_f1_47_50c83707.jpg,C:\Users\Angad\Desktop\StemFellowship\data\raw\fitzpatrick\Categorized_AbbrvName\er-mu_236\er-mu_f1_47_50c83707.jpg,1,light_FST1_2,0,0,0.19724272191524506
ph_f2_180_68d7527c.jpg,C:\Users\Angad\Desktop\StemFellowship\data\raw\fitzpatrick\Categorized_AbbrvName\ph_348\ph_f2_180_68d7527c.jpg,2,light_FST1_2,0,0,0.002794963773339987
ec_f3_186_c3325de3.jpg,C:\Users\Angad\Desktop\StemFellowship\data\raw\fitzpatrick\Categorized_AbbrvName\ec_204\ec_f3_186_c3325de3.jpg,3,medium_FST3_4,0,0,0.3192853033542633
ph_f1_202_6c8caad8.jpg,C:\Users\Angad\Desktop\StemFellowship\data\raw\fitzpatrick\Categorized_AbbrvName\ph_348\ph_f1_202_6c8caad8.jpg,1,light_FST1_2,0,0,0.0019418965093791485
ke_f1_82_c6fffa92.jpg,C:\Users\Angad\Desktop\StemFellowship\data\raw\fitzpatrick\Categorized_AbbrvName\ke_156\ke_f1_82_c6fffa92.jpg,1,light_FST1_2,0,0,0.08815059065818787
ps_f2_61_2f56c42d.jpg,C:\Users\Angad\Desktop\StemFellowship\data\raw\fitzpatrick\Categorized_AbbrvName\ps_653\ps_f2_61_2f56c42d.jpg,2,light_FST1_2,0,0,0.09769530594348907
di-ac-po_f3_55_60b060a2.jpg,C:\Users\Angad\Desktop\StemFellowship\data\raw\fitzpatrick\Categorized_AbbrvName\di-ac-po_60\di-ac-po_f3_55_60b060a2.jpg,3,medium_FST3_4,0,0,0.01900126039981842
be-di_f2_44_12add973.jpg,C:\Users\Angad\Desktop\StemFellowship\data\raw\fitzpatrick\Categorized_AbbrvName\be-di_63\be-di_f2_44_12add973.jpg,2,light_FST1_2,0,0,0.18861621618270874
be-ne_f1_14_f63bd076.jpg,C:\Users\Angad\Desktop\StemFellowship\data\raw\fitzpatrick\Categorized_AbbrvName\be-ne_63\be-ne_f1_14_f63bd076.jpg,1,light_FST1_2,0,0,0.3278854191303253
sa_f4_119_6c941b9a.jpg,C:\Users\Angad\Desktop\StemFellowship\data\raw\fitzpatrick\Categorized_AbbrvName\sa_349\sa_f4_119_6c941b9a.jpg,4,medium_FST3_4,0,0,0.19082053005695343
co-ne_f1_4_870cc15b.jpg,C:\Users\Angad\Desktop\StemFellowship\data\raw\fitzpatrick\Categorized_AbbrvName\co-ne_68\co-ne_f1_4_870cc15b.jpg,1,light_FST1_2,0,0,0.012898550368845463
ne-ne_f1_28_04c59d81.jpg,C:\Users\Angad\Desktop\StemFellowship\data\raw\fitzpatrick\Categorized_AbbrvName\ne-ne_86\ne-ne_f1_28_04c59d81.jpg,1,light_FST1_2,0,0,0.42132022976875305
te_f1_15_1159b031.jpg,C:\Users\Angad\Desktop\StemFellowship\data\raw\fitzpatrick\Categorized_AbbrvName\te_126\te_f1_15_1159b031.jpg,1,light_FST1_2,0,0,0.23286201059818268
sq-ce-ca_f2_239_c58294e3.jpg,C:\Users\Angad\Desktop\StemFellowship\data\raw\fitzpatrick\Categorized_AbbrvName\sq-ce-ca_581\sq-ce-ca_f2_239_c58294e3.jpg,2,light_FST1_2,1,1,0.8101039528846741
py-gr_f1_109_54801c13.jpg,C:\Users\Angad\Desktop\StemFellowship\data\raw\fitzpatrick\Categorized_AbbrvName\py-gr_113\py-gr_f1_109_54801c13.jpg,1,light_FST1_2,0,1,0.8532730937004089
li-am_f2_42_570ad9f9.jpg,C:\Users\Angad\Desktop\StemFellowship\data\raw\fitzpatrick\Categorized_AbbrvName\li-am_77\li-am_f2_42_570ad9f9.jpg,2,light_FST1_2,0,0,0.07965204119682312
ur_f3_137_20e54e08.jpg,C:\Users\Angad\Desktop\StemFellowship\data\raw\fitzpatrick\Categorized_AbbrvName\ur_151\ur_f3_137_20e54e08.jpg,3,medium_FST3_4,0,0,0.10268951952457428
ne-li_f1_41_f649c96a.jpg,C:\Users\Angad\Desktop\StemFellowship\data\raw\fitzpatrick\Categorized_AbbrvName\ne-li_123\ne-li_f1_41_f649c96a.jpg,1,light_FST1_2,0,0,0.337872177362442
mu-cy_f1_52_0ca87041.jpg,C:\Users\Angad\Desktop\StemFellowship\data\raw\fitzpatrick\Categorized_AbbrvName\mu-cy_79\mu-cy_f1_52_0ca87041.jpg,1,light_FST1_2,0,1,0.8258131146430969
ac-ke_f1_8_a7d96aa1.jpg,C:\Users\Angad\Desktop\StemFellowship\data\raw\fitzpatrick\Categorized_AbbrvName\ac-ke_175\ac-ke_f1_8_a7d96aa1.jpg,1,light_FST1_2,1,1,0.9716274738311768
be-di_f4_3_dc070cb3.jpg,C:\Users\Angad\Desktop\StemFellowship\data\raw\fitzpatrick\Categorized_AbbrvName\be-di_63\be-di_f4_3_dc070cb3.jpg,4,medium_FST3_4,0,0,0.13541004061698914
ka-sa_f4_20_11bad1ca.jpg,C:\Users\Angad\Desktop\StemFellowship\data\raw\fitzpatrick\Categorized_AbbrvName\ka-sa_156\ka-sa_f4_20_11bad1ca.jpg,4,medium_FST3_4,1,1,0.8324363827705383
ne-in_f3_109_99bc4e63.jpg,C:\Users\Angad\Desktop\StemFellowship\data\raw\fitzpatrick\Categorized_AbbrvName\ne-in_260\ne-in_f3_109_99bc4e63.jpg,3,medium_FST3_4,0,0,0.3038969039916992
my-fu_f1_41_039524bc.jpg,C:\Users\Angad\Desktop\StemFellowship\data\raw\fitzpatrick\Categorized_AbbrvName\my-fu_182\my-fu_f1_41_039524bc.jpg,1,light_FST1_2,1,0,0.42954039573669434
pi-ro_f4_189_6040090b.jpg,C:\Users\Angad\Desktop\StemFellowship\data\raw\fitzpatrick\Categorized_AbbrvName\pi-ro_193\pi-ro_f4_189_6040090b.jpg,4,medium_FST3_4,0,0,0.0010950852883979678
ph_f3_268_d3d0fe6a.jpg,C:\Users\Angad\Desktop\StemFellowship\data\raw\fitzpatrick\Categorized_AbbrvName\ph_348\ph_f3_268_d3d0fe6a.jpg,3,medium_FST3_4,0,0,1.2172623428341467e-05
fi-er_f2_62_d63610fa.jpg,C:\Users\Angad\Desktop\StemFellowship\data\raw\fitzpatrick\Categorized_AbbrvName\fi-er_125\fi-er_f2_62_d63610fa.jpg,2,light_FST1_2,0,0,0.0572085939347744
tu_f2_54_1ae030b1.jpg,C:\Users\Angad\Desktop\StemFellowship\data\raw\fitzpatrick\Categorized_AbbrvName\tu_152\tu_f2_54_1ae030b1.jpg,2,light_FST1_2,0,0,0.10027198493480682
ba-ce-ca_f3_24_44c91c12.jpg,C:\Users\Angad\Desktop\StemFellowship\data\raw\fitzpatrick\Categorized_AbbrvName\ba-ce-ca_468\ba-ce-ca_f3_24_44c91c12.jpg,3,medium_FST3_4,1,1,0.8797091245651245
my_f5_50_22cacebd.jpg,C:\Users\Angad\Desktop\StemFellowship\data\raw\fitzpatrick\Categorized_AbbrvName\my_67\my_f5_50_22cacebd.jpg,5,dark_FST5_6,0,1,0.6493228077888489
my_f4_31_abd5066c.jpg,C:\Users\Angad\Desktop\StemFellowship\data\raw\fitzpatrick\Categorized_AbbrvName\my_67\my_f4_31_abd5066c.jpg,4,medium_FST3_4,0,0,0.0008647886570543051
sq-ce-ca_f4_558_a547512f.jpg,C:\Users\Angad\Desktop\StemFellowship\data\raw\fitzpatrick\Categorized_AbbrvName\sq-ce-ca_581\sq-ce-ca_f4_558_a547512f.jpg,4,medium_FST3_4,1,1,0.9907221794128418
po-ac_f3_124_a062bfcb.jpg,C:\Users\Angad\Desktop\StemFellowship\data\raw\fitzpatrick\Categorized_AbbrvName\po-ac_183\po-ac_f3_124_a062bfcb.jpg,3,medium_FST3_4,0,0,0.005274189170449972
ba-ce-ca_f3_431_d285b21f.jpg,C:\Users\Angad\Desktop\StemFellowship\data\raw\fitzpatrick\Categorized_AbbrvName\ba-ce-ca_468\ba-ce-ca_f3_431_d285b21f.jpg,3,medium_FST3_4,1,1,0.8980125188827515
ba-ce-ca_f2_1_9838b654.jpg,C:\Users\Angad\Desktop\StemFellowship\data\raw\fitzpatrick\Categorized_AbbrvName\ba-ce-ca_468\ba-ce-ca_f2_1_9838b654.jpg,2,light_FST1_2,1,0,0.29232585430145264
ps_f2_274_468b8516.jpg,C:\Users\Angad\Desktop\StemFellowship\data\raw\fitzpatrick\Categorized_AbbrvName\ps_653\ps_f2_274_468b8516.jpg,2,light_FST1_2,0,0,0.3895934522151947
tu_f2_5_11925cb5.jpg,C:\Users\Angad\Desktop\StemFellowship\data\raw\fitzpatrick\Categorized_AbbrvName\tu_152\tu_f2_5_11925cb5.jpg,2,light_FST1_2,0,1,0.8960081338882446
ps_f4_299_3bf34f2e.jpg,C:\Users\Angad\Desktop\StemFellowship\data\raw\fitzpatrick\Categorized_AbbrvName\ps_653\ps_f4_299_3bf34f2e.jpg,4,medium_FST3_4,0,0,0.028602421283721924
ju-xa_f6_80_3d0c32b1.jpg,C:\Users\Angad\Desktop\StemFellowship\data\raw\fitzpatrick\Categorized_AbbrvName\ju-xa_149\ju-xa_f6_80_3d0c32b1.jpg,6,dark_FST5_6,0,0,0.006296074949204922
ac-ke_f3_134_cac211b9.jpg,C:\Users\Angad\Desktop\StemFellowship\data\raw\fitzpatrick\Categorized_AbbrvName\ac-ke_175\ac-ke_f3_134_cac211b9.jpg,3,medium_FST3_4,1,1,0.8401477932929993
mu_f1_46_fef64100.jpg,C:\Users\Angad\Desktop\StemFellowship\data\raw\fitzpatrick\Categorized_AbbrvName\mu_92\mu_f1_46_fef64100.jpg,1,light_FST1_2,0,0,0.36639174818992615
sq-ce-ca_f2_405_19052eee.jpg,C:\Users\Angad\Desktop\StemFellowship\data\raw\fitzpatrick\Categorized_AbbrvName\sq-ce-ca_581\sq-ce-ca_f2_405_19052eee.jpg,2,light_FST1_2,1,1,0.7636752724647522
pe-li_f3_54_2b6ae8a5.jpg,C:\Users\Angad\Desktop\StemFellowship\data\raw\fitzpatrick\Categorized_AbbrvName\pe-li_151\pe-li_f3_54_2b6ae8a5.jpg,3,medium_FST3_4,0,0,0.043355878442525864
ph_f1_62_c5beb019.jpg,C:\Users\Angad\Desktop\StemFellowship\data\raw\fitzpatrick\Categorized_AbbrvName\ph_348\ph_f1_62_c5beb019.jpg,1,light_FST1_2,0,0,0.04583653435111046
ac_f1_81_dff2e479.jpg,C:\Users\Angad\Desktop\StemFellowship\data\raw\fitzpatrick\Categorized_AbbrvName\ac_183\ac_f1_81_dff2e479.jpg,1,light_FST1_2,0,0,0.41271913051605225
ps_f2_258_85a8a6ef.jpg,C:\Users\Angad\Desktop\StemFellowship\data\raw\fitzpatrick\Categorized_AbbrvName\ps_653\ps_f2_258_85a8a6ef.jpg,2,light_FST1_2,0,1,0.797283411026001
tu-sc_f3_133_7f9bbbc5.jpg,C:\Users\Angad\Desktop\StemFellowship\data\raw\fitzpatrick\Categorized_AbbrvName\tu-sc_141\tu-sc_f3_133_7f9bbbc5.jpg,3,medium_FST3_4,0,1,0.8390896320343018
ne-de_f4_115_471f6710.jpg,C:\Users\Angad\Desktop\StemFellowship\data\raw\fitzpatrick\Categorized_AbbrvName\ne-de_361\ne-de_f4_115_471f6710.jpg,4,medium_FST3_4,0,0,0.18317481875419617
ba-ce-ca-mo_f2_28_c3cd9180.jpg,C:\Users\Angad\Desktop\StemFellowship\data\raw\fitzpatrick\Categorized_AbbrvName\ba-ce-ca-mo_62\ba-ce-ca-mo_f2_28_c3cd9180.jpg,2,light_FST1_2,1,0,0.11711830645799637
in-pi_f2_54_356312b7.jpg,C:\Users\Angad\Desktop\StemFellowship\data\raw\fitzpatrick\Categorized_AbbrvName\in-pi_102\in-pi_f2_54_356312b7.jpg,2,light_FST1_2,0,0,0.32014453411102295
rh_f2_41_499ea7bc.jpg,C:\Users\Angad\Desktop\StemFellowship\data\raw\fitzpatrick\Categorized_AbbrvName\rh_91\rh_f2_41_499ea7bc.jpg,2,light_FST1_2,0,1,0.8924745321273804
fo-sp_f2_61_ab236561.jpg,C:\Users\Angad\Desktop\StemFellowship\data\raw\fitzpatrick\Categorized_AbbrvName\fo-sp_100\fo-sp_f2_61_ab236561.jpg,2,light_FST1_2,0,0,0.10779828578233719
ju-xa_f1_92_34067654.jpg,C:\Users\Angad\Desktop\StemFellowship\data\raw\fitzpatrick\Categorized_AbbrvName\ju-xa_149\ju-xa_f1_92_34067654.jpg,1,light_FST1_2,0,1,0.5029130578041077
sy_f6_26_29addfb4.jpg,C:\Users\Angad\Desktop\StemFellowship\data\raw\fitzpatrick\Categorized_AbbrvName\sy_127\sy_f6_26_29addfb4.jpg,6,dark_FST5_6,0,0,0.00652637192979455
in-pi_f2_39_5d558b69.jpg,C:\Users\Angad\Desktop\StemFellowship\data\raw\fitzpatrick\Categorized_AbbrvName\in-pi_102\in-pi_f2_39_5d558b69.jpg,2,light_FST1_2,0,0,0.38631096482276917
ps_f2_294_58b4bc07.jpg,C:\Users\Angad\Desktop\StemFellowship\data\raw\fitzpatrick\Categorized_AbbrvName\ps_653\ps_f2_294_58b4bc07.jpg,2,light_FST1_2,0,0,0.01594797521829605
sa_f2_267_3e65b485.jpg,C:\Users\Angad\Desktop\StemFellowship\data\raw\fitzpatrick\Categorized_AbbrvName\sa_349\sa_f2_267_3e65b485.jpg,2,light_FST1_2,0,0,0.1505117118358612
er-mu_f2_64_e7adb78c.jpg,C:\Users\Angad\Desktop\StemFellowship\data\raw\fitzpatrick\Categorized_AbbrvName\er-mu_236\er-mu_f2_64_e7adb78c.jpg,2,light_FST1_2,0,0,0.0825895443558693
ac-ke_f2_25_139b06bd.jpg,C:\Users\Angad\Desktop\StemFellowship\data\raw\fitzpatrick\Categorized_AbbrvName\ac-ke_175\ac-ke_f2_25_139b06bd.jpg,2,light_FST1_2,1,0,0.23124128580093384
tu_f3_95_0983dd91.jpg,C:\Users\Angad\Desktop\StemFellowship\data\raw\fitzpatrick\Categorized_AbbrvName\tu_152\tu_f3_95_0983dd91.jpg,3,medium_FST3_4,0,1,0.6265941262245178
ac_f4_55_0cff6f3c.jpg,C:\Users\Angad\Desktop\StemFellowship\data\raw\fitzpatrick\Categorized_AbbrvName\ac_183\ac_f4_55_0cff6f3c.jpg,4,medium_FST3_4,0,0,0.30340513586997986
al-co-de_f3_329_46e2a6e5.jpg,C:\Users\Angad\Desktop\StemFellowship\data\raw\fitzpatrick\Categorized_AbbrvName\al-co-de_430\al-co-de_f3_329_46e2a6e5.jpg,3,medium_FST3_4,0,0,0.00020039927039761096
ma-me_f2_6_c4ea214b.jpg,C:\Users\Angad\Desktop\StemFellowship\data\raw\fitzpatrick\Categorized_AbbrvName\ma-me_111\ma-me_f2_6_c4ea214b.jpg,2,light_FST1_2,1,1,0.9964680671691895
eh-da-sy_f6_119_d4cd3d8e.jpg,C:\Users\Angad\Desktop\StemFellowship\data\raw\fitzpatrick\Categorized_AbbrvName\eh-da-sy_127\eh-da-sy_f6_119_d4cd3d8e.jpg,6,dark_FST5_6,0,0,0.00011350442218827084
ke-pi_f4_43_ce72b997.jpg,C:\Users\Angad\Desktop\StemFellowship\data\raw\fitzpatrick\Categorized_AbbrvName\ke-pi_78\ke-pi_f4_43_ce72b997.jpg,4,medium_FST3_4,0,0,0.014334766194224358
lu-er_f3_112_f7a7fd1c.jpg,C:\Users\Angad\Desktop\StemFellowship\data\raw\fitzpatrick\Categorized_AbbrvName\lu-er_410\lu-er_f3_112_f7a7fd1c.jpg,3,medium_FST3_4,0,0,0.04483950883150101
lu-er_f2_138_0393479d.jpg,C:\Users\Angad\Desktop\StemFellowship\data\raw\fitzpatrick\Categorized_AbbrvName\lu-er_410\lu-er_f2_138_0393479d.jpg,2,light_FST1_2,0,0,0.0036250322591513395
li-am_f3_16_7998206c.jpg,C:\Users\Angad\Desktop\StemFellowship\data\raw\fitzpatrick\Categorized_AbbrvName\li-am_77\li-am_f3_16_7998206c.jpg,3,medium_FST3_4,0,1,0.6970676183700562
gr-an_f3_192_0626faf3.jpg,C:\Users\Angad\Desktop\StemFellowship\data\raw\fitzpatrick\Categorized_AbbrvName\gr-an_211\gr-an_f3_192_0626faf3.jpg,3,medium_FST3_4,0,0,0.32642611861228943
my-fu_f1_58_0bbce93b.jpg,C:\Users\Angad\Desktop\StemFellowship\data\raw\fitzpatrick\Categorized_AbbrvName\my-fu_182\my-fu_f1_58_0bbce93b.jpg,1,light_FST1_2,1,0,0.2903147339820862
fo-sp_f2_8_a9df130f.jpg,C:\Users\Angad\Desktop\StemFellowship\data\raw\fitzpatrick\Categorized_AbbrvName\fo-sp_100\fo-sp_f2_8_a9df130f.jpg,2,light_FST1_2,0,0,0.06904254108667374
su-da-sk_f2_56_25d8ee20.jpg,C:\Users\Angad\Desktop\StemFellowship\data\raw\fitzpatrick\Categorized_AbbrvName\su-da-sk_66\su-da-sk_f2_56_25d8ee20.jpg,2,light_FST1_2,0,0,0.00861300714313984
ph_f4_249_93edb096.jpg,C:\Users\Angad\Desktop\StemFellowship\data\raw\fitzpatrick\Categorized_AbbrvName\ph_348\ph_f4_249_93edb096.jpg,4,medium_FST3_4,0,0,0.003779341233894229
xa_f3_27_bc6bef15.jpg,C:\Users\Angad\Desktop\StemFellowship\data\raw\fitzpatrick\Categorized_AbbrvName\xa_53\xa_f3_27_bc6bef15.jpg,3,medium_FST3_4,0,1,0.5047210454940796
ph_f5_316_8ed8886a.jpg,C:\Users\Angad\Desktop\StemFellowship\data\raw\fitzpatrick\Categorized_AbbrvName\ph_348\ph_f5_316_8ed8886a.jpg,5,dark_FST5_6,0,0,0.07182557880878448
pe-li_f3_60_8d7cda0d.jpg,C:\Users\Angad\Desktop\StemFellowship\data\raw\fitzpatrick\Categorized_AbbrvName\pe-li_151\pe-li_f3_60_8d7cda0d.jpg,3,medium_FST3_4,0,0,0.027478322386741638
te_f2_88_72443893.jpg,C:\Users\Angad\Desktop\StemFellowship\data\raw\fitzpatrick\Categorized_AbbrvName\te_126\te_f2_88_72443893.jpg,2,light_FST1_2,0,0,0.042485158890485764
sq-ce-ca_f4_382_85eecdee.jpg,C:\Users\Angad\Desktop\StemFellowship\data\raw\fitzpatrick\Categorized_AbbrvName\sq-ce-ca_581\sq-ce-ca_f4_382_85eecdee.jpg,4,medium_FST3_4,1,1,0.9803951382637024
al-co-de_f4_420_56361590.jpg,C:\Users\Angad\Desktop\StemFellowship\data\raw\fitzpatrick\Categorized_AbbrvName\al-co-de_430\al-co-de_f4_420_56361590.jpg,4,medium_FST3_4,0,0,0.1797378808259964
ps_f2_217_248c73bb.jpg,C:\Users\Angad\Desktop\StemFellowship\data\raw\fitzpatrick\Categorized_AbbrvName\ps_653\ps_f2_217_248c73bb.jpg,2,light_FST1_2,0,0,0.2941814661026001
ke_f2_123_3a7f3259.jpg,C:\Users\Angad\Desktop\StemFellowship\data\raw\fitzpatrick\Categorized_AbbrvName\ke_156\ke_f2_123_3a7f3259.jpg,2,light_FST1_2,0,0,0.121014304459095
li-pl_f1_151_1271ef0f.jpg,C:\Users\Angad\Desktop\StemFellowship\data\raw\fitzpatrick\Categorized_AbbrvName\li-pl_491\li-pl_f1_151_1271ef0f.jpg,1,light_FST1_2,0,0,0.12147525697946548
pi-ru-pi_f5_180_5fbf8180.jpg,C:\Users\Angad\Desktop\StemFellowship\data\raw\fitzpatrick\Categorized_AbbrvName\pi-ru-pi_278\pi-ru-pi_f5_180_5fbf8180.jpg,5,dark_FST5_6,0,0,0.002947010099887848
pi-ro_f3_113_aedc70df.jpg,C:\Users\Angad\Desktop\StemFellowship\data\raw\fitzpatrick\Categorized_AbbrvName\pi-ro_193\pi-ro_f3_113_aedc70df.jpg,3,medium_FST3_4,0,0,0.17069654166698456
ne-de_f1_260_1177a605.jpg,C:\Users\Angad\Desktop\StemFellowship\data\raw\fitzpatrick\Categorized_AbbrvName\ne-de_361\ne-de_f1_260_1177a605.jpg,1,light_FST1_2,0,0,0.0018140950705856085
di-ac-po_f1_34_825fbd13.jpg,C:\Users\Angad\Desktop\StemFellowship\data\raw\fitzpatrick\Categorized_AbbrvName\di-ac-po_60\di-ac-po_f1_34_825fbd13.jpg,1,light_FST1_2,0,1,0.5892708897590637
ac-vu_f3_63_b9cb5654.jpg,C:\Users\Angad\Desktop\StemFellowship\data\raw\fitzpatrick\Categorized_AbbrvName\ac-vu_335\ac-vu_f3_63_b9cb5654.jpg,3,medium_FST3_4,0,0,0.001216529286466539
al-co-de_f6_222_e859e071.jpg,C:\Users\Angad\Desktop\StemFellowship\data\raw\fitzpatrick\Categorized_AbbrvName\al-co-de_430\al-co-de_f6_222_e859e071.jpg,6,dark_FST5_6,0,0,0.19806000590324402
rh_f4_44_ac55e983.jpg,C:\Users\Angad\Desktop\StemFellowship\data\raw\fitzpatrick\Categorized_AbbrvName\rh_91\rh_f4_44_ac55e983.jpg,4,medium_FST3_4,0,0,0.03580765053629875
sq-ce-ca_f3_286_6945401b.jpg,C:\Users\Angad\Desktop\StemFellowship\data\raw\fitzpatrick\Categorized_AbbrvName\sq-ce-ca_581\sq-ce-ca_f3_286_6945401b.jpg,3,medium_FST3_4,1,1,0.6468064785003662
sq-ce-ca_f2_153_96861ac5.jpg,C:\Users\Angad\Desktop\StemFellowship\data\raw\fitzpatrick\Categorized_AbbrvName\sq-ce-ca_581\sq-ce-ca_f2_153_96861ac5.jpg,2,light_FST1_2,1,1,0.8859915733337402
ur_f3_30_cc04b0ff.jpg,C:\Users\Angad\Desktop\StemFellowship\data\raw\fitzpatrick\Categorized_AbbrvName\ur_151\ur_f3_30_cc04b0ff.jpg,3,medium_FST3_4,0,0,0.0372268408536911
la-ce-hi_f2_13_fa4e5eb1.jpg,C:\Users\Angad\Desktop\StemFellowship\data\raw\fitzpatrick\Categorized_AbbrvName\la-ce-hi_60\la-ce-hi_f2_13_fa4e5eb1.jpg,2,light_FST1_2,0,0,0.26877903938293457
st-ed_f2_29_679e335f.jpg,C:\Users\Angad\Desktop\StemFellowship\data\raw\fitzpatrick\Categorized_AbbrvName\st-ed_69\st-ed_f2_29_679e335f.jpg,2,light_FST1_2,0,0,0.10077875852584839
sq-ce-ca_f3_425_84e466bb.jpg,C:\Users\Angad\Desktop\StemFellowship\data\raw\fitzpatrick\Categorized_AbbrvName\sq-ce-ca_581\sq-ce-ca_f3_425_84e466bb.jpg,3,medium_FST3_4,1,1,0.9972566962242126
ep-bu_f3_30_cac27ffb.jpg,C:\Users\Angad\Desktop\StemFellowship\data\raw\fitzpatrick\Categorized_AbbrvName\ep-bu_70\ep-bu_f3_30_cac27ffb.jpg,3,medium_FST3_4,0,0,0.2005046159029007
pi_f3_47_5f38887a.jpg,C:\Users\Angad\Desktop\StemFellowship\data\raw\fitzpatrick\Categorized_AbbrvName\pi_53\pi_f3_47_5f38887a.jpg,3,medium_FST3_4,0,0,0.20226652920246124
po_f2_44_3cd0db19.jpg,C:\Users\Angad\Desktop\StemFellowship\data\raw\fitzpatrick\Categorized_AbbrvName\po_127\po_f2_44_3cd0db19.jpg,2,light_FST1_2,0,0,0.17362727224826813
st-ed_f4_21_ec8afda6.jpg,C:\Users\Angad\Desktop\StemFellowship\data\raw\fitzpatrick\Categorized_AbbrvName\st-ed_69\st-ed_f4_21_ec8afda6.jpg,4,medium_FST3_4,0,1,0.947471022605896
sa_f5_265_39364387.jpg,C:\Users\Angad\Desktop\StemFellowship\data\raw\fitzpatrick\Categorized_AbbrvName\sa_349\sa_f5_265_39364387.jpg,5,dark_FST5_6,0,0,0.43787404894828796
ac-en_f3_26_e86d50cd.jpg,C:\Users\Angad\Desktop\StemFellowship\data\raw\fitzpatrick\Categorized_AbbrvName\ac-en_92\ac-en_f3_26_e86d50cd.jpg,3,medium_FST3_4,0,1,0.7706981897354126
le-ma_f4_43_1cf28107.jpg,C:\Users\Angad\Desktop\StemFellowship\data\raw\fitzpatrick\Categorized_AbbrvName\le-ma_83\le-ma_f4_43_1cf28107.jpg,4,medium_FST3_4,1,1,0.9958512783050537
sq-ce-ca_f4_363_22453eea.jpg,C:\Users\Angad\Desktop\StemFellowship\data\raw\fitzpatrick\Categorized_AbbrvName\sq-ce-ca_581\sq-ce-ca_f4_363_22453eea.jpg,4,medium_FST3_4,1,1,0.8853601813316345
ac-ke_f2_113_b2c2253b.jpg,C:\Users\Angad\Desktop\StemFellowship\data\raw\fitzpatrick\Categorized_AbbrvName\ac-ke_175\ac-ke_f2_113_b2c2253b.jpg,2,light_FST1_2,1,1,0.7284554243087769
ac-vu_f1_287_4c25a70e.jpg,C:\Users\Angad\Desktop\StemFellowship\data\raw\fitzpatrick\Categorized_AbbrvName\ac-vu_335\ac-vu_f1_287_4c25a70e.jpg,1,light_FST1_2,0,0,0.07545989751815796
ph_f2_1_5785d42e.jpg,C:\Users\Angad\Desktop\StemFellowship\data\raw\fitzpatrick\Categorized_AbbrvName\ph_348\ph_f2_1_5785d42e.jpg,2,light_FST1_2,0,0,0.2805613577365875
gr-an_f4_45_9b790cdb.jpg,C:\Users\Angad\Desktop\StemFellowship\data\raw\fitzpatrick\Categorized_AbbrvName\gr-an_211\gr-an_f4_45_9b790cdb.jpg,4,medium_FST3_4,0,0,0.005949805490672588
er-no_f4_48_1c836d4d.jpg,C:\Users\Angad\Desktop\StemFellowship\data\raw\fitzpatrick\Categorized_AbbrvName\er-no_81\er-no_f4_48_1c836d4d.jpg,4,medium_FST3_4,0,0,0.040977396070957184
ju-xa_f2_82_c07d14f7.jpg,C:\Users\Angad\Desktop\StemFellowship\data\raw\fitzpatrick\Categorized_AbbrvName\ju-xa_149\ju-xa_f2_82_c07d14f7.jpg,2,light_FST1_2,0,0,0.11772441864013672
dr-er_f1_194_825ca3e7.jpg,C:\Users\Angad\Desktop\StemFellowship\data\raw\fitzpatrick\Categorized_AbbrvName\dr-er_200\dr-er_f1_194_825ca3e7.jpg,1,light_FST1_2,0,0,0.17421582341194153
ba-ce-ca_f5_303_5f1a4d80.jpg,C:\Users\Angad\Desktop\StemFellowship\data\raw\fitzpatrick\Categorized_AbbrvName\ba-ce-ca_468\ba-ce-ca_f5_303_5f1a4d80.jpg,5,dark_FST5_6,1,0,0.012131479568779469
da-di_f4_149_e506feea.jpg,C:\Users\Angad\Desktop\StemFellowship\data\raw\fitzpatrick\Categorized_AbbrvName\da-di_153\da-di_f4_149_e506feea.jpg,4,medium_FST3_4,0,0,0.010099903680384159
ha-ha-di_f1_20_0c171d11.jpg,C:\Users\Angad\Desktop\StemFellowship\data\raw\fitzpatrick\Categorized_AbbrvName\ha-ha-di_174\ha-ha-di_f1_20_0c171d11.jpg,1,light_FST1_2,0,0,0.12772628664970398
sq-ce-ca_f3_489_a15b63b8.jpg,C:\Users\Angad\Desktop\StemFellowship\data\raw\fitzpatrick\Categorized_AbbrvName\sq-ce-ca_581\sq-ce-ca_f3_489_a15b63b8.jpg,3,medium_FST3_4,1,1,0.995535135269165
be-ne_f2_56_d9f812b3.jpg,C:\Users\Angad\Desktop\StemFellowship\data\raw\fitzpatrick\Categorized_AbbrvName\be-ne_63\be-ne_f2_56_d9f812b3.jpg,2,light_FST1_2,0,0,0.06425994634628296
ba-ce-ca_f5_405_49ed416e.jpg,C:\Users\Angad\Desktop\StemFellowship\data\raw\fitzpatrick\Categorized_AbbrvName\ba-ce-ca_468\ba-ce-ca_f5_405_49ed416e.jpg,5,dark_FST5_6,1,1,0.9895378351211548
al-co-de_f3_401_87e7d8db.jpg,C:\Users\Angad\Desktop\StemFellowship\data\raw\fitzpatrick\Categorized_AbbrvName\al-co-de_430\al-co-de_f3_401_87e7d8db.jpg,3,medium_FST3_4,0,1,0.5917024612426758
dr-in-pi-ch_f5_42_05bc7556.jpg,C:\Users\Angad\Desktop\StemFellowship\data\raw\fitzpatrick\Categorized_AbbrvName\dr-in-pi-ch_71\dr-in-pi-ch_f5_42_05bc7556.jpg,5,dark_FST5_6,0,0,0.01395745575428009
di-ac-po_f1_43_9d91cebb.jpg,C:\Users\Angad\Desktop\StemFellowship\data\raw\fitzpatrick\Categorized_AbbrvName\di-ac-po_60\di-ac-po_f1_43_9d91cebb.jpg,1,light_FST1_2,0,0,0.011657618917524815
sa_f4_287_af50ab88.jpg,C:\Users\Angad\Desktop\StemFellowship\data\raw\fitzpatrick\Categorized_AbbrvName\sa_349\sa_f4_287_af50ab88.jpg,4,medium_FST3_4,0,0,0.006544945761561394
sq-ce-ca_f2_349_7cdb2f4a.jpg,C:\Users\Angad\Desktop\StemFellowship\data\raw\fitzpatrick\Categorized_AbbrvName\sq-ce-ca_581\sq-ce-ca_f2_349_7cdb2f4a.jpg,2,light_FST1_2,1,1,0.9301427602767944
er-no_f4_40_6304b21a.jpg,C:\Users\Angad\Desktop\StemFellowship\data\raw\fitzpatrick\Categorized_AbbrvName\er-no_81\er-no_f4_40_6304b21a.jpg,4,medium_FST3_4,0,1,0.687471330165863
lu-er_f4_15_d17c8e9f.jpg,C:\Users\Angad\Desktop\StemFellowship\data\raw\fitzpatrick\Categorized_AbbrvName\lu-er_410\lu-er_f4_15_d17c8e9f.jpg,4,medium_FST3_4,0,1,0.688605546951294
li-si_f4_89_1e16476c.jpg,C:\Users\Angad\Desktop\StemFellowship\data\raw\fitzpatrick\Categorized_AbbrvName\li-si_97\li-si_f4_89_1e16476c.jpg,4,medium_FST3_4,0,0,0.002769075334072113
al-co-de_f1_8_8c9ddef2.jpg,C:\Users\Angad\Desktop\StemFellowship\data\raw\fitzpatrick\Categorized_AbbrvName\al-co-de_430\al-co-de_f1_8_8c9ddef2.jpg,1,light_FST1_2,0,0,0.4957908093929291
ur-pi_f1_67_97e5fa56.jpg,C:\Users\Angad\Desktop\StemFellowship\data\raw\fitzpatrick\Categorized_AbbrvName\ur-pi_112\ur-pi_f1_67_97e5fa56.jpg,1,light_FST1_2,0,0,0.03966456279158592
er-mu_f3_210_ba968cb0.jpg,C:\Users\Angad\Desktop\StemFellowship\data\raw\fitzpatrick\Categorized_AbbrvName\er-mu_236\er-mu_f3_210_ba968cb0.jpg,3,medium_FST3_4,0,0,0.31893590092658997
li-pl_f2_225_7c5421fd.jpg,C:\Users\Angad\Desktop\StemFellowship\data\raw\fitzpatrick\Categorized_AbbrvName\li-pl_491\li-pl_f2_225_7c5421fd.jpg,2,light_FST1_2,0,0,0.049031976610422134
ba-ce-ca_f3_266_f44f3454.jpg,C:\Users\Angad\Desktop\StemFellowship\data\raw\fitzpatrick\Categorized_AbbrvName\ba-ce-ca_468\ba-ce-ca_f3_266_f44f3454.jpg,3,medium_FST3_4,1,1,0.9663297533988953
pe-li_f2_125_81a611ad.jpg,C:\Users\Angad\Desktop\StemFellowship\data\raw\fitzpatrick\Categorized_AbbrvName\pe-li_151\pe-li_f2_125_81a611ad.jpg,2,light_FST1_2,0,0,0.379459023475647
py-gr_f1_7_17671141.jpg,C:\Users\Angad\Desktop\StemFellowship\data\raw\fitzpatrick\Categorized_AbbrvName\py-gr_113\py-gr_f1_7_17671141.jpg,1,light_FST1_2,0,0,0.1306948959827423
ec_f2_61_591efe19.jpg,C:\Users\Angad\Desktop\StemFellowship\data\raw\fitzpatrick\Categorized_AbbrvName\ec_204\ec_f2_61_591efe19.jpg,2,light_FST1_2,0,0,0.12502150237560272
xe-pi_f4_33_bc4fee60.jpg,C:\Users\Angad\Desktop\StemFellowship\data\raw\fitzpatrick\Categorized_AbbrvName\xe-pi_81\xe-pi_f4_33_bc4fee60.jpg,4,medium_FST3_4,0,0,0.22197160124778748
ju-xa_f3_97_727bb620.jpg,C:\Users\Angad\Desktop\StemFellowship\data\raw\fitzpatrick\Categorized_AbbrvName\ju-xa_149\ju-xa_f3_97_727bb620.jpg,3,medium_FST3_4,0,0,0.0013773749815300107
me_f3_101_d9491d49.jpg,C:\Users\Angad\Desktop\StemFellowship\data\raw\fitzpatrick\Categorized_AbbrvName\me_261\me_f3_101_d9491d49.jpg,3,medium_FST3_4,1,1,0.6371960043907166
ac-ke_f2_34_97d2eb0a.jpg,C:\Users\Angad\Desktop\StemFellowship\data\raw\fitzpatrick\Categorized_AbbrvName\ac-ke_175\ac-ke_f2_34_97d2eb0a.jpg,2,light_FST1_2,1,0,0.24030600488185883
ha-ha-di_f4_129_143032b4.jpg,C:\Users\Angad\Desktop\StemFellowship\data\raw\fitzpatrick\Categorized_AbbrvName\ha-ha-di_174\ha-ha-di_f4_129_143032b4.jpg,4,medium_FST3_4,0,0,0.2613007724285126
tu-sc_f4_34_09b7af66.jpg,C:\Users\Angad\Desktop\StemFellowship\data\raw\fitzpatrick\Categorized_AbbrvName\tu-sc_141\tu-sc_f4_34_09b7af66.jpg,4,medium_FST3_4,0,0,0.009194675832986832
st-jo-sy_f5_45_c35961bf.jpg,C:\Users\Angad\Desktop\StemFellowship\data\raw\fitzpatrick\Categorized_AbbrvName\st-jo-sy_113\st-jo-sy_f5_45_c35961bf.jpg,5,dark_FST5_6,0,1,0.6414973139762878
ba-ce-ca_f4_409_064f3981.jpg,C:\Users\Angad\Desktop\StemFellowship\data\raw\fitzpatrick\Categorized_AbbrvName\ba-ce-ca_468\ba-ce-ca_f4_409_064f3981.jpg,4,medium_FST3_4,1,1,0.7261773943901062
sq-ce-ca_f1_91_43a5a3a8.jpg,C:\Users\Angad\Desktop\StemFellowship\data\raw\fitzpatrick\Categorized_AbbrvName\sq-ce-ca_581\sq-ce-ca_f1_91_43a5a3a8.jpg,1,light_FST1_2,1,1,0.9360859394073486
dr-in-pi-ch_f6_40_27e2bb3b.jpg,C:\Users\Angad\Desktop\StemFellowship\data\raw\fitzpatrick\Categorized_AbbrvName\dr-in-pi-ch_71\dr-in-pi-ch_f6_40_27e2bb3b.jpg,6,dark_FST5_6,0,0,6.168976688059047e-05
lu-er_f1_209_5ab4b115.jpg,C:\Users\Angad\Desktop\StemFellowship\data\raw\fitzpatrick\Categorized_AbbrvName\lu-er_410\lu-er_f1_209_5ab4b115.jpg,1,light_FST1_2,0,0,0.016569556668400764
sy_f3_19_ddc592a4.jpg,C:\Users\Angad\Desktop\StemFellowship\data\raw\fitzpatrick\Categorized_AbbrvName\sy_127\sy_f3_19_ddc592a4.jpg,3,medium_FST3_4,0,0,0.04684990644454956
po_f2_99_8c465afe.jpg,C:\Users\Angad\Desktop\StemFellowship\data\raw\fitzpatrick\Categorized_AbbrvName\po_127\po_f2_99_8c465afe.jpg,2,light_FST1_2,0,0,0.49560755491256714
pi-ru-pi_f5_217_cb53b279.jpg,C:\Users\Angad\Desktop\StemFellowship\data\raw\fitzpatrick\Categorized_AbbrvName\pi-ru-pi_278\pi-ru-pi_f5_217_cb53b279.jpg,5,dark_FST5_6,0,0,0.10216979682445526
ec_f2_114_bf68e085.jpg,C:\Users\Angad\Desktop\StemFellowship\data\raw\fitzpatrick\Categorized_AbbrvName\ec_204\ec_f2_114_bf68e085.jpg,2,light_FST1_2,0,1,0.5022676587104797
lu-er_f2_204_8d555c2a.jpg,C:\Users\Angad\Desktop\StemFellowship\data\raw\fitzpatrick\Categorized_AbbrvName\lu-er_410\lu-er_f2_204_8d555c2a.jpg,2,light_FST1_2,0,0,0.37828323245048523
al-co-de_f4_374_546984f3.jpg,C:\Users\Angad\Desktop\StemFellowship\data\raw\fitzpatrick\Categorized_AbbrvName\al-co-de_430\al-co-de_f4_374_546984f3.jpg,4,medium_FST3_4,0,0,0.45069465041160583
ma-me_f1_8_f77c1c3a.jpg,C:\Users\Angad\Desktop\StemFellowship\data\raw\fitzpatrick\Categorized_AbbrvName\ma-me_111\ma-me_f1_8_f77c1c3a.jpg,1,light_FST1_2,1,1,0.997786283493042
li-pl_f1_135_ffa862b8.jpg,C:\Users\Angad\Desktop\StemFellowship\data\raw\fitzpatrick\Categorized_AbbrvName\li-pl_491\li-pl_f1_135_ffa862b8.jpg,1,light_FST1_2,0,1,0.5079882740974426
ju-xa_f1_35_ec96a7fc.jpg,C:\Users\Angad\Desktop\StemFellowship\data\raw\fitzpatrick\Categorized_AbbrvName\ju-xa_149\ju-xa_f1_35_ec96a7fc.jpg,1,light_FST1_2,0,0,0.007428910583257675
fo_f2_270_edf3ebb3.jpg,C:\Users\Angad\Desktop\StemFellowship\data\raw\fitzpatrick\Categorized_AbbrvName\fo_342\fo_f2_270_edf3ebb3.jpg,2,light_FST1_2,0,0,0.06436414271593094
dr-er_f2_97_2a0e6166.jpg,C:\Users\Angad\Desktop\StemFellowship\data\raw\fitzpatrick\Categorized_AbbrvName\dr-er_200\dr-er_f2_97_2a0e6166.jpg,2,light_FST1_2,0,0,0.06092356890439987
xe-pi_f3_11_62879a7c.jpg,C:\Users\Angad\Desktop\StemFellowship\data\raw\fitzpatrick\Categorized_AbbrvName\xe-pi_81\xe-pi_f3_11_62879a7c.jpg,3,medium_FST3_4,0,0,0.13360942900180817
se-ke_f5_50_a852433b.jpg,C:\Users\Angad\Desktop\StemFellowship\data\raw\fitzpatrick\Categorized_AbbrvName\se-ke_69\se-ke_f5_50_a852433b.jpg,5,dark_FST5_6,0,0,0.038573089987039566
sy_f2_126_f23969dd.jpg,C:\Users\Angad\Desktop\StemFellowship\data\raw\fitzpatrick\Categorized_AbbrvName\sy_127\sy_f2_126_f23969dd.jpg,2,light_FST1_2,0,0,0.009219844825565815
xa_f4_9_7a6659cb.jpg,C:\Users\Angad\Desktop\StemFellowship\data\raw\fitzpatrick\Categorized_AbbrvName\xa_53\xa_f4_9_7a6659cb.jpg,4,medium_FST3_4,0,1,0.5526058077812195
sq-ce-ca_f3_13_d80eb8dc.jpg,C:\Users\Angad\Desktop\StemFellowship\data\raw\fitzpatrick\Categorized_AbbrvName\sq-ce-ca_581\sq-ce-ca_f3_13_d80eb8dc.jpg,3,medium_FST3_4,1,1,0.9958479404449463
ne-in_f5_145_28063f4c.jpg,C:\Users\Angad\Desktop\StemFellowship\data\raw\fitzpatrick\Categorized_AbbrvName\ne-in_260\ne-in_f5_145_28063f4c.jpg,5,dark_FST5_6,0,0,0.016727479174733162
ps_f3_29_419aacd8.jpg,C:\Users\Angad\Desktop\StemFellowship\data\raw\fitzpatrick\Categorized_AbbrvName\ps_653\ps_f3_29_419aacd8.jpg,3,medium_FST3_4,0,1,0.6524645090103149
da-di_f6_118_73cdc5cb.jpg,C:\Users\Angad\Desktop\StemFellowship\data\raw\fitzpatrick\Categorized_AbbrvName\da-di_153\da-di_f6_118_73cdc5cb.jpg,6,dark_FST5_6,0,0,0.34762412309646606
fo_f4_5_6fd7ab66.jpg,C:\Users\Angad\Desktop\StemFellowship\data\raw\fitzpatrick\Categorized_AbbrvName\fo_342\fo_f4_5_6fd7ab66.jpg,4,medium_FST3_4,0,0,0.0008209241786971688
gr-an_f3_115_7657c305.jpg,C:\Users\Angad\Desktop\StemFellowship\data\raw\fitzpatrick\Categorized_AbbrvName\gr-an_211\gr-an_f3_115_7657c305.jpg,3,medium_FST3_4,0,0,0.11220318078994751
fi-er_f3_33_34b64795.jpg,C:\Users\Angad\Desktop\StemFellowship\data\raw\fitzpatrick\Categorized_AbbrvName\fi-er_125\fi-er_f3_33_34b64795.jpg,3,medium_FST3_4,0,0,0.4351057708263397
pr-no_f4_10_fd06d13d.jpg,C:\Users\Angad\Desktop\StemFellowship\data\raw\fitzpatrick\Categorized_AbbrvName\pr-no_170\pr-no_f4_10_fd06d13d.jpg,4,medium_FST3_4,0,0,0.00022356594854500145
ba-ce-ca_f2_68_01850438.jpg,C:\Users\Angad\Desktop\StemFellowship\data\raw\fitzpatrick\Categorized_AbbrvName\ba-ce-ca_468\ba-ce-ca_f2_68_01850438.jpg,2,light_FST1_2,1,1,0.9912573099136353
pi-li-ch_f2_62_a2515bb7.jpg,C:\Users\Angad\Desktop\StemFellowship\data\raw\fitzpatrick\Categorized_AbbrvName\pi-li-ch_73\pi-li-ch_f2_62_a2515bb7.jpg,2,light_FST1_2,0,0,0.20798566937446594
ne-li_f2_26_233f6539.jpg,C:\Users\Angad\Desktop\StemFellowship\data\raw\fitzpatrick\Categorized_AbbrvName\ne-li_123\ne-li_f2_26_233f6539.jpg,2,light_FST1_2,0,0,0.0312032513320446
te_f1_112_6e50e6c5.jpg,C:\Users\Angad\Desktop\StemFellowship\data\raw\fitzpatrick\Categorized_AbbrvName\te_126\te_f1_112_6e50e6c5.jpg,1,light_FST1_2,0,1,0.5367451310157776
ph_f3_144_748581e3.jpg,C:\Users\Angad\Desktop\StemFellowship\data\raw\fitzpatrick\Categorized_AbbrvName\ph_348\ph_f3_144_748581e3.jpg,3,medium_FST3_4,0,0,0.18301735818386078
li-pl_f4_375_365bc91d.jpg,C:\Users\Angad\Desktop\StemFellowship\data\raw\fitzpatrick\Categorized_AbbrvName\li-pl_491\li-pl_f4_375_365bc91d.jpg,4,medium_FST3_4,0,0,0.01470080204308033
so-cy-ba-ce-ca_f2_39_c04c5f3a.jpg,C:\Users\Angad\Desktop\StemFellowship\data\raw\fitzpatrick\Categorized_AbbrvName\so-cy-ba-ce-ca_66\so-cy-ba-ce-ca_f2_39_c04c5f3a.jpg,2,light_FST1_2,1,1,0.640754222869873
me_f5_208_5492bcfe.jpg,C:\Users\Angad\Desktop\StemFellowship\data\raw\fitzpatrick\Categorized_AbbrvName\me_261\me_f5_208_5492bcfe.jpg,5,dark_FST5_6,1,1,0.9908271431922913
lu-er_f5_131_2cbec7bd.jpg,C:\Users\Angad\Desktop\StemFellowship\data\raw\fitzpatrick\Categorized_AbbrvName\lu-er_410\lu-er_f5_131_2cbec7bd.jpg,5,dark_FST5_6,0,0,0.019289327785372734
ba-ce-ca_f4_450_bef06bdd.jpg,C:\Users\Angad\Desktop\StemFellowship\data\raw\fitzpatrick\Categorized_AbbrvName\ba-ce-ca_468\ba-ce-ca_f4_450_bef06bdd.jpg,4,medium_FST3_4,1,0,0.34596991539001465
po-ac_f1_35_7abf608a.jpg,C:\Users\Angad\Desktop\StemFellowship\data\raw\fitzpatrick\Categorized_AbbrvName\po-ac_183\po-ac_f1_35_7abf608a.jpg,1,light_FST1_2,0,0,0.367591917514801
sq-ce-ca_f2_68_e69e4c04.jpg,C:\Users\Angad\Desktop\StemFellowship\data\raw\fitzpatrick\Categorized_AbbrvName\sq-ce-ca_581\sq-ce-ca_f2_68_e69e4c04.jpg,2,light_FST1_2,1,0,0.42806297540664673
ne-ex_f3_72_36957e56.jpg,C:\Users\Angad\Desktop\StemFellowship\data\raw\fitzpatrick\Categorized_AbbrvName\ne-ex_73\ne-ex_f3_72_36957e56.jpg,3,medium_FST3_4,0,0,4.417427408043295e-05
pi-ru-pi_f5_166_8fe72fd7.jpg,C:\Users\Angad\Desktop\StemFellowship\data\raw\fitzpatrick\Categorized_AbbrvName\pi-ru-pi_278\pi-ru-pi_f5_166_8fe72fd7.jpg,5,dark_FST5_6,0,0,0.1477559208869934
fo_f5_139_719c7887.jpg,C:\Users\Angad\Desktop\StemFellowship\data\raw\fitzpatrick\Categorized_AbbrvName\fo_342\fo_f5_139_719c7887.jpg,5,dark_FST5_6,0,0,0.4028335511684418
ur-pi_f1_90_d40e9896.jpg,C:\Users\Angad\Desktop\StemFellowship\data\raw\fitzpatrick\Categorized_AbbrvName\ur-pi_112\ur-pi_f1_90_d40e9896.jpg,1,light_FST1_2,0,0,0.12875063717365265
sa_f2_53_851800f3.jpg,C:\Users\Angad\Desktop\StemFellowship\data\raw\fitzpatrick\Categorized_AbbrvName\sa_349\sa_f2_53_851800f3.jpg,2,light_FST1_2,0,1,0.8509084582328796
po-ac_f4_136_7a1e8075.jpg,C:\Users\Angad\Desktop\StemFellowship\data\raw\fitzpatrick\Categorized_AbbrvName\po-ac_183\po-ac_f4_136_7a1e8075.jpg,4,medium_FST3_4,0,0,0.013121802359819412
sq-ce-ca_f2_574_59fed3f2.jpg,C:\Users\Angad\Desktop\StemFellowship\data\raw\fitzpatrick\Categorized_AbbrvName\sq-ce-ca_581\sq-ce-ca_f2_574_59fed3f2.jpg,2,light_FST1_2,1,1,0.9993376135826111
gr-py_f5_8_2a271900.jpg,C:\Users\Angad\Desktop\StemFellowship\data\raw\fitzpatrick\Categorized_AbbrvName\gr-py_75\gr-py_f5_8_2a271900.jpg,5,dark_FST5_6,0,0,0.045041438192129135
ke_f2_9_1f39c3d1.jpg,C:\Users\Angad\Desktop\StemFellowship\data\raw\fitzpatrick\Categorized_AbbrvName\ke_156\ke_f2_9_1f39c3d1.jpg,2,light_FST1_2,0,0,0.06333108991384506
lu-er_f5_304_0b166f51.jpg,C:\Users\Angad\Desktop\StemFellowship\data\raw\fitzpatrick\Categorized_AbbrvName\lu-er_410\lu-er_f5_304_0b166f51.jpg,5,dark_FST5_6,0,0,0.0032176601234823465
lu-er_f2_267_040f078b.jpg,C:\Users\Angad\Desktop\StemFellowship\data\raw\fitzpatrick\Categorized_AbbrvName\lu-er_410\lu-er_f2_267_040f078b.jpg,2,light_FST1_2,0,0,0.026722177863121033
my-fu_f1_96_f6a4ea5c.jpg,C:\Users\Angad\Desktop\StemFellowship\data\raw\fitzpatrick\Categorized_AbbrvName\my-fu_182\my-fu_f1_96_f6a4ea5c.jpg,1,light_FST1_2,1,0,0.3228546679019928
li-pl_f4_187_59d49d78.jpg,C:\Users\Angad\Desktop\StemFellowship\data\raw\fitzpatrick\Categorized_AbbrvName\li-pl_491\li-pl_f4_187_59d49d78.jpg,4,medium_FST3_4,0,0,0.03668656572699547
ne-in_f5_186_8f4db69f.jpg,C:\Users\Angad\Desktop\StemFellowship\data\raw\fitzpatrick\Categorized_AbbrvName\ne-in_260\ne-in_f5_186_8f4db69f.jpg,5,dark_FST5_6,0,0,0.25532037019729614
in-pi_f1_81_b11f52b6.jpg,C:\Users\Angad\Desktop\StemFellowship\data\raw\fitzpatrick\Categorized_AbbrvName\in-pi_102\in-pi_f1_81_b11f52b6.jpg,1,light_FST1_2,0,0,0.24040749669075012
er-mu_f4_223_207629e7.jpg,C:\Users\Angad\Desktop\StemFellowship\data\raw\fitzpatrick\Categorized_AbbrvName\er-mu_236\er-mu_f4_223_207629e7.jpg,4,medium_FST3_4,0,0,9.082475571631221e-07
li-si_f6_90_110ab19e.jpg,C:\Users\Angad\Desktop\StemFellowship\data\raw\fitzpatrick\Categorized_AbbrvName\li-si_97\li-si_f6_90_110ab19e.jpg,6,dark_FST5_6,0,0,9.025370673043653e-05
ba-ce-ca_f3_74_fa49c5de.jpg,C:\Users\Angad\Desktop\StemFellowship\data\raw\fitzpatrick\Categorized_AbbrvName\ba-ce-ca_468\ba-ce-ca_f3_74_fa49c5de.jpg,3,medium_FST3_4,1,1,0.8064134120941162
di-ac-po_f1_15_ada2d6dd.jpg,C:\Users\Angad\Desktop\StemFellowship\data\raw\fitzpatrick\Categorized_AbbrvName\di-ac-po_60\di-ac-po_f1_15_ada2d6dd.jpg,1,light_FST1_2,0,0,0.048001885414123535
se-de_f2_25_8a057667.jpg,C:\Users\Angad\Desktop\StemFellowship\data\raw\fitzpatrick\Categorized_AbbrvName\se-de_126\se-de_f2_25_8a057667.jpg,2,light_FST1_2,0,0,0.003804832464084029
ec_f2_181_e18054ad.jpg,C:\Users\Angad\Desktop\StemFellowship\data\raw\fitzpatrick\Categorized_AbbrvName\ec_204\ec_f2_181_e18054ad.jpg,2,light_FST1_2,0,0,0.10313686728477478
ti-bi_f3_40_a71717ef.jpg,C:\Users\Angad\Desktop\StemFellowship\data\raw\fitzpatrick\Categorized_AbbrvName\ti-bi_73\ti-bi_f3_40_a71717ef.jpg,3,medium_FST3_4,0,0,0.4593813121318817
ch_f4_100_f80cd6d4.jpg,C:\Users\Angad\Desktop\StemFellowship\data\raw\fitzpatrick\Categorized_AbbrvName\ch_106\ch_f4_100_f80cd6d4.jpg,4,medium_FST3_4,0,0,0.0291422288864851
na-co_f4_68_bc3500cc.jpg,C:\Users\Angad\Desktop\StemFellowship\data\raw\fitzpatrick\Categorized_AbbrvName\na-co_73\na-co_f4_68_bc3500cc.jpg,4,medium_FST3_4,0,0,0.03388844430446625
ma-me_f2_89_852b1cbf.jpg,C:\Users\Angad\Desktop\StemFellowship\data\raw\fitzpatrick\Categorized_AbbrvName\ma-me_111\ma-me_f2_89_852b1cbf.jpg,2,light_FST1_2,1,1,0.9920061230659485
ly-di_f3_97_d1d7e8af.jpg,C:\Users\Angad\Desktop\StemFellowship\data\raw\fitzpatrick\Categorized_AbbrvName\ly-di_129\ly-di_f3_97_d1d7e8af.jpg,3,medium_FST3_4,0,0,0.2625585198402405
pi-li-ch_f3_27_30a36fc4.jpg,C:\Users\Angad\Desktop\StemFellowship\data\raw\fitzpatrick\Categorized_AbbrvName\pi-li-ch_73\pi-li-ch_f3_27_30a36fc4.jpg,3,medium_FST3_4,0,0,0.0010868924437090755
er-no_f2_60_5d40a98b.jpg,C:\Users\Angad\Desktop\StemFellowship\data\raw\fitzpatrick\Categorized_AbbrvName\er-no_81\er-no_f2_60_5d40a98b.jpg,2,light_FST1_2,0,0,0.11262509226799011
li-pl_f3_305_876db85b.jpg,C:\Users\Angad\Desktop\StemFellowship\data\raw\fitzpatrick\Categorized_AbbrvName\li-pl_491\li-pl_f3_305_876db85b.jpg,3,medium_FST3_4,0,0,0.0007837736629880965
ac-vu_f2_153_f088705e.jpg,C:\Users\Angad\Desktop\StemFellowship\data\raw\fitzpatrick\Categorized_AbbrvName\ac-vu_335\ac-vu_f2_153_f088705e.jpg,2,light_FST1_2,0,0,0.14312432706356049
me_f2_149_ea191524.jpg,C:\Users\Angad\Desktop\StemFellowship\data\raw\fitzpatrick\Categorized_AbbrvName\me_261\me_f2_149_ea191524.jpg,2,light_FST1_2,1,1,0.807673990726471
li-pl_f3_420_aa9c5c94.jpg,C:\Users\Angad\Desktop\StemFellowship\data\raw\fitzpatrick\Categorized_AbbrvName\li-pl_491\li-pl_f3_420_aa9c5c94.jpg,3,medium_FST3_4,0,0,0.004682078026235104
pi_f1_21_c480d04a.jpg,C:\Users\Angad\Desktop\StemFellowship\data\raw\fitzpatrick\Categorized_AbbrvName\pi_53\pi_f1_21_c480d04a.jpg,1,light_FST1_2,0,0,0.01765432581305504
fo-sp_f2_26_ea4fc806.jpg,C:\Users\Angad\Desktop\StemFellowship\data\raw\fitzpatrick\Categorized_AbbrvName\fo-sp_100\fo-sp_f2_26_ea4fc806.jpg,2,light_FST1_2,0,0,0.29924750328063965
sy_f4_87_10cbe527.jpg,C:\Users\Angad\Desktop\StemFellowship\data\raw\fitzpatrick\Categorized_AbbrvName\sy_127\sy_f4_87_10cbe527.jpg,4,medium_FST3_4,0,0,0.004560873843729496
ur-pi_f2_1_88b87800.jpg,C:\Users\Angad\Desktop\StemFellowship\data\raw\fitzpatrick\Categorized_AbbrvName\ur-pi_112\ur-pi_f2_1_88b87800.jpg,2,light_FST1_2,0,0,0.0316726416349411
in-pi_f3_3_954dd689.jpg,C:\Users\Angad\Desktop\StemFellowship\data\raw\fitzpatrick\Categorized_AbbrvName\in-pi_102\in-pi_f3_3_954dd689.jpg,3,medium_FST3_4,0,0,0.003213686402887106
py-gr_f4_103_b935d5f3.jpg,C:\Users\Angad\Desktop\StemFellowship\data\raw\fitzpatrick\Categorized_AbbrvName\py-gr_113\py-gr_f4_103_b935d5f3.jpg,4,medium_FST3_4,0,0,0.4574577212333679
pi-cy_f3_26_cfd618bd.jpg,C:\Users\Angad\Desktop\StemFellowship\data\raw\fitzpatrick\Categorized_AbbrvName\pi-cy_93\pi-cy_f3_26_cfd618bd.jpg,3,medium_FST3_4,0,0,0.24025392532348633
pi-cy_f2_60_d3c7eee6.jpg,C:\Users\Angad\Desktop\StemFellowship\data\raw\fitzpatrick\Categorized_AbbrvName\pi-cy_93\pi-cy_f2_60_d3c7eee6.jpg,2,light_FST1_2,0,0,0.14917181432247162
er-an-ce_f2_52_3004e5b5.jpg,C:\Users\Angad\Desktop\StemFellowship\data\raw\fitzpatrick\Categorized_AbbrvName\er-an-ce_88\er-an-ce_f2_52_3004e5b5.jpg,2,light_FST1_2,0,0,0.07082398235797882
ac-ke_f2_14_6e3bca92.jpg,C:\Users\Angad\Desktop\StemFellowship\data\raw\fitzpatrick\Categorized_AbbrvName\ac-ke_175\ac-ke_f2_14_6e3bca92.jpg,2,light_FST1_2,1,1,0.8180958032608032
ba-ce-ca_f3_20_4a42c72a.jpg,C:\Users\Angad\Desktop\StemFellowship\data\raw\fitzpatrick\Categorized_AbbrvName\ba-ce-ca_468\ba-ce-ca_f3_20_4a42c72a.jpg,3,medium_FST3_4,1,1,0.9076488614082336
ne-li_f4_4_b49167a6.jpg,C:\Users\Angad\Desktop\StemFellowship\data\raw\fitzpatrick\Categorized_AbbrvName\ne-li_123\ne-li_f4_4_b49167a6.jpg,4,medium_FST3_4,0,0,0.2200271487236023
ne-ne_f2_31_377119a9.jpg,C:\Users\Angad\Desktop\StemFellowship\data\raw\fitzpatrick\Categorized_AbbrvName\ne-ne_86\ne-ne_f2_31_377119a9.jpg,2,light_FST1_2,0,1,0.9350904822349548
ba-ce-ca_f2_283_4f528bf1.jpg,C:\Users\Angad\Desktop\StemFellowship\data\raw\fitzpatrick\Categorized_AbbrvName\ba-ce-ca_468\ba-ce-ca_f2_283_4f528bf1.jpg,2,light_FST1_2,1,1,0.5705013275146484
le-ma_f3_20_1a5f1a86.jpg,C:\Users\Angad\Desktop\StemFellowship\data\raw\fitzpatrick\Categorized_AbbrvName\le-ma_83\le-ma_f3_20_1a5f1a86.jpg,3,medium_FST3_4,1,0,0.4765319228172302
ne-de_f6_253_9698f02b.jpg,C:\Users\Angad\Desktop\StemFellowship\data\raw\fitzpatrick\Categorized_AbbrvName\ne-de_361\ne-de_f6_253_9698f02b.jpg,6,dark_FST5_6,0,0,0.09492763876914978
py-gr_f5_8_26ca1663.jpg,C:\Users\Angad\Desktop\StemFellowship\data\raw\fitzpatrick\Categorized_AbbrvName\py-gr_113\py-gr_f5_8_26ca1663.jpg,5,dark_FST5_6,0,0,0.2721869945526123
al-co-de_f4_406_ba1017c1.jpg,C:\Users\Angad\Desktop\StemFellowship\data\raw\fitzpatrick\Categorized_AbbrvName\al-co-de_430\al-co-de_f4_406_ba1017c1.jpg,4,medium_FST3_4,0,1,0.6802775859832764
tu_f6_18_de88950c.jpg,C:\Users\Angad\Desktop\StemFellowship\data\raw\fitzpatrick\Categorized_AbbrvName\tu_152\tu_f6_18_de88950c.jpg,6,dark_FST5_6,0,0,0.20590004324913025
gr-an_f1_82_cccd0ab3.jpg,C:\Users\Angad\Desktop\StemFellowship\data\raw\fitzpatrick\Categorized_AbbrvName\gr-an_211\gr-an_f1_82_cccd0ab3.jpg,1,light_FST1_2,0,0,0.055135373026132584
li-pl_f3_457_75bbd59a.jpg,C:\Users\Angad\Desktop\StemFellowship\data\raw\fitzpatrick\Categorized_AbbrvName\li-pl_491\li-pl_f3_457_75bbd59a.jpg,3,medium_FST3_4,0,0,0.4220312535762787
tu-sc_f2_90_7ec31570.jpg,C:\Users\Angad\Desktop\StemFellowship\data\raw\fitzpatrick\Categorized_AbbrvName\tu-sc_141\tu-sc_f2_90_7ec31570.jpg,2,light_FST1_2,0,0,0.023105375468730927
gr-py_f3_68_7f936d16.jpg,C:\Users\Angad\Desktop\StemFellowship\data\raw\fitzpatrick\Categorized_AbbrvName\gr-py_75\gr-py_f3_68_7f936d16.jpg,3,medium_FST3_4,0,0,0.261103093624115
gr-an_f1_112_0c3bb567.jpg,C:\Users\Angad\Desktop\StemFellowship\data\raw\fitzpatrick\Categorized_AbbrvName\gr-an_211\gr-an_f1_112_0c3bb567.jpg,1,light_FST1_2,0,0,0.017406040802598
ph_f2_178_e396ed64.jpg,C:\Users\Angad\Desktop\StemFellowship\data\raw\fitzpatrick\Categorized_AbbrvName\ph_348\ph_f2_178_e396ed64.jpg,2,light_FST1_2,0,0,0.0007687335018999875
ph_f4_315_d592ef5e.jpg,C:\Users\Angad\Desktop\StemFellowship\data\raw\fitzpatrick\Categorized_AbbrvName\ph_348\ph_f4_315_d592ef5e.jpg,4,medium_FST3_4,0,0,0.0015590947587043047
ba-ce-ca_f2_89_658e06cd.jpg,C:\Users\Angad\Desktop\StemFellowship\data\raw\fitzpatrick\Categorized_AbbrvName\ba-ce-ca_468\ba-ce-ca_f2_89_658e06cd.jpg,2,light_FST1_2,1,1,0.8993733525276184
ec_f2_148_63692080.jpg,C:\Users\Angad\Desktop\StemFellowship\data\raw\fitzpatrick\Categorized_AbbrvName\ec_204\ec_f2_148_63692080.jpg,2,light_FST1_2,0,0,0.004753029439598322
mu_f1_55_db416f50.jpg,C:\Users\Angad\Desktop\StemFellowship\data\raw\fitzpatrick\Categorized_AbbrvName\mu_92\mu_f1_55_db416f50.jpg,1,light_FST1_2,0,0,0.03126339986920357
ps_f3_525_e32fe1a6.jpg,C:\Users\Angad\Desktop\StemFellowship\data\raw\fitzpatrick\Categorized_AbbrvName\ps_653\ps_f3_525_e32fe1a6.jpg,3,medium_FST3_4,0,0,0.2753465175628662
ac-en_f3_42_85a31979.jpg,C:\Users\Angad\Desktop\StemFellowship\data\raw\fitzpatrick\Categorized_AbbrvName\ac-en_92\ac-en_f3_42_85a31979.jpg,3,medium_FST3_4,0,0,0.02563081867992878
li-am_f2_34_350b8f1a.jpg,C:\Users\Angad\Desktop\StemFellowship\data\raw\fitzpatrick\Categorized_AbbrvName\li-am_77\li-am_f2_34_350b8f1a.jpg,2,light_FST1_2,0,0,0.07649458199739456
le-ma_f2_7_6c0dd254.jpg,C:\Users\Angad\Desktop\StemFellowship\data\raw\fitzpatrick\Categorized_AbbrvName\le-ma_83\le-ma_f2_7_6c0dd254.jpg,2,light_FST1_2,1,1,0.9925196170806885
ju-xa_f2_63_2fb0ad4d.jpg,C:\Users\Angad\Desktop\StemFellowship\data\raw\fitzpatrick\Categorized_AbbrvName\ju-xa_149\ju-xa_f2_63_2fb0ad4d.jpg,2,light_FST1_2,0,1,0.7499259114265442
ap-cu_f3_13_bc29c8b0.jpg,C:\Users\Angad\Desktop\StemFellowship\data\raw\fitzpatrick\Categorized_AbbrvName\ap-cu_72\ap-cu_f3_13_bc29c8b0.jpg,3,medium_FST3_4,0,0,0.01631753332912922
li-am_f5_73_e40f18ff.jpg,C:\Users\Angad\Desktop\StemFellowship\data\raw\fitzpatrick\Categorized_AbbrvName\li-am_77\li-am_f5_73_e40f18ff.jpg,5,dark_FST5_6,0,0,0.12336257845163345
pi-ro_f4_88_6466aeb7.jpg,C:\Users\Angad\Desktop\StemFellowship\data\raw\fitzpatrick\Categorized_AbbrvName\pi-ro_193\pi-ro_f4_88_6466aeb7.jpg,4,medium_FST3_4,0,0,0.0008456574869342148
fo-sp_f3_88_5c09ddbf.jpg,C:\Users\Angad\Desktop\StemFellowship\data\raw\fitzpatrick\Categorized_AbbrvName\fo-sp_100\fo-sp_f3_88_5c09ddbf.jpg,3,medium_FST3_4,0,0,0.14423811435699463
fo_f4_307_27c37b84.jpg,C:\Users\Angad\Desktop\StemFellowship\data\raw\fitzpatrick\Categorized_AbbrvName\fo_342\fo_f4_307_27c37b84.jpg,4,medium_FST3_4,0,0,0.02247384935617447
pi-cy_f6_27_7a065647.jpg,C:\Users\Angad\Desktop\StemFellowship\data\raw\fitzpatrick\Categorized_AbbrvName\pi-cy_93\pi-cy_f6_27_7a065647.jpg,6,dark_FST5_6,0,1,0.5452399253845215
er-mu_f3_96_eab61c15.jpg,C:\Users\Angad\Desktop\StemFellowship\data\raw\fitzpatrick\Categorized_AbbrvName\er-mu_236\er-mu_f3_96_eab61c15.jpg,3,medium_FST3_4,0,0,0.0023742998018860817
pi-ro_f3_96_3528bdf5.jpg,C:\Users\Angad\Desktop\StemFellowship\data\raw\fitzpatrick\Categorized_AbbrvName\pi-ro_193\pi-ro_f3_96_3528bdf5.jpg,3,medium_FST3_4,0,0,0.08524413406848907
ac-ni_f5_47_5419b194.jpg,C:\Users\Angad\Desktop\StemFellowship\data\raw\fitzpatrick\Categorized_AbbrvName\ac-ni_92\ac-ni_f5_47_5419b194.jpg,5,dark_FST5_6,0,0,0.03561241924762726
li-pl_f2_193_69da122f.jpg,C:\Users\Angad\Desktop\StemFellowship\data\raw\fitzpatrick\Categorized_AbbrvName\li-pl_491\li-pl_f2_193_69da122f.jpg,2,light_FST1_2,0,0,0.2993254065513611
ne-ne_f1_48_b91c83b7.jpg,C:\Users\Angad\Desktop\StemFellowship\data\raw\fitzpatrick\Categorized_AbbrvName\ne-ne_86\ne-ne_f1_48_b91c83b7.jpg,1,light_FST1_2,0,1,0.6178883910179138
li-pl_f5_365_2106dfaa.jpg,C:\Users\Angad\Desktop\StemFellowship\data\raw\fitzpatrick\Categorized_AbbrvName\li-pl_491\li-pl_f5_365_2106dfaa.jpg,5,dark_FST5_6,0,0,0.00024007704632822424
ne-de_f4_343_00a53494.jpg,C:\Users\Angad\Desktop\StemFellowship\data\raw\fitzpatrick\Categorized_AbbrvName\ne-de_361\ne-de_f4_343_00a53494.jpg,4,medium_FST3_4,0,0,0.07058504223823547
te_f1_69_158b0e48.jpg,C:\Users\Angad\Desktop\StemFellowship\data\raw\fitzpatrick\Categorized_AbbrvName\te_126\te_f1_69_158b0e48.jpg,1,light_FST1_2,0,1,0.7054097056388855
sa_f1_221_b90daf37.jpg,C:\Users\Angad\Desktop\StemFellowship\data\raw\fitzpatrick\Categorized_AbbrvName\sa_349\sa_f1_221_b90daf37.jpg,1,light_FST1_2,0,0,0.15266335010528564
ju-xa_f1_5_8b0e8baa.jpg,C:\Users\Angad\Desktop\StemFellowship\data\raw\fitzpatrick\Categorized_AbbrvName\ju-xa_149\ju-xa_f1_5_8b0e8baa.jpg,1,light_FST1_2,0,0,0.004395657684653997
ne-in_f3_226_5167da47.jpg,C:\Users\Angad\Desktop\StemFellowship\data\raw\fitzpatrick\Categorized_AbbrvName\ne-in_260\ne-in_f3_226_5167da47.jpg,3,medium_FST3_4,0,0,0.20457932353019714
st_f1_46_3fff68b7.jpg,C:\Users\Angad\Desktop\StemFellowship\data\raw\fitzpatrick\Categorized_AbbrvName\st_67\st_f1_46_3fff68b7.jpg,1,light_FST1_2,0,0,0.10290130972862244
rh_f2_23_1245b14f.jpg,C:\Users\Angad\Desktop\StemFellowship\data\raw\fitzpatrick\Categorized_AbbrvName\rh_91\rh_f2_23_1245b14f.jpg,2,light_FST1_2,0,1,0.8164793848991394
lu-su_f2_31_46dfc589.jpg,C:\Users\Angad\Desktop\StemFellowship\data\raw\fitzpatrick\Categorized_AbbrvName\lu-su_111\lu-su_f2_31_46dfc589.jpg,2,light_FST1_2,0,0,0.007652197033166885
ac-vu_f2_211_8b216b73.jpg,C:\Users\Angad\Desktop\StemFellowship\data\raw\fitzpatrick\Categorized_AbbrvName\ac-vu_335\ac-vu_f2_211_8b216b73.jpg,2,light_FST1_2,0,0,0.0258147232234478
fi-er_f2_12_f06a3ff9.jpg,C:\Users\Angad\Desktop\StemFellowship\data\raw\fitzpatrick\Categorized_AbbrvName\fi-er_125\fi-er_f2_12_f06a3ff9.jpg,2,light_FST1_2,0,0,0.09277570247650146
vi_f5_162_6b9fb567.jpg,C:\Users\Angad\Desktop\StemFellowship\data\raw\fitzpatrick\Categorized_AbbrvName\vi_166\vi_f5_162_6b9fb567.jpg,5,dark_FST5_6,0,0,0.0350184440612793
da-di_f4_79_606e18bf.jpg,C:\Users\Angad\Desktop\StemFellowship\data\raw\fitzpatrick\Categorized_AbbrvName\da-di_153\da-di_f4_79_606e18bf.jpg,4,medium_FST3_4,0,1,0.5398973226547241
rh_f2_31_1f24c324.jpg,C:\Users\Angad\Desktop\StemFellowship\data\raw\fitzpatrick\Categorized_AbbrvName\rh_91\rh_f2_31_1f24c324.jpg,2,light_FST1_2,0,1,0.8428803086280823
eh-da-sy_f4_0_b7ac5e40.jpg,C:\Users\Angad\Desktop\StemFellowship\data\raw\fitzpatrick\Categorized_AbbrvName\eh-da-sy_127\eh-da-sy_f4_0_b7ac5e40.jpg,4,medium_FST3_4,0,0,0.09442172199487686
st-ed_f3_33_d895a477.jpg,C:\Users\Angad\Desktop\StemFellowship\data\raw\fitzpatrick\Categorized_AbbrvName\st-ed_69\st-ed_f3_33_d895a477.jpg,3,medium_FST3_4,0,0,0.31397756934165955
di-ac-po_f1_4_22aa5a17.jpg,C:\Users\Angad\Desktop\StemFellowship\data\raw\fitzpatrick\Categorized_AbbrvName\di-ac-po_60\di-ac-po_f1_4_22aa5a17.jpg,1,light_FST1_2,0,0,0.14566577970981598
ba-ce-ca_f2_178_0055bbe7.jpg,C:\Users\Angad\Desktop\StemFellowship\data\raw\fitzpatrick\Categorized_AbbrvName\ba-ce-ca_468\ba-ce-ca_f2_178_0055bbe7.jpg,2,light_FST1_2,1,0,0.14297010004520416
mu-cy_f1_25_cf29e2bb.jpg,C:\Users\Angad\Desktop\StemFellowship\data\raw\fitzpatrick\Categorized_AbbrvName\mu-cy_79\mu-cy_f1_25_cf29e2bb.jpg,1,light_FST1_2,0,0,0.38457146286964417
xe-pi_f3_75_9df5034a.jpg,C:\Users\Angad\Desktop\StemFellowship\data\raw\fitzpatrick\Categorized_AbbrvName\xe-pi_81\xe-pi_f3_75_9df5034a.jpg,3,medium_FST3_4,0,1,0.6942681074142456
pr-no_f4_126_ddc8eaaf.jpg,C:\Users\Angad\Desktop\StemFellowship\data\raw\fitzpatrick\Categorized_AbbrvName\pr-no_170\pr-no_f4_126_ddc8eaaf.jpg,4,medium_FST3_4,0,0,0.021848490461707115
mi_f4_45_2742e773.jpg,C:\Users\Angad\Desktop\StemFellowship\data\raw\fitzpatrick\Categorized_AbbrvName\mi_112\mi_f4_45_2742e773.jpg,4,medium_FST3_4,0,0,0.0035578471142798662
ep-bu_f2_25_55c85544.jpg,C:\Users\Angad\Desktop\StemFellowship\data\raw\fitzpatrick\Categorized_AbbrvName\ep-bu_70\ep-bu_f2_25_55c85544.jpg,2,light_FST1_2,0,0,0.010513429529964924
ne-in_f3_87_d50f1d3e.jpg,C:\Users\Angad\Desktop\StemFellowship\data\raw\fitzpatrick\Categorized_AbbrvName\ne-in_260\ne-in_f3_87_d50f1d3e.jpg,3,medium_FST3_4,0,0,0.003110228106379509
ac-ni_f5_24_4bac69a5.jpg,C:\Users\Angad\Desktop\StemFellowship\data\raw\fitzpatrick\Categorized_AbbrvName\ac-ni_92\ac-ni_f5_24_4bac69a5.jpg,5,dark_FST5_6,0,0,0.227777898311615
ne-de_f3_342_5420e8f4.jpg,C:\Users\Angad\Desktop\StemFellowship\data\raw\fitzpatrick\Categorized_AbbrvName\ne-de_361\ne-de_f3_342_5420e8f4.jpg,3,medium_FST3_4,0,0,0.0006868047057650983
ha-ne_f5_12_935e9b16.jpg,C:\Users\Angad\Desktop\StemFellowship\data\raw\fitzpatrick\Categorized_AbbrvName\ha-ne_82\ha-ne_f5_12_935e9b16.jpg,5,dark_FST5_6,0,0,0.12670375406742096
ec_f1_107_10bb06cd.jpg,C:\Users\Angad\Desktop\StemFellowship\data\raw\fitzpatrick\Categorized_AbbrvName\ec_204\ec_f1_107_10bb06cd.jpg,1,light_FST1_2,0,0,0.37998002767562866
ba-ce-ca_f1_61_9a2703b5.jpg,C:\Users\Angad\Desktop\StemFellowship\data\raw\fitzpatrick\Categorized_AbbrvName\ba-ce-ca_468\ba-ce-ca_f1_61_9a2703b5.jpg,1,light_FST1_2,1,1,0.9597510695457458
er-mu_f2_201_1b99db59.jpg,C:\Users\Angad\Desktop\StemFellowship\data\raw\fitzpatrick\Categorized_AbbrvName\er-mu_236\er-mu_f2_201_1b99db59.jpg,2,light_FST1_2,0,0,0.16456139087677002
li-pl_f1_74_e0c8cf3b.jpg,C:\Users\Angad\Desktop\StemFellowship\data\raw\fitzpatrick\Categorized_AbbrvName\li-pl_491\li-pl_f1_74_e0c8cf3b.jpg,1,light_FST1_2,0,1,0.7340003252029419
ps_f6_442_b572a846.jpg,C:\Users\Angad\Desktop\StemFellowship\data\raw\fitzpatrick\Categorized_AbbrvName\ps_653\ps_f6_442_b572a846.jpg,6,dark_FST5_6,0,0,0.01710740104317665
sq-ce-ca_f3_285_b40cf445.jpg,C:\Users\Angad\Desktop\StemFellowship\data\raw\fitzpatrick\Categorized_AbbrvName\sq-ce-ca_581\sq-ce-ca_f3_285_b40cf445.jpg,3,medium_FST3_4,1,1,0.6915901303291321
sq-ce-ca_f3_478_a938b67b.jpg,C:\Users\Angad\Desktop\StemFellowship\data\raw\fitzpatrick\Categorized_AbbrvName\sq-ce-ca_581\sq-ce-ca_f3_478_a938b67b.jpg,3,medium_FST3_4,1,1,0.6636841297149658
ep-ne_f2_78_b0834b3d.jpg,C:\Users\Angad\Desktop\StemFellowship\data\raw\fitzpatrick\Categorized_AbbrvName\ep-ne_91\ep-ne_f2_78_b0834b3d.jpg,2,light_FST1_2,0,0,0.18472883105278015
ha-ha-di_f3_123_35314852.jpg,C:\Users\Angad\Desktop\StemFellowship\data\raw\fitzpatrick\Categorized_AbbrvName\ha-ha-di_174\ha-ha-di_f3_123_35314852.jpg,3,medium_FST3_4,0,0,0.44388166069984436
ac_f4_147_6372c528.jpg,C:\Users\Angad\Desktop\StemFellowship\data\raw\fitzpatrick\Categorized_AbbrvName\ac_183\ac_f4_147_6372c528.jpg,4,medium_FST3_4,0,0,0.003944357391446829
li-pl_f5_369_43310011.jpg,C:\Users\Angad\Desktop\StemFellowship\data\raw\fitzpatrick\Categorized_AbbrvName\li-pl_491\li-pl_f5_369_43310011.jpg,5,dark_FST5_6,0,1,0.9546583890914917
dr-er_f3_114_dc412cb7.jpg,C:\Users\Angad\Desktop\StemFellowship\data\raw\fitzpatrick\Categorized_AbbrvName\dr-er_200\dr-er_f3_114_dc412cb7.jpg,3,medium_FST3_4,0,1,0.7725392580032349
ba-ce-ca_f4_261_3a99a525.jpg,C:\Users\Angad\Desktop\StemFellowship\data\raw\fitzpatrick\Categorized_AbbrvName\ba-ce-ca_468\ba-ce-ca_f4_261_3a99a525.jpg,4,medium_FST3_4,1,1,0.9644191265106201
pi-cy_f4_38_dedb8abb.jpg,C:\Users\Angad\Desktop\StemFellowship\data\raw\fitzpatrick\Categorized_AbbrvName\pi-cy_93\pi-cy_f4_38_dedb8abb.jpg,4,medium_FST3_4,0,0,0.4962790012359619
ph_f2_270_02b26f2e.jpg,C:\Users\Angad\Desktop\StemFellowship\data\raw\fitzpatrick\Categorized_AbbrvName\ph_348\ph_f2_270_02b26f2e.jpg,2,light_FST1_2,0,0,0.17556136846542358
ch_f1_85_c1d6849e.jpg,C:\Users\Angad\Desktop\StemFellowship\data\raw\fitzpatrick\Categorized_AbbrvName\ch_106\ch_f1_85_c1d6849e.jpg,1,light_FST1_2,0,0,0.2587522566318512
eh-da-sy_f4_86_4c68f5b5.jpg,C:\Users\Angad\Desktop\StemFellowship\data\raw\fitzpatrick\Categorized_AbbrvName\eh-da-sy_127\eh-da-sy_f4_86_4c68f5b5.jpg,4,medium_FST3_4,0,0,0.11749589443206787
li-pl_f4_350_9a634faa.jpg,C:\Users\Angad\Desktop\StemFellowship\data\raw\fitzpatrick\Categorized_AbbrvName\li-pl_491\li-pl_f4_350_9a634faa.jpg,4,medium_FST3_4,0,0,9.665003744885325e-06
ac-au-bu-di-ge_f2_56_f8f6d6e2.jpg,C:\Users\Angad\Desktop\StemFellowship\data\raw\fitzpatrick\Categorized_AbbrvName\ac-au-bu-di-ge_67\ac-au-bu-di-ge_f2_56_f8f6d6e2.jpg,2,light_FST1_2,0,0,0.18324138224124908
st-jo-sy_f1_93_de119fb6.jpg,C:\Users\Angad\Desktop\StemFellowship\data\raw\fitzpatrick\Categorized_AbbrvName\st-jo-sy_113\st-jo-sy_f1_93_de119fb6.jpg,1,light_FST1_2,0,0,0.03897031024098396
ur-pi_f5_62_f572eb59.jpg,C:\Users\Angad\Desktop\StemFellowship\data\raw\fitzpatrick\Categorized_AbbrvName\ur-pi_112\ur-pi_f5_62_f572eb59.jpg,5,dark_FST5_6,0,0,0.1079254150390625
sy_f4_22_8d6e33cb.jpg,C:\Users\Angad\Desktop\StemFellowship\data\raw\fitzpatrick\Categorized_AbbrvName\sy_127\sy_f4_22_8d6e33cb.jpg,4,medium_FST3_4,0,0,0.05655687674880028
sq-ce-ca_f1_104_5aebee41.jpg,C:\Users\Angad\Desktop\StemFellowship\data\raw\fitzpatrick\Categorized_AbbrvName\sq-ce-ca_581\sq-ce-ca_f1_104_5aebee41.jpg,1,light_FST1_2,1,1,0.8825194835662842
ps_f2_232_65bd266e.jpg,C:\Users\Angad\Desktop\StemFellowship\data\raw\fitzpatrick\Categorized_AbbrvName\ps_653\ps_f2_232_65bd266e.jpg,2,light_FST1_2,0,1,0.8181328177452087
tu-sc_f5_61_aca51fb5.jpg,C:\Users\Angad\Desktop\StemFellowship\data\raw\fitzpatrick\Categorized_AbbrvName\tu-sc_141\tu-sc_f5_61_aca51fb5.jpg,5,dark_FST5_6,0,0,0.025860384106636047
my-fu_f4_39_d3b99390.jpg,C:\Users\Angad\Desktop\StemFellowship\data\raw\fitzpatrick\Categorized_AbbrvName\my-fu_182\my-fu_f4_39_d3b99390.jpg,4,medium_FST3_4,1,0,0.35127702355384827
ac-vu_f4_34_3aa3fc1e.jpg,C:\Users\Angad\Desktop\StemFellowship\data\raw\fitzpatrick\Categorized_AbbrvName\ac-vu_335\ac-vu_f4_34_3aa3fc1e.jpg,4,medium_FST3_4,0,0,0.00476648285984993
fo_f2_82_45a7b775.jpg,C:\Users\Angad\Desktop\StemFellowship\data\raw\fitzpatrick\Categorized_AbbrvName\fo_342\fo_f2_82_45a7b775.jpg,2,light_FST1_2,0,1,0.6588308215141296
xe-pi_f5_1_23e9d3d0.jpg,C:\Users\Angad\Desktop\StemFellowship\data\raw\fitzpatrick\Categorized_AbbrvName\xe-pi_81\xe-pi_f5_1_23e9d3d0.jpg,5,dark_FST5_6,0,0,0.019335521385073662
sa_f2_15_433e832c.jpg,C:\Users\Angad\Desktop\StemFellowship\data\raw\fitzpatrick\Categorized_AbbrvName\sa_349\sa_f2_15_433e832c.jpg,2,light_FST1_2,0,0,0.3047230839729309
ne-de_f4_101_76980979.jpg,C:\Users\Angad\Desktop\StemFellowship\data\raw\fitzpatrick\Categorized_AbbrvName\ne-de_361\ne-de_f4_101_76980979.jpg,4,medium_FST3_4,0,0,0.014411572366952896
da-di_f1_68_f1b65864.jpg,C:\Users\Angad\Desktop\StemFellowship\data\raw\fitzpatrick\Categorized_AbbrvName\da-di_153\da-di_f1_68_f1b65864.jpg,1,light_FST1_2,0,0,0.1416936069726944
ps_f3_455_7cf0ddd9.jpg,C:\Users\Angad\Desktop\StemFellowship\data\raw\fitzpatrick\Categorized_AbbrvName\ps_653\ps_f3_455_7cf0ddd9.jpg,3,medium_FST3_4,0,0,0.0750696063041687
er-mu_f2_186_41910f59.jpg,C:\Users\Angad\Desktop\StemFellowship\data\raw\fitzpatrick\Categorized_AbbrvName\er-mu_236\er-mu_f2_186_41910f59.jpg,2,light_FST1_2,0,1,0.7751193046569824
my-fu_f5_13_61d0e400.jpg,C:\Users\Angad\Desktop\StemFellowship\data\raw\fitzpatrick\Categorized_AbbrvName\my-fu_182\my-fu_f5_13_61d0e400.jpg,5,dark_FST5_6,1,0,0.30690252780914307
ne-li_f2_100_96b194d8.jpg,C:\Users\Angad\Desktop\StemFellowship\data\raw\fitzpatrick\Categorized_AbbrvName\ne-li_123\ne-li_f2_100_96b194d8.jpg,2,light_FST1_2,0,1,0.5239607095718384
st-jo-sy_f5_61_1cef1d83.jpg,C:\Users\Angad\Desktop\StemFellowship\data\raw\fitzpatrick\Categorized_AbbrvName\st-jo-sy_113\st-jo-sy_f5_61_1cef1d83.jpg,5,dark_FST5_6,0,0,0.10441312193870544
ps_f5_484_a5c26a70.jpg,C:\Users\Angad\Desktop\StemFellowship\data\raw\fitzpatrick\Categorized_AbbrvName\ps_653\ps_f5_484_a5c26a70.jpg,5,dark_FST5_6,0,0,0.06294485181570053
pi-ro_f4_100_50204de5.jpg,C:\Users\Angad\Desktop\StemFellowship\data\raw\fitzpatrick\Categorized_AbbrvName\pi-ro_193\pi-ro_f4_100_50204de5.jpg,4,medium_FST3_4,0,0,0.2134895622730255
pi-cy_f2_54_4a400ad2.jpg,C:\Users\Angad\Desktop\StemFellowship\data\raw\fitzpatrick\Categorized_AbbrvName\pi-cy_93\pi-cy_f2_54_4a400ad2.jpg,2,light_FST1_2,0,1,0.9036900997161865
ac-ke_f2_105_2b799729.jpg,C:\Users\Angad\Desktop\StemFellowship\data\raw\fitzpatrick\Categorized_AbbrvName\ac-ke_175\ac-ke_f2_105_2b799729.jpg,2,light_FST1_2,1,0,0.3049527406692505
pi-ru-pi_f5_233_6fc6a703.jpg,C:\Users\Angad\Desktop\StemFellowship\data\raw\fitzpatrick\Categorized_AbbrvName\pi-ru-pi_278\pi-ru-pi_f5_233_6fc6a703.jpg,5,dark_FST5_6,0,0,0.000517958018463105
gr-an_f2_13_5b5b1af9.jpg,C:\Users\Angad\Desktop\StemFellowship\data\raw\fitzpatrick\Categorized_AbbrvName\gr-an_211\gr-an_f2_13_5b5b1af9.jpg,2,light_FST1_2,0,1,0.9135216474533081
ha-ha-di_f3_121_082587a2.jpg,C:\Users\Angad\Desktop\StemFellowship\data\raw\fitzpatrick\Categorized_AbbrvName\ha-ha-di_174\ha-ha-di_f3_121_082587a2.jpg,3,medium_FST3_4,0,0,0.0330779105424881
pi-ru-pi_f4_229_54ead01e.jpg,C:\Users\Angad\Desktop\StemFellowship\data\raw\fitzpatrick\Categorized_AbbrvName\pi-ru-pi_278\pi-ru-pi_f4_229_54ead01e.jpg,4,medium_FST3_4,0,0,0.0684443861246109
ca-cu_f1_78_ac692642.jpg,C:\Users\Angad\Desktop\StemFellowship\data\raw\fitzpatrick\Categorized_AbbrvName\ca-cu_80\ca-cu_f1_78_ac692642.jpg,1,light_FST1_2,0,0,0.005255544558167458
sa_f5_182_14e89dbb.jpg,C:\Users\Angad\Desktop\StemFellowship\data\raw\fitzpatrick\Categorized_AbbrvName\sa_349\sa_f5_182_14e89dbb.jpg,5,dark_FST5_6,0,0,0.00014532377826981246
ha-ha-di_f2_83_3c5cb38e.jpg,C:\Users\Angad\Desktop\StemFellowship\data\raw\fitzpatrick\Categorized_AbbrvName\ha-ha-di_174\ha-ha-di_f2_83_3c5cb38e.jpg,2,light_FST1_2,0,0,0.10236035287380219
sa_f1_5_b4eee901.jpg,C:\Users\Angad\Desktop\StemFellowship\data\raw\fitzpatrick\Categorized_AbbrvName\sa_349\sa_f1_5_b4eee901.jpg,1,light_FST1_2,0,0,0.1932845413684845
ps_f1_529_9b1e3313.jpg,C:\Users\Angad\Desktop\StemFellowship\data\raw\fitzpatrick\Categorized_AbbrvName\ps_653\ps_f1_529_9b1e3313.jpg,1,light_FST1_2,0,0,0.41872379183769226
ph_f1_101_94325be9.jpg,C:\Users\Angad\Desktop\StemFellowship\data\raw\fitzpatrick\Categorized_AbbrvName\ph_348\ph_f1_101_94325be9.jpg,1,light_FST1_2,0,0,0.0018262594239786267
rh_f2_36_2ec1a966.jpg,C:\Users\Angad\Desktop\StemFellowship\data\raw\fitzpatrick\Categorized_AbbrvName\rh_91\rh_f2_36_2ec1a966.jpg,2,light_FST1_2,0,1,0.5857486128807068
ur_f3_18_05674d17.jpg,C:\Users\Angad\Desktop\StemFellowship\data\raw\fitzpatrick\Categorized_AbbrvName\ur_151\ur_f3_18_05674d17.jpg,3,medium_FST3_4,0,0,0.005419607739895582
ph_f4_341_125e81c3.jpg,C:\Users\Angad\Desktop\StemFellowship\data\raw\fitzpatrick\Categorized_AbbrvName\ph_348\ph_f4_341_125e81c3.jpg,4,medium_FST3_4,0,0,0.044758908450603485
dr-in-pi-ch_f5_44_4c8bbc73.jpg,C:\Users\Angad\Desktop\StemFellowship\data\raw\fitzpatrick\Categorized_AbbrvName\dr-in-pi-ch_71\dr-in-pi-ch_f5_44_4c8bbc73.jpg,5,dark_FST5_6,0,0,0.00029266634373925626
hi_f3_69_ff14a6b0.jpg,C:\Users\Angad\Desktop\StemFellowship\data\raw\fitzpatrick\Categorized_AbbrvName\hi_90\hi_f3_69_ff14a6b0.jpg,3,medium_FST3_4,0,0,0.20050649344921112
ba-ce-ca_f3_466_c558af11.jpg,C:\Users\Angad\Desktop\StemFellowship\data\raw\fitzpatrick\Categorized_AbbrvName\ba-ce-ca_468\ba-ce-ca_f3_466_c558af11.jpg,3,medium_FST3_4,1,1,0.5440945625305176
er-an-ce_f3_40_f896d10d.jpg,C:\Users\Angad\Desktop\StemFellowship\data\raw\fitzpatrick\Categorized_AbbrvName\er-an-ce_88\er-an-ce_f3_40_f896d10d.jpg,3,medium_FST3_4,0,0,0.08849199116230011
co-ne_f2_44_55d60f56.jpg,C:\Users\Angad\Desktop\StemFellowship\data\raw\fitzpatrick\Categorized_AbbrvName\co-ne_68\co-ne_f2_44_55d60f56.jpg,2,light_FST1_2,0,0,0.2607044279575348
ha-ne_f5_34_9a049a3c.jpg,C:\Users\Angad\Desktop\StemFellowship\data\raw\fitzpatrick\Categorized_AbbrvName\ha-ne_82\ha-ne_f5_34_9a049a3c.jpg,5,dark_FST5_6,0,0,0.18202202022075653
ba-ce-ca-mo_f1_61_58f8a6ea.jpg,C:\Users\Angad\Desktop\StemFellowship\data\raw\fitzpatrick\Categorized_AbbrvName\ba-ce-ca-mo_62\ba-ce-ca-mo_f1_61_58f8a6ea.jpg,1,light_FST1_2,1,1,0.6975812315940857
ke-pi_f1_24_c068b500.jpg,C:\Users\Angad\Desktop\StemFellowship\data\raw\fitzpatrick\Categorized_AbbrvName\ke-pi_78\ke-pi_f1_24_c068b500.jpg,1,light_FST1_2,0,0,0.09986527264118195
sa_f1_132_bdf19bff.jpg,C:\Users\Angad\Desktop\StemFellowship\data\raw\fitzpatrick\Categorized_AbbrvName\sa_349\sa_f1_132_bdf19bff.jpg,1,light_FST1_2,0,1,0.5854759216308594
ly-di_f2_102_20b40ae8.jpg,C:\Users\Angad\Desktop\StemFellowship\data\raw\fitzpatrick\Categorized_AbbrvName\ly-di_129\ly-di_f2_102_20b40ae8.jpg,2,light_FST1_2,0,0,0.25039371848106384
da-di_f2_52_2e08ed2c.jpg,C:\Users\Angad\Desktop\StemFellowship\data\raw\fitzpatrick\Categorized_AbbrvName\da-di_153\da-di_f2_52_2e08ed2c.jpg,2,light_FST1_2,0,0,0.18407468497753143
su-sp-me-ss_f3_8_94d83b7e.jpg,C:\Users\Angad\Desktop\StemFellowship\data\raw\fitzpatrick\Categorized_AbbrvName\su-sp-me-ss_118\su-sp-me-ss_f3_8_94d83b7e.jpg,3,medium_FST3_4,1,0,0.28281861543655396
ca-cu_f2_34_477b1f5b.jpg,C:\Users\Angad\Desktop\StemFellowship\data\raw\fitzpatrick\Categorized_AbbrvName\ca-cu_80\ca-cu_f2_34_477b1f5b.jpg,2,light_FST1_2,0,0,0.297435462474823
pe-li_f2_110_3a22f97d.jpg,C:\Users\Angad\Desktop\StemFellowship\data\raw\fitzpatrick\Categorized_AbbrvName\pe-li_151\pe-li_f2_110_3a22f97d.jpg,2,light_FST1_2,0,0,0.025453463196754456
hi_f4_3_a5164021.jpg,C:\Users\Angad\Desktop\StemFellowship\data\raw\fitzpatrick\Categorized_AbbrvName\hi_90\hi_f4_3_a5164021.jpg,4,medium_FST3_4,0,0,0.024841556325554848
po-ac_f2_24_cf595f8a.jpg,C:\Users\Angad\Desktop\StemFellowship\data\raw\fitzpatrick\Categorized_AbbrvName\po-ac_183\po-ac_f2_24_cf595f8a.jpg,2,light_FST1_2,0,0,0.0020786894019693136
da-di_f3_3_253be2f4.jpg,C:\Users\Angad\Desktop\StemFellowship\data\raw\fitzpatrick\Categorized_AbbrvName\da-di_153\da-di_f3_3_253be2f4.jpg,3,medium_FST3_4,0,1,0.8711091876029968
sa_f5_134_064a6f60.jpg,C:\Users\Angad\Desktop\StemFellowship\data\raw\fitzpatrick\Categorized_AbbrvName\sa_349\sa_f5_134_064a6f60.jpg,5,dark_FST5_6,0,0,0.04535103216767311
ba-ce-ca_f2_144_c861de92.jpg,C:\Users\Angad\Desktop\StemFellowship\data\raw\fitzpatrick\Categorized_AbbrvName\ba-ce-ca_468\ba-ce-ca_f2_144_c861de92.jpg,2,light_FST1_2,1,1,0.6060518026351929
me_f4_213_ddb15beb.jpg,C:\Users\Angad\Desktop\StemFellowship\data\raw\fitzpatrick\Categorized_AbbrvName\me_261\me_f4_213_ddb15beb.jpg,4,medium_FST3_4,1,1,0.8919740319252014
ur_f3_47_180da0d8.jpg,C:\Users\Angad\Desktop\StemFellowship\data\raw\fitzpatrick\Categorized_AbbrvName\ur_151\ur_f3_47_180da0d8.jpg,3,medium_FST3_4,0,0,0.39941921830177307
ly-di_f2_48_09130b7f.jpg,C:\Users\Angad\Desktop\StemFellowship\data\raw\fitzpatrick\Categorized_AbbrvName\ly-di_129\ly-di_f2_48_09130b7f.jpg,2,light_FST1_2,0,0,0.3428860902786255
pe-li_f1_106_bd70fbb7.jpg,C:\Users\Angad\Desktop\StemFellowship\data\raw\fitzpatrick\Categorized_AbbrvName\pe-li_151\pe-li_f1_106_bd70fbb7.jpg,1,light_FST1_2,0,0,0.08438876271247864
ne-de_f3_77_c7e092b0.jpg,C:\Users\Angad\Desktop\StemFellowship\data\raw\fitzpatrick\Categorized_AbbrvName\ne-de_361\ne-de_f3_77_c7e092b0.jpg,3,medium_FST3_4,0,0,3.551493864506483e-05
me_f1_176_392eb33b.jpg,C:\Users\Angad\Desktop\StemFellowship\data\raw\fitzpatrick\Categorized_AbbrvName\me_261\me_f1_176_392eb33b.jpg,1,light_FST1_2,1,1,0.8852170705795288
er-mu_f2_225_887488e7.jpg,C:\Users\Angad\Desktop\StemFellowship\data\raw\fitzpatrick\Categorized_AbbrvName\er-mu_236\er-mu_f2_225_887488e7.jpg,2,light_FST1_2,0,0,0.17017260193824768
se-ke_f2_7_c329c20e.jpg,C:\Users\Angad\Desktop\StemFellowship\data\raw\fitzpatrick\Categorized_AbbrvName\se-ke_69\se-ke_f2_7_c329c20e.jpg,2,light_FST1_2,0,0,0.02951114997267723
eh-da-sy_f3_7_f4291e41.jpg,C:\Users\Angad\Desktop\StemFellowship\data\raw\fitzpatrick\Categorized_AbbrvName\eh-da-sy_127\eh-da-sy_f3_7_f4291e41.jpg,3,medium_FST3_4,0,1,0.7477936744689941
sa_f4_228_5f1bc0d3.jpg,C:\Users\Angad\Desktop\StemFellowship\data\raw\fitzpatrick\Categorized_AbbrvName\sa_349\sa_f4_228_5f1bc0d3.jpg,4,medium_FST3_4,0,0,0.0018812124617397785
ju-xa_f1_60_813f72d0.jpg,C:\Users\Angad\Desktop\StemFellowship\data\raw\fitzpatrick\Categorized_AbbrvName\ju-xa_149\ju-xa_f1_60_813f72d0.jpg,1,light_FST1_2,0,0,0.024050451815128326
fo_f4_294_953361f7.jpg,C:\Users\Angad\Desktop\StemFellowship\data\raw\fitzpatrick\Categorized_AbbrvName\fo_342\fo_f4_294_953361f7.jpg,4,medium_FST3_4,0,0,0.053898438811302185
ly-di_f4_128_6b3d128f.jpg,C:\Users\Angad\Desktop\StemFellowship\data\raw\fitzpatrick\Categorized_AbbrvName\ly-di_129\ly-di_f4_128_6b3d128f.jpg,4,medium_FST3_4,0,0,0.21942070126533508
er-el-di_f4_36_4928cdc0.jpg,C:\Users\Angad\Desktop\StemFellowship\data\raw\fitzpatrick\Categorized_AbbrvName\er-el-di_55\er-el-di_f4_36_4928cdc0.jpg,4,medium_FST3_4,0,0,0.14362181723117828
sq-ce-ca_f2_105_e052681f.jpg,C:\Users\Angad\Desktop\StemFellowship\data\raw\fitzpatrick\Categorized_AbbrvName\sq-ce-ca_581\sq-ce-ca_f2_105_e052681f.jpg,2,light_FST1_2,1,1,0.9950867295265198
gr-an_f2_104_963c6787.jpg,C:\Users\Angad\Desktop\StemFellowship\data\raw\fitzpatrick\Categorized_AbbrvName\gr-an_211\gr-an_f2_104_963c6787.jpg,2,light_FST1_2,0,0,0.26917922496795654
te_f2_108_a5b81395.jpg,C:\Users\Angad\Desktop\StemFellowship\data\raw\fitzpatrick\Categorized_AbbrvName\te_126\te_f2_108_a5b81395.jpg,2,light_FST1_2,0,0,0.0003834977687802166
pi_f1_18_cd5bc91c.jpg,C:\Users\Angad\Desktop\StemFellowship\data\raw\fitzpatrick\Categorized_AbbrvName\pi_53\pi_f1_18_cd5bc91c.jpg,1,light_FST1_2,0,0,0.25418567657470703
ac_f2_23_fd15aec9.jpg,C:\Users\Angad\Desktop\StemFellowship\data\raw\fitzpatrick\Categorized_AbbrvName\ac_183\ac_f2_23_fd15aec9.jpg,2,light_FST1_2,0,0,0.008674591779708862
sq-ce-ca_f1_495_a49c0cf6.jpg,C:\Users\Angad\Desktop\StemFellowship\data\raw\fitzpatrick\Categorized_AbbrvName\sq-ce-ca_581\sq-ce-ca_f1_495_a49c0cf6.jpg,1,light_FST1_2,1,1,0.9716076850891113
st_f1_57_ba5c9824.jpg,C:\Users\Angad\Desktop\StemFellowship\data\raw\fitzpatrick\Categorized_AbbrvName\st_67\st_f1_57_ba5c9824.jpg,1,light_FST1_2,0,0,0.19305568933486938
li-pl_f3_10_1e78dd46.jpg,C:\Users\Angad\Desktop\StemFellowship\data\raw\fitzpatrick\Categorized_AbbrvName\li-pl_491\li-pl_f3_10_1e78dd46.jpg,3,medium_FST3_4,0,0,0.00687322998419404
lu-su_f2_18_0a55496b.jpg,C:\Users\Angad\Desktop\StemFellowship\data\raw\fitzpatrick\Categorized_AbbrvName\lu-su_111\lu-su_f2_18_0a55496b.jpg,2,light_FST1_2,0,0,0.0004625753790605813
ke-pi_f2_10_72c35d8c.jpg,C:\Users\Angad\Desktop\StemFellowship\data\raw\fitzpatrick\Categorized_AbbrvName\ke-pi_78\ke-pi_f2_10_72c35d8c.jpg,2,light_FST1_2,0,0,0.01697721518576145
al-co-de_f2_196_2bb7c703.jpg,C:\Users\Angad\Desktop\StemFellowship\data\raw\fitzpatrick\Categorized_AbbrvName\al-co-de_430\al-co-de_f2_196_2bb7c703.jpg,2,light_FST1_2,0,0,0.1862332820892334
vi_f5_91_87f4abad.jpg,C:\Users\Angad\Desktop\StemFellowship\data\raw\fitzpatrick\Categorized_AbbrvName\vi_166\vi_f5_91_87f4abad.jpg,5,dark_FST5_6,0,0,0.004229104612022638
ju-xa_f2_74_21278bfb.jpg,C:\Users\Angad\Desktop\StemFellowship\data\raw\fitzpatrick\Categorized_AbbrvName\ju-xa_149\ju-xa_f2_74_21278bfb.jpg,2,light_FST1_2,0,0,0.10049714893102646
mi_f1_85_1ae8a19e.jpg,C:\Users\Angad\Desktop\StemFellowship\data\raw\fitzpatrick\Categorized_AbbrvName\mi_112\mi_f1_85_1ae8a19e.jpg,1,light_FST1_2,0,0,0.0016841350588947535
ac-ke_f3_111_e38312cc.jpg,C:\Users\Angad\Desktop\StemFellowship\data\raw\fitzpatrick\Categorized_AbbrvName\ac-ke_175\ac-ke_f3_111_e38312cc.jpg,3,medium_FST3_4,1,1,0.500366747379303
li-pl_f4_104_e69b6ffb.jpg,C:\Users\Angad\Desktop\StemFellowship\data\raw\fitzpatrick\Categorized_AbbrvName\li-pl_491\li-pl_f4_104_e69b6ffb.jpg,4,medium_FST3_4,0,0,0.10193967074155807
ne-ne_f1_72_de490504.jpg,C:\Users\Angad\Desktop\StemFellowship\data\raw\fitzpatrick\Categorized_AbbrvName\ne-ne_86\ne-ne_f1_72_de490504.jpg,1,light_FST1_2,0,1,0.9981071949005127
tu_f3_11_a023342b.jpg,C:\Users\Angad\Desktop\StemFellowship\data\raw\fitzpatrick\Categorized_AbbrvName\tu_152\tu_f3_11_a023342b.jpg,3,medium_FST3_4,0,0,0.3456263840198517
tu_f3_60_f535eadc.jpg,C:\Users\Angad\Desktop\StemFellowship\data\raw\fitzpatrick\Categorized_AbbrvName\tu_152\tu_f3_60_f535eadc.jpg,3,medium_FST3_4,0,0,0.18367567658424377
li-pl_f2_250_a2456b4c.jpg,C:\Users\Angad\Desktop\StemFellowship\data\raw\fitzpatrick\Categorized_AbbrvName\li-pl_491\li-pl_f2_250_a2456b4c.jpg,2,light_FST1_2,0,0,0.0973936915397644
li-pl_f2_144_6ad7e8aa.jpg,C:\Users\Angad\Desktop\StemFellowship\data\raw\fitzpatrick\Categorized_AbbrvName\li-pl_491\li-pl_f2_144_6ad7e8aa.jpg,2,light_FST1_2,0,0,0.09553457051515579
er-an-ce_f3_8_c4e756a7.jpg,C:\Users\Angad\Desktop\StemFellowship\data\raw\fitzpatrick\Categorized_AbbrvName\er-an-ce_88\er-an-ce_f3_8_c4e756a7.jpg,3,medium_FST3_4,0,1,0.5494110584259033
ac_f1_79_ae718b3b.jpg,C:\Users\Angad\Desktop\StemFellowship\data\raw\fitzpatrick\Categorized_AbbrvName\ac_183\ac_f1_79_ae718b3b.jpg,1,light_FST1_2,0,0,0.004962289705872536
pi-ro_f4_85_6ef7f0a3.jpg,C:\Users\Angad\Desktop\StemFellowship\data\raw\fitzpatrick\Categorized_AbbrvName\pi-ro_193\pi-ro_f4_85_6ef7f0a3.jpg,4,medium_FST3_4,0,0,0.0006725361454300582
eh-da-sy_f4_36_4dea673d.jpg,C:\Users\Angad\Desktop\StemFellowship\data\raw\fitzpatrick\Categorized_AbbrvName\eh-da-sy_127\eh-da-sy_f4_36_4dea673d.jpg,4,medium_FST3_4,0,1,0.6955629587173462
li-re_f3_53_ed24b996.jpg,C:\Users\Angad\Desktop\StemFellowship\data\raw\fitzpatrick\Categorized_AbbrvName\li-re_60\li-re_f3_53_ed24b996.jpg,3,medium_FST3_4,0,0,0.1006709560751915
me_f6_166_a177a5fc.jpg,C:\Users\Angad\Desktop\StemFellowship\data\raw\fitzpatrick\Categorized_AbbrvName\me_261\me_f6_166_a177a5fc.jpg,6,dark_FST5_6,1,1,0.7766385674476624
li-pl_f5_388_815e6110.jpg,C:\Users\Angad\Desktop\StemFellowship\data\raw\fitzpatrick\Categorized_AbbrvName\li-pl_491\li-pl_f5_388_815e6110.jpg,5,dark_FST5_6,0,1,0.7351921796798706
sq-ce-ca_f4_29_69568fbb.jpg,C:\Users\Angad\Desktop\StemFellowship\data\raw\fitzpatrick\Categorized_AbbrvName\sq-ce-ca_581\sq-ce-ca_f4_29_69568fbb.jpg,4,medium_FST3_4,1,0,0.1137457862496376
sq-ce-ca_f2_450_4ee44e55.jpg,C:\Users\Angad\Desktop\StemFellowship\data\raw\fitzpatrick\Categorized_AbbrvName\sq-ce-ca_581\sq-ce-ca_f2_450_4ee44e55.jpg,2,light_FST1_2,1,1,0.9601224660873413
pa_f2_27_fd6136d9.jpg,C:\Users\Angad\Desktop\StemFellowship\data\raw\fitzpatrick\Categorized_AbbrvName\pa_59\pa_f2_27_fd6136d9.jpg,2,light_FST1_2,0,0,0.21897605061531067
ac-ke_f1_89_ce356adb.jpg,C:\Users\Angad\Desktop\StemFellowship\data\raw\fitzpatrick\Categorized_AbbrvName\ac-ke_175\ac-ke_f1_89_ce356adb.jpg,1,light_FST1_2,1,1,0.749267578125
ju-xa_f1_105_f65ef9a7.jpg,C:\Users\Angad\Desktop\StemFellowship\data\raw\fitzpatrick\Categorized_AbbrvName\ju-xa_149\ju-xa_f1_105_f65ef9a7.jpg,1,light_FST1_2,0,0,0.08244089782238007
ps_f3_39_97846367.jpg,C:\Users\Angad\Desktop\StemFellowship\data\raw\fitzpatrick\Categorized_AbbrvName\ps_653\ps_f3_39_97846367.jpg,3,medium_FST3_4,0,0,0.3380960524082184
er-mu_f4_200_bdbaaeeb.jpg,C:\Users\Angad\Desktop\StemFellowship\data\raw\fitzpatrick\Categorized_AbbrvName\er-mu_236\er-mu_f4_200_bdbaaeeb.jpg,4,medium_FST3_4,0,0,0.00018902729789260775
lu-er_f1_227_16de0b32.jpg,C:\Users\Angad\Desktop\StemFellowship\data\raw\fitzpatrick\Categorized_AbbrvName\lu-er_410\lu-er_f1_227_16de0b32.jpg,1,light_FST1_2,0,1,0.6082795262336731
er-no_f1_52_8a2d132d.jpg,C:\Users\Angad\Desktop\StemFellowship\data\raw\fitzpatrick\Categorized_AbbrvName\er-no_81\er-no_f1_52_8a2d132d.jpg,1,light_FST1_2,0,0,0.4109800457954407
ec_f5_120_55d707c5.jpg,C:\Users\Angad\Desktop\StemFellowship\data\raw\fitzpatrick\Categorized_AbbrvName\ec_204\ec_f5_120_55d707c5.jpg,5,dark_FST5_6,0,0,0.1689867526292801
me_f3_47_318c1c68.jpg,C:\Users\Angad\Desktop\StemFellowship\data\raw\fitzpatrick\Categorized_AbbrvName\me_261\me_f3_47_318c1c68.jpg,3,medium_FST3_4,1,1,0.9853243231773376
hi_f5_19_8e94d1e9.jpg,C:\Users\Angad\Desktop\StemFellowship\data\raw\fitzpatrick\Categorized_AbbrvName\hi_90\hi_f5_19_8e94d1e9.jpg,5,dark_FST5_6,0,1,0.5550554394721985
ep-bu_f5_64_6585b76f.jpg,C:\Users\Angad\Desktop\StemFellowship\data\raw\fitzpatrick\Categorized_AbbrvName\ep-bu_70\ep-bu_f5_64_6585b76f.jpg,5,dark_FST5_6,0,0,0.1126989796757698
te_f2_72_45bf5b09.jpg,C:\Users\Angad\Desktop\StemFellowship\data\raw\fitzpatrick\Categorized_AbbrvName\te_126\te_f2_72_45bf5b09.jpg,2,light_FST1_2,0,1,0.7550521492958069
st-jo-sy_f2_80_49c20229.jpg,C:\Users\Angad\Desktop\StemFellowship\data\raw\fitzpatrick\Categorized_AbbrvName\st-jo-sy_113\st-jo-sy_f2_80_49c20229.jpg,2,light_FST1_2,0,0,0.25161969661712646
so-cy-ba-ce-ca_f2_56_66a86469.jpg,C:\Users\Angad\Desktop\StemFellowship\data\raw\fitzpatrick\Categorized_AbbrvName\so-cy-ba-ce-ca_66\so-cy-ba-ce-ca_f2_56_66a86469.jpg,2,light_FST1_2,1,1,0.5283151268959045
py-gr_f1_50_d686f900.jpg,C:\Users\Angad\Desktop\StemFellowship\data\raw\fitzpatrick\Categorized_AbbrvName\py-gr_113\py-gr_f1_50_d686f900.jpg,1,light_FST1_2,0,0,0.009268276393413544
ma-me_f1_29_f128b433.jpg,C:\Users\Angad\Desktop\StemFellowship\data\raw\fitzpatrick\Categorized_AbbrvName\ma-me_111\ma-me_f1_29_f128b433.jpg,1,light_FST1_2,1,1,0.9258058071136475
ph_f3_214_19125ec6.jpg,C:\Users\Angad\Desktop\StemFellowship\data\raw\fitzpatrick\Categorized_AbbrvName\ph_348\ph_f3_214_19125ec6.jpg,3,medium_FST3_4,0,0,0.035251129418611526
sq-ce-ca_f2_535_707cbcb8.jpg,C:\Users\Angad\Desktop\StemFellowship\data\raw\fitzpatrick\Categorized_AbbrvName\sq-ce-ca_581\sq-ce-ca_f2_535_707cbcb8.jpg,2,light_FST1_2,1,1,0.5263988971710205
eh-da-sy_f2_8_5ff030c9.jpg,C:\Users\Angad\Desktop\StemFellowship\data\raw\fitzpatrick\Categorized_AbbrvName\eh-da-sy_127\eh-da-sy_f2_8_5ff030c9.jpg,2,light_FST1_2,0,0,0.1441231071949005
li-pl_f1_240_e0ff95c6.jpg,C:\Users\Angad\Desktop\StemFellowship\data\raw\fitzpatrick\Categorized_AbbrvName\li-pl_491\li-pl_f1_240_e0ff95c6.jpg,1,light_FST1_2,0,0,0.13331352174282074
fa-de_f1_16_0a06a448.jpg,C:\Users\Angad\Desktop\StemFellowship\data\raw\fitzpatrick\Categorized_AbbrvName\fa-de_66\fa-de_f1_16_0a06a448.jpg,1,light_FST1_2,0,0,0.1410287767648697
in-pi_f1_31_d9500700.jpg,C:\Users\Angad\Desktop\StemFellowship\data\raw\fitzpatrick\Categorized_AbbrvName\in-pi_102\in-pi_f1_31_d9500700.jpg,1,light_FST1_2,0,0,0.14143012464046478
ne-de_f6_140_deda9b18.jpg,C:\Users\Angad\Desktop\StemFellowship\data\raw\fitzpatrick\Categorized_AbbrvName\ne-de_361\ne-de_f6_140_deda9b18.jpg,6,dark_FST5_6,0,0,0.16560563445091248
ma-me_f1_103_b3c86bb9.jpg,C:\Users\Angad\Desktop\StemFellowship\data\raw\fitzpatrick\Categorized_AbbrvName\ma-me_111\ma-me_f1_103_b3c86bb9.jpg,1,light_FST1_2,1,1,0.9167968034744263
ka-sa_f3_27_13734a7c.jpg,C:\Users\Angad\Desktop\StemFellowship\data\raw\fitzpatrick\Categorized_AbbrvName\ka-sa_156\ka-sa_f3_27_13734a7c.jpg,3,medium_FST3_4,1,1,0.9860756993293762
ly_f1_65_05593679.jpg,C:\Users\Angad\Desktop\StemFellowship\data\raw\fitzpatrick\Categorized_AbbrvName\ly_100\ly_f1_65_05593679.jpg,1,light_FST1_2,0,1,0.7220016121864319
fo_f4_275_06cbb428.jpg,C:\Users\Angad\Desktop\StemFellowship\data\raw\fitzpatrick\Categorized_AbbrvName\fo_342\fo_f4_275_06cbb428.jpg,4,medium_FST3_4,0,0,0.03710199147462845
al-co-de_f2_37_40ee2bdd.jpg,C:\Users\Angad\Desktop\StemFellowship\data\raw\fitzpatrick\Categorized_AbbrvName\al-co-de_430\al-co-de_f2_37_40ee2bdd.jpg,2,light_FST1_2,0,1,0.5646378397941589
ca-cu_f1_30_17fe0274.jpg,C:\Users\Angad\Desktop\StemFellowship\data\raw\fitzpatrick\Categorized_AbbrvName\ca-cu_80\ca-cu_f1_30_17fe0274.jpg,1,light_FST1_2,0,0,0.00563338678330183
le-ma_f3_45_c43518ab.jpg,C:\Users\Angad\Desktop\StemFellowship\data\raw\fitzpatrick\Categorized_AbbrvName\le-ma_83\le-ma_f3_45_c43518ab.jpg,3,medium_FST3_4,1,1,0.9588384032249451
fo_f3_71_f23510d4.jpg,C:\Users\Angad\Desktop\StemFellowship\data\raw\fitzpatrick\Categorized_AbbrvName\fo_342\fo_f3_71_f23510d4.jpg,3,medium_FST3_4,0,0,0.0010651585180312395
ju-xa_f3_4_e818c973.jpg,C:\Users\Angad\Desktop\StemFellowship\data\raw\fitzpatrick\Categorized_AbbrvName\ju-xa_149\ju-xa_f3_4_e818c973.jpg,3,medium_FST3_4,0,0,0.0019397608703002334
sq-ce-ca_f1_52_34b96fce.jpg,C:\Users\Angad\Desktop\StemFellowship\data\raw\fitzpatrick\Categorized_AbbrvName\sq-ce-ca_581\sq-ce-ca_f1_52_34b96fce.jpg,1,light_FST1_2,1,0,0.3398861587047577
sq-ce-ca_f3_294_77c4fb94.jpg,C:\Users\Angad\Desktop\StemFellowship\data\raw\fitzpatrick\Categorized_AbbrvName\sq-ce-ca_581\sq-ce-ca_f3_294_77c4fb94.jpg,3,medium_FST3_4,1,0,0.4988188147544861
be-ne_f4_5_22c44b64.jpg,C:\Users\Angad\Desktop\StemFellowship\data\raw\fitzpatrick\Categorized_AbbrvName\be-ne_63\be-ne_f4_5_22c44b64.jpg,4,medium_FST3_4,0,0,0.039885614067316055
po-wi-st_f3_44_665f80f3.jpg,C:\Users\Angad\Desktop\StemFellowship\data\raw\fitzpatrick\Categorized_AbbrvName\po-wi-st_59\po-wi-st_f3_44_665f80f3.jpg,3,medium_FST3_4,0,0,0.0702078714966774
ac-au-bu-di-ge_f1_31_75a4dac1.jpg,C:\Users\Angad\Desktop\StemFellowship\data\raw\fitzpatrick\Categorized_AbbrvName\ac-au-bu-di-ge_67\ac-au-bu-di-ge_f1_31_75a4dac1.jpg,1,light_FST1_2,0,1,0.9037022590637207
lu-er_f5_233_042689e7.jpg,C:\Users\Angad\Desktop\StemFellowship\data\raw\fitzpatrick\Categorized_AbbrvName\lu-er_410\lu-er_f5_233_042689e7.jpg,5,dark_FST5_6,0,0,0.02507273480296135
er-no_f1_66_52c13b58.jpg,C:\Users\Angad\Desktop\StemFellowship\data\raw\fitzpatrick\Categorized_AbbrvName\er-no_81\er-no_f1_66_52c13b58.jpg,1,light_FST1_2,0,0,0.4785318076610565
er-mu_f4_147_f124a27e.jpg,C:\Users\Angad\Desktop\StemFellowship\data\raw\fitzpatrick\Categorized_AbbrvName\er-mu_236\er-mu_f4_147_f124a27e.jpg,4,medium_FST3_4,0,0,0.003127230564132333
ka-sa_f5_24_7689c9b4.jpg,C:\Users\Angad\Desktop\StemFellowship\data\raw\fitzpatrick\Categorized_AbbrvName\ka-sa_156\ka-sa_f5_24_7689c9b4.jpg,5,dark_FST5_6,1,1,0.9935950636863708
sq-ce-ca_f3_20_72f9f788.jpg,C:\Users\Angad\Desktop\StemFellowship\data\raw\fitzpatrick\Categorized_AbbrvName\sq-ce-ca_581\sq-ce-ca_f3_20_72f9f788.jpg,3,medium_FST3_4,1,1,0.9637723565101624
pi-ro_f4_20_173de6dd.jpg,C:\Users\Angad\Desktop\StemFellowship\data\raw\fitzpatrick\Categorized_AbbrvName\pi-ro_193\pi-ro_f4_20_173de6dd.jpg,4,medium_FST3_4,0,0,0.0007766696508042514
ca-cu_f1_48_cce19d34.jpg,C:\Users\Angad\Desktop\StemFellowship\data\raw\fitzpatrick\Categorized_AbbrvName\ca-cu_80\ca-cu_f1_48_cce19d34.jpg,1,light_FST1_2,0,0,0.31662294268608093
fo_f3_18_86f719f9.jpg,C:\Users\Angad\Desktop\StemFellowship\data\raw\fitzpatrick\Categorized_AbbrvName\fo_342\fo_f3_18_86f719f9.jpg,3,medium_FST3_4,0,0,0.23439937829971313
ne-li_f4_22_e732266a.jpg,C:\Users\Angad\Desktop\StemFellowship\data\raw\fitzpatrick\Categorized_AbbrvName\ne-li_123\ne-li_f4_22_e732266a.jpg,4,medium_FST3_4,0,1,0.5504404306411743
ap-cu_f1_15_cadc5b76.jpg,C:\Users\Angad\Desktop\StemFellowship\data\raw\fitzpatrick\Categorized_AbbrvName\ap-cu_72\ap-cu_f1_15_cadc5b76.jpg,1,light_FST1_2,0,0,0.23303943872451782
fo_f3_304_b6161c0d.jpg,C:\Users\Angad\Desktop\StemFellowship\data\raw\fitzpatrick\Categorized_AbbrvName\fo_342\fo_f3_304_b6161c0d.jpg,3,medium_FST3_4,0,0,3.841504621959757e-06
ka-sa_f4_116_8bdf085e.jpg,C:\Users\Angad\Desktop\StemFellowship\data\raw\fitzpatrick\Categorized_AbbrvName\ka-sa_156\ka-sa_f4_116_8bdf085e.jpg,4,medium_FST3_4,1,1,0.994850218296051
fo_f5_229_ecdaa2ad.jpg,C:\Users\Angad\Desktop\StemFellowship\data\raw\fitzpatrick\Categorized_AbbrvName\fo_342\fo_f5_229_ecdaa2ad.jpg,5,dark_FST5_6,0,0,0.0019540407229214907
eh-da-sy_f3_44_cbffcbbd.jpg,C:\Users\Angad\Desktop\StemFellowship\data\raw\fitzpatrick\Categorized_AbbrvName\eh-da-sy_127\eh-da-sy_f3_44_cbffcbbd.jpg,3,medium_FST3_4,0,0,0.4272303879261017
lu-su_f2_97_52907d7a.jpg,C:\Users\Angad\Desktop\StemFellowship\data\raw\fitzpatrick\Categorized_AbbrvName\lu-su_111\lu-su_f2_97_52907d7a.jpg,2,light_FST1_2,0,0,0.03981562703847885
ch_f1_24_f722d918.jpg,C:\Users\Angad\Desktop\StemFellowship\data\raw\fitzpatrick\Categorized_AbbrvName\ch_106\ch_f1_24_f722d918.jpg,1,light_FST1_2,0,0,0.2818722128868103
er-no_f2_24_7912bc95.jpg,C:\Users\Angad\Desktop\StemFellowship\data\raw\fitzpatrick\Categorized_AbbrvName\er-no_81\er-no_f2_24_7912bc95.jpg,2,light_FST1_2,0,0,0.0616321787238121
gr-an_f1_20_8cc39bf5.jpg,C:\Users\Angad\Desktop\StemFellowship\data\raw\fitzpatrick\Categorized_AbbrvName\gr-an_211\gr-an_f1_20_8cc39bf5.jpg,1,light_FST1_2,0,0,0.25845301151275635
te_f2_96_097e214c.jpg,C:\Users\Angad\Desktop\StemFellowship\data\raw\fitzpatrick\Categorized_AbbrvName\te_126\te_f2_96_097e214c.jpg,2,light_FST1_2,0,1,0.5805051922798157
da-di_f5_65_9237176d.jpg,C:\Users\Angad\Desktop\StemFellowship\data\raw\fitzpatrick\Categorized_AbbrvName\da-di_153\da-di_f5_65_9237176d.jpg,5,dark_FST5_6,0,0,0.01790114864706993
po-wi-st_f2_28_a4fbe129.jpg,C:\Users\Angad\Desktop\StemFellowship\data\raw\fitzpatrick\Categorized_AbbrvName\po-wi-st_59\po-wi-st_f2_28_a4fbe129.jpg,2,light_FST1_2,0,1,0.746111273765564
lu-er_f4_407_7d94c27d.jpg,C:\Users\Angad\Desktop\StemFellowship\data\raw\fitzpatrick\Categorized_AbbrvName\lu-er_410\lu-er_f4_407_7d94c27d.jpg,4,medium_FST3_4,0,0,0.0017649702494964004
al-co-de_f4_286_1cdc1012.jpg,C:\Users\Angad\Desktop\StemFellowship\data\raw\fitzpatrick\Categorized_AbbrvName\al-co-de_430\al-co-de_f4_286_1cdc1012.jpg,4,medium_FST3_4,0,0,0.21634677052497864
ba-ce-ca_f1_158_5add9542.jpg,C:\Users\Angad\Desktop\StemFellowship\data\raw\fitzpatrick\Categorized_AbbrvName\ba-ce-ca_468\ba-ce-ca_f1_158_5add9542.jpg,1,light_FST1_2,1,1,0.98269122838974
li-pl_f5_174_16bced8b.jpg,C:\Users\Angad\Desktop\StemFellowship\data\raw\fitzpatrick\Categorized_AbbrvName\li-pl_491\li-pl_f5_174_16bced8b.jpg,5,dark_FST5_6,0,1,0.8467704057693481
sq-ce-ca_f3_92_4c45723c.jpg,C:\Users\Angad\Desktop\StemFellowship\data\raw\fitzpatrick\Categorized_AbbrvName\sq-ce-ca_581\sq-ce-ca_f3_92_4c45723c.jpg,3,medium_FST3_4,1,1,0.9975476861000061
fi-er_f4_5_5421f47e.jpg,C:\Users\Angad\Desktop\StemFellowship\data\raw\fitzpatrick\Categorized_AbbrvName\fi-er_125\fi-er_f4_5_5421f47e.jpg,4,medium_FST3_4,0,0,0.00047155446372926235
ur_f1_81_cbb77a42.jpg,C:\Users\Angad\Desktop\StemFellowship\data\raw\fitzpatrick\Categorized_AbbrvName\ur_151\ur_f1_81_cbb77a42.jpg,1,light_FST1_2,0,0,0.39487746357917786
ba-ce-ca_f2_91_dd1d61f4.jpg,C:\Users\Angad\Desktop\StemFellowship\data\raw\fitzpatrick\Categorized_AbbrvName\ba-ce-ca_468\ba-ce-ca_f2_91_dd1d61f4.jpg,2,light_FST1_2,1,1,0.6531723737716675
er-an-ce_f3_55_9d50beaf.jpg,C:\Users\Angad\Desktop\StemFellowship\data\raw\fitzpatrick\Categorized_AbbrvName\er-an-ce_88\er-an-ce_f3_55_9d50beaf.jpg,3,medium_FST3_4,0,0,0.041795484721660614
fo_f4_197_77813edc.jpg,C:\Users\Angad\Desktop\StemFellowship\data\raw\fitzpatrick\Categorized_AbbrvName\fo_342\fo_f4_197_77813edc.jpg,4,medium_FST3_4,0,0,0.0017500868998467922
me_f3_77_3975cb19.jpg,C:\Users\Angad\Desktop\StemFellowship\data\raw\fitzpatrick\Categorized_AbbrvName\me_261\me_f3_77_3975cb19.jpg,3,medium_FST3_4,1,1,0.9734104871749878
ps_f2_146_e66fad17.jpg,C:\Users\Angad\Desktop\StemFellowship\data\raw\fitzpatrick\Categorized_AbbrvName\ps_653\ps_f2_146_e66fad17.jpg,2,light_FST1_2,0,0,0.008465448394417763
ne-in_f4_113_77d4b8dc.jpg,C:\Users\Angad\Desktop\StemFellowship\data\raw\fitzpatrick\Categorized_AbbrvName\ne-in_260\ne-in_f4_113_77d4b8dc.jpg,4,medium_FST3_4,0,0,0.047990500926971436
pi-ru-pi_f5_61_644ec0bd.jpg,C:\Users\Angad\Desktop\StemFellowship\data\raw\fitzpatrick\Categorized_AbbrvName\pi-ru-pi_278\pi-ru-pi_f5_61_644ec0bd.jpg,5,dark_FST5_6,0,0,0.010829824022948742
li-pl_f2_72_a91cc9c1.jpg,C:\Users\Angad\Desktop\StemFellowship\data\raw\fitzpatrick\Categorized_AbbrvName\li-pl_491\li-pl_f2_72_a91cc9c1.jpg,2,light_FST1_2,0,1,0.5429793000221252
lu-su_f1_16_b38f2bc7.jpg,C:\Users\Angad\Desktop\StemFellowship\data\raw\fitzpatrick\Categorized_AbbrvName\lu-su_111\lu-su_f1_16_b38f2bc7.jpg,1,light_FST1_2,0,0,0.4940643608570099
ps_f2_486_813374d1.jpg,C:\Users\Angad\Desktop\StemFellowship\data\raw\fitzpatrick\Categorized_AbbrvName\ps_653\ps_f2_486_813374d1.jpg,2,light_FST1_2,0,0,0.12813690304756165
pi-ro_f4_155_752a9cd0.jpg,C:\Users\Angad\Desktop\StemFellowship\data\raw\fitzpatrick\Categorized_AbbrvName\pi-ro_193\pi-ro_f4_155_752a9cd0.jpg,4,medium_FST3_4,0,0,0.003424127586185932
gr-an_f3_30_eb2a8065.jpg,C:\Users\Angad\Desktop\StemFellowship\data\raw\fitzpatrick\Categorized_AbbrvName\gr-an_211\gr-an_f3_30_eb2a8065.jpg,3,medium_FST3_4,0,0,0.4943901300430298
ne-li_f5_31_05501431.jpg,C:\Users\Angad\Desktop\StemFellowship\data\raw\fitzpatrick\Categorized_AbbrvName\ne-li_123\ne-li_f5_31_05501431.jpg,5,dark_FST5_6,0,1,0.5811957716941833
mu_f1_23_7e6acee9.jpg,C:\Users\Angad\Desktop\StemFellowship\data\raw\fitzpatrick\Categorized_AbbrvName\mu_92\mu_f1_23_7e6acee9.jpg,1,light_FST1_2,0,0,0.4681951701641083
in-pi_f5_92_afce09d4.jpg,C:\Users\Angad\Desktop\StemFellowship\data\raw\fitzpatrick\Categorized_AbbrvName\in-pi_102\in-pi_f5_92_afce09d4.jpg,5,dark_FST5_6,0,0,0.0009655824978835881
sy_f4_120_e126e650.jpg,C:\Users\Angad\Desktop\StemFellowship\data\raw\fitzpatrick\Categorized_AbbrvName\sy_127\sy_f4_120_e126e650.jpg,4,medium_FST3_4,0,0,0.0008252862608060241
ma-me_f1_59_c8a69623.jpg,C:\Users\Angad\Desktop\StemFellowship\data\raw\fitzpatrick\Categorized_AbbrvName\ma-me_111\ma-me_f1_59_c8a69623.jpg,1,light_FST1_2,1,1,0.9976518750190735
pr-no_f4_21_112f7f7b.jpg,C:\Users\Angad\Desktop\StemFellowship\data\raw\fitzpatrick\Categorized_AbbrvName\pr-no_170\pr-no_f4_21_112f7f7b.jpg,4,medium_FST3_4,0,0,6.0347418184392154e-05
li-am_f4_65_45310e88.jpg,C:\Users\Angad\Desktop\StemFellowship\data\raw\fitzpatrick\Categorized_AbbrvName\li-am_77\li-am_f4_65_45310e88.jpg,4,medium_FST3_4,0,0,0.004491833038628101
ne-de_f1_70_e6a50d9b.jpg,C:\Users\Angad\Desktop\StemFellowship\data\raw\fitzpatrick\Categorized_AbbrvName\ne-de_361\ne-de_f1_70_e6a50d9b.jpg,1,light_FST1_2,0,0,5.6937988119898364e-05
al-co-de_f1_112_065ec363.jpg,C:\Users\Angad\Desktop\StemFellowship\data\raw\fitzpatrick\Categorized_AbbrvName\al-co-de_430\al-co-de_f1_112_065ec363.jpg,1,light_FST1_2,0,0,0.021694645285606384
ph_f1_25_1daf6036.jpg,C:\Users\Angad\Desktop\StemFellowship\data\raw\fitzpatrick\Categorized_AbbrvName\ph_348\ph_f1_25_1daf6036.jpg,1,light_FST1_2,0,0,0.17266231775283813
er-mu_f2_151_26baa633.jpg,C:\Users\Angad\Desktop\StemFellowship\data\raw\fitzpatrick\Categorized_AbbrvName\er-mu_236\er-mu_f2_151_26baa633.jpg,2,light_FST1_2,0,0,0.007328357547521591
se-de_f2_101_32f9096c.jpg,C:\Users\Angad\Desktop\StemFellowship\data\raw\fitzpatrick\Categorized_AbbrvName\se-de_126\se-de_f2_101_32f9096c.jpg,2,light_FST1_2,0,0,0.0007056506583467126
ac-vu_f3_46_5373271c.jpg,C:\Users\Angad\Desktop\StemFellowship\data\raw\fitzpatrick\Categorized_AbbrvName\ac-vu_335\ac-vu_f3_46_5373271c.jpg,3,medium_FST3_4,0,0,0.002033262513577938
my-fu_f5_155_9163c0dc.jpg,C:\Users\Angad\Desktop\StemFellowship\data\raw\fitzpatrick\Categorized_AbbrvName\my-fu_182\my-fu_f5_155_9163c0dc.jpg,5,dark_FST5_6,1,1,0.8444578051567078
pi-ru-pi_f4_201_3a3e0a8b.jpg,C:\Users\Angad\Desktop\StemFellowship\data\raw\fitzpatrick\Categorized_AbbrvName\pi-ru-pi_278\pi-ru-pi_f4_201_3a3e0a8b.jpg,4,medium_FST3_4,0,0,0.18697576224803925
pi-cy_f2_51_22c44210.jpg,C:\Users\Angad\Desktop\StemFellowship\data\raw\fitzpatrick\Categorized_AbbrvName\pi-cy_93\pi-cy_f2_51_22c44210.jpg,2,light_FST1_2,0,1,0.9486541152000427
li-pl_f5_310_17ee2632.jpg,C:\Users\Angad\Desktop\StemFellowship\data\raw\fitzpatrick\Categorized_AbbrvName\li-pl_491\li-pl_f5_310_17ee2632.jpg,5,dark_FST5_6,0,0,0.004105721600353718
ju-xa_f2_142_b1ebfea2.jpg,C:\Users\Angad\Desktop\StemFellowship\data\raw\fitzpatrick\Categorized_AbbrvName\ju-xa_149\ju-xa_f2_142_b1ebfea2.jpg,2,light_FST1_2,0,0,0.06000535935163498
ca-cu_f2_61_58f20f50.jpg,C:\Users\Angad\Desktop\StemFellowship\data\raw\fitzpatrick\Categorized_AbbrvName\ca-cu_80\ca-cu_f2_61_58f20f50.jpg,2,light_FST1_2,0,0,0.3852214217185974
po-ac_f4_167_e7bf56ec.jpg,C:\Users\Angad\Desktop\StemFellowship\data\raw\fitzpatrick\Categorized_AbbrvName\po-ac_183\po-ac_f4_167_e7bf56ec.jpg,4,medium_FST3_4,0,0,0.42551639676094055
ke_f3_29_306fb957.jpg,C:\Users\Angad\Desktop\StemFellowship\data\raw\fitzpatrick\Categorized_AbbrvName\ke_156\ke_f3_29_306fb957.jpg,3,medium_FST3_4,0,0,0.003535993630066514
ke_f1_71_5bfbbf98.jpg,C:\Users\Angad\Desktop\StemFellowship\data\raw\fitzpatrick\Categorized_AbbrvName\ke_156\ke_f1_71_5bfbbf98.jpg,1,light_FST1_2,0,0,0.15386219322681427
ne-ne_f4_8_babe125b.jpg,C:\Users\Angad\Desktop\StemFellowship\data\raw\fitzpatrick\Categorized_AbbrvName\ne-ne_86\ne-ne_f4_8_babe125b.jpg,4,medium_FST3_4,0,0,0.13569989800453186
ne-ne_f2_75_7e610878.jpg,C:\Users\Angad\Desktop\StemFellowship\data\raw\fitzpatrick\Categorized_AbbrvName\ne-ne_86\ne-ne_f2_75_7e610878.jpg,2,light_FST1_2,0,0,0.48116645216941833
er-mu_f2_121_d0022088.jpg,C:\Users\Angad\Desktop\StemFellowship\data\raw\fitzpatrick\Categorized_AbbrvName\er-mu_236\er-mu_f2_121_d0022088.jpg,2,light_FST1_2,0,0,0.2756401598453522
my-fu_f2_75_12d3b726.jpg,C:\Users\Angad\Desktop\StemFellowship\data\raw\fitzpatrick\Categorized_AbbrvName\my-fu_182\my-fu_f2_75_12d3b726.jpg,2,light_FST1_2,1,1,0.8099172711372375
ba-ce-ca_f2_138_80e45e3f.jpg,C:\Users\Angad\Desktop\StemFellowship\data\raw\fitzpatrick\Categorized_AbbrvName\ba-ce-ca_468\ba-ce-ca_f2_138_80e45e3f.jpg,2,light_FST1_2,1,0,0.463275283575058
ne-de_f3_167_75b0b005.jpg,C:\Users\Angad\Desktop\StemFellowship\data\raw\fitzpatrick\Categorized_AbbrvName\ne-de_361\ne-de_f3_167_75b0b005.jpg,3,medium_FST3_4,0,0,0.4776122570037842
li-am_f6_54_eb14f64e.jpg,C:\Users\Angad\Desktop\StemFellowship\data\raw\fitzpatrick\Categorized_AbbrvName\li-am_77\li-am_f6_54_eb14f64e.jpg,6,dark_FST5_6,0,0,0.007551674731075764
ec_f3_7_961d7614.jpg,C:\Users\Angad\Desktop\StemFellowship\data\raw\fitzpatrick\Categorized_AbbrvName\ec_204\ec_f3_7_961d7614.jpg,3,medium_FST3_4,0,0,0.3964195251464844
pe-li_f4_105_9ca1bb16.jpg,C:\Users\Angad\Desktop\StemFellowship\data\raw\fitzpatrick\Categorized_AbbrvName\pe-li_151\pe-li_f4_105_9ca1bb16.jpg,4,medium_FST3_4,0,0,0.08806642144918442
pe-li_f2_107_6676b11e.jpg,C:\Users\Angad\Desktop\StemFellowship\data\raw\fitzpatrick\Categorized_AbbrvName\pe-li_151\pe-li_f2_107_6676b11e.jpg,2,light_FST1_2,0,0,0.02615060843527317
pi-ru-pi_f4_52_001c92cc.jpg,C:\Users\Angad\Desktop\StemFellowship\data\raw\fitzpatrick\Categorized_AbbrvName\pi-ru-pi_278\pi-ru-pi_f4_52_001c92cc.jpg,4,medium_FST3_4,0,0,0.0046643479727208614
st_f1_5_cf527338.jpg,C:\Users\Angad\Desktop\StemFellowship\data\raw\fitzpatrick\Categorized_AbbrvName\st_67\st_f1_5_cf527338.jpg,1,light_FST1_2,0,0,0.025827640667557716
gr-an_f3_78_03336673.jpg,C:\Users\Angad\Desktop\StemFellowship\data\raw\fitzpatrick\Categorized_AbbrvName\gr-an_211\gr-an_f3_78_03336673.jpg,3,medium_FST3_4,0,0,0.11921016871929169
ac_f1_63_c57a17f0.jpg,C:\Users\Angad\Desktop\StemFellowship\data\raw\fitzpatrick\Categorized_AbbrvName\ac_183\ac_f1_63_c57a17f0.jpg,1,light_FST1_2,0,0,0.12581098079681396
li-pl_f2_210_e7961504.jpg,C:\Users\Angad\Desktop\StemFellowship\data\raw\fitzpatrick\Categorized_AbbrvName\li-pl_491\li-pl_f2_210_e7961504.jpg,2,light_FST1_2,0,1,0.5228407382965088
pa_f2_52_9f2db596.jpg,C:\Users\Angad\Desktop\StemFellowship\data\raw\fitzpatrick\Categorized_AbbrvName\pa_59\pa_f2_52_9f2db596.jpg,2,light_FST1_2,0,0,0.08797886222600937
li-pl_f3_21_d3c1ba8b.jpg,C:\Users\Angad\Desktop\StemFellowship\data\raw\fitzpatrick\Categorized_AbbrvName\li-pl_491\li-pl_f3_21_d3c1ba8b.jpg,3,medium_FST3_4,0,0,0.0006282173562794924
te_f2_60_5f521d58.jpg,C:\Users\Angad\Desktop\StemFellowship\data\raw\fitzpatrick\Categorized_AbbrvName\te_126\te_f2_60_5f521d58.jpg,2,light_FST1_2,0,0,0.18175828456878662
ep-ne_f3_39_1a7e81f0.jpg,C:\Users\Angad\Desktop\StemFellowship\data\raw\fitzpatrick\Categorized_AbbrvName\ep-ne_91\ep-ne_f3_39_1a7e81f0.jpg,3,medium_FST3_4,0,1,0.6638453006744385
ju-xa_f1_46_535657fb.jpg,C:\Users\Angad\Desktop\StemFellowship\data\raw\fitzpatrick\Categorized_AbbrvName\ju-xa_149\ju-xa_f1_46_535657fb.jpg,1,light_FST1_2,0,0,0.2489466518163681
sa_f3_211_a03cc03b.jpg,C:\Users\Angad\Desktop\StemFellowship\data\raw\fitzpatrick\Categorized_AbbrvName\sa_349\sa_f3_211_a03cc03b.jpg,3,medium_FST3_4,0,0,0.25597062706947327
sa_f3_47_8331cd72.jpg,C:\Users\Angad\Desktop\StemFellowship\data\raw\fitzpatrick\Categorized_AbbrvName\sa_349\sa_f3_47_8331cd72.jpg,3,medium_FST3_4,0,0,0.3361406624317169
ur_f3_13_0757e739.jpg,C:\Users\Angad\Desktop\StemFellowship\data\raw\fitzpatrick\Categorized_AbbrvName\ur_151\ur_f3_13_0757e739.jpg,3,medium_FST3_4,0,0,0.06631224602460861
na-co_f1_53_196dfc52.jpg,C:\Users\Angad\Desktop\StemFellowship\data\raw\fitzpatrick\Categorized_AbbrvName\na-co_73\na-co_f1_53_196dfc52.jpg,1,light_FST1_2,0,0,0.23887212574481964
ps_f2_78_542e2902.jpg,C:\Users\Angad\Desktop\StemFellowship\data\raw\fitzpatrick\Categorized_AbbrvName\ps_653\ps_f2_78_542e2902.jpg,2,light_FST1_2,0,0,0.002361379796639085
dy-ec_f2_48_ba4a0518.jpg,C:\Users\Angad\Desktop\StemFellowship\data\raw\fitzpatrick\Categorized_AbbrvName\dy-ec_83\dy-ec_f2_48_ba4a0518.jpg,2,light_FST1_2,0,0,0.26326459646224976
sq-ce-ca_f2_96_47b5d95e.jpg,C:\Users\Angad\Desktop\StemFellowship\data\raw\fitzpatrick\Categorized_AbbrvName\sq-ce-ca_581\sq-ce-ca_f2_96_47b5d95e.jpg,2,light_FST1_2,1,1,0.9049166440963745
sa_f1_311_bacfc588.jpg,C:\Users\Angad\Desktop\StemFellowship\data\raw\fitzpatrick\Categorized_AbbrvName\sa_349\sa_f1_311_bacfc588.jpg,1,light_FST1_2,0,1,0.7218483686447144
al-co-de_f1_377_b59297ec.jpg,C:\Users\Angad\Desktop\StemFellowship\data\raw\fitzpatrick\Categorized_AbbrvName\al-co-de_430\al-co-de_f1_377_b59297ec.jpg,1,light_FST1_2,0,0,0.06632178276777267
sa_f2_235_14e515ce.jpg,C:\Users\Angad\Desktop\StemFellowship\data\raw\fitzpatrick\Categorized_AbbrvName\sa_349\sa_f2_235_14e515ce.jpg,2,light_FST1_2,0,0,0.2592442035675049
lu-er_f5_328_1d21bcb4.jpg,C:\Users\Angad\Desktop\StemFellowship\data\raw\fitzpatrick\Categorized_AbbrvName\lu-er_410\lu-er_f5_328_1d21bcb4.jpg,5,dark_FST5_6,0,0,0.031399182975292206
sq-ce-ca_f4_543_c194978c.jpg,C:\Users\Angad\Desktop\StemFellowship\data\raw\fitzpatrick\Categorized_AbbrvName\sq-ce-ca_581\sq-ce-ca_f4_543_c194978c.jpg,4,medium_FST3_4,1,0,0.08876348286867142
ps_f1_473_d43d015f.jpg,C:\Users\Angad\Desktop\StemFellowship\data\raw\fitzpatrick\Categorized_AbbrvName\ps_653\ps_f1_473_d43d015f.jpg,1,light_FST1_2,0,0,0.04184143617749214
ba-ce-ca_f2_265_910c7ae0.jpg,C:\Users\Angad\Desktop\StemFellowship\data\raw\fitzpatrick\Categorized_AbbrvName\ba-ce-ca_468\ba-ce-ca_f2_265_910c7ae0.jpg,2,light_FST1_2,1,1,0.9926597476005554
eh-da-sy_f5_34_301993a6.jpg,C:\Users\Angad\Desktop\StemFellowship\data\raw\fitzpatrick\Categorized_AbbrvName\eh-da-sy_127\eh-da-sy_f5_34_301993a6.jpg,5,dark_FST5_6,0,0,0.31178972125053406
po-ac_f2_134_c51c8a60.jpg,C:\Users\Angad\Desktop\StemFellowship\data\raw\fitzpatrick\Categorized_AbbrvName\po-ac_183\po-ac_f2_134_c51c8a60.jpg,2,light_FST1_2,0,0,0.3020790219306946
ke_f6_32_31eee568.jpg,C:\Users\Angad\Desktop\StemFellowship\data\raw\fitzpatrick\Categorized_AbbrvName\ke_156\ke_f6_32_31eee568.jpg,6,dark_FST5_6,0,0,0.0010339603759348392
ph_f1_83_a7c9713f.jpg,C:\Users\Angad\Desktop\StemFellowship\data\raw\fitzpatrick\Categorized_AbbrvName\ph_348\ph_f1_83_a7c9713f.jpg,1,light_FST1_2,0,1,0.5618048310279846
ep-ne_f1_2_dd359277.jpg,C:\Users\Angad\Desktop\StemFellowship\data\raw\fitzpatrick\Categorized_AbbrvName\ep-ne_91\ep-ne_f1_2_dd359277.jpg,1,light_FST1_2,0,0,0.01495129894465208
ne-de_f2_9_c62a4a83.jpg,C:\Users\Angad\Desktop\StemFellowship\data\raw\fitzpatrick\Categorized_AbbrvName\ne-de_361\ne-de_f2_9_c62a4a83.jpg,2,light_FST1_2,0,0,0.05054481327533722
fo_f4_102_16eec7d9.jpg,C:\Users\Angad\Desktop\StemFellowship\data\raw\fitzpatrick\Categorized_AbbrvName\fo_342\fo_f4_102_16eec7d9.jpg,4,medium_FST3_4,0,0,0.0005614932160824537
ca-cu_f1_58_9fa3caf3.jpg,C:\Users\Angad\Desktop\StemFellowship\data\raw\fitzpatrick\Categorized_AbbrvName\ca-cu_80\ca-cu_f1_58_9fa3caf3.jpg,1,light_FST1_2,0,0,0.21017354726791382
be-di_f2_48_6a2ed5cf.jpg,C:\Users\Angad\Desktop\StemFellowship\data\raw\fitzpatrick\Categorized_AbbrvName\be-di_63\be-di_f2_48_6a2ed5cf.jpg,2,light_FST1_2,0,0,0.2111463099718094
ac-vu_f3_96_c8ea76b1.jpg,C:\Users\Angad\Desktop\StemFellowship\data\raw\fitzpatrick\Categorized_AbbrvName\ac-vu_335\ac-vu_f3_96_c8ea76b1.jpg,3,medium_FST3_4,0,1,0.8772765398025513
fa-de_f1_39_79a41042.jpg,C:\Users\Angad\Desktop\StemFellowship\data\raw\fitzpatrick\Categorized_AbbrvName\fa-de_66\fa-de_f1_39_79a41042.jpg,1,light_FST1_2,0,0,0.07071390002965927
sq-ce-ca_f1_113_ff90a729.jpg,C:\Users\Angad\Desktop\StemFellowship\data\raw\fitzpatrick\Categorized_AbbrvName\sq-ce-ca_581\sq-ce-ca_f1_113_ff90a729.jpg,1,light_FST1_2,1,0,0.08887024223804474
lu-er_f3_221_94e8bf31.jpg,C:\Users\Angad\Desktop\StemFellowship\data\raw\fitzpatrick\Categorized_AbbrvName\lu-er_410\lu-er_f3_221_94e8bf31.jpg,3,medium_FST3_4,0,0,0.025247013196349144
po_f4_72_0590f1a1.jpg,C:\Users\Angad\Desktop\StemFellowship\data\raw\fitzpatrick\Categorized_AbbrvName\po_127\po_f4_72_0590f1a1.jpg,4,medium_FST3_4,0,0,0.26901522278785706
sq-ce-ca_f2_8_9a2685b9.jpg,C:\Users\Angad\Desktop\StemFellowship\data\raw\fitzpatrick\Categorized_AbbrvName\sq-ce-ca_581\sq-ce-ca_f2_8_9a2685b9.jpg,2,light_FST1_2,1,1,0.8714214563369751
er-mu_f2_100_c2f4a3a8.jpg,C:\Users\Angad\Desktop\StemFellowship\data\raw\fitzpatrick\Categorized_AbbrvName\er-mu_236\er-mu_f2_100_c2f4a3a8.jpg,2,light_FST1_2,0,1,0.6860649585723877
ma-me_f2_88_045b1d75.jpg,C:\Users\Angad\Desktop\StemFellowship\data\raw\fitzpatrick\Categorized_AbbrvName\ma-me_111\ma-me_f2_88_045b1d75.jpg,2,light_FST1_2,1,1,0.9352882504463196
gr-an_f2_83_cba5ca62.jpg,C:\Users\Angad\Desktop\StemFellowship\data\raw\fitzpatrick\Categorized_AbbrvName\gr-an_211\gr-an_f2_83_cba5ca62.jpg,2,light_FST1_2,0,1,0.6721217632293701
ly-di_f2_84_abe3b2eb.jpg,C:\Users\Angad\Desktop\StemFellowship\data\raw\fitzpatrick\Categorized_AbbrvName\ly-di_129\ly-di_f2_84_abe3b2eb.jpg,2,light_FST1_2,0,0,0.44599175453186035
ps_f1_320_ed678af5.jpg,C:\Users\Angad\Desktop\StemFellowship\data\raw\fitzpatrick\Categorized_AbbrvName\ps_653\ps_f1_320_ed678af5.jpg,1,light_FST1_2,0,0,0.020324258133769035
ps_f2_340_0b8b83ce.jpg,C:\Users\Angad\Desktop\StemFellowship\data\raw\fitzpatrick\Categorized_AbbrvName\ps_653\ps_f2_340_0b8b83ce.jpg,2,light_FST1_2,0,0,0.0488971583545208
al-co-de_f2_6_ecb12338.jpg,C:\Users\Angad\Desktop\StemFellowship\data\raw\fitzpatrick\Categorized_AbbrvName\al-co-de_430\al-co-de_f2_6_ecb12338.jpg,2,light_FST1_2,0,0,0.00018725403060670942
gr-an_f2_137_8d5c1dbd.jpg,C:\Users\Angad\Desktop\StemFellowship\data\raw\fitzpatrick\Categorized_AbbrvName\gr-an_211\gr-an_f2_137_8d5c1dbd.jpg,2,light_FST1_2,0,0,0.3044714331626892
li-pl_f1_79_96746e12.jpg,C:\Users\Angad\Desktop\StemFellowship\data\raw\fitzpatrick\Categorized_AbbrvName\li-pl_491\li-pl_f1_79_96746e12.jpg,1,light_FST1_2,0,0,0.2230268269777298
lu-er_f4_55_e019139b.jpg,C:\Users\Angad\Desktop\StemFellowship\data\raw\fitzpatrick\Categorized_AbbrvName\lu-er_410\lu-er_f4_55_e019139b.jpg,4,medium_FST3_4,0,0,0.04079919680953026
al-co-de_f1_361_9d765a68.jpg,C:\Users\Angad\Desktop\StemFellowship\data\raw\fitzpatrick\Categorized_AbbrvName\al-co-de_430\al-co-de_f1_361_9d765a68.jpg,1,light_FST1_2,0,0,0.3803001940250397
ur_f1_63_13062fae.jpg,C:\Users\Angad\Desktop\StemFellowship\data\raw\fitzpatrick\Categorized_AbbrvName\ur_151\ur_f1_63_13062fae.jpg,1,light_FST1_2,0,0,0.011000043712556362
pi-ru-pi_f4_173_a0d01e2c.jpg,C:\Users\Angad\Desktop\StemFellowship\data\raw\fitzpatrick\Categorized_AbbrvName\pi-ru-pi_278\pi-ru-pi_f4_173_a0d01e2c.jpg,4,medium_FST3_4,0,0,3.880800795741379e-05
pu-ps_f5_11_13ea4c41.jpg,C:\Users\Angad\Desktop\StemFellowship\data\raw\fitzpatrick\Categorized_AbbrvName\pu-ps_53\pu-ps_f5_11_13ea4c41.jpg,5,dark_FST5_6,0,0,0.016910957172513008
al-co-de_f1_362_0caa1724.jpg,C:\Users\Angad\Desktop\StemFellowship\data\raw\fitzpatrick\Categorized_AbbrvName\al-co-de_430\al-co-de_f1_362_0caa1724.jpg,1,light_FST1_2,0,1,0.965255618095398
pa_f2_26_f7aa4e75.jpg,C:\Users\Angad\Desktop\StemFellowship\data\raw\fitzpatrick\Categorized_AbbrvName\pa_59\pa_f2_26_f7aa4e75.jpg,2,light_FST1_2,0,0,0.03373991698026657
li-am_f2_64_130b5281.jpg,C:\Users\Angad\Desktop\StemFellowship\data\raw\fitzpatrick\Categorized_AbbrvName\li-am_77\li-am_f2_64_130b5281.jpg,2,light_FST1_2,0,0,0.10391521453857422
mi_f5_90_715d1895.jpg,C:\Users\Angad\Desktop\StemFellowship\data\raw\fitzpatrick\Categorized_AbbrvName\mi_112\mi_f5_90_715d1895.jpg,5,dark_FST5_6,0,0,0.017503421753644943
ke_f6_105_3741b8a8.jpg,C:\Users\Angad\Desktop\StemFellowship\data\raw\fitzpatrick\Categorized_AbbrvName\ke_156\ke_f6_105_3741b8a8.jpg,6,dark_FST5_6,0,0,0.04966697469353676
fo_f1_225_da53d211.jpg,C:\Users\Angad\Desktop\StemFellowship\data\raw\fitzpatrick\Categorized_AbbrvName\fo_342\fo_f1_225_da53d211.jpg,1,light_FST1_2,0,0,0.13543002307415009
ly-di_f1_105_8e21168f.jpg,C:\Users\Angad\Desktop\StemFellowship\data\raw\fitzpatrick\Categorized_AbbrvName\ly-di_129\ly-di_f1_105_8e21168f.jpg,1,light_FST1_2,0,0,0.34823325276374817
sa_f3_301_cc62716d.jpg,C:\Users\Angad\Desktop\StemFellowship\data\raw\fitzpatrick\Categorized_AbbrvName\sa_349\sa_f3_301_cc62716d.jpg,3,medium_FST3_4,0,0,0.33346959948539734
eh-da-sy_f3_99_4f51e2da.jpg,C:\Users\Angad\Desktop\StemFellowship\data\raw\fitzpatrick\Categorized_AbbrvName\eh-da-sy_127\eh-da-sy_f3_99_4f51e2da.jpg,3,medium_FST3_4,0,0,0.2773686349391937
sy_f5_33_55da204d.jpg,C:\Users\Angad\Desktop\StemFellowship\data\raw\fitzpatrick\Categorized_AbbrvName\sy_127\sy_f5_33_55da204d.jpg,5,dark_FST5_6,0,0,0.07487241923809052
na-co_f4_9_9fec88ce.jpg,C:\Users\Angad\Desktop\StemFellowship\data\raw\fitzpatrick\Categorized_AbbrvName\na-co_73\na-co_f4_9_9fec88ce.jpg,4,medium_FST3_4,0,0,0.0002895501093007624
fo-sp_f2_22_beef5728.jpg,C:\Users\Angad\Desktop\StemFellowship\data\raw\fitzpatrick\Categorized_AbbrvName\fo-sp_100\fo-sp_f2_22_beef5728.jpg,2,light_FST1_2,0,0,0.06193821132183075
ka-sa_f4_14_54ea7e8d.jpg,C:\Users\Angad\Desktop\StemFellowship\data\raw\fitzpatrick\Categorized_AbbrvName\ka-sa_156\ka-sa_f4_14_54ea7e8d.jpg,4,medium_FST3_4,1,1,0.8351100087165833
fa-de_f6_13_5beb3168.jpg,C:\Users\Angad\Desktop\StemFellowship\data\raw\fitzpatrick\Categorized_AbbrvName\fa-de_66\fa-de_f6_13_5beb3168.jpg,6,dark_FST5_6,0,0,0.01160938199609518
vi_f2_50_78ad8272.jpg,C:\Users\Angad\Desktop\StemFellowship\data\raw\fitzpatrick\Categorized_AbbrvName\vi_166\vi_f2_50_78ad8272.jpg,2,light_FST1_2,0,0,0.24337628483772278
ne-de_f1_245_f40f824a.jpg,C:\Users\Angad\Desktop\StemFellowship\data\raw\fitzpatrick\Categorized_AbbrvName\ne-de_361\ne-de_f1_245_f40f824a.jpg,1,light_FST1_2,0,0,0.022906718775629997
ac-ke_f4_157_585de308.jpg,C:\Users\Angad\Desktop\StemFellowship\data\raw\fitzpatrick\Categorized_AbbrvName\ac-ke_175\ac-ke_f4_157_585de308.jpg,4,medium_FST3_4,1,0,0.3169771134853363
sa_f4_342_1584ab4f.jpg,C:\Users\Angad\Desktop\StemFellowship\data\raw\fitzpatrick\Categorized_AbbrvName\sa_349\sa_f4_342_1584ab4f.jpg,4,medium_FST3_4,0,0,3.0707407859154046e-05
er-mu_f1_168_e92a337c.jpg,C:\Users\Angad\Desktop\StemFellowship\data\raw\fitzpatrick\Categorized_AbbrvName\er-mu_236\er-mu_f1_168_e92a337c.jpg,1,light_FST1_2,0,0,0.1053750142455101
er-el-di_f4_44_43aef288.jpg,C:\Users\Angad\Desktop\StemFellowship\data\raw\fitzpatrick\Categorized_AbbrvName\er-el-di_55\er-el-di_f4_44_43aef288.jpg,4,medium_FST3_4,0,0,0.23112718760967255
pr-no_f3_17_3bf46ba1.jpg,C:\Users\Angad\Desktop\StemFellowship\data\raw\fitzpatrick\Categorized_AbbrvName\pr-no_170\pr-no_f3_17_3bf46ba1.jpg,3,medium_FST3_4,0,0,0.08048519492149353
li-pl_f6_321_7e514cce.jpg,C:\Users\Angad\Desktop\StemFellowship\data\raw\fitzpatrick\Categorized_AbbrvName\li-pl_491\li-pl_f6_321_7e514cce.jpg,6,dark_FST5_6,0,0,0.20139877498149872
po-ac_f3_143_acc320bf.jpg,C:\Users\Angad\Desktop\StemFellowship\data\raw\fitzpatrick\Categorized_AbbrvName\po-ac_183\po-ac_f3_143_acc320bf.jpg,3,medium_FST3_4,0,0,0.1721941977739334
pr-no_f6_44_374d3ae5.jpg,C:\Users\Angad\Desktop\StemFellowship\data\raw\fitzpatrick\Categorized_AbbrvName\pr-no_170\pr-no_f6_44_374d3ae5.jpg,6,dark_FST5_6,0,1,0.9351764917373657
ke-pi_f2_14_bf04f091.jpg,C:\Users\Angad\Desktop\StemFellowship\data\raw\fitzpatrick\Categorized_AbbrvName\ke-pi_78\ke-pi_f2_14_bf04f091.jpg,2,light_FST1_2,0,0,0.0026029448490589857
su-sp-me-ss_f2_28_ab28440e.jpg,C:\Users\Angad\Desktop\StemFellowship\data\raw\fitzpatrick\Categorized_AbbrvName\su-sp-me-ss_118\su-sp-me-ss_f2_28_ab28440e.jpg,2,light_FST1_2,1,1,0.8598603010177612
st_f3_51_f10e284d.jpg,C:\Users\Angad\Desktop\StemFellowship\data\raw\fitzpatrick\Categorized_AbbrvName\st_67\st_f3_51_f10e284d.jpg,3,medium_FST3_4,0,0,0.016411788761615753
fa-de_f5_4_061a3773.jpg,C:\Users\Angad\Desktop\StemFellowship\data\raw\fitzpatrick\Categorized_AbbrvName\fa-de_66\fa-de_f5_4_061a3773.jpg,5,dark_FST5_6,0,0,9.655416943132877e-05
ps_f4_403_e41d4c46.jpg,C:\Users\Angad\Desktop\StemFellowship\data\raw\fitzpatrick\Categorized_AbbrvName\ps_653\ps_f4_403_e41d4c46.jpg,4,medium_FST3_4,0,0,0.027179360389709473
le-ma_f4_52_4d4ba555.jpg,C:\Users\Angad\Desktop\StemFellowship\data\raw\fitzpatrick\Categorized_AbbrvName\le-ma_83\le-ma_f4_52_4d4ba555.jpg,4,medium_FST3_4,1,1,0.9974752068519592
pi-cy_f1_70_1e754370.jpg,C:\Users\Angad\Desktop\StemFellowship\data\raw\fitzpatrick\Categorized_AbbrvName\pi-cy_93\pi-cy_f1_70_1e754370.jpg,1,light_FST1_2,0,0,0.1636008620262146
mi_f5_80_46ec6952.jpg,C:\Users\Angad\Desktop\StemFellowship\data\raw\fitzpatrick\Categorized_AbbrvName\mi_112\mi_f5_80_46ec6952.jpg,5,dark_FST5_6,0,0,0.0005836524651385844
ha-ha-di_f3_47_2b6b6419.jpg,C:\Users\Angad\Desktop\StemFellowship\data\raw\fitzpatrick\Categorized_AbbrvName\ha-ha-di_174\ha-ha-di_f3_47_2b6b6419.jpg,3,medium_FST3_4,0,0,0.3479258120059967
ps_f2_393_96953a29.jpg,C:\Users\Angad\Desktop\StemFellowship\data\raw\fitzpatrick\Categorized_AbbrvName\ps_653\ps_f2_393_96953a29.jpg,2,light_FST1_2,0,0,0.46110790967941284
er-mu_f2_220_3882699d.jpg,C:\Users\Angad\Desktop\StemFellowship\data\raw\fitzpatrick\Categorized_AbbrvName\er-mu_236\er-mu_f2_220_3882699d.jpg,2,light_FST1_2,0,1,0.8035151958465576
ph_f2_241_679a077b.jpg,C:\Users\Angad\Desktop\StemFellowship\data\raw\fitzpatrick\Categorized_AbbrvName\ph_348\ph_f2_241_679a077b.jpg,2,light_FST1_2,0,0,0.0004961504018865526
my-fu_f2_94_37a5b13c.jpg,C:\Users\Angad\Desktop\StemFellowship\data\raw\fitzpatrick\Categorized_AbbrvName\my-fu_182\my-fu_f2_94_37a5b13c.jpg,2,light_FST1_2,1,1,0.9721680879592896
fo-sp_f3_73_51edda24.jpg,C:\Users\Angad\Desktop\StemFellowship\data\raw\fitzpatrick\Categorized_AbbrvName\fo-sp_100\fo-sp_f3_73_51edda24.jpg,3,medium_FST3_4,0,0,0.22932684421539307
ac-ke_f2_128_cdbb5098.jpg,C:\Users\Angad\Desktop\StemFellowship\data\raw\fitzpatrick\Categorized_AbbrvName\ac-ke_175\ac-ke_f2_128_cdbb5098.jpg,2,light_FST1_2,1,0,0.03783030062913895
pi-ru-pi_f1_87_9458880f.jpg,C:\Users\Angad\Desktop\StemFellowship\data\raw\fitzpatrick\Categorized_AbbrvName\pi-ru-pi_278\pi-ru-pi_f1_87_9458880f.jpg,1,light_FST1_2,0,0,0.07752677798271179
se-de_f3_83_ebd83ebc.jpg,C:\Users\Angad\Desktop\StemFellowship\data\raw\fitzpatrick\Categorized_AbbrvName\se-de_126\se-de_f3_83_ebd83ebc.jpg,3,medium_FST3_4,0,0,0.018554799258708954
ne-in_f2_147_55698653.jpg,C:\Users\Angad\Desktop\StemFellowship\data\raw\fitzpatrick\Categorized_AbbrvName\ne-in_260\ne-in_f2_147_55698653.jpg,2,light_FST1_2,0,0,0.40101808309555054
ph_f1_139_e8fed005.jpg,C:\Users\Angad\Desktop\StemFellowship\data\raw\fitzpatrick\Categorized_AbbrvName\ph_348\ph_f1_139_e8fed005.jpg,1,light_FST1_2,0,1,0.5588681697845459
ur_f2_41_73caa82e.jpg,C:\Users\Angad\Desktop\StemFellowship\data\raw\fitzpatrick\Categorized_AbbrvName\ur_151\ur_f2_41_73caa82e.jpg,2,light_FST1_2,0,0,0.3377218544483185
ec_f3_198_f44c2e98.jpg,C:\Users\Angad\Desktop\StemFellowship\data\raw\fitzpatrick\Categorized_AbbrvName\ec_204\ec_f3_198_f44c2e98.jpg,3,medium_FST3_4,0,0,0.08759798109531403
hi_f2_67_1c288fa3.jpg,C:\Users\Angad\Desktop\StemFellowship\data\raw\fitzpatrick\Categorized_AbbrvName\hi_90\hi_f2_67_1c288fa3.jpg,2,light_FST1_2,0,0,0.09098854660987854
ps_f1_548_20c1b2e9.jpg,C:\Users\Angad\Desktop\StemFellowship\data\raw\fitzpatrick\Categorized_AbbrvName\ps_653\ps_f1_548_20c1b2e9.jpg,1,light_FST1_2,0,0,0.28066176176071167
sa_f6_198_de247184.jpg,C:\Users\Angad\Desktop\StemFellowship\data\raw\fitzpatrick\Categorized_AbbrvName\sa_349\sa_f6_198_de247184.jpg,6,dark_FST5_6,0,0,0.053641177713871
pi-ru-pi_f5_181_928acc72.jpg,C:\Users\Angad\Desktop\StemFellowship\data\raw\fitzpatrick\Categorized_AbbrvName\pi-ru-pi_278\pi-ru-pi_f5_181_928acc72.jpg,5,dark_FST5_6,0,0,0.03971018269658089
ca-cu_f4_59_08480bf0.jpg,C:\Users\Angad\Desktop\StemFellowship\data\raw\fitzpatrick\Categorized_AbbrvName\ca-cu_80\ca-cu_f4_59_08480bf0.jpg,4,medium_FST3_4,0,0,0.017783520743250847
ps_f2_199_29f0bdd4.jpg,C:\Users\Angad\Desktop\StemFellowship\data\raw\fitzpatrick\Categorized_AbbrvName\ps_653\ps_f2_199_29f0bdd4.jpg,2,light_FST1_2,0,0,0.011469581164419651
fi-er_f4_17_0ed1bfa2.jpg,C:\Users\Angad\Desktop\StemFellowship\data\raw\fitzpatrick\Categorized_AbbrvName\fi-er_125\fi-er_f4_17_0ed1bfa2.jpg,4,medium_FST3_4,0,0,0.05991655960679054
sq-ce-ca_f1_350_e4f7ad41.jpg,C:\Users\Angad\Desktop\StemFellowship\data\raw\fitzpatrick\Categorized_AbbrvName\sq-ce-ca_581\sq-ce-ca_f1_350_e4f7ad41.jpg,1,light_FST1_2,1,1,0.6761544942855835
ba-ce-ca_f2_400_a635c175.jpg,C:\Users\Angad\Desktop\StemFellowship\data\raw\fitzpatrick\Categorized_AbbrvName\ba-ce-ca_468\ba-ce-ca_f2_400_a635c175.jpg,2,light_FST1_2,1,1,0.9990633130073547
dy-ec_f1_23_faff1924.jpg,C:\Users\Angad\Desktop\StemFellowship\data\raw\fitzpatrick\Categorized_AbbrvName\dy-ec_83\dy-ec_f1_23_faff1924.jpg,1,light_FST1_2,0,1,0.652754008769989
ne-de_f4_67_55fd94b0.jpg,C:\Users\Angad\Desktop\StemFellowship\data\raw\fitzpatrick\Categorized_AbbrvName\ne-de_361\ne-de_f4_67_55fd94b0.jpg,4,medium_FST3_4,0,1,0.6125044822692871
ba-ce-ca_f5_224_875d767d.jpg,C:\Users\Angad\Desktop\StemFellowship\data\raw\fitzpatrick\Categorized_AbbrvName\ba-ce-ca_468\ba-ce-ca_f5_224_875d767d.jpg,5,dark_FST5_6,1,1,0.9443774223327637
se-ke_f4_54_8469304f.jpg,C:\Users\Angad\Desktop\StemFellowship\data\raw\fitzpatrick\Categorized_AbbrvName\se-ke_69\se-ke_f4_54_8469304f.jpg,4,medium_FST3_4,0,0,0.46285051107406616
ac-ke_f1_140_62711536.jpg,C:\Users\Angad\Desktop\StemFellowship\data\raw\fitzpatrick\Categorized_AbbrvName\ac-ke_175\ac-ke_f1_140_62711536.jpg,1,light_FST1_2,1,1,0.9418667554855347
da-di_f2_66_353ef668.jpg,C:\Users\Angad\Desktop\StemFellowship\data\raw\fitzpatrick\Categorized_AbbrvName\da-di_153\da-di_f2_66_353ef668.jpg,2,light_FST1_2,0,0,0.11198122054338455
er-an-ce_f2_78_987cbb71.jpg,C:\Users\Angad\Desktop\StemFellowship\data\raw\fitzpatrick\Categorized_AbbrvName\er-an-ce_88\er-an-ce_f2_78_987cbb71.jpg,2,light_FST1_2,0,0,0.005818329751491547
po_f3_62_8fbaa055.jpg,C:\Users\Angad\Desktop\StemFellowship\data\raw\fitzpatrick\Categorized_AbbrvName\po_127\po_f3_62_8fbaa055.jpg,3,medium_FST3_4,0,0,0.03323611244559288
my-fu_f2_119_ab641dc2.jpg,C:\Users\Angad\Desktop\StemFellowship\data\raw\fitzpatrick\Categorized_AbbrvName\my-fu_182\my-fu_f2_119_ab641dc2.jpg,2,light_FST1_2,1,1,0.7918888926506042
ac-vu_f1_174_0e436455.jpg,C:\Users\Angad\Desktop\StemFellowship\data\raw\fitzpatrick\Categorized_AbbrvName\ac-vu_335\ac-vu_f1_174_0e436455.jpg,1,light_FST1_2,0,0,0.12584762275218964
ur-pi_f1_7_dbb146f7.jpg,C:\Users\Angad\Desktop\StemFellowship\data\raw\fitzpatrick\Categorized_AbbrvName\ur-pi_112\ur-pi_f1_7_dbb146f7.jpg,1,light_FST1_2,0,0,0.07781233638525009
li-pl_f3_374_068126fa.jpg,C:\Users\Angad\Desktop\StemFellowship\data\raw\fitzpatrick\Categorized_AbbrvName\li-pl_491\li-pl_f3_374_068126fa.jpg,3,medium_FST3_4,0,0,0.11835736781358719
li-si_f4_50_0411ab5e.jpg,C:\Users\Angad\Desktop\StemFellowship\data\raw\fitzpatrick\Categorized_AbbrvName\li-si_97\li-si_f4_50_0411ab5e.jpg,4,medium_FST3_4,0,0,0.0506114698946476
ac_f4_175_cff57f58.jpg,C:\Users\Angad\Desktop\StemFellowship\data\raw\fitzpatrick\Categorized_AbbrvName\ac_183\ac_f4_175_cff57f58.jpg,4,medium_FST3_4,0,0,0.027698084712028503
ju-xa_f2_122_95fb266a.jpg,C:\Users\Angad\Desktop\StemFellowship\data\raw\fitzpatrick\Categorized_AbbrvName\ju-xa_149\ju-xa_f2_122_95fb266a.jpg,2,light_FST1_2,0,0,0.15702131390571594
sq-ce-ca_f3_482_427ead6a.jpg,C:\Users\Angad\Desktop\StemFellowship\data\raw\fitzpatrick\Categorized_AbbrvName\sq-ce-ca_581\sq-ce-ca_f3_482_427ead6a.jpg,3,medium_FST3_4,1,1,0.9742996692657471
ro_f3_99_acc78a15.jpg,C:\Users\Angad\Desktop\StemFellowship\data\raw\fitzpatrick\Categorized_AbbrvName\ro_102\ro_f3_99_acc78a15.jpg,3,medium_FST3_4,0,0,0.009765331633388996
dy-ec_f3_49_f26a3c6d.jpg,C:\Users\Angad\Desktop\StemFellowship\data\raw\fitzpatrick\Categorized_AbbrvName\dy-ec_83\dy-ec_f3_49_f26a3c6d.jpg,3,medium_FST3_4,0,1,0.659957766532898
ly-di_f2_39_54328733.jpg,C:\Users\Angad\Desktop\StemFellowship\data\raw\fitzpatrick\Categorized_AbbrvName\ly-di_129\ly-di_f2_39_54328733.jpg,2,light_FST1_2,0,0,0.0158875472843647
ac-vu_f1_28_730cc0ae.jpg,C:\Users\Angad\Desktop\StemFellowship\data\raw\fitzpatrick\Categorized_AbbrvName\ac-vu_335\ac-vu_f1_28_730cc0ae.jpg,1,light_FST1_2,0,0,0.28104397654533386
lu-er_f2_151_f24d3c62.jpg,C:\Users\Angad\Desktop\StemFellowship\data\raw\fitzpatrick\Categorized_AbbrvName\lu-er_410\lu-er_f2_151_f24d3c62.jpg,2,light_FST1_2,0,0,0.0006363324937410653
ba-ce-ca_f5_407_849d8621.jpg,C:\Users\Angad\Desktop\StemFellowship\data\raw\fitzpatrick\Categorized_AbbrvName\ba-ce-ca_468\ba-ce-ca_f5_407_849d8621.jpg,5,dark_FST5_6,1,1,0.9141587018966675
er-el-di_f1_11_508e889f.jpg,C:\Users\Angad\Desktop\StemFellowship\data\raw\fitzpatrick\Categorized_AbbrvName\er-el-di_55\er-el-di_f1_11_508e889f.jpg,1,light_FST1_2,0,0,0.04909178614616394
lu-er_f5_4_519b5ab6.jpg,C:\Users\Angad\Desktop\StemFellowship\data\raw\fitzpatrick\Categorized_AbbrvName\lu-er_410\lu-er_f5_4_519b5ab6.jpg,5,dark_FST5_6,0,0,0.1097870022058487
ph_f2_162_0caaeffa.jpg,C:\Users\Angad\Desktop\StemFellowship\data\raw\fitzpatrick\Categorized_AbbrvName\ph_348\ph_f2_162_0caaeffa.jpg,2,light_FST1_2,0,0,0.15023007988929749
da-di_f2_23_2e694124.jpg,C:\Users\Angad\Desktop\StemFellowship\data\raw\fitzpatrick\Categorized_AbbrvName\da-di_153\da-di_f2_23_2e694124.jpg,2,light_FST1_2,0,0,0.018084926530718803
al-co-de_f2_390_f7c68db8.jpg,C:\Users\Angad\Desktop\StemFellowship\data\raw\fitzpatrick\Categorized_AbbrvName\al-co-de_430\al-co-de_f2_390_f7c68db8.jpg,2,light_FST1_2,0,0,0.06910192966461182
al-co-de_f3_422_c27fc3af.jpg,C:\Users\Angad\Desktop\StemFellowship\data\raw\fitzpatrick\Categorized_AbbrvName\al-co-de_430\al-co-de_f3_422_c27fc3af.jpg,3,medium_FST3_4,0,0,0.24820619821548462
ph_f3_44_39a661a7.jpg,C:\Users\Angad\Desktop\StemFellowship\data\raw\fitzpatrick\Categorized_AbbrvName\ph_348\ph_f3_44_39a661a7.jpg,3,medium_FST3_4,0,0,0.15483222901821136
fo_f2_236_e78636d5.jpg,C:\Users\Angad\Desktop\StemFellowship\data\raw\fitzpatrick\Categorized_AbbrvName\fo_342\fo_f2_236_e78636d5.jpg,2,light_FST1_2,0,0,0.031079759821295738
lu-er_f5_384_501a9709.jpg,C:\Users\Angad\Desktop\StemFellowship\data\raw\fitzpatrick\Categorized_AbbrvName\lu-er_410\lu-er_f5_384_501a9709.jpg,5,dark_FST5_6,0,0,0.20420576632022858
pi-ru-pi_f4_133_d01f203f.jpg,C:\Users\Angad\Desktop\StemFellowship\data\raw\fitzpatrick\Categorized_AbbrvName\pi-ru-pi_278\pi-ru-pi_f4_133_d01f203f.jpg,4,medium_FST3_4,0,0,0.06463335454463959
sq-ce-ca_f2_10_75f3059a.jpg,C:\Users\Angad\Desktop\StemFellowship\data\raw\fitzpatrick\Categorized_AbbrvName\sq-ce-ca_581\sq-ce-ca_f2_10_75f3059a.jpg,2,light_FST1_2,1,1,0.9085330963134766
st_f2_31_275032d3.jpg,C:\Users\Angad\Desktop\StemFellowship\data\raw\fitzpatrick\Categorized_AbbrvName\st_67\st_f2_31_275032d3.jpg,2,light_FST1_2,0,0,0.02432832680642605
pi-ru-pi_f5_157_3d8d7229.jpg,C:\Users\Angad\Desktop\StemFellowship\data\raw\fitzpatrick\Categorized_AbbrvName\pi-ru-pi_278\pi-ru-pi_f5_157_3d8d7229.jpg,5,dark_FST5_6,0,0,0.0011728369863703847
my-fu_f1_60_27d3995e.jpg,C:\Users\Angad\Desktop\StemFellowship\data\raw\fitzpatrick\Categorized_AbbrvName\my-fu_182\my-fu_f1_60_27d3995e.jpg,1,light_FST1_2,1,0,0.3495166003704071
sq-ce-ca_f2_512_c3994c3b.jpg,C:\Users\Angad\Desktop\StemFellowship\data\raw\fitzpatrick\Categorized_AbbrvName\sq-ce-ca_581\sq-ce-ca_f2_512_c3994c3b.jpg,2,light_FST1_2,1,1,0.8319471478462219
al-co-de_f2_72_0d609c54.jpg,C:\Users\Angad\Desktop\StemFellowship\data\raw\fitzpatrick\Categorized_AbbrvName\al-co-de_430\al-co-de_f2_72_0d609c54.jpg,2,light_FST1_2,0,0,0.0005719444015994668
ca-cu_f1_67_63f38345.jpg,C:\Users\Angad\Desktop\StemFellowship\data\raw\fitzpatrick\Categorized_AbbrvName\ca-cu_80\ca-cu_f1_67_63f38345.jpg,1,light_FST1_2,0,0,0.016574980691075325
ph_f4_4_567e34fd.jpg,C:\Users\Angad\Desktop\StemFellowship\data\raw\fitzpatrick\Categorized_AbbrvName\ph_348\ph_f4_4_567e34fd.jpg,4,medium_FST3_4,0,0,3.3712462027324364e-05
ps_f1_100_307bceae.jpg,C:\Users\Angad\Desktop\StemFellowship\data\raw\fitzpatrick\Categorized_AbbrvName\ps_653\ps_f1_100_307bceae.jpg,1,light_FST1_2,0,0,0.013507517985999584
ba-ce-ca_f4_223_9dd0c1d4.jpg,C:\Users\Angad\Desktop\StemFellowship\data\raw\fitzpatrick\Categorized_AbbrvName\ba-ce-ca_468\ba-ce-ca_f4_223_9dd0c1d4.jpg,4,medium_FST3_4,1,0,0.16446749866008759
ps_f2_385_8cf618dd.jpg,C:\Users\Angad\Desktop\StemFellowship\data\raw\fitzpatrick\Categorized_AbbrvName\ps_653\ps_f2_385_8cf618dd.jpg,2,light_FST1_2,0,0,0.004647423047572374
ec_f2_21_21930448.jpg,C:\Users\Angad\Desktop\StemFellowship\data\raw\fitzpatrick\Categorized_AbbrvName\ec_204\ec_f2_21_21930448.jpg,2,light_FST1_2,0,0,0.008801835589110851
sq-ce-ca_f1_65_e5026029.jpg,C:\Users\Angad\Desktop\StemFellowship\data\raw\fitzpatrick\Categorized_AbbrvName\sq-ce-ca_581\sq-ce-ca_f1_65_e5026029.jpg,1,light_FST1_2,1,0,0.0956638976931572
lu-er_f1_139_da91cd38.jpg,C:\Users\Angad\Desktop\StemFellowship\data\raw\fitzpatrick\Categorized_AbbrvName\lu-er_410\lu-er_f1_139_da91cd38.jpg,1,light_FST1_2,0,0,0.22340160608291626
sq-ce-ca_f2_282_05861d0f.jpg,C:\Users\Angad\Desktop\StemFellowship\data\raw\fitzpatrick\Categorized_AbbrvName\sq-ce-ca_581\sq-ce-ca_f2_282_05861d0f.jpg,2,light_FST1_2,1,0,0.3368684649467468
sq-ce-ca_f4_21_58aa51a6.jpg,C:\Users\Angad\Desktop\StemFellowship\data\raw\fitzpatrick\Categorized_AbbrvName\sq-ce-ca_581\sq-ce-ca_f4_21_58aa51a6.jpg,4,medium_FST3_4,1,1,0.9916332960128784
lu-er_f5_388_3a4bba6b.jpg,C:\Users\Angad\Desktop\StemFellowship\data\raw\fitzpatrick\Categorized_AbbrvName\lu-er_410\lu-er_f5_388_3a4bba6b.jpg,5,dark_FST5_6,0,0,0.0010074879974126816
sy_f4_112_06e4ac87.jpg,C:\Users\Angad\Desktop\StemFellowship\data\raw\fitzpatrick\Categorized_AbbrvName\sy_127\sy_f4_112_06e4ac87.jpg,4,medium_FST3_4,0,0,4.8477082600584254e-05
al-co-de_f3_0_09d46db9.jpg,C:\Users\Angad\Desktop\StemFellowship\data\raw\fitzpatrick\Categorized_AbbrvName\al-co-de_430\al-co-de_f3_0_09d46db9.jpg,3,medium_FST3_4,0,0,0.38892731070518494
li-am_f5_5_56333c83.jpg,C:\Users\Angad\Desktop\StemFellowship\data\raw\fitzpatrick\Categorized_AbbrvName\li-am_77\li-am_f5_5_56333c83.jpg,5,dark_FST5_6,0,0,0.008555607870221138
se-de_f2_43_310cb908.jpg,C:\Users\Angad\Desktop\StemFellowship\data\raw\fitzpatrick\Categorized_AbbrvName\se-de_126\se-de_f2_43_310cb908.jpg,2,light_FST1_2,0,0,0.012328347191214561
ne-li_f1_42_e968f15e.jpg,C:\Users\Angad\Desktop\StemFellowship\data\raw\fitzpatrick\Categorized_AbbrvName\ne-li_123\ne-li_f1_42_e968f15e.jpg,1,light_FST1_2,0,0,0.0677022635936737
ne-ne_f2_67_a7eae4ff.jpg,C:\Users\Angad\Desktop\StemFellowship\data\raw\fitzpatrick\Categorized_AbbrvName\ne-ne_86\ne-ne_f2_67_a7eae4ff.jpg,2,light_FST1_2,0,1,0.6119101643562317
da-di_f4_122_02c99685.jpg,C:\Users\Angad\Desktop\StemFellowship\data\raw\fitzpatrick\Categorized_AbbrvName\da-di_153\da-di_f4_122_02c99685.jpg,4,medium_FST3_4,0,0,0.27188077569007874
vi_f6_77_43872a2c.jpg,C:\Users\Angad\Desktop\StemFellowship\data\raw\fitzpatrick\Categorized_AbbrvName\vi_166\vi_f6_77_43872a2c.jpg,6,dark_FST5_6,0,0,0.27392804622650146
lu-er_f4_150_d0afc637.jpg,C:\Users\Angad\Desktop\StemFellowship\data\raw\fitzpatrick\Categorized_AbbrvName\lu-er_410\lu-er_f4_150_d0afc637.jpg,4,medium_FST3_4,0,0,0.009803622029721737
ke_f2_10_a92bc582.jpg,C:\Users\Angad\Desktop\StemFellowship\data\raw\fitzpatrick\Categorized_AbbrvName\ke_156\ke_f2_10_a92bc582.jpg,2,light_FST1_2,0,0,0.04543742537498474
ne-ex_f3_5_bac823e1.jpg,C:\Users\Angad\Desktop\StemFellowship\data\raw\fitzpatrick\Categorized_AbbrvName\ne-ex_73\ne-ex_f3_5_bac823e1.jpg,3,medium_FST3_4,0,0,0.04159575328230858
ju-xa_f1_103_f9c66381.jpg,C:\Users\Angad\Desktop\StemFellowship\data\raw\fitzpatrick\Categorized_AbbrvName\ju-xa_149\ju-xa_f1_103_f9c66381.jpg,1,light_FST1_2,0,0,0.028610385954380035
st_f4_37_ddb41a18.jpg,C:\Users\Angad\Desktop\StemFellowship\data\raw\fitzpatrick\Categorized_AbbrvName\st_67\st_f4_37_ddb41a18.jpg,4,medium_FST3_4,0,0,0.000795339175965637
ur_f2_61_146548ef.jpg,C:\Users\Angad\Desktop\StemFellowship\data\raw\fitzpatrick\Categorized_AbbrvName\ur_151\ur_f2_61_146548ef.jpg,2,light_FST1_2,0,0,0.23969602584838867
pr-no_f6_14_ad89479a.jpg,C:\Users\Angad\Desktop\StemFellowship\data\raw\fitzpatrick\Categorized_AbbrvName\pr-no_170\pr-no_f6_14_ad89479a.jpg,6,dark_FST5_6,0,1,0.7719913721084595
pi-ro_f4_116_4b694610.jpg,C:\Users\Angad\Desktop\StemFellowship\data\raw\fitzpatrick\Categorized_AbbrvName\pi-ro_193\pi-ro_f4_116_4b694610.jpg,4,medium_FST3_4,0,1,0.5296070575714111
ur_f4_145_e06e7251.jpg,C:\Users\Angad\Desktop\StemFellowship\data\raw\fitzpatrick\Categorized_AbbrvName\ur_151\ur_f4_145_e06e7251.jpg,4,medium_FST3_4,0,0,0.4135655164718628
ha-ne_f2_13_3f7ec881.jpg,C:\Users\Angad\Desktop\StemFellowship\data\raw\fitzpatrick\Categorized_AbbrvName\ha-ne_82\ha-ne_f2_13_3f7ec881.jpg,2,light_FST1_2,0,0,0.09638721495866776
al-co-de_f2_2_56e69718.jpg,C:\Users\Angad\Desktop\StemFellowship\data\raw\fitzpatrick\Categorized_AbbrvName\al-co-de_430\al-co-de_f2_2_56e69718.jpg,2,light_FST1_2,0,0,0.0006273282342590392
sa_f3_315_8df92a18.jpg,C:\Users\Angad\Desktop\StemFellowship\data\raw\fitzpatrick\Categorized_AbbrvName\sa_349\sa_f3_315_8df92a18.jpg,3,medium_FST3_4,0,1,0.6577866077423096
tu-sc_f5_32_cccfe980.jpg,C:\Users\Angad\Desktop\StemFellowship\data\raw\fitzpatrick\Categorized_AbbrvName\tu-sc_141\tu-sc_f5_32_cccfe980.jpg,5,dark_FST5_6,0,0,0.0001819714525481686
al-co-de_f6_47_896d5d90.jpg,C:\Users\Angad\Desktop\StemFellowship\data\raw\fitzpatrick\Categorized_AbbrvName\al-co-de_430\al-co-de_f6_47_896d5d90.jpg,6,dark_FST5_6,0,0,0.3600815534591675
st-jo-sy_f2_74_f7e8639a.jpg,C:\Users\Angad\Desktop\StemFellowship\data\raw\fitzpatrick\Categorized_AbbrvName\st-jo-sy_113\st-jo-sy_f2_74_f7e8639a.jpg,2,light_FST1_2,0,0,0.32559719681739807
be-ne_f1_41_eede4023.jpg,C:\Users\Angad\Desktop\StemFellowship\data\raw\fitzpatrick\Categorized_AbbrvName\be-ne_63\be-ne_f1_41_eede4023.jpg,1,light_FST1_2,0,0,0.3341678977012634
vi_f3_98_01f31bee.jpg,C:\Users\Angad\Desktop\StemFellowship\data\raw\fitzpatrick\Categorized_AbbrvName\vi_166\vi_f3_98_01f31bee.jpg,3,medium_FST3_4,0,0,0.3787117004394531
my-fu_f3_171_634f0aff.jpg,C:\Users\Angad\Desktop\StemFellowship\data\raw\fitzpatrick\Categorized_AbbrvName\my-fu_182\my-fu_f3_171_634f0aff.jpg,3,medium_FST3_4,1,1,0.8735489845275879
ma-me_f2_52_2c5bbb7a.jpg,C:\Users\Angad\Desktop\StemFellowship\data\raw\fitzpatrick\Categorized_AbbrvName\ma-me_111\ma-me_f2_52_2c5bbb7a.jpg,2,light_FST1_2,1,1,0.8667815923690796
st-jo-sy_f2_41_ff1ef2cb.jpg,C:\Users\Angad\Desktop\StemFellowship\data\raw\fitzpatrick\Categorized_AbbrvName\st-jo-sy_113\st-jo-sy_f2_41_ff1ef2cb.jpg,2,light_FST1_2,0,1,0.6642546653747559
fo-sp_f3_43_de57971a.jpg,C:\Users\Angad\Desktop\StemFellowship\data\raw\fitzpatrick\Categorized_AbbrvName\fo-sp_100\fo-sp_f3_43_de57971a.jpg,3,medium_FST3_4,0,0,0.4998513162136078
ps_f2_278_a2fc9689.jpg,C:\Users\Angad\Desktop\StemFellowship\data\raw\fitzpatrick\Categorized_AbbrvName\ps_653\ps_f2_278_a2fc9689.jpg,2,light_FST1_2,0,0,0.010119347833096981
lu-er_f2_39_847799c8.jpg,C:\Users\Angad\Desktop\StemFellowship\data\raw\fitzpatrick\Categorized_AbbrvName\lu-er_410\lu-er_f2_39_847799c8.jpg,2,light_FST1_2,0,0,0.033014677464962006
lu-er_f5_338_9e6ba9a4.jpg,C:\Users\Angad\Desktop\StemFellowship\data\raw\fitzpatrick\Categorized_AbbrvName\lu-er_410\lu-er_f5_338_9e6ba9a4.jpg,5,dark_FST5_6,0,0,0.0026378703769296408
ha-ne_f4_21_a72a10a9.jpg,C:\Users\Angad\Desktop\StemFellowship\data\raw\fitzpatrick\Categorized_AbbrvName\ha-ne_82\ha-ne_f4_21_a72a10a9.jpg,4,medium_FST3_4,0,0,0.25868290662765503
li-am_f4_27_42f33f3a.jpg,C:\Users\Angad\Desktop\StemFellowship\data\raw\fitzpatrick\Categorized_AbbrvName\li-am_77\li-am_f4_27_42f33f3a.jpg,4,medium_FST3_4,0,0,0.06252232939004898
ca-cu_f2_9_7c0c38d7.jpg,C:\Users\Angad\Desktop\StemFellowship\data\raw\fitzpatrick\Categorized_AbbrvName\ca-cu_80\ca-cu_f2_9_7c0c38d7.jpg,2,light_FST1_2,0,0,0.005596249829977751
li-pl_f2_31_c52074f9.jpg,C:\Users\Angad\Desktop\StemFellowship\data\raw\fitzpatrick\Categorized_AbbrvName\li-pl_491\li-pl_f2_31_c52074f9.jpg,2,light_FST1_2,0,0,0.3588355481624603
er-el-di_f3_43_1cae3633.jpg,C:\Users\Angad\Desktop\StemFellowship\data\raw\fitzpatrick\Categorized_AbbrvName\er-el-di_55\er-el-di_f3_43_1cae3633.jpg,3,medium_FST3_4,0,0,0.01437592227011919
ly-di_f2_65_a891d81d.jpg,C:\Users\Angad\Desktop\StemFellowship\data\raw\fitzpatrick\Categorized_AbbrvName\ly-di_129\ly-di_f2_65_a891d81d.jpg,2,light_FST1_2,0,0,0.03187587112188339
le-ma_f5_40_9a7cea38.jpg,C:\Users\Angad\Desktop\StemFellowship\data\raw\fitzpatrick\Categorized_AbbrvName\le-ma_83\le-ma_f5_40_9a7cea38.jpg,5,dark_FST5_6,1,1,0.9788904786109924
po-ac_f4_127_3fea7ef3.jpg,C:\Users\Angad\Desktop\StemFellowship\data\raw\fitzpatrick\Categorized_AbbrvName\po-ac_183\po-ac_f4_127_3fea7ef3.jpg,4,medium_FST3_4,0,0,0.0413183718919754
ba-ce-ca_f1_186_10ed2d0e.jpg,C:\Users\Angad\Desktop\StemFellowship\data\raw\fitzpatrick\Categorized_AbbrvName\ba-ce-ca_468\ba-ce-ca_f1_186_10ed2d0e.jpg,1,light_FST1_2,1,0,0.2009107619524002
pi-cy_f5_65_55d8b07c.jpg,C:\Users\Angad\Desktop\StemFellowship\data\raw\fitzpatrick\Categorized_AbbrvName\pi-cy_93\pi-cy_f5_65_55d8b07c.jpg,5,dark_FST5_6,0,0,0.2500057816505432
ke-pi_f2_37_b83d122a.jpg,C:\Users\Angad\Desktop\StemFellowship\data\raw\fitzpatrick\Categorized_AbbrvName\ke-pi_78\ke-pi_f2_37_b83d122a.jpg,2,light_FST1_2,0,0,0.1683618277311325
ac_f2_154_154e1e8b.jpg,C:\Users\Angad\Desktop\StemFellowship\data\raw\fitzpatrick\Categorized_AbbrvName\ac_183\ac_f2_154_154e1e8b.jpg,2,light_FST1_2,0,0,0.1572568565607071
te_f5_121_bcf05850.jpg,C:\Users\Angad\Desktop\StemFellowship\data\raw\fitzpatrick\Categorized_AbbrvName\te_126\te_f5_121_bcf05850.jpg,5,dark_FST5_6,0,0,0.03812992945313454
al-co-de_f1_70_97f6a470.jpg,C:\Users\Angad\Desktop\StemFellowship\data\raw\fitzpatrick\Categorized_AbbrvName\al-co-de_430\al-co-de_f1_70_97f6a470.jpg,1,light_FST1_2,0,0,0.1898815780878067
su-da-sk_f3_49_3dda401b.jpg,C:\Users\Angad\Desktop\StemFellowship\data\raw\fitzpatrick\Categorized_AbbrvName\su-da-sk_66\su-da-sk_f3_49_3dda401b.jpg,3,medium_FST3_4,0,0,0.4437485337257385
my-fu_f2_88_25f0ba43.jpg,C:\Users\Angad\Desktop\StemFellowship\data\raw\fitzpatrick\Categorized_AbbrvName\my-fu_182\my-fu_f2_88_25f0ba43.jpg,2,light_FST1_2,1,1,0.5845464468002319
ac-vu_f1_189_caaf586f.jpg,C:\Users\Angad\Desktop\StemFellowship\data\raw\fitzpatrick\Categorized_AbbrvName\ac-vu_335\ac-vu_f1_189_caaf586f.jpg,1,light_FST1_2,0,0,0.0701780840754509
ps_f2_10_2574ada7.jpg,C:\Users\Angad\Desktop\StemFellowship\data\raw\fitzpatrick\Categorized_AbbrvName\ps_653\ps_f2_10_2574ada7.jpg,2,light_FST1_2,0,0,0.006605635397136211
lu-su_f2_65_463bcce2.jpg,C:\Users\Angad\Desktop\StemFellowship\data\raw\fitzpatrick\Categorized_AbbrvName\lu-su_111\lu-su_f2_65_463bcce2.jpg,2,light_FST1_2,0,1,0.6248735785484314
er-mu_f3_83_b47bf4fc.jpg,C:\Users\Angad\Desktop\StemFellowship\data\raw\fitzpatrick\Categorized_AbbrvName\er-mu_236\er-mu_f3_83_b47bf4fc.jpg,3,medium_FST3_4,0,0,0.16945257782936096
vi_f5_7_9e2b29f0.jpg,C:\Users\Angad\Desktop\StemFellowship\data\raw\fitzpatrick\Categorized_AbbrvName\vi_166\vi_f5_7_9e2b29f0.jpg,5,dark_FST5_6,0,1,0.7208539843559265
da-di_f1_58_8084f138.jpg,C:\Users\Angad\Desktop\StemFellowship\data\raw\fitzpatrick\Categorized_AbbrvName\da-di_153\da-di_f1_58_8084f138.jpg,1,light_FST1_2,0,1,0.5933510661125183
ec_f5_85_efa58e28.jpg,C:\Users\Angad\Desktop\StemFellowship\data\raw\fitzpatrick\Categorized_AbbrvName\ec_204\ec_f5_85_efa58e28.jpg,5,dark_FST5_6,0,0,0.04293445497751236
pa_f1_54_99ecf17a.jpg,C:\Users\Angad\Desktop\StemFellowship\data\raw\fitzpatrick\Categorized_AbbrvName\pa_59\pa_f1_54_99ecf17a.jpg,1,light_FST1_2,0,0,0.03773501142859459
pr-no_f4_145_41169ebe.jpg,C:\Users\Angad\Desktop\StemFellowship\data\raw\fitzpatrick\Categorized_AbbrvName\pr-no_170\pr-no_f4_145_41169ebe.jpg,4,medium_FST3_4,0,0,0.007103810086846352
ph_f2_134_311d8885.jpg,C:\Users\Angad\Desktop\StemFellowship\data\raw\fitzpatrick\Categorized_AbbrvName\ph_348\ph_f2_134_311d8885.jpg,2,light_FST1_2,0,0,0.08047540485858917
pe-li_f2_92_3dea91c7.jpg,C:\Users\Angad\Desktop\StemFellowship\data\raw\fitzpatrick\Categorized_AbbrvName\pe-li_151\pe-li_f2_92_3dea91c7.jpg,2,light_FST1_2,0,0,0.15689609944820404
hi_f3_79_b7e3ef8d.jpg,C:\Users\Angad\Desktop\StemFellowship\data\raw\fitzpatrick\Categorized_AbbrvName\hi_90\hi_f3_79_b7e3ef8d.jpg,3,medium_FST3_4,0,0,0.18644024431705475
ro_f2_11_59b3b154.jpg,C:\Users\Angad\Desktop\StemFellowship\data\raw\fitzpatrick\Categorized_AbbrvName\ro_102\ro_f2_11_59b3b154.jpg,2,light_FST1_2,0,0,0.08804354816675186
al-co-de_f1_211_f3083c2f.jpg,C:\Users\Angad\Desktop\StemFellowship\data\raw\fitzpatrick\Categorized_AbbrvName\al-co-de_430\al-co-de_f1_211_f3083c2f.jpg,1,light_FST1_2,0,0,0.03411407023668289
ne-de_f2_200_07270b3c.jpg,C:\Users\Angad\Desktop\StemFellowship\data\raw\fitzpatrick\Categorized_AbbrvName\ne-de_361\ne-de_f2_200_07270b3c.jpg,2,light_FST1_2,0,1,0.8259952664375305
sq-ce-ca_f4_195_b45313d1.jpg,C:\Users\Angad\Desktop\StemFellowship\data\raw\fitzpatrick\Categorized_AbbrvName\sq-ce-ca_581\sq-ce-ca_f4_195_b45313d1.jpg,4,medium_FST3_4,1,1,0.9514498710632324
ro_f1_0_c7e22ff8.jpg,C:\Users\Angad\Desktop\StemFellowship\data\raw\fitzpatrick\Categorized_AbbrvName\ro_102\ro_f1_0_c7e22ff8.jpg,1,light_FST1_2,0,0,0.15702195465564728
li-am_f4_26_c4d2ff20.jpg,C:\Users\Angad\Desktop\StemFellowship\data\raw\fitzpatrick\Categorized_AbbrvName\li-am_77\li-am_f4_26_c4d2ff20.jpg,4,medium_FST3_4,0,0,0.10480853170156479
pe-li_f3_138_410b6c5e.jpg,C:\Users\Angad\Desktop\StemFellowship\data\raw\fitzpatrick\Categorized_AbbrvName\pe-li_151\pe-li_f3_138_410b6c5e.jpg,3,medium_FST3_4,0,0,0.05721699073910713
st_f3_66_d4f59a70.jpg,C:\Users\Angad\Desktop\StemFellowship\data\raw\fitzpatrick\Categorized_AbbrvName\st_67\st_f3_66_d4f59a70.jpg,3,medium_FST3_4,0,0,0.0028538377955555916
st_f2_1_9bd7df80.jpg,C:\Users\Angad\Desktop\StemFellowship\data\raw\fitzpatrick\Categorized_AbbrvName\st_67\st_f2_1_9bd7df80.jpg,2,light_FST1_2,0,0,0.004798667971044779
ka-sa_f1_12_3c8561db.jpg,C:\Users\Angad\Desktop\StemFellowship\data\raw\fitzpatrick\Categorized_AbbrvName\ka-sa_156\ka-sa_f1_12_3c8561db.jpg,1,light_FST1_2,1,1,0.9622399806976318
my-fu_f2_4_174f6d75.jpg,C:\Users\Angad\Desktop\StemFellowship\data\raw\fitzpatrick\Categorized_AbbrvName\my-fu_182\my-fu_f2_4_174f6d75.jpg,2,light_FST1_2,1,0,0.3519395589828491
fo-sp_f2_93_6330887b.jpg,C:\Users\Angad\Desktop\StemFellowship\data\raw\fitzpatrick\Categorized_AbbrvName\fo-sp_100\fo-sp_f2_93_6330887b.jpg,2,light_FST1_2,0,0,0.017173923552036285
er-el-di_f3_33_65e43b2e.jpg,C:\Users\Angad\Desktop\StemFellowship\data\raw\fitzpatrick\Categorized_AbbrvName\er-el-di_55\er-el-di_f3_33_65e43b2e.jpg,3,medium_FST3_4,0,0,0.11114547401666641
ne-ex_f1_52_e7ee6c9e.jpg,C:\Users\Angad\Desktop\StemFellowship\data\raw\fitzpatrick\Categorized_AbbrvName\ne-ex_73\ne-ex_f1_52_e7ee6c9e.jpg,1,light_FST1_2,0,0,0.0030345777049660683
su-da-sk_f2_7_7cdda277.jpg,C:\Users\Angad\Desktop\StemFellowship\data\raw\fitzpatrick\Categorized_AbbrvName\su-da-sk_66\su-da-sk_f2_7_7cdda277.jpg,2,light_FST1_2,0,0,0.45011791586875916
al-co-de_f1_46_f8b65c26.jpg,C:\Users\Angad\Desktop\StemFellowship\data\raw\fitzpatrick\Categorized_AbbrvName\al-co-de_430\al-co-de_f1_46_f8b65c26.jpg,1,light_FST1_2,0,0,0.06701237708330154
ka-sa_f4_49_bb4c4f16.jpg,C:\Users\Angad\Desktop\StemFellowship\data\raw\fitzpatrick\Categorized_AbbrvName\ka-sa_156\ka-sa_f4_49_bb4c4f16.jpg,4,medium_FST3_4,1,1,0.9917743802070618
ha-ha-di_f1_115_815c2603.jpg,C:\Users\Angad\Desktop\StemFellowship\data\raw\fitzpatrick\Categorized_AbbrvName\ha-ha-di_174\ha-ha-di_f1_115_815c2603.jpg,1,light_FST1_2,0,1,0.5579357743263245
fo_f2_165_444aaf98.jpg,C:\Users\Angad\Desktop\StemFellowship\data\raw\fitzpatrick\Categorized_AbbrvName\fo_342\fo_f2_165_444aaf98.jpg,2,light_FST1_2,0,0,0.1983056217432022
gr-an_f4_61_2a836240.jpg,C:\Users\Angad\Desktop\StemFellowship\data\raw\fitzpatrick\Categorized_AbbrvName\gr-an_211\gr-an_f4_61_2a836240.jpg,4,medium_FST3_4,0,0,0.006763985846191645
ly-di_f2_69_5a22a7c9.jpg,C:\Users\Angad\Desktop\StemFellowship\data\raw\fitzpatrick\Categorized_AbbrvName\ly-di_129\ly-di_f2_69_5a22a7c9.jpg,2,light_FST1_2,0,0,0.08808633685112
py-gr_f3_79_02dfbc0e.jpg,C:\Users\Angad\Desktop\StemFellowship\data\raw\fitzpatrick\Categorized_AbbrvName\py-gr_113\py-gr_f3_79_02dfbc0e.jpg,3,medium_FST3_4,0,1,0.9943986535072327
ma-me_f2_108_248f9241.jpg,C:\Users\Angad\Desktop\StemFellowship\data\raw\fitzpatrick\Categorized_AbbrvName\ma-me_111\ma-me_f2_108_248f9241.jpg,2,light_FST1_2,1,1,0.9942943453788757
eh-da-sy_f2_47_6865fe10.jpg,C:\Users\Angad\Desktop\StemFellowship\data\raw\fitzpatrick\Categorized_AbbrvName\eh-da-sy_127\eh-da-sy_f2_47_6865fe10.jpg,2,light_FST1_2,0,0,0.39070188999176025
eh-da-sy_f2_5_73d9b753.jpg,C:\Users\Angad\Desktop\StemFellowship\data\raw\fitzpatrick\Categorized_AbbrvName\eh-da-sy_127\eh-da-sy_f2_5_73d9b753.jpg,2,light_FST1_2,0,1,0.7850961685180664
sq-ce-ca_f2_539_39bef788.jpg,C:\Users\Angad\Desktop\StemFellowship\data\raw\fitzpatrick\Categorized_AbbrvName\sq-ce-ca_581\sq-ce-ca_f2_539_39bef788.jpg,2,light_FST1_2,1,1,0.9988939166069031
ps_f2_74_fd307fa6.jpg,C:\Users\Angad\Desktop\StemFellowship\data\raw\fitzpatrick\Categorized_AbbrvName\ps_653\ps_f2_74_fd307fa6.jpg,2,light_FST1_2,0,0,0.22678498923778534
ne-ne_f1_18_d653edb6.jpg,C:\Users\Angad\Desktop\StemFellowship\data\raw\fitzpatrick\Categorized_AbbrvName\ne-ne_86\ne-ne_f1_18_d653edb6.jpg,1,light_FST1_2,0,0,0.11266233772039413
sq-ce-ca_f5_565_a036718d.jpg,C:\Users\Angad\Desktop\StemFellowship\data\raw\fitzpatrick\Categorized_AbbrvName\sq-ce-ca_581\sq-ce-ca_f5_565_a036718d.jpg,5,dark_FST5_6,1,1,0.7475309371948242
se-ke_f1_2_d6786927.jpg,C:\Users\Angad\Desktop\StemFellowship\data\raw\fitzpatrick\Categorized_AbbrvName\se-ke_69\se-ke_f1_2_d6786927.jpg,1,light_FST1_2,0,1,0.985767662525177
st-ed_f3_49_78ac41b9.jpg,C:\Users\Angad\Desktop\StemFellowship\data\raw\fitzpatrick\Categorized_AbbrvName\st-ed_69\st-ed_f3_49_78ac41b9.jpg,3,medium_FST3_4,0,1,0.8897376656532288
xa_f1_14_c9ae63b9.jpg,C:\Users\Angad\Desktop\StemFellowship\data\raw\fitzpatrick\Categorized_AbbrvName\xa_53\xa_f1_14_c9ae63b9.jpg,1,light_FST1_2,0,0,0.36524492502212524
ac-ke_f4_161_b0b5f595.jpg,C:\Users\Angad\Desktop\StemFellowship\data\raw\fitzpatrick\Categorized_AbbrvName\ac-ke_175\ac-ke_f4_161_b0b5f595.jpg,4,medium_FST3_4,1,1,0.7676864266395569
pi-ru-pi_f5_58_3afc05b1.jpg,C:\Users\Angad\Desktop\StemFellowship\data\raw\fitzpatrick\Categorized_AbbrvName\pi-ru-pi_278\pi-ru-pi_f5_58_3afc05b1.jpg,5,dark_FST5_6,0,0,5.039535244577564e-05
sq-ce-ca_f3_213_0353409e.jpg,C:\Users\Angad\Desktop\StemFellowship\data\raw\fitzpatrick\Categorized_AbbrvName\sq-ce-ca_581\sq-ce-ca_f3_213_0353409e.jpg,3,medium_FST3_4,1,1,0.764125645160675
ac-vu_f2_284_dc412f2b.jpg,C:\Users\Angad\Desktop\StemFellowship\data\raw\fitzpatrick\Categorized_AbbrvName\ac-vu_335\ac-vu_f2_284_dc412f2b.jpg,2,light_FST1_2,0,0,0.004080646671354771
sa_f6_49_b20dd9c7.jpg,C:\Users\Angad\Desktop\StemFellowship\data\raw\fitzpatrick\Categorized_AbbrvName\sa_349\sa_f6_49_b20dd9c7.jpg,6,dark_FST5_6,0,0,0.033491864800453186
pu-ps_f1_33_3cbcd62a.jpg,C:\Users\Angad\Desktop\StemFellowship\data\raw\fitzpatrick\Categorized_AbbrvName\pu-ps_53\pu-ps_f1_33_3cbcd62a.jpg,1,light_FST1_2,0,0,0.2065909504890442
al-co-de_f2_337_d9711f58.jpg,C:\Users\Angad\Desktop\StemFellowship\data\raw\fitzpatrick\Categorized_AbbrvName\al-co-de_430\al-co-de_f2_337_d9711f58.jpg,2,light_FST1_2,0,0,0.4059031009674072
pe-li_f3_102_656ddb7b.jpg,C:\Users\Angad\Desktop\StemFellowship\data\raw\fitzpatrick\Categorized_AbbrvName\pe-li_151\pe-li_f3_102_656ddb7b.jpg,3,medium_FST3_4,0,0,0.11113650351762772
ke-pi_f1_50_63a44b60.jpg,C:\Users\Angad\Desktop\StemFellowship\data\raw\fitzpatrick\Categorized_AbbrvName\ke-pi_78\ke-pi_f1_50_63a44b60.jpg,1,light_FST1_2,0,0,0.0051511419005692005
sq-ce-ca_f3_506_079f0432.jpg,C:\Users\Angad\Desktop\StemFellowship\data\raw\fitzpatrick\Categorized_AbbrvName\sq-ce-ca_581\sq-ce-ca_f3_506_079f0432.jpg,3,medium_FST3_4,1,1,0.5542268753051758
fa-de_f1_29_b2447aaf.jpg,C:\Users\Angad\Desktop\StemFellowship\data\raw\fitzpatrick\Categorized_AbbrvName\fa-de_66\fa-de_f1_29_b2447aaf.jpg,1,light_FST1_2,0,0,0.017103184014558792
co-ne_f3_60_10055efa.jpg,C:\Users\Angad\Desktop\StemFellowship\data\raw\fitzpatrick\Categorized_AbbrvName\co-ne_68\co-ne_f3_60_10055efa.jpg,3,medium_FST3_4,0,0,0.4953847825527191
ps_f4_573_6258560e.jpg,C:\Users\Angad\Desktop\StemFellowship\data\raw\fitzpatrick\Categorized_AbbrvName\ps_653\ps_f4_573_6258560e.jpg,4,medium_FST3_4,0,0,0.015360970981419086
sa_f1_69_e25472b5.jpg,C:\Users\Angad\Desktop\StemFellowship\data\raw\fitzpatrick\Categorized_AbbrvName\sa_349\sa_f1_69_e25472b5.jpg,1,light_FST1_2,0,0,0.02179219387471676
gr-an_f2_8_aa69adfc.jpg,C:\Users\Angad\Desktop\StemFellowship\data\raw\fitzpatrick\Categorized_AbbrvName\gr-an_211\gr-an_f2_8_aa69adfc.jpg,2,light_FST1_2,0,0,0.2578982710838318
ps_f3_234_f0c21964.jpg,C:\Users\Angad\Desktop\StemFellowship\data\raw\fitzpatrick\Categorized_AbbrvName\ps_653\ps_f3_234_f0c21964.jpg,3,medium_FST3_4,0,0,0.3627161681652069
di-ac-po_f2_31_c47d1570.jpg,C:\Users\Angad\Desktop\StemFellowship\data\raw\fitzpatrick\Categorized_AbbrvName\di-ac-po_60\di-ac-po_f2_31_c47d1570.jpg,2,light_FST1_2,0,0,0.4942665696144104
ne-ne_f4_2_c1e1779a.jpg,C:\Users\Angad\Desktop\StemFellowship\data\raw\fitzpatrick\Categorized_AbbrvName\ne-ne_86\ne-ne_f4_2_c1e1779a.jpg,4,medium_FST3_4,0,1,0.7775787115097046
st-jo-sy_f2_60_88c561ef.jpg,C:\Users\Angad\Desktop\StemFellowship\data\raw\fitzpatrick\Categorized_AbbrvName\st-jo-sy_113\st-jo-sy_f2_60_88c561ef.jpg,2,light_FST1_2,0,1,0.7097409963607788
vi_f5_106_41de318a.jpg,C:\Users\Angad\Desktop\StemFellowship\data\raw\fitzpatrick\Categorized_AbbrvName\vi_166\vi_f5_106_41de318a.jpg,5,dark_FST5_6,0,0,0.16782894730567932
ha-ne_f2_11_e4e454f1.jpg,C:\Users\Angad\Desktop\StemFellowship\data\raw\fitzpatrick\Categorized_AbbrvName\ha-ne_82\ha-ne_f2_11_e4e454f1.jpg,2,light_FST1_2,0,0,0.012475798837840557
ac-vu_f3_25_333be380.jpg,C:\Users\Angad\Desktop\StemFellowship\data\raw\fitzpatrick\Categorized_AbbrvName\ac-vu_335\ac-vu_f3_25_333be380.jpg,3,medium_FST3_4,0,0,0.19886468350887299
ne-in_f5_15_448cd3e2.jpg,C:\Users\Angad\Desktop\StemFellowship\data\raw\fitzpatrick\Categorized_AbbrvName\ne-in_260\ne-in_f5_15_448cd3e2.jpg,5,dark_FST5_6,0,0,1.4859608199913055e-05
py-gr_f1_97_bf572e49.jpg,C:\Users\Angad\Desktop\StemFellowship\data\raw\fitzpatrick\Categorized_AbbrvName\py-gr_113\py-gr_f1_97_bf572e49.jpg,1,light_FST1_2,0,1,0.5841035842895508
al-co-de_f4_424_fd387bbf.jpg,C:\Users\Angad\Desktop\StemFellowship\data\raw\fitzpatrick\Categorized_AbbrvName\al-co-de_430\al-co-de_f4_424_fd387bbf.jpg,4,medium_FST3_4,0,0,0.020138895139098167
dr-er_f1_103_e5e9b853.jpg,C:\Users\Angad\Desktop\StemFellowship\data\raw\fitzpatrick\Categorized_AbbrvName\dr-er_200\dr-er_f1_103_e5e9b853.jpg,1,light_FST1_2,0,0,0.0749429315328598
sa_f2_178_90129ccf.jpg,C:\Users\Angad\Desktop\StemFellowship\data\raw\fitzpatrick\Categorized_AbbrvName\sa_349\sa_f2_178_90129ccf.jpg,2,light_FST1_2,0,0,0.46486181020736694
al-co-de_f2_375_7eeb14d8.jpg,C:\Users\Angad\Desktop\StemFellowship\data\raw\fitzpatrick\Categorized_AbbrvName\al-co-de_430\al-co-de_f2_375_7eeb14d8.jpg,2,light_FST1_2,0,1,0.565418004989624
li-pl_f3_326_41234286.jpg,C:\Users\Angad\Desktop\StemFellowship\data\raw\fitzpatrick\Categorized_AbbrvName\li-pl_491\li-pl_f3_326_41234286.jpg,3,medium_FST3_4,0,0,4.619456603904837e-07
pi-ro_f4_163_803ab534.jpg,C:\Users\Angad\Desktop\StemFellowship\data\raw\fitzpatrick\Categorized_AbbrvName\pi-ro_193\pi-ro_f4_163_803ab534.jpg,4,medium_FST3_4,0,0,0.015828778967261314
na-co_f4_37_c1624edf.jpg,C:\Users\Angad\Desktop\StemFellowship\data\raw\fitzpatrick\Categorized_AbbrvName\na-co_73\na-co_f4_37_c1624edf.jpg,4,medium_FST3_4,0,0,0.048448674380779266
er-mu_f5_158_01802314.jpg,C:\Users\Angad\Desktop\StemFellowship\data\raw\fitzpatrick\Categorized_AbbrvName\er-mu_236\er-mu_f5_158_01802314.jpg,5,dark_FST5_6,0,0,0.0067705209366977215
ly-di_f2_2_8915cc62.jpg,C:\Users\Angad\Desktop\StemFellowship\data\raw\fitzpatrick\Categorized_AbbrvName\ly-di_129\ly-di_f2_2_8915cc62.jpg,2,light_FST1_2,0,1,0.5511508584022522
sy_f4_31_e81aef70.jpg,C:\Users\Angad\Desktop\StemFellowship\data\raw\fitzpatrick\Categorized_AbbrvName\sy_127\sy_f4_31_e81aef70.jpg,4,medium_FST3_4,0,0,0.00027289512217976153
ic-vu_f1_24_35c6df93.jpg,C:\Users\Angad\Desktop\StemFellowship\data\raw\fitzpatrick\Categorized_AbbrvName\ic-vu_65\ic-vu_f1_24_35c6df93.jpg,1,light_FST1_2,0,0,0.3861779570579529
ha-ha-di_f4_84_d613ccf6.jpg,C:\Users\Angad\Desktop\StemFellowship\data\raw\fitzpatrick\Categorized_AbbrvName\ha-ha-di_174\ha-ha-di_f4_84_d613ccf6.jpg,4,medium_FST3_4,0,0,0.13687802851200104
ke_f5_41_481cf87e.jpg,C:\Users\Angad\Desktop\StemFellowship\data\raw\fitzpatrick\Categorized_AbbrvName\ke_156\ke_f5_41_481cf87e.jpg,5,dark_FST5_6,0,0,0.04109981656074524
ma-me_f3_58_a4158b66.jpg,C:\Users\Angad\Desktop\StemFellowship\data\raw\fitzpatrick\Categorized_AbbrvName\ma-me_111\ma-me_f3_58_a4158b66.jpg,3,medium_FST3_4,1,0,0.03977727144956589
ur-pi_f3_54_03953317.jpg,C:\Users\Angad\Desktop\StemFellowship\data\raw\fitzpatrick\Categorized_AbbrvName\ur-pi_112\ur-pi_f3_54_03953317.jpg,3,medium_FST3_4,0,0,0.1316159963607788
ap-cu_f1_30_55ce57ec.jpg,C:\Users\Angad\Desktop\StemFellowship\data\raw\fitzpatrick\Categorized_AbbrvName\ap-cu_72\ap-cu_f1_30_55ce57ec.jpg,1,light_FST1_2,0,0,0.10192866623401642
gr-an_f1_140_21a68938.jpg,C:\Users\Angad\Desktop\StemFellowship\data\raw\fitzpatrick\Categorized_AbbrvName\gr-an_211\gr-an_f1_140_21a68938.jpg,1,light_FST1_2,0,0,0.12566012144088745
ec_f2_0_31749f92.jpg,C:\Users\Angad\Desktop\StemFellowship\data\raw\fitzpatrick\Categorized_AbbrvName\ec_204\ec_f2_0_31749f92.jpg,2,light_FST1_2,0,0,0.01700211688876152
al-co-de_f2_66_4b0e4f00.jpg,C:\Users\Angad\Desktop\StemFellowship\data\raw\fitzpatrick\Categorized_AbbrvName\al-co-de_430\al-co-de_f2_66_4b0e4f00.jpg,2,light_FST1_2,0,0,0.18435418605804443
ba-ce-ca_f5_273_93c3ccc3.jpg,C:\Users\Angad\Desktop\StemFellowship\data\raw\fitzpatrick\Categorized_AbbrvName\ba-ce-ca_468\ba-ce-ca_f5_273_93c3ccc3.jpg,5,dark_FST5_6,1,1,0.9745635986328125
li-pl_f3_257_0f4d69e4.jpg,C:\Users\Angad\Desktop\StemFellowship\data\raw\fitzpatrick\Categorized_AbbrvName\li-pl_491\li-pl_f3_257_0f4d69e4.jpg,3,medium_FST3_4,0,0,0.08047392219305038
ps_f2_30_837f0dad.jpg,C:\Users\Angad\Desktop\StemFellowship\data\raw\fitzpatrick\Categorized_AbbrvName\ps_653\ps_f2_30_837f0dad.jpg,2,light_FST1_2,0,0,0.3322475254535675
xe-pi_f6_51_805b32da.jpg,C:\Users\Angad\Desktop\StemFellowship\data\raw\fitzpatrick\Categorized_AbbrvName\xe-pi_81\xe-pi_f6_51_805b32da.jpg,6,dark_FST5_6,0,0,0.4552783966064453
er-mu_f3_93_1e6d22c7.jpg,C:\Users\Angad\Desktop\StemFellowship\data\raw\fitzpatrick\Categorized_AbbrvName\er-mu_236\er-mu_f3_93_1e6d22c7.jpg,3,medium_FST3_4,0,0,0.04675936698913574
pi-ru-pi_f4_79_bad75166.jpg,C:\Users\Angad\Desktop\StemFellowship\data\raw\fitzpatrick\Categorized_AbbrvName\pi-ru-pi_278\pi-ru-pi_f4_79_bad75166.jpg,4,medium_FST3_4,0,0,0.001367465709336102
ps_f4_523_6ad9e4d3.jpg,C:\Users\Angad\Desktop\StemFellowship\data\raw\fitzpatrick\Categorized_AbbrvName\ps_653\ps_f4_523_6ad9e4d3.jpg,4,medium_FST3_4,0,0,0.05282644182443619
ur-pi_f4_8_79db3a46.jpg,C:\Users\Angad\Desktop\StemFellowship\data\raw\fitzpatrick\Categorized_AbbrvName\ur-pi_112\ur-pi_f4_8_79db3a46.jpg,4,medium_FST3_4,0,0,0.3338790237903595
pi-ru-pi_f5_218_a9014543.jpg,C:\Users\Angad\Desktop\StemFellowship\data\raw\fitzpatrick\Categorized_AbbrvName\pi-ru-pi_278\pi-ru-pi_f5_218_a9014543.jpg,5,dark_FST5_6,0,0,0.031852614134550095
ne-de_f1_48_bc3c7949.jpg,C:\Users\Angad\Desktop\StemFellowship\data\raw\fitzpatrick\Categorized_AbbrvName\ne-de_361\ne-de_f1_48_bc3c7949.jpg,1,light_FST1_2,0,0,0.2910139858722687
ps_f2_91_5932f160.jpg,C:\Users\Angad\Desktop\StemFellowship\data\raw\fitzpatrick\Categorized_AbbrvName\ps_653\ps_f2_91_5932f160.jpg,2,light_FST1_2,0,0,0.08000703155994415
sq-ce-ca_f2_26_83ce49e8.jpg,C:\Users\Angad\Desktop\StemFellowship\data\raw\fitzpatrick\Categorized_AbbrvName\sq-ce-ca_581\sq-ce-ca_f2_26_83ce49e8.jpg,2,light_FST1_2,1,1,0.911858856678009
ph_f2_110_6585100c.jpg,C:\Users\Angad\Desktop\StemFellowship\data\raw\fitzpatrick\Categorized_AbbrvName\ph_348\ph_f2_110_6585100c.jpg,2,light_FST1_2,0,0,0.3194673955440521
sa_f5_110_6ee6dca6.jpg,C:\Users\Angad\Desktop\StemFellowship\data\raw\fitzpatrick\Categorized_AbbrvName\sa_349\sa_f5_110_6ee6dca6.jpg,5,dark_FST5_6,0,0,0.21101294457912445
mu_f1_6_10016a58.jpg,C:\Users\Angad\Desktop\StemFellowship\data\raw\fitzpatrick\Categorized_AbbrvName\mu_92\mu_f1_6_10016a58.jpg,1,light_FST1_2,0,0,0.47065308690071106
ec_f4_135_ecb358bd.jpg,C:\Users\Angad\Desktop\StemFellowship\data\raw\fitzpatrick\Categorized_AbbrvName\ec_204\ec_f4_135_ecb358bd.jpg,4,medium_FST3_4,0,0,0.21948041021823883
fo_f3_194_52c7de24.jpg,C:\Users\Angad\Desktop\StemFellowship\data\raw\fitzpatrick\Categorized_AbbrvName\fo_342\fo_f3_194_52c7de24.jpg,3,medium_FST3_4,0,0,0.06481995433568954
ps_f3_522_2409cc2b.jpg,C:\Users\Angad\Desktop\StemFellowship\data\raw\fitzpatrick\Categorized_AbbrvName\ps_653\ps_f3_522_2409cc2b.jpg,3,medium_FST3_4,0,0,0.44485804438591003
my-fu_f3_36_144b47a1.jpg,C:\Users\Angad\Desktop\StemFellowship\data\raw\fitzpatrick\Categorized_AbbrvName\my-fu_182\my-fu_f3_36_144b47a1.jpg,3,medium_FST3_4,1,1,0.9673053026199341
mi_f1_21_a0639e22.jpg,C:\Users\Angad\Desktop\StemFellowship\data\raw\fitzpatrick\Categorized_AbbrvName\mi_112\mi_f1_21_a0639e22.jpg,1,light_FST1_2,0,0,0.0859481617808342
pi-ro_f3_36_e4909a22.jpg,C:\Users\Angad\Desktop\StemFellowship\data\raw\fitzpatrick\Categorized_AbbrvName\pi-ro_193\pi-ro_f3_36_e4909a22.jpg,3,medium_FST3_4,0,0,0.003516148077324033
ps_f4_177_4ccb6101.jpg,C:\Users\Angad\Desktop\StemFellowship\data\raw\fitzpatrick\Categorized_AbbrvName\ps_653\ps_f4_177_4ccb6101.jpg,4,medium_FST3_4,0,0,0.0033990826923400164
mu-cy_f4_37_44c1dd90.jpg,C:\Users\Angad\Desktop\StemFellowship\data\raw\fitzpatrick\Categorized_AbbrvName\mu-cy_79\mu-cy_f4_37_44c1dd90.jpg,4,medium_FST3_4,0,0,0.17015451192855835
ps_f2_572_990d78eb.jpg,C:\Users\Angad\Desktop\StemFellowship\data\raw\fitzpatrick\Categorized_AbbrvName\ps_653\ps_f2_572_990d78eb.jpg,2,light_FST1_2,0,0,0.12004528194665909
gr-py_f2_63_0dfef32f.jpg,C:\Users\Angad\Desktop\StemFellowship\data\raw\fitzpatrick\Categorized_AbbrvName\gr-py_75\gr-py_f2_63_0dfef32f.jpg,2,light_FST1_2,0,1,0.5555353164672852
ne-de_f4_284_c30d9d1f.jpg,C:\Users\Angad\Desktop\StemFellowship\data\raw\fitzpatrick\Categorized_AbbrvName\ne-de_361\ne-de_f4_284_c30d9d1f.jpg,4,medium_FST3_4,0,0,0.00012570712715387344
sq-ce-ca_f4_215_06d1d14e.jpg,C:\Users\Angad\Desktop\StemFellowship\data\raw\fitzpatrick\Categorized_AbbrvName\sq-ce-ca_581\sq-ce-ca_f4_215_06d1d14e.jpg,4,medium_FST3_4,1,0,0.03464154526591301
pi-ro_f6_39_702efb84.jpg,C:\Users\Angad\Desktop\StemFellowship\data\raw\fitzpatrick\Categorized_AbbrvName\pi-ro_193\pi-ro_f6_39_702efb84.jpg,6,dark_FST5_6,0,0,0.010980343446135521
dr-in-pi-ch_f5_31_02ed1fe8.jpg,C:\Users\Angad\Desktop\StemFellowship\data\raw\fitzpatrick\Categorized_AbbrvName\dr-in-pi-ch_71\dr-in-pi-ch_f5_31_02ed1fe8.jpg,5,dark_FST5_6,0,0,0.019544651731848717
pi_f2_28_556bb0b2.jpg,C:\Users\Angad\Desktop\StemFellowship\data\raw\fitzpatrick\Categorized_AbbrvName\pi_53\pi_f2_28_556bb0b2.jpg,2,light_FST1_2,0,0,0.01456578727811575
ke-pi_f4_53_68888c41.jpg,C:\Users\Angad\Desktop\StemFellowship\data\raw\fitzpatrick\Categorized_AbbrvName\ke-pi_78\ke-pi_f4_53_68888c41.jpg,4,medium_FST3_4,0,0,0.032329194247722626
se-ke_f2_58_ae597315.jpg,C:\Users\Angad\Desktop\StemFellowship\data\raw\fitzpatrick\Categorized_AbbrvName\se-ke_69\se-ke_f2_58_ae597315.jpg,2,light_FST1_2,0,1,0.9520017504692078
fo_f5_258_b80352d3.jpg,C:\Users\Angad\Desktop\StemFellowship\data\raw\fitzpatrick\Categorized_AbbrvName\fo_342\fo_f5_258_b80352d3.jpg,5,dark_FST5_6,0,0,0.013925113715231419
ne-de_f1_209_c0f1b404.jpg,C:\Users\Angad\Desktop\StemFellowship\data\raw\fitzpatrick\Categorized_AbbrvName\ne-de_361\ne-de_f1_209_c0f1b404.jpg,1,light_FST1_2,0,0,0.00047090722364373505
st-jo-sy_f1_83_0487c322.jpg,C:\Users\Angad\Desktop\StemFellowship\data\raw\fitzpatrick\Categorized_AbbrvName\st-jo-sy_113\st-jo-sy_f1_83_0487c322.jpg,1,light_FST1_2,0,0,0.001980164321139455
ph_f3_49_4e74a272.jpg,C:\Users\Angad\Desktop\StemFellowship\data\raw\fitzpatrick\Categorized_AbbrvName\ph_348\ph_f3_49_4e74a272.jpg,3,medium_FST3_4,0,0,0.17306381464004517
se-ke_f2_22_8adbab80.jpg,C:\Users\Angad\Desktop\StemFellowship\data\raw\fitzpatrick\Categorized_AbbrvName\se-ke_69\se-ke_f2_22_8adbab80.jpg,2,light_FST1_2,0,0,0.1783193051815033
hi_f3_7_2e63173d.jpg,C:\Users\Angad\Desktop\StemFellowship\data\raw\fitzpatrick\Categorized_AbbrvName\hi_90\hi_f3_7_2e63173d.jpg,3,medium_FST3_4,0,0,0.09471872448921204
li-pl_f6_138_abc5d1da.jpg,C:\Users\Angad\Desktop\StemFellowship\data\raw\fitzpatrick\Categorized_AbbrvName\li-pl_491\li-pl_f6_138_abc5d1da.jpg,6,dark_FST5_6,0,0,0.0012621532659977674
er-mu_f1_22_a20c6360.jpg,C:\Users\Angad\Desktop\StemFellowship\data\raw\fitzpatrick\Categorized_AbbrvName\er-mu_236\er-mu_f1_22_a20c6360.jpg,1,light_FST1_2,0,0,0.18310806155204773
ec_f2_39_a0bf83ce.jpg,C:\Users\Angad\Desktop\StemFellowship\data\raw\fitzpatrick\Categorized_AbbrvName\ec_204\ec_f2_39_a0bf83ce.jpg,2,light_FST1_2,0,0,0.00990069005638361
na-co_f4_25_38b19f57.jpg,C:\Users\Angad\Desktop\StemFellowship\data\raw\fitzpatrick\Categorized_AbbrvName\na-co_73\na-co_f4_25_38b19f57.jpg,4,medium_FST3_4,0,0,0.0013092870358377695
pi-ro_f4_175_3bbc45ce.jpg,C:\Users\Angad\Desktop\StemFellowship\data\raw\fitzpatrick\Categorized_AbbrvName\pi-ro_193\pi-ro_f4_175_3bbc45ce.jpg,4,medium_FST3_4,0,1,0.6558953523635864
ur-pi_f6_35_aee55393.jpg,C:\Users\Angad\Desktop\StemFellowship\data\raw\fitzpatrick\Categorized_AbbrvName\ur-pi_112\ur-pi_f6_35_aee55393.jpg,6,dark_FST5_6,0,0,0.008477283641695976
fi-er_f1_27_4b3a5cce.jpg,C:\Users\Angad\Desktop\StemFellowship\data\raw\fitzpatrick\Categorized_AbbrvName\fi-er_125\fi-er_f1_27_4b3a5cce.jpg,1,light_FST1_2,0,0,0.4186684191226959
li-pl_f5_390_85de0b8c.jpg,C:\Users\Angad\Desktop\StemFellowship\data\raw\fitzpatrick\Categorized_AbbrvName\li-pl_491\li-pl_f5_390_85de0b8c.jpg,5,dark_FST5_6,0,0,9.752392361406237e-05
ac_f1_123_594bd3ca.jpg,C:\Users\Angad\Desktop\StemFellowship\data\raw\fitzpatrick\Categorized_AbbrvName\ac_183\ac_f1_123_594bd3ca.jpg,1,light_FST1_2,0,0,0.006417811382561922
le-ma_f6_26_008c8be1.jpg,C:\Users\Angad\Desktop\StemFellowship\data\raw\fitzpatrick\Categorized_AbbrvName\le-ma_83\le-ma_f6_26_008c8be1.jpg,6,dark_FST5_6,1,0,0.09133005142211914
eh-da-sy_f4_12_8a8ec06a.jpg,C:\Users\Angad\Desktop\StemFellowship\data\raw\fitzpatrick\Categorized_AbbrvName\eh-da-sy_127\eh-da-sy_f4_12_8a8ec06a.jpg,4,medium_FST3_4,0,0,0.13975752890110016
hi_f3_20_73236028.jpg,C:\Users\Angad\Desktop\StemFellowship\data\raw\fitzpatrick\Categorized_AbbrvName\hi_90\hi_f3_20_73236028.jpg,3,medium_FST3_4,0,0,0.456420361995697
ly-di_f1_86_9ef821bb.jpg,C:\Users\Angad\Desktop\StemFellowship\data\raw\fitzpatrick\Categorized_AbbrvName\ly-di_129\ly-di_f1_86_9ef821bb.jpg,1,light_FST1_2,0,0,0.26654356718063354
ph_f2_299_4816f2ad.jpg,C:\Users\Angad\Desktop\StemFellowship\data\raw\fitzpatrick\Categorized_AbbrvName\ph_348\ph_f2_299_4816f2ad.jpg,2,light_FST1_2,0,1,0.7611206769943237
ha-ne_f4_7_b1098b20.jpg,C:\Users\Angad\Desktop\StemFellowship\data\raw\fitzpatrick\Categorized_AbbrvName\ha-ne_82\ha-ne_f4_7_b1098b20.jpg,4,medium_FST3_4,0,0,0.050229184329509735
ti-bi_f1_17_ce60df6f.jpg,C:\Users\Angad\Desktop\StemFellowship\data\raw\fitzpatrick\Categorized_AbbrvName\ti-bi_73\ti-bi_f1_17_ce60df6f.jpg,1,light_FST1_2,0,1,0.8792161345481873
ps_f3_355_dc91c860.jpg,C:\Users\Angad\Desktop\StemFellowship\data\raw\fitzpatrick\Categorized_AbbrvName\ps_653\ps_f3_355_dc91c860.jpg,3,medium_FST3_4,0,0,0.22073408961296082
ac-ke_f3_59_78c42deb.jpg,C:\Users\Angad\Desktop\StemFellowship\data\raw\fitzpatrick\Categorized_AbbrvName\ac-ke_175\ac-ke_f3_59_78c42deb.jpg,3,medium_FST3_4,1,1,0.9834592938423157
lu-er_f3_87_e9f41999.jpg,C:\Users\Angad\Desktop\StemFellowship\data\raw\fitzpatrick\Categorized_AbbrvName\lu-er_410\lu-er_f3_87_e9f41999.jpg,3,medium_FST3_4,0,0,0.09483028203248978
gr-an_f4_200_e6e032d6.jpg,C:\Users\Angad\Desktop\StemFellowship\data\raw\fitzpatrick\Categorized_AbbrvName\gr-an_211\gr-an_f4_200_e6e032d6.jpg,4,medium_FST3_4,0,0,0.053338222205638885
pr-no_f4_107_6c12f0e9.jpg,C:\Users\Angad\Desktop\StemFellowship\data\raw\fitzpatrick\Categorized_AbbrvName\pr-no_170\pr-no_f4_107_6c12f0e9.jpg,4,medium_FST3_4,0,0,0.13194246590137482
co-ne_f3_42_b506b138.jpg,C:\Users\Angad\Desktop\StemFellowship\data\raw\fitzpatrick\Categorized_AbbrvName\co-ne_68\co-ne_f3_42_b506b138.jpg,3,medium_FST3_4,0,0,0.06523467600345612
pa_f2_43_06169a29.jpg,C:\Users\Angad\Desktop\StemFellowship\data\raw\fitzpatrick\Categorized_AbbrvName\pa_59\pa_f2_43_06169a29.jpg,2,light_FST1_2,0,0,0.04805916175246239
ke_f2_39_83f365fe.jpg,C:\Users\Angad\Desktop\StemFellowship\data\raw\fitzpatrick\Categorized_AbbrvName\ke_156\ke_f2_39_83f365fe.jpg,2,light_FST1_2,0,0,0.28357237577438354
xe-pi_f5_12_5347575a.jpg,C:\Users\Angad\Desktop\StemFellowship\data\raw\fitzpatrick\Categorized_AbbrvName\xe-pi_81\xe-pi_f5_12_5347575a.jpg,5,dark_FST5_6,0,0,0.4273469150066376
tu_f1_80_0cfe5ad8.jpg,C:\Users\Angad\Desktop\StemFellowship\data\raw\fitzpatrick\Categorized_AbbrvName\tu_152\tu_f1_80_0cfe5ad8.jpg,1,light_FST1_2,0,0,0.27692562341690063
pi-ru-pi_f4_34_05c8b20c.jpg,C:\Users\Angad\Desktop\StemFellowship\data\raw\fitzpatrick\Categorized_AbbrvName\pi-ru-pi_278\pi-ru-pi_f4_34_05c8b20c.jpg,4,medium_FST3_4,0,0,0.00022156251361593604
ba-ce-ca_f3_5_521bec86.jpg,C:\Users\Angad\Desktop\StemFellowship\data\raw\fitzpatrick\Categorized_AbbrvName\ba-ce-ca_468\ba-ce-ca_f3_5_521bec86.jpg,3,medium_FST3_4,1,1,0.9062550067901611
gr-an_f2_209_2208cbb0.jpg,C:\Users\Angad\Desktop\StemFellowship\data\raw\fitzpatrick\Categorized_AbbrvName\gr-an_211\gr-an_f2_209_2208cbb0.jpg,2,light_FST1_2,0,1,0.973565936088562
li-pl_f4_172_cf3b0172.jpg,C:\Users\Angad\Desktop\StemFellowship\data\raw\fitzpatrick\Categorized_AbbrvName\li-pl_491\li-pl_f4_172_cf3b0172.jpg,4,medium_FST3_4,0,0,0.00023843780218157917
vi_f6_90_ba02082d.jpg,C:\Users\Angad\Desktop\StemFellowship\data\raw\fitzpatrick\Categorized_AbbrvName\vi_166\vi_f6_90_ba02082d.jpg,6,dark_FST5_6,0,0,0.031238317489624023
mi_f3_110_7be26796.jpg,C:\Users\Angad\Desktop\StemFellowship\data\raw\fitzpatrick\Categorized_AbbrvName\mi_112\mi_f3_110_7be26796.jpg,3,medium_FST3_4,0,0,0.020700426772236824
tu-sc_f4_113_09fe0d7e.jpg,C:\Users\Angad\Desktop\StemFellowship\data\raw\fitzpatrick\Categorized_AbbrvName\tu-sc_141\tu-sc_f4_113_09fe0d7e.jpg,4,medium_FST3_4,0,0,0.09600047022104263
dr-in-pi-ch_f1_20_cda168c6.jpg,C:\Users\Angad\Desktop\StemFellowship\data\raw\fitzpatrick\Categorized_AbbrvName\dr-in-pi-ch_71\dr-in-pi-ch_f1_20_cda168c6.jpg,1,light_FST1_2,0,0,0.4710594713687897
li-re_f1_44_c0ed35b2.jpg,C:\Users\Angad\Desktop\StemFellowship\data\raw\fitzpatrick\Categorized_AbbrvName\li-re_60\li-re_f1_44_c0ed35b2.jpg,1,light_FST1_2,0,0,0.2879037857055664
dr-in-pi-ch_f6_27_ad3f30ee.jpg,C:\Users\Angad\Desktop\StemFellowship\data\raw\fitzpatrick\Categorized_AbbrvName\dr-in-pi-ch_71\dr-in-pi-ch_f6_27_ad3f30ee.jpg,6,dark_FST5_6,0,0,0.14594492316246033
li-am_f2_21_46c139ce.jpg,C:\Users\Angad\Desktop\StemFellowship\data\raw\fitzpatrick\Categorized_AbbrvName\li-am_77\li-am_f2_21_46c139ce.jpg,2,light_FST1_2,0,0,0.10885890573263168
gr-an_f4_149_de3e206c.jpg,C:\Users\Angad\Desktop\StemFellowship\data\raw\fitzpatrick\Categorized_AbbrvName\gr-an_211\gr-an_f4_149_de3e206c.jpg,4,medium_FST3_4,0,0,0.32800352573394775
mu-cy_f2_53_235da66c.jpg,C:\Users\Angad\Desktop\StemFellowship\data\raw\fitzpatrick\Categorized_AbbrvName\mu-cy_79\mu-cy_f2_53_235da66c.jpg,2,light_FST1_2,0,0,0.0606946162879467
er-an-ce_f3_73_910b6e79.jpg,C:\Users\Angad\Desktop\StemFellowship\data\raw\fitzpatrick\Categorized_AbbrvName\er-an-ce_88\er-an-ce_f3_73_910b6e79.jpg,3,medium_FST3_4,0,0,0.005027524195611477
sa_f2_234_2ad5f1d2.jpg,C:\Users\Angad\Desktop\StemFellowship\data\raw\fitzpatrick\Categorized_AbbrvName\sa_349\sa_f2_234_2ad5f1d2.jpg,2,light_FST1_2,0,0,0.47580328583717346
al-co-de_f2_251_4dfab46a.jpg,C:\Users\Angad\Desktop\StemFellowship\data\raw\fitzpatrick\Categorized_AbbrvName\al-co-de_430\al-co-de_f2_251_4dfab46a.jpg,2,light_FST1_2,0,0,0.32052451372146606
gr-an_f4_136_8ef0a2dd.jpg,C:\Users\Angad\Desktop\StemFellowship\data\raw\fitzpatrick\Categorized_AbbrvName\gr-an_211\gr-an_f4_136_8ef0a2dd.jpg,4,medium_FST3_4,0,1,0.7772024273872375
te_f3_45_c95cc8c4.jpg,C:\Users\Angad\Desktop\StemFellowship\data\raw\fitzpatrick\Categorized_AbbrvName\te_126\te_f3_45_c95cc8c4.jpg,3,medium_FST3_4,0,0,0.20400795340538025
be-di_f2_32_41776e52.jpg,C:\Users\Angad\Desktop\StemFellowship\data\raw\fitzpatrick\Categorized_AbbrvName\be-di_63\be-di_f2_32_41776e52.jpg,2,light_FST1_2,0,0,0.31038835644721985
su-sp-me-ss_f2_64_0ee34d8c.jpg,C:\Users\Angad\Desktop\StemFellowship\data\raw\fitzpatrick\Categorized_AbbrvName\su-sp-me-ss_118\su-sp-me-ss_f2_64_0ee34d8c.jpg,2,light_FST1_2,1,1,0.7245125770568848
sq-ce-ca_f3_364_664d7940.jpg,C:\Users\Angad\Desktop\StemFellowship\data\raw\fitzpatrick\Categorized_AbbrvName\sq-ce-ca_581\sq-ce-ca_f3_364_664d7940.jpg,3,medium_FST3_4,1,1,0.9892822504043579
ur-pi_f4_13_b0963f05.jpg,C:\Users\Angad\Desktop\StemFellowship\data\raw\fitzpatrick\Categorized_AbbrvName\ur-pi_112\ur-pi_f4_13_b0963f05.jpg,4,medium_FST3_4,0,0,0.08701585978269577
ne-in_f2_123_d3e6ca76.jpg,C:\Users\Angad\Desktop\StemFellowship\data\raw\fitzpatrick\Categorized_AbbrvName\ne-in_260\ne-in_f2_123_d3e6ca76.jpg,2,light_FST1_2,0,0,0.19118942320346832
mu-cy_f5_8_76b89e0c.jpg,C:\Users\Angad\Desktop\StemFellowship\data\raw\fitzpatrick\Categorized_AbbrvName\mu-cy_79\mu-cy_f5_8_76b89e0c.jpg,5,dark_FST5_6,0,0,0.16184639930725098
ne-in_f4_212_670e2d45.jpg,C:\Users\Angad\Desktop\StemFellowship\data\raw\fitzpatrick\Categorized_AbbrvName\ne-in_260\ne-in_f4_212_670e2d45.jpg,4,medium_FST3_4,0,0,0.005680459085851908
ro_f3_47_3aefc9f3.jpg,C:\Users\Angad\Desktop\StemFellowship\data\raw\fitzpatrick\Categorized_AbbrvName\ro_102\ro_f3_47_3aefc9f3.jpg,3,medium_FST3_4,0,1,0.7818407416343689
pr-no_f3_48_a97e96cf.jpg,C:\Users\Angad\Desktop\StemFellowship\data\raw\fitzpatrick\Categorized_AbbrvName\pr-no_170\pr-no_f3_48_a97e96cf.jpg,3,medium_FST3_4,0,0,0.011204809881746769
eh-da-sy_f4_39_352cf4cd.jpg,C:\Users\Angad\Desktop\StemFellowship\data\raw\fitzpatrick\Categorized_AbbrvName\eh-da-sy_127\eh-da-sy_f4_39_352cf4cd.jpg,4,medium_FST3_4,0,0,0.004973115399479866
ps_f4_356_13a088dc.jpg,C:\Users\Angad\Desktop\StemFellowship\data\raw\fitzpatrick\Categorized_AbbrvName\ps_653\ps_f4_356_13a088dc.jpg,4,medium_FST3_4,0,0,0.026888607069849968
er-mu_f2_75_31ca4469.jpg,C:\Users\Angad\Desktop\StemFellowship\data\raw\fitzpatrick\Categorized_AbbrvName\er-mu_236\er-mu_f2_75_31ca4469.jpg,2,light_FST1_2,0,0,0.37644079327583313
my-fu_f5_52_a663cd05.jpg,C:\Users\Angad\Desktop\StemFellowship\data\raw\fitzpatrick\Categorized_AbbrvName\my-fu_182\my-fu_f5_52_a663cd05.jpg,5,dark_FST5_6,1,0,0.3352670967578888
ph_f2_179_9027ad2d.jpg,C:\Users\Angad\Desktop\StemFellowship\data\raw\fitzpatrick\Categorized_AbbrvName\ph_348\ph_f2_179_9027ad2d.jpg,2,light_FST1_2,0,0,0.005706970579922199
ps_f2_219_9eade81b.jpg,C:\Users\Angad\Desktop\StemFellowship\data\raw\fitzpatrick\Categorized_AbbrvName\ps_653\ps_f2_219_9eade81b.jpg,2,light_FST1_2,0,0,0.019372183829545975
po-ac_f3_131_f8e06f14.jpg,C:\Users\Angad\Desktop\StemFellowship\data\raw\fitzpatrick\Categorized_AbbrvName\po-ac_183\po-ac_f3_131_f8e06f14.jpg,3,medium_FST3_4,0,1,0.6639588475227356
co-ne_f2_62_6b47a0d5.jpg,C:\Users\Angad\Desktop\StemFellowship\data\raw\fitzpatrick\Categorized_AbbrvName\co-ne_68\co-ne_f2_62_6b47a0d5.jpg,2,light_FST1_2,0,0,0.2232610285282135
dr-er_f3_58_5b657596.jpg,C:\Users\Angad\Desktop\StemFellowship\data\raw\fitzpatrick\Categorized_AbbrvName\dr-er_200\dr-er_f3_58_5b657596.jpg,3,medium_FST3_4,0,0,0.011220141313970089
ha-ha-di_f3_35_445ac712.jpg,C:\Users\Angad\Desktop\StemFellowship\data\raw\fitzpatrick\Categorized_AbbrvName\ha-ha-di_174\ha-ha-di_f3_35_445ac712.jpg,3,medium_FST3_4,0,0,0.016156017780303955
ju-xa_f2_108_e1009d90.jpg,C:\Users\Angad\Desktop\StemFellowship\data\raw\fitzpatrick\Categorized_AbbrvName\ju-xa_149\ju-xa_f2_108_e1009d90.jpg,2,light_FST1_2,0,0,0.01944534294307232
le-ma_f2_64_a3a2e68f.jpg,C:\Users\Angad\Desktop\StemFellowship\data\raw\fitzpatrick\Categorized_AbbrvName\le-ma_83\le-ma_f2_64_a3a2e68f.jpg,2,light_FST1_2,1,1,0.9772921800613403
ps_f6_38_c7c93112.jpg,C:\Users\Angad\Desktop\StemFellowship\data\raw\fitzpatrick\Categorized_AbbrvName\ps_653\ps_f6_38_c7c93112.jpg,6,dark_FST5_6,0,0,0.009530134499073029
ep-ne_f1_40_aa15d4ec.jpg,C:\Users\Angad\Desktop\StemFellowship\data\raw\fitzpatrick\Categorized_AbbrvName\ep-ne_91\ep-ne_f1_40_aa15d4ec.jpg,1,light_FST1_2,0,0,0.31508082151412964
ac_f3_28_0e3b5b7c.jpg,C:\Users\Angad\Desktop\StemFellowship\data\raw\fitzpatrick\Categorized_AbbrvName\ac_183\ac_f3_28_0e3b5b7c.jpg,3,medium_FST3_4,0,0,0.004459649324417114
pi-cy_f1_92_d488137e.jpg,C:\Users\Angad\Desktop\StemFellowship\data\raw\fitzpatrick\Categorized_AbbrvName\pi-cy_93\pi-cy_f1_92_d488137e.jpg,1,light_FST1_2,0,1,0.861343264579773
me_f1_223_938528c2.jpg,C:\Users\Angad\Desktop\StemFellowship\data\raw\fitzpatrick\Categorized_AbbrvName\me_261\me_f1_223_938528c2.jpg,1,light_FST1_2,1,1,0.9922656416893005
ha-ne_f4_57_f996199e.jpg,C:\Users\Angad\Desktop\StemFellowship\data\raw\fitzpatrick\Categorized_AbbrvName\ha-ne_82\ha-ne_f4_57_f996199e.jpg,4,medium_FST3_4,0,0,0.43876713514328003
te_f3_89_63df5103.jpg,C:\Users\Angad\Desktop\StemFellowship\data\raw\fitzpatrick\Categorized_AbbrvName\te_126\te_f3_89_63df5103.jpg,3,medium_FST3_4,0,1,0.8489335775375366
st-ed_f5_60_aecb3b3d.jpg,C:\Users\Angad\Desktop\StemFellowship\data\raw\fitzpatrick\Categorized_AbbrvName\st-ed_69\st-ed_f5_60_aecb3b3d.jpg,5,dark_FST5_6,0,0,0.172150656580925
er-mu_f3_41_724eafda.jpg,C:\Users\Angad\Desktop\StemFellowship\data\raw\fitzpatrick\Categorized_AbbrvName\er-mu_236\er-mu_f3_41_724eafda.jpg,3,medium_FST3_4,0,0,0.11527439206838608
xe-pi_f4_41_4ad19137.jpg,C:\Users\Angad\Desktop\StemFellowship\data\raw\fitzpatrick\Categorized_AbbrvName\xe-pi_81\xe-pi_f4_41_4ad19137.jpg,4,medium_FST3_4,0,0,0.1905541568994522
ka-sa_f4_139_170c87c6.jpg,C:\Users\Angad\Desktop\StemFellowship\data\raw\fitzpatrick\Categorized_AbbrvName\ka-sa_156\ka-sa_f4_139_170c87c6.jpg,4,medium_FST3_4,1,0,0.15702222287654877
pi-ru-pi_f6_44_cec7cd65.jpg,C:\Users\Angad\Desktop\StemFellowship\data\raw\fitzpatrick\Categorized_AbbrvName\pi-ru-pi_278\pi-ru-pi_f6_44_cec7cd65.jpg,6,dark_FST5_6,0,0,0.000856070255395025
ha-ha-di_f4_136_3b6634a5.jpg,C:\Users\Angad\Desktop\StemFellowship\data\raw\fitzpatrick\Categorized_AbbrvName\ha-ha-di_174\ha-ha-di_f4_136_3b6634a5.jpg,4,medium_FST3_4,0,0,0.19547715783119202
lu-er_f1_6_795ac369.jpg,C:\Users\Angad\Desktop\StemFellowship\data\raw\fitzpatrick\Categorized_AbbrvName\lu-er_410\lu-er_f1_6_795ac369.jpg,1,light_FST1_2,0,0,0.010214616544544697
li-pl_f4_482_88120c72.jpg,C:\Users\Angad\Desktop\StemFellowship\data\raw\fitzpatrick\Categorized_AbbrvName\li-pl_491\li-pl_f4_482_88120c72.jpg,4,medium_FST3_4,0,0,0.02782370150089264
ne-li_f2_44_e89cd865.jpg,C:\Users\Angad\Desktop\StemFellowship\data\raw\fitzpatrick\Categorized_AbbrvName\ne-li_123\ne-li_f2_44_e89cd865.jpg,2,light_FST1_2,0,0,0.3230037987232208
se-ke_f2_56_a9fb58b1.jpg,C:\Users\Angad\Desktop\StemFellowship\data\raw\fitzpatrick\Categorized_AbbrvName\se-ke_69\se-ke_f2_56_a9fb58b1.jpg,2,light_FST1_2,0,1,0.5768749117851257
dr-er_f4_177_393519bb.jpg,C:\Users\Angad\Desktop\StemFellowship\data\raw\fitzpatrick\Categorized_AbbrvName\dr-er_200\dr-er_f4_177_393519bb.jpg,4,medium_FST3_4,0,0,0.0005559720448218286
ph_f2_74_d4aa5818.jpg,C:\Users\Angad\Desktop\StemFellowship\data\raw\fitzpatrick\Categorized_AbbrvName\ph_348\ph_f2_74_d4aa5818.jpg,2,light_FST1_2,0,0,0.030862459912896156
sq-ce-ca_f2_273_ba462207.jpg,C:\Users\Angad\Desktop\StemFellowship\data\raw\fitzpatrick\Categorized_AbbrvName\sq-ce-ca_581\sq-ce-ca_f2_273_ba462207.jpg,2,light_FST1_2,1,1,0.9972646236419678
ep-ne_f2_34_83026368.jpg,C:\Users\Angad\Desktop\StemFellowship\data\raw\fitzpatrick\Categorized_AbbrvName\ep-ne_91\ep-ne_f2_34_83026368.jpg,2,light_FST1_2,0,0,0.20015686750411987
fo_f3_208_b6f35310.jpg,C:\Users\Angad\Desktop\StemFellowship\data\raw\fitzpatrick\Categorized_AbbrvName\fo_342\fo_f3_208_b6f35310.jpg,3,medium_FST3_4,0,0,0.19060778617858887
ps_f1_242_df5a3edf.jpg,C:\Users\Angad\Desktop\StemFellowship\data\raw\fitzpatrick\Categorized_AbbrvName\ps_653\ps_f1_242_df5a3edf.jpg,1,light_FST1_2,0,0,0.20298117399215698
fo-sp_f2_27_19b03536.jpg,C:\Users\Angad\Desktop\StemFellowship\data\raw\fitzpatrick\Categorized_AbbrvName\fo-sp_100\fo-sp_f2_27_19b03536.jpg,2,light_FST1_2,0,0,0.3027646541595459
sq-ce-ca_f5_146_5064dcda.jpg,C:\Users\Angad\Desktop\StemFellowship\data\raw\fitzpatrick\Categorized_AbbrvName\sq-ce-ca_581\sq-ce-ca_f5_146_5064dcda.jpg,5,dark_FST5_6,1,0,0.32444846630096436
st-ed_f1_64_aff388e2.jpg,C:\Users\Angad\Desktop\StemFellowship\data\raw\fitzpatrick\Categorized_AbbrvName\st-ed_69\st-ed_f1_64_aff388e2.jpg,1,light_FST1_2,0,0,0.08966192603111267
fo_f3_269_026406e3.jpg,C:\Users\Angad\Desktop\StemFellowship\data\raw\fitzpatrick\Categorized_AbbrvName\fo_342\fo_f3_269_026406e3.jpg,3,medium_FST3_4,0,0,0.0008245170465670526
ps_f3_3_77c8889c.jpg,C:\Users\Angad\Desktop\StemFellowship\data\raw\fitzpatrick\Categorized_AbbrvName\ps_653\ps_f3_3_77c8889c.jpg,3,medium_FST3_4,0,0,0.03401143103837967
ph_f4_191_f02fbb11.jpg,C:\Users\Angad\Desktop\StemFellowship\data\raw\fitzpatrick\Categorized_AbbrvName\ph_348\ph_f4_191_f02fbb11.jpg,4,medium_FST3_4,0,0,0.10282496362924576
sa_f2_66_73c1b07d.jpg,C:\Users\Angad\Desktop\StemFellowship\data\raw\fitzpatrick\Categorized_AbbrvName\sa_349\sa_f2_66_73c1b07d.jpg,2,light_FST1_2,0,0,4.689366505772341e-06
sy_f3_85_ba463307.jpg,C:\Users\Angad\Desktop\StemFellowship\data\raw\fitzpatrick\Categorized_AbbrvName\sy_127\sy_f3_85_ba463307.jpg,3,medium_FST3_4,0,0,0.19642910361289978
li-pl_f2_156_4432a192.jpg,C:\Users\Angad\Desktop\StemFellowship\data\raw\fitzpatrick\Categorized_AbbrvName\li-pl_491\li-pl_f2_156_4432a192.jpg,2,light_FST1_2,0,0,0.4592381715774536
ne-in_f4_137_0a633dbb.jpg,C:\Users\Angad\Desktop\StemFellowship\data\raw\fitzpatrick\Categorized_AbbrvName\ne-in_260\ne-in_f4_137_0a633dbb.jpg,4,medium_FST3_4,0,1,0.8065659999847412
st-ed_f2_30_b88083b1.jpg,C:\Users\Angad\Desktop\StemFellowship\data\raw\fitzpatrick\Categorized_AbbrvName\st-ed_69\st-ed_f2_30_b88083b1.jpg,2,light_FST1_2,0,0,0.03731124475598335
pi-ru-pi_f4_68_d0e61eed.jpg,C:\Users\Angad\Desktop\StemFellowship\data\raw\fitzpatrick\Categorized_AbbrvName\pi-ru-pi_278\pi-ru-pi_f4_68_d0e61eed.jpg,4,medium_FST3_4,0,0,0.03608523681759834
in-pi_f4_30_8fc779cb.jpg,C:\Users\Angad\Desktop\StemFellowship\data\raw\fitzpatrick\Categorized_AbbrvName\in-pi_102\in-pi_f4_30_8fc779cb.jpg,4,medium_FST3_4,0,1,0.5193648934364319
pi-li-ch_f1_40_dee78c6a.jpg,C:\Users\Angad\Desktop\StemFellowship\data\raw\fitzpatrick\Categorized_AbbrvName\pi-li-ch_73\pi-li-ch_f1_40_dee78c6a.jpg,1,light_FST1_2,0,0,0.04030463844537735
ju-xa_f1_16_158d1276.jpg,C:\Users\Angad\Desktop\StemFellowship\data\raw\fitzpatrick\Categorized_AbbrvName\ju-xa_149\ju-xa_f1_16_158d1276.jpg,1,light_FST1_2,0,0,0.15796837210655212
er-mu_f2_185_e30dd009.jpg,C:\Users\Angad\Desktop\StemFellowship\data\raw\fitzpatrick\Categorized_AbbrvName\er-mu_236\er-mu_f2_185_e30dd009.jpg,2,light_FST1_2,0,0,0.17335529625415802
ac-ke_f3_2_fa4ed547.jpg,C:\Users\Angad\Desktop\StemFellowship\data\raw\fitzpatrick\Categorized_AbbrvName\ac-ke_175\ac-ke_f3_2_fa4ed547.jpg,3,medium_FST3_4,1,1,0.8278353810310364
ne-de_f6_226_7211310d.jpg,C:\Users\Angad\Desktop\StemFellowship\data\raw\fitzpatrick\Categorized_AbbrvName\ne-de_361\ne-de_f6_226_7211310d.jpg,6,dark_FST5_6,0,1,0.7108920812606812
ac-vu_f1_158_aa8ef27c.jpg,C:\Users\Angad\Desktop\StemFellowship\data\raw\fitzpatrick\Categorized_AbbrvName\ac-vu_335\ac-vu_f1_158_aa8ef27c.jpg,1,light_FST1_2,0,0,0.2435019165277481
tu_f4_122_68b77d8d.jpg,C:\Users\Angad\Desktop\StemFellowship\data\raw\fitzpatrick\Categorized_AbbrvName\tu_152\tu_f4_122_68b77d8d.jpg,4,medium_FST3_4,0,0,0.06796964257955551
tu-sc_f2_27_3f105a8c.jpg,C:\Users\Angad\Desktop\StemFellowship\data\raw\fitzpatrick\Categorized_AbbrvName\tu-sc_141\tu-sc_f2_27_3f105a8c.jpg,2,light_FST1_2,0,1,0.531414806842804
eh-da-sy_f1_15_55259209.jpg,C:\Users\Angad\Desktop\StemFellowship\data\raw\fitzpatrick\Categorized_AbbrvName\eh-da-sy_127\eh-da-sy_f1_15_55259209.jpg,1,light_FST1_2,0,0,0.3919922411441803
me_f2_161_3ac17ec8.jpg,C:\Users\Angad\Desktop\StemFellowship\data\raw\fitzpatrick\Categorized_AbbrvName\me_261\me_f2_161_3ac17ec8.jpg,2,light_FST1_2,1,1,0.9930480122566223
ac-vu_f1_227_257c7dd5.jpg,C:\Users\Angad\Desktop\StemFellowship\data\raw\fitzpatrick\Categorized_AbbrvName\ac-vu_335\ac-vu_f1_227_257c7dd5.jpg,1,light_FST1_2,0,0,0.2805878221988678
pi-ro_f1_44_80caf4f9.jpg,C:\Users\Angad\Desktop\StemFellowship\data\raw\fitzpatrick\Categorized_AbbrvName\pi-ro_193\pi-ro_f1_44_80caf4f9.jpg,1,light_FST1_2,0,0,0.0013866659719496965
ju-xa_f2_30_c2ee8d40.jpg,C:\Users\Angad\Desktop\StemFellowship\data\raw\fitzpatrick\Categorized_AbbrvName\ju-xa_149\ju-xa_f2_30_c2ee8d40.jpg,2,light_FST1_2,0,0,0.0032578150276094675
xe-pi_f3_22_c2418521.jpg,C:\Users\Angad\Desktop\StemFellowship\data\raw\fitzpatrick\Categorized_AbbrvName\xe-pi_81\xe-pi_f3_22_c2418521.jpg,3,medium_FST3_4,0,0,0.46707144379615784
ne-de_f2_308_d5c295ff.jpg,C:\Users\Angad\Desktop\StemFellowship\data\raw\fitzpatrick\Categorized_AbbrvName\ne-de_361\ne-de_f2_308_d5c295ff.jpg,2,light_FST1_2,0,1,0.5430276989936829
ph_f2_235_fa3227fc.jpg,C:\Users\Angad\Desktop\StemFellowship\data\raw\fitzpatrick\Categorized_AbbrvName\ph_348\ph_f2_235_fa3227fc.jpg,2,light_FST1_2,0,1,0.5900905728340149
ac-en_f3_74_1cb65fe3.jpg,C:\Users\Angad\Desktop\StemFellowship\data\raw\fitzpatrick\Categorized_AbbrvName\ac-en_92\ac-en_f3_74_1cb65fe3.jpg,3,medium_FST3_4,0,1,0.58216792345047
ne-li_f5_116_a372c424.jpg,C:\Users\Angad\Desktop\StemFellowship\data\raw\fitzpatrick\Categorized_AbbrvName\ne-li_123\ne-li_f5_116_a372c424.jpg,5,dark_FST5_6,0,0,0.35136136412620544
lu-er_f4_251_bb7b042d.jpg,C:\Users\Angad\Desktop\StemFellowship\data\raw\fitzpatrick\Categorized_AbbrvName\lu-er_410\lu-er_f4_251_bb7b042d.jpg,4,medium_FST3_4,0,1,0.6389375925064087
te_f4_6_5f1de163.jpg,C:\Users\Angad\Desktop\StemFellowship\data\raw\fitzpatrick\Categorized_AbbrvName\te_126\te_f4_6_5f1de163.jpg,4,medium_FST3_4,0,0,0.014199607074260712
se-de_f1_50_ea252217.jpg,C:\Users\Angad\Desktop\StemFellowship\data\raw\fitzpatrick\Categorized_AbbrvName\se-de_126\se-de_f1_50_ea252217.jpg,1,light_FST1_2,0,0,0.4853467047214508
ps_f2_622_e779a86c.jpg,C:\Users\Angad\Desktop\StemFellowship\data\raw\fitzpatrick\Categorized_AbbrvName\ps_653\ps_f2_622_e779a86c.jpg,2,light_FST1_2,0,0,0.02608775906264782
ac-ke_f1_21_10e3db47.jpg,C:\Users\Angad\Desktop\StemFellowship\data\raw\fitzpatrick\Categorized_AbbrvName\ac-ke_175\ac-ke_f1_21_10e3db47.jpg,1,light_FST1_2,1,1,0.9850601553916931
me_f2_9_576c5c37.jpg,C:\Users\Angad\Desktop\StemFellowship\data\raw\fitzpatrick\Categorized_AbbrvName\me_261\me_f2_9_576c5c37.jpg,2,light_FST1_2,1,1,0.9803181886672974
se-de_f3_87_ef800fcf.jpg,C:\Users\Angad\Desktop\StemFellowship\data\raw\fitzpatrick\Categorized_AbbrvName\se-de_126\se-de_f3_87_ef800fcf.jpg,3,medium_FST3_4,0,0,0.019672978669404984
fo_f3_34_8eb36f6d.jpg,C:\Users\Angad\Desktop\StemFellowship\data\raw\fitzpatrick\Categorized_AbbrvName\fo_342\fo_f3_34_8eb36f6d.jpg,3,medium_FST3_4,0,0,0.11750128120183945
mi_f2_8_1f38d003.jpg,C:\Users\Angad\Desktop\StemFellowship\data\raw\fitzpatrick\Categorized_AbbrvName\mi_112\mi_f2_8_1f38d003.jpg,2,light_FST1_2,0,0,0.010564166121184826
pi-ru-pi_f5_123_7663bcb2.jpg,C:\Users\Angad\Desktop\StemFellowship\data\raw\fitzpatrick\Categorized_AbbrvName\pi-ru-pi_278\pi-ru-pi_f5_123_7663bcb2.jpg,5,dark_FST5_6,0,0,0.03437383472919464
pi-ro_f4_24_60244212.jpg,C:\Users\Angad\Desktop\StemFellowship\data\raw\fitzpatrick\Categorized_AbbrvName\pi-ro_193\pi-ro_f4_24_60244212.jpg,4,medium_FST3_4,0,0,0.2668150067329407
ur_f4_121_3c920acb.jpg,C:\Users\Angad\Desktop\StemFellowship\data\raw\fitzpatrick\Categorized_AbbrvName\ur_151\ur_f4_121_3c920acb.jpg,4,medium_FST3_4,0,0,0.49615806341171265
al-co-de_f4_297_3e7b6e3f.jpg,C:\Users\Angad\Desktop\StemFellowship\data\raw\fitzpatrick\Categorized_AbbrvName\al-co-de_430\al-co-de_f4_297_3e7b6e3f.jpg,4,medium_FST3_4,0,0,0.006023148074746132
li-pl_f5_363_b1cafb56.jpg,C:\Users\Angad\Desktop\StemFellowship\data\raw\fitzpatrick\Categorized_AbbrvName\li-pl_491\li-pl_f5_363_b1cafb56.jpg,5,dark_FST5_6,0,0,0.008282032795250416
ro_f1_84_651a5d13.jpg,C:\Users\Angad\Desktop\StemFellowship\data\raw\fitzpatrick\Categorized_AbbrvName\ro_102\ro_f1_84_651a5d13.jpg,1,light_FST1_2,0,0,0.021124931052327156
gr-py_f2_24_c7c56128.jpg,C:\Users\Angad\Desktop\StemFellowship\data\raw\fitzpatrick\Categorized_AbbrvName\gr-py_75\gr-py_f2_24_c7c56128.jpg,2,light_FST1_2,0,0,0.15511777997016907
tu_f2_139_7bb22c88.jpg,C:\Users\Angad\Desktop\StemFellowship\data\raw\fitzpatrick\Categorized_AbbrvName\tu_152\tu_f2_139_7bb22c88.jpg,2,light_FST1_2,0,1,0.7619575262069702
me_f1_85_673c0680.jpg,C:\Users\Angad\Desktop\StemFellowship\data\raw\fitzpatrick\Categorized_AbbrvName\me_261\me_f1_85_673c0680.jpg,1,light_FST1_2,1,1,0.8730065226554871
da-di_f4_84_c019189b.jpg,C:\Users\Angad\Desktop\StemFellowship\data\raw\fitzpatrick\Categorized_AbbrvName\da-di_153\da-di_f4_84_c019189b.jpg,4,medium_FST3_4,0,0,0.1310088336467743
ne-de_f6_254_26d9388a.jpg,C:\Users\Angad\Desktop\StemFellowship\data\raw\fitzpatrick\Categorized_AbbrvName\ne-de_361\ne-de_f6_254_26d9388a.jpg,6,dark_FST5_6,0,0,0.2557774484157562
fo_f3_110_f994265c.jpg,C:\Users\Angad\Desktop\StemFellowship\data\raw\fitzpatrick\Categorized_AbbrvName\fo_342\fo_f3_110_f994265c.jpg,3,medium_FST3_4,0,0,0.018911214545369148
my-fu_f3_107_6f1cea03.jpg,C:\Users\Angad\Desktop\StemFellowship\data\raw\fitzpatrick\Categorized_AbbrvName\my-fu_182\my-fu_f3_107_6f1cea03.jpg,3,medium_FST3_4,1,0,0.10733351856470108
lu-er_f6_375_94b58826.jpg,C:\Users\Angad\Desktop\StemFellowship\data\raw\fitzpatrick\Categorized_AbbrvName\lu-er_410\lu-er_f6_375_94b58826.jpg,6,dark_FST5_6,0,0,0.005762338638305664
li-pl_f4_364_7edc9e55.jpg,C:\Users\Angad\Desktop\StemFellowship\data\raw\fitzpatrick\Categorized_AbbrvName\li-pl_491\li-pl_f4_364_7edc9e55.jpg,4,medium_FST3_4,0,0,0.027440330013632774
sy_f2_111_b6c5a69d.jpg,C:\Users\Angad\Desktop\StemFellowship\data\raw\fitzpatrick\Categorized_AbbrvName\sy_127\sy_f2_111_b6c5a69d.jpg,2,light_FST1_2,0,1,0.7588524222373962
pi-cy_f3_8_365aac44.jpg,C:\Users\Angad\Desktop\StemFellowship\data\raw\fitzpatrick\Categorized_AbbrvName\pi-cy_93\pi-cy_f3_8_365aac44.jpg,3,medium_FST3_4,0,0,0.19591227173805237
st-jo-sy_f2_40_07e59cf4.jpg,C:\Users\Angad\Desktop\StemFellowship\data\raw\fitzpatrick\Categorized_AbbrvName\st-jo-sy_113\st-jo-sy_f2_40_07e59cf4.jpg,2,light_FST1_2,0,0,0.45352843403816223
ti-bi_f4_6_24a3b675.jpg,C:\Users\Angad\Desktop\StemFellowship\data\raw\fitzpatrick\Categorized_AbbrvName\ti-bi_73\ti-bi_f4_6_24a3b675.jpg,4,medium_FST3_4,0,0,0.2407965362071991
sa_f5_67_4a27b1c7.jpg,C:\Users\Angad\Desktop\StemFellowship\data\raw\fitzpatrick\Categorized_AbbrvName\sa_349\sa_f5_67_4a27b1c7.jpg,5,dark_FST5_6,0,0,0.12975965440273285
so-cy-ba-ce-ca_f2_38_d98bea04.jpg,C:\Users\Angad\Desktop\StemFellowship\data\raw\fitzpatrick\Categorized_AbbrvName\so-cy-ba-ce-ca_66\so-cy-ba-ce-ca_f2_38_d98bea04.jpg,2,light_FST1_2,1,1,0.9873617887496948
ur_f3_126_fc65ea07.jpg,C:\Users\Angad\Desktop\StemFellowship\data\raw\fitzpatrick\Categorized_AbbrvName\ur_151\ur_f3_126_fc65ea07.jpg,3,medium_FST3_4,0,0,0.06948311626911163
li-si_f3_19_ba87a045.jpg,C:\Users\Angad\Desktop\StemFellowship\data\raw\fitzpatrick\Categorized_AbbrvName\li-si_97\li-si_f3_19_ba87a045.jpg,3,medium_FST3_4,0,0,0.2574240267276764
er-mu_f2_23_2e41853e.jpg,C:\Users\Angad\Desktop\StemFellowship\data\raw\fitzpatrick\Categorized_AbbrvName\er-mu_236\er-mu_f2_23_2e41853e.jpg,2,light_FST1_2,0,0,0.03516410291194916
se-de_f5_35_6ec85e19.jpg,C:\Users\Angad\Desktop\StemFellowship\data\raw\fitzpatrick\Categorized_AbbrvName\se-de_126\se-de_f5_35_6ec85e19.jpg,5,dark_FST5_6,0,0,0.1336502879858017
po_f5_97_f89cc35e.jpg,C:\Users\Angad\Desktop\StemFellowship\data\raw\fitzpatrick\Categorized_AbbrvName\po_127\po_f5_97_f89cc35e.jpg,5,dark_FST5_6,0,0,0.01374306995421648
pi-ro_f5_102_277df76e.jpg,C:\Users\Angad\Desktop\StemFellowship\data\raw\fitzpatrick\Categorized_AbbrvName\pi-ro_193\pi-ro_f5_102_277df76e.jpg,5,dark_FST5_6,0,0,0.0030469007324427366
ac-en_f3_89_b7a51043.jpg,C:\Users\Angad\Desktop\StemFellowship\data\raw\fitzpatrick\Categorized_AbbrvName\ac-en_92\ac-en_f3_89_b7a51043.jpg,3,medium_FST3_4,0,0,0.1635068655014038
sq-ce-ca_f4_250_6577604c.jpg,C:\Users\Angad\Desktop\StemFellowship\data\raw\fitzpatrick\Categorized_AbbrvName\sq-ce-ca_581\sq-ce-ca_f4_250_6577604c.jpg,4,medium_FST3_4,1,1,0.944372832775116
dr-er_f2_135_4e9c73c2.jpg,C:\Users\Angad\Desktop\StemFellowship\data\raw\fitzpatrick\Categorized_AbbrvName\dr-er_200\dr-er_f2_135_4e9c73c2.jpg,2,light_FST1_2,0,0,0.0443686842918396
ly-di_f6_124_5a47f5a6.jpg,C:\Users\Angad\Desktop\StemFellowship\data\raw\fitzpatrick\Categorized_AbbrvName\ly-di_129\ly-di_f6_124_5a47f5a6.jpg,6,dark_FST5_6,0,0,0.05340883508324623
pi-ru-pi_f4_248_5368dab4.jpg,C:\Users\Angad\Desktop\StemFellowship\data\raw\fitzpatrick\Categorized_AbbrvName\pi-ru-pi_278\pi-ru-pi_f4_248_5368dab4.jpg,4,medium_FST3_4,0,0,0.044458094984292984
ps_f2_208_dfd26175.jpg,C:\Users\Angad\Desktop\StemFellowship\data\raw\fitzpatrick\Categorized_AbbrvName\ps_653\ps_f2_208_dfd26175.jpg,2,light_FST1_2,0,0,0.054504767060279846
er-mu_f4_172_e0587857.jpg,C:\Users\Angad\Desktop\StemFellowship\data\raw\fitzpatrick\Categorized_AbbrvName\er-mu_236\er-mu_f4_172_e0587857.jpg,4,medium_FST3_4,0,0,0.32187098264694214
li-pl_f4_139_847e8cfb.jpg,C:\Users\Angad\Desktop\StemFellowship\data\raw\fitzpatrick\Categorized_AbbrvName\li-pl_491\li-pl_f4_139_847e8cfb.jpg,4,medium_FST3_4,0,0,0.002144579542800784
ha-ha-di_f2_42_384232e2.jpg,C:\Users\Angad\Desktop\StemFellowship\data\raw\fitzpatrick\Categorized_AbbrvName\ha-ha-di_174\ha-ha-di_f2_42_384232e2.jpg,2,light_FST1_2,0,0,0.12268001586198807
pr-no_f4_148_67f3fd31.jpg,C:\Users\Angad\Desktop\StemFellowship\data\raw\fitzpatrick\Categorized_AbbrvName\pr-no_170\pr-no_f4_148_67f3fd31.jpg,4,medium_FST3_4,0,0,0.004133712965995073
fo_f3_36_ae747250.jpg,C:\Users\Angad\Desktop\StemFellowship\data\raw\fitzpatrick\Categorized_AbbrvName\fo_342\fo_f3_36_ae747250.jpg,3,medium_FST3_4,0,0,0.0011552415089681745
mi_f3_0_62f8df39.jpg,C:\Users\Angad\Desktop\StemFellowship\data\raw\fitzpatrick\Categorized_AbbrvName\mi_112\mi_f3_0_62f8df39.jpg,3,medium_FST3_4,0,0,0.049330078065395355
ps_f5_229_2cbaab1e.jpg,C:\Users\Angad\Desktop\StemFellowship\data\raw\fitzpatrick\Categorized_AbbrvName\ps_653\ps_f5_229_2cbaab1e.jpg,5,dark_FST5_6,0,0,0.10450419038534164
ca-cu_f3_10_a54cffc0.jpg,C:\Users\Angad\Desktop\StemFellowship\data\raw\fitzpatrick\Categorized_AbbrvName\ca-cu_80\ca-cu_f3_10_a54cffc0.jpg,3,medium_FST3_4,0,1,0.5510257482528687
er-mu_f3_207_78a7da56.jpg,C:\Users\Angad\Desktop\StemFellowship\data\raw\fitzpatrick\Categorized_AbbrvName\er-mu_236\er-mu_f3_207_78a7da56.jpg,3,medium_FST3_4,0,0,0.01295472588390112
al-co-de_f1_346_01ea9b82.jpg,C:\Users\Angad\Desktop\StemFellowship\data\raw\fitzpatrick\Categorized_AbbrvName\al-co-de_430\al-co-de_f1_346_01ea9b82.jpg,1,light_FST1_2,0,0,0.009714492596685886
ro_f2_39_273d9cb0.jpg,C:\Users\Angad\Desktop\StemFellowship\data\raw\fitzpatrick\Categorized_AbbrvName\ro_102\ro_f2_39_273d9cb0.jpg,2,light_FST1_2,0,0,0.30144253373146057
ha-ha-di_f3_95_66aa015f.jpg,C:\Users\Angad\Desktop\StemFellowship\data\raw\fitzpatrick\Categorized_AbbrvName\ha-ha-di_174\ha-ha-di_f3_95_66aa015f.jpg,3,medium_FST3_4,0,0,0.021869681775569916
te_f1_17_d876f96a.jpg,C:\Users\Angad\Desktop\StemFellowship\data\raw\fitzpatrick\Categorized_AbbrvName\te_126\te_f1_17_d876f96a.jpg,1,light_FST1_2,0,0,0.21376754343509674
ph_f2_85_a14c1b3f.jpg,C:\Users\Angad\Desktop\StemFellowship\data\raw\fitzpatrick\Categorized_AbbrvName\ph_348\ph_f2_85_a14c1b3f.jpg,2,light_FST1_2,0,0,0.030309561640024185
po-ac_f4_26_fbaac5a4.jpg,C:\Users\Angad\Desktop\StemFellowship\data\raw\fitzpatrick\Categorized_AbbrvName\po-ac_183\po-ac_f4_26_fbaac5a4.jpg,4,medium_FST3_4,0,0,0.014162602834403515
lu-su_f4_78_1dd034dc.jpg,C:\Users\Angad\Desktop\StemFellowship\data\raw\fitzpatrick\Categorized_AbbrvName\lu-su_111\lu-su_f4_78_1dd034dc.jpg,4,medium_FST3_4,0,0,0.18513578176498413
su-sp-me-ss_f2_78_e485d00e.jpg,C:\Users\Angad\Desktop\StemFellowship\data\raw\fitzpatrick\Categorized_AbbrvName\su-sp-me-ss_118\su-sp-me-ss_f2_78_e485d00e.jpg,2,light_FST1_2,1,0,0.045903630554676056
ti-bi_f2_52_56577650.jpg,C:\Users\Angad\Desktop\StemFellowship\data\raw\fitzpatrick\Categorized_AbbrvName\ti-bi_73\ti-bi_f2_52_56577650.jpg,2,light_FST1_2,0,1,0.6349888443946838
ne-de_f2_108_6cb608f9.jpg,C:\Users\Angad\Desktop\StemFellowship\data\raw\fitzpatrick\Categorized_AbbrvName\ne-de_361\ne-de_f2_108_6cb608f9.jpg,2,light_FST1_2,0,0,0.006624737288802862
lu-er_f2_113_e45ae615.jpg,C:\Users\Angad\Desktop\StemFellowship\data\raw\fitzpatrick\Categorized_AbbrvName\lu-er_410\lu-er_f2_113_e45ae615.jpg,2,light_FST1_2,0,0,0.37913578748703003
ha-ha-di_f5_57_295a1680.jpg,C:\Users\Angad\Desktop\StemFellowship\data\raw\fitzpatrick\Categorized_AbbrvName\ha-ha-di_174\ha-ha-di_f5_57_295a1680.jpg,5,dark_FST5_6,0,0,0.16985049843788147
ch_f2_43_e6f8938f.jpg,C:\Users\Angad\Desktop\StemFellowship\data\raw\fitzpatrick\Categorized_AbbrvName\ch_106\ch_f2_43_e6f8938f.jpg,2,light_FST1_2,0,0,0.18960300087928772
sq-ce-ca_f4_462_b8ed051c.jpg,C:\Users\Angad\Desktop\StemFellowship\data\raw\fitzpatrick\Categorized_AbbrvName\sq-ce-ca_581\sq-ce-ca_f4_462_b8ed051c.jpg,4,medium_FST3_4,1,1,0.9716488718986511
er-mu_f1_60_47b27423.jpg,C:\Users\Angad\Desktop\StemFellowship\data\raw\fitzpatrick\Categorized_AbbrvName\er-mu_236\er-mu_f1_60_47b27423.jpg,1,light_FST1_2,0,0,0.19087636470794678
al-co-de_f4_129_ff2e0bd3.jpg,C:\Users\Angad\Desktop\StemFellowship\data\raw\fitzpatrick\Categorized_AbbrvName\al-co-de_430\al-co-de_f4_129_ff2e0bd3.jpg,4,medium_FST3_4,0,0,0.004228149075061083
co-ne_f1_1_67a5980c.jpg,C:\Users\Angad\Desktop\StemFellowship\data\raw\fitzpatrick\Categorized_AbbrvName\co-ne_68\co-ne_f1_1_67a5980c.jpg,1,light_FST1_2,0,0,0.24288639426231384
st-jo-sy_f2_98_4bee1dc1.jpg,C:\Users\Angad\Desktop\StemFellowship\data\raw\fitzpatrick\Categorized_AbbrvName\st-jo-sy_113\st-jo-sy_f2_98_4bee1dc1.jpg,2,light_FST1_2,0,0,0.03097214177250862
ne-li_f6_102_d5c82714.jpg,C:\Users\Angad\Desktop\StemFellowship\data\raw\fitzpatrick\Categorized_AbbrvName\ne-li_123\ne-li_f6_102_d5c82714.jpg,6,dark_FST5_6,0,0,0.11360794305801392
su-sp-me-ss_f1_111_ca9fe71f.jpg,C:\Users\Angad\Desktop\StemFellowship\data\raw\fitzpatrick\Categorized_AbbrvName\su-sp-me-ss_118\su-sp-me-ss_f1_111_ca9fe71f.jpg,1,light_FST1_2,1,1,0.9870932698249817
st-jo-sy_f2_58_40331794.jpg,C:\Users\Angad\Desktop\StemFellowship\data\raw\fitzpatrick\Categorized_AbbrvName\st-jo-sy_113\st-jo-sy_f2_58_40331794.jpg,2,light_FST1_2,0,0,0.008628827519714832
ph_f5_150_47612971.jpg,C:\Users\Angad\Desktop\StemFellowship\data\raw\fitzpatrick\Categorized_AbbrvName\ph_348\ph_f5_150_47612971.jpg,5,dark_FST5_6,0,0,0.013757076114416122
ne-de_f4_333_b7baeb55.jpg,C:\Users\Angad\Desktop\StemFellowship\data\raw\fitzpatrick\Categorized_AbbrvName\ne-de_361\ne-de_f4_333_b7baeb55.jpg,4,medium_FST3_4,0,0,0.0068838391453027725
sy_f4_46_01b307cb.jpg,C:\Users\Angad\Desktop\StemFellowship\data\raw\fitzpatrick\Categorized_AbbrvName\sy_127\sy_f4_46_01b307cb.jpg,4,medium_FST3_4,0,1,0.5242450833320618
ba-ce-ca_f2_130_782e232d.jpg,C:\Users\Angad\Desktop\StemFellowship\data\raw\fitzpatrick\Categorized_AbbrvName\ba-ce-ca_468\ba-ce-ca_f2_130_782e232d.jpg,2,light_FST1_2,1,1,0.5791310667991638
te_f3_80_f2595d53.jpg,C:\Users\Angad\Desktop\StemFellowship\data\raw\fitzpatrick\Categorized_AbbrvName\te_126\te_f3_80_f2595d53.jpg,3,medium_FST3_4,0,1,0.5652450919151306
gr-an_f4_98_24994267.jpg,C:\Users\Angad\Desktop\StemFellowship\data\raw\fitzpatrick\Categorized_AbbrvName\gr-an_211\gr-an_f4_98_24994267.jpg,4,medium_FST3_4,0,0,0.00314438552595675
al-co-de_f6_380_506e30b9.jpg,C:\Users\Angad\Desktop\StemFellowship\data\raw\fitzpatrick\Categorized_AbbrvName\al-co-de_430\al-co-de_f6_380_506e30b9.jpg,6,dark_FST5_6,0,0,0.2626563012599945
ba-ce-ca_f3_222_95c2deba.jpg,C:\Users\Angad\Desktop\StemFellowship\data\raw\fitzpatrick\Categorized_AbbrvName\ba-ce-ca_468\ba-ce-ca_f3_222_95c2deba.jpg,3,medium_FST3_4,1,1,0.8286982178688049
sq-ce-ca_f4_156_435c6dd5.jpg,C:\Users\Angad\Desktop\StemFellowship\data\raw\fitzpatrick\Categorized_AbbrvName\sq-ce-ca_581\sq-ce-ca_f4_156_435c6dd5.jpg,4,medium_FST3_4,1,1,0.6150265336036682
po_f2_9_5c0d9cb9.jpg,C:\Users\Angad\Desktop\StemFellowship\data\raw\fitzpatrick\Categorized_AbbrvName\po_127\po_f2_9_5c0d9cb9.jpg,2,light_FST1_2,0,0,0.03384292870759964
su-da-sk_f2_23_6947108c.jpg,C:\Users\Angad\Desktop\StemFellowship\data\raw\fitzpatrick\Categorized_AbbrvName\su-da-sk_66\su-da-sk_f2_23_6947108c.jpg,2,light_FST1_2,0,0,0.4008769690990448
hi_f1_38_117e9010.jpg,C:\Users\Angad\Desktop\StemFellowship\data\raw\fitzpatrick\Categorized_AbbrvName\hi_90\hi_f1_38_117e9010.jpg,1,light_FST1_2,0,0,0.02356935478746891
fo_f4_337_52a99b22.jpg,C:\Users\Angad\Desktop\StemFellowship\data\raw\fitzpatrick\Categorized_AbbrvName\fo_342\fo_f4_337_52a99b22.jpg,4,medium_FST3_4,0,0,0.04961493983864784
tu_f4_97_04e24e78.jpg,C:\Users\Angad\Desktop\StemFellowship\data\raw\fitzpatrick\Categorized_AbbrvName\tu_152\tu_f4_97_04e24e78.jpg,4,medium_FST3_4,0,0,0.09999241679906845
mu-cy_f5_69_1e9df108.jpg,C:\Users\Angad\Desktop\StemFellowship\data\raw\fitzpatrick\Categorized_AbbrvName\mu-cy_79\mu-cy_f5_69_1e9df108.jpg,5,dark_FST5_6,0,0,0.04410100355744362
ac-vu_f5_259_7a4cc566.jpg,C:\Users\Angad\Desktop\StemFellowship\data\raw\fitzpatrick\Categorized_AbbrvName\ac-vu_335\ac-vu_f5_259_7a4cc566.jpg,5,dark_FST5_6,0,0,0.0017016546335071325
ac-ke_f5_163_09890e72.jpg,C:\Users\Angad\Desktop\StemFellowship\data\raw\fitzpatrick\Categorized_AbbrvName\ac-ke_175\ac-ke_f5_163_09890e72.jpg,5,dark_FST5_6,1,0,0.2191859632730484
su-sp-me-ss_f3_109_9140159f.jpg,C:\Users\Angad\Desktop\StemFellowship\data\raw\fitzpatrick\Categorized_AbbrvName\su-sp-me-ss_118\su-sp-me-ss_f3_109_9140159f.jpg,3,medium_FST3_4,1,1,0.9208202362060547
po_f3_43_a44d32ef.jpg,C:\Users\Angad\Desktop\StemFellowship\data\raw\fitzpatrick\Categorized_AbbrvName\po_127\po_f3_43_a44d32ef.jpg,3,medium_FST3_4,0,0,0.00043586111860349774
ne-in_f4_122_552b120d.jpg,C:\Users\Angad\Desktop\StemFellowship\data\raw\fitzpatrick\Categorized_AbbrvName\ne-in_260\ne-in_f4_122_552b120d.jpg,4,medium_FST3_4,0,0,0.03531961888074875
fo_f1_16_0487f7da.jpg,C:\Users\Angad\Desktop\StemFellowship\data\raw\fitzpatrick\Categorized_AbbrvName\fo_342\fo_f1_16_0487f7da.jpg,1,light_FST1_2,0,0,0.0034042587503790855
lu-er_f2_317_7d8f14bc.jpg,C:\Users\Angad\Desktop\StemFellowship\data\raw\fitzpatrick\Categorized_AbbrvName\lu-er_410\lu-er_f2_317_7d8f14bc.jpg,2,light_FST1_2,0,0,0.15978823602199554
ma-me_f2_49_e0bea7f6.jpg,C:\Users\Angad\Desktop\StemFellowship\data\raw\fitzpatrick\Categorized_AbbrvName\ma-me_111\ma-me_f2_49_e0bea7f6.jpg,2,light_FST1_2,1,1,0.9308221340179443
sa_f3_180_4f6305cc.jpg,C:\Users\Angad\Desktop\StemFellowship\data\raw\fitzpatrick\Categorized_AbbrvName\sa_349\sa_f3_180_4f6305cc.jpg,3,medium_FST3_4,0,1,0.560924232006073
lu-er_f4_202_b4d2be9d.jpg,C:\Users\Angad\Desktop\StemFellowship\data\raw\fitzpatrick\Categorized_AbbrvName\lu-er_410\lu-er_f4_202_b4d2be9d.jpg,4,medium_FST3_4,0,0,0.3354000747203827
ps_f1_489_d241595e.jpg,C:\Users\Angad\Desktop\StemFellowship\data\raw\fitzpatrick\Categorized_AbbrvName\ps_653\ps_f1_489_d241595e.jpg,1,light_FST1_2,0,0,0.2160724401473999
ke_f3_125_66474072.jpg,C:\Users\Angad\Desktop\StemFellowship\data\raw\fitzpatrick\Categorized_AbbrvName\ke_156\ke_f3_125_66474072.jpg,3,medium_FST3_4,0,0,0.001661699148826301
ne-in_f4_52_fea93c56.jpg,C:\Users\Angad\Desktop\StemFellowship\data\raw\fitzpatrick\Categorized_AbbrvName\ne-in_260\ne-in_f4_52_fea93c56.jpg,4,medium_FST3_4,0,0,0.3970142900943756
lu-er_f1_12_66778f0b.jpg,C:\Users\Angad\Desktop\StemFellowship\data\raw\fitzpatrick\Categorized_AbbrvName\lu-er_410\lu-er_f1_12_66778f0b.jpg,1,light_FST1_2,0,0,0.04006190598011017
er-mu_f2_125_30ba77e7.jpg,C:\Users\Angad\Desktop\StemFellowship\data\raw\fitzpatrick\Categorized_AbbrvName\er-mu_236\er-mu_f2_125_30ba77e7.jpg,2,light_FST1_2,0,0,0.09369847178459167
fo_f2_323_3b2390db.jpg,C:\Users\Angad\Desktop\StemFellowship\data\raw\fitzpatrick\Categorized_AbbrvName\fo_342\fo_f2_323_3b2390db.jpg,2,light_FST1_2,0,1,0.5679581165313721
ph_f2_206_f2934a73.jpg,C:\Users\Angad\Desktop\StemFellowship\data\raw\fitzpatrick\Categorized_AbbrvName\ph_348\ph_f2_206_f2934a73.jpg,2,light_FST1_2,0,0,0.4435465633869171
pu-ps_f3_47_99a7fe9a.jpg,C:\Users\Angad\Desktop\StemFellowship\data\raw\fitzpatrick\Categorized_AbbrvName\pu-ps_53\pu-ps_f3_47_99a7fe9a.jpg,3,medium_FST3_4,0,0,0.34431639313697815
pi-ro_f3_29_e6ba8d92.jpg,C:\Users\Angad\Desktop\StemFellowship\data\raw\fitzpatrick\Categorized_AbbrvName\pi-ro_193\pi-ro_f3_29_e6ba8d92.jpg,3,medium_FST3_4,0,0,0.001513429800979793
in-pi_f2_22_671a9ac3.jpg,C:\Users\Angad\Desktop\StemFellowship\data\raw\fitzpatrick\Categorized_AbbrvName\in-pi_102\in-pi_f2_22_671a9ac3.jpg,2,light_FST1_2,0,1,0.7101188898086548
er-no_f3_56_da29abd3.jpg,C:\Users\Angad\Desktop\StemFellowship\data\raw\fitzpatrick\Categorized_AbbrvName\er-no_81\er-no_f3_56_da29abd3.jpg,3,medium_FST3_4,0,0,0.017094217240810394
er-no_f1_14_c88c9fdb.jpg,C:\Users\Angad\Desktop\StemFellowship\data\raw\fitzpatrick\Categorized_AbbrvName\er-no_81\er-no_f1_14_c88c9fdb.jpg,1,light_FST1_2,0,0,0.20004338026046753
ne-in_f4_217_d20c3fdf.jpg,C:\Users\Angad\Desktop\StemFellowship\data\raw\fitzpatrick\Categorized_AbbrvName\ne-in_260\ne-in_f4_217_d20c3fdf.jpg,4,medium_FST3_4,0,0,0.02159077674150467
li-pl_f4_413_5a3a80d8.jpg,C:\Users\Angad\Desktop\StemFellowship\data\raw\fitzpatrick\Categorized_AbbrvName\li-pl_491\li-pl_f4_413_5a3a80d8.jpg,4,medium_FST3_4,0,0,0.0047652460634708405
ju-xa_f3_56_6e6cf368.jpg,C:\Users\Angad\Desktop\StemFellowship\data\raw\fitzpatrick\Categorized_AbbrvName\ju-xa_149\ju-xa_f3_56_6e6cf368.jpg,3,medium_FST3_4,0,0,0.11211826652288437
tu-sc_f5_49_85b1948b.jpg,C:\Users\Angad\Desktop\StemFellowship\data\raw\fitzpatrick\Categorized_AbbrvName\tu-sc_141\tu-sc_f5_49_85b1948b.jpg,5,dark_FST5_6,0,1,0.5530670285224915
lu-su_f1_89_c09fb3c1.jpg,C:\Users\Angad\Desktop\StemFellowship\data\raw\fitzpatrick\Categorized_AbbrvName\lu-su_111\lu-su_f1_89_c09fb3c1.jpg,1,light_FST1_2,0,0,0.3388635516166687
ps_f2_247_6b56ccd6.jpg,C:\Users\Angad\Desktop\StemFellowship\data\raw\fitzpatrick\Categorized_AbbrvName\ps_653\ps_f2_247_6b56ccd6.jpg,2,light_FST1_2,0,0,0.34224265813827515
ke_f2_103_4536ca10.jpg,C:\Users\Angad\Desktop\StemFellowship\data\raw\fitzpatrick\Categorized_AbbrvName\ke_156\ke_f2_103_4536ca10.jpg,2,light_FST1_2,0,0,0.088353231549263
eh-da-sy_f5_115_f0c438b6.jpg,C:\Users\Angad\Desktop\StemFellowship\data\raw\fitzpatrick\Categorized_AbbrvName\eh-da-sy_127\eh-da-sy_f5_115_f0c438b6.jpg,5,dark_FST5_6,0,0,0.005561954341828823
pi-cy_f5_49_1c553360.jpg,C:\Users\Angad\Desktop\StemFellowship\data\raw\fitzpatrick\Categorized_AbbrvName\pi-cy_93\pi-cy_f5_49_1c553360.jpg,5,dark_FST5_6,0,1,0.7289952039718628
se-de_f5_110_2da1a2c9.jpg,C:\Users\Angad\Desktop\StemFellowship\data\raw\fitzpatrick\Categorized_AbbrvName\se-de_126\se-de_f5_110_2da1a2c9.jpg,5,dark_FST5_6,0,1,0.7863491177558899
ph_f1_251_15c6e618.jpg,C:\Users\Angad\Desktop\StemFellowship\data\raw\fitzpatrick\Categorized_AbbrvName\ph_348\ph_f1_251_15c6e618.jpg,1,light_FST1_2,0,0,0.028911281377077103
al-co-de_f3_139_6909261b.jpg,C:\Users\Angad\Desktop\StemFellowship\data\raw\fitzpatrick\Categorized_AbbrvName\al-co-de_430\al-co-de_f3_139_6909261b.jpg,3,medium_FST3_4,0,0,0.05201909318566322
vi_f3_156_481921ff.jpg,C:\Users\Angad\Desktop\StemFellowship\data\raw\fitzpatrick\Categorized_AbbrvName\vi_166\vi_f3_156_481921ff.jpg,3,medium_FST3_4,0,0,0.03941391408443451
lu-er_f4_105_619fc11f.jpg,C:\Users\Angad\Desktop\StemFellowship\data\raw\fitzpatrick\Categorized_AbbrvName\lu-er_410\lu-er_f4_105_619fc11f.jpg,4,medium_FST3_4,0,0,0.08532790094614029
xa_f4_33_609a3110.jpg,C:\Users\Angad\Desktop\StemFellowship\data\raw\fitzpatrick\Categorized_AbbrvName\xa_53\xa_f4_33_609a3110.jpg,4,medium_FST3_4,0,0,0.07540841400623322
ph_f4_189_e564b816.jpg,C:\Users\Angad\Desktop\StemFellowship\data\raw\fitzpatrick\Categorized_AbbrvName\ph_348\ph_f4_189_e564b816.jpg,4,medium_FST3_4,0,0,0.0010460418416187167
me_f5_78_ac04675f.jpg,C:\Users\Angad\Desktop\StemFellowship\data\raw\fitzpatrick\Categorized_AbbrvName\me_261\me_f5_78_ac04675f.jpg,5,dark_FST5_6,1,0,0.11213023215532303
er-an-ce_f2_24_46ad9dbb.jpg,C:\Users\Angad\Desktop\StemFellowship\data\raw\fitzpatrick\Categorized_AbbrvName\er-an-ce_88\er-an-ce_f2_24_46ad9dbb.jpg,2,light_FST1_2,0,0,0.003702387912198901
eh-da-sy_f2_11_0968e55e.jpg,C:\Users\Angad\Desktop\StemFellowship\data\raw\fitzpatrick\Categorized_AbbrvName\eh-da-sy_127\eh-da-sy_f2_11_0968e55e.jpg,2,light_FST1_2,0,1,0.6297239661216736
po-ac_f3_130_0e2a24d2.jpg,C:\Users\Angad\Desktop\StemFellowship\data\raw\fitzpatrick\Categorized_AbbrvName\po-ac_183\po-ac_f3_130_0e2a24d2.jpg,3,medium_FST3_4,0,0,0.4776054620742798
ps_f2_324_db255fb6.jpg,C:\Users\Angad\Desktop\StemFellowship\data\raw\fitzpatrick\Categorized_AbbrvName\ps_653\ps_f2_324_db255fb6.jpg,2,light_FST1_2,0,0,0.04599810019135475
ne-ne_f2_27_9c468f88.jpg,C:\Users\Angad\Desktop\StemFellowship\data\raw\fitzpatrick\Categorized_AbbrvName\ne-ne_86\ne-ne_f2_27_9c468f88.jpg,2,light_FST1_2,0,1,0.5481706857681274
er-el-di_f3_19_08951e57.jpg,C:\Users\Angad\Desktop\StemFellowship\data\raw\fitzpatrick\Categorized_AbbrvName\er-el-di_55\er-el-di_f3_19_08951e57.jpg,3,medium_FST3_4,0,0,0.018939409404993057
li-pl_f5_449_1d345038.jpg,C:\Users\Angad\Desktop\StemFellowship\data\raw\fitzpatrick\Categorized_AbbrvName\li-pl_491\li-pl_f5_449_1d345038.jpg,5,dark_FST5_6,0,0,0.014704117551445961
ac_f2_64_1944207b.jpg,C:\Users\Angad\Desktop\StemFellowship\data\raw\fitzpatrick\Categorized_AbbrvName\ac_183\ac_f2_64_1944207b.jpg,2,light_FST1_2,0,0,0.00034862750908359885
al-co-de_f2_224_84bdc5f7.jpg,C:\Users\Angad\Desktop\StemFellowship\data\raw\fitzpatrick\Categorized_AbbrvName\al-co-de_430\al-co-de_f2_224_84bdc5f7.jpg,2,light_FST1_2,0,0,0.1509648710489273
ba-ce-ca_f3_328_2fb99937.jpg,C:\Users\Angad\Desktop\StemFellowship\data\raw\fitzpatrick\Categorized_AbbrvName\ba-ce-ca_468\ba-ce-ca_f3_328_2fb99937.jpg,3,medium_FST3_4,1,1,0.9354983568191528
lu-er_f3_14_2008a85a.jpg,C:\Users\Angad\Desktop\StemFellowship\data\raw\fitzpatrick\Categorized_AbbrvName\lu-er_410\lu-er_f3_14_2008a85a.jpg,3,medium_FST3_4,0,0,0.021779317408800125
ac_f4_181_0845ab55.jpg,C:\Users\Angad\Desktop\StemFellowship\data\raw\fitzpatrick\Categorized_AbbrvName\ac_183\ac_f4_181_0845ab55.jpg,4,medium_FST3_4,0,0,0.0068552372977137566
ha-ne_f5_4_aafbf7d0.jpg,C:\Users\Angad\Desktop\StemFellowship\data\raw\fitzpatrick\Categorized_AbbrvName\ha-ne_82\ha-ne_f5_4_aafbf7d0.jpg,5,dark_FST5_6,0,0,0.008607991971075535
dr-er_f2_160_9bffd651.jpg,C:\Users\Angad\Desktop\StemFellowship\data\raw\fitzpatrick\Categorized_AbbrvName\dr-er_200\dr-er_f2_160_9bffd651.jpg,2,light_FST1_2,0,0,0.038669686764478683
ju-xa_f1_73_f1b0f589.jpg,C:\Users\Angad\Desktop\StemFellowship\data\raw\fitzpatrick\Categorized_AbbrvName\ju-xa_149\ju-xa_f1_73_f1b0f589.jpg,1,light_FST1_2,0,0,0.11718381196260452
sa_f2_225_7247bc6f.jpg,C:\Users\Angad\Desktop\StemFellowship\data\raw\fitzpatrick\Categorized_AbbrvName\sa_349\sa_f2_225_7247bc6f.jpg,2,light_FST1_2,0,1,0.5088537931442261
mu_f2_12_29a04eea.jpg,C:\Users\Angad\Desktop\StemFellowship\data\raw\fitzpatrick\Categorized_AbbrvName\mu_92\mu_f2_12_29a04eea.jpg,2,light_FST1_2,0,1,0.5467858910560608
vi_f4_110_9fa8c8c6.jpg,C:\Users\Angad\Desktop\StemFellowship\data\raw\fitzpatrick\Categorized_AbbrvName\vi_166\vi_f4_110_9fa8c8c6.jpg,4,medium_FST3_4,0,0,0.4838539659976959
ch_f2_48_312e5637.jpg,C:\Users\Angad\Desktop\StemFellowship\data\raw\fitzpatrick\Categorized_AbbrvName\ch_106\ch_f2_48_312e5637.jpg,2,light_FST1_2,0,0,0.41594424843788147
ac-ni_f4_80_d1db9874.jpg,C:\Users\Angad\Desktop\StemFellowship\data\raw\fitzpatrick\Categorized_AbbrvName\ac-ni_92\ac-ni_f4_80_d1db9874.jpg,4,medium_FST3_4,0,0,0.00012476860138121992
ur_f3_24_eca2a213.jpg,C:\Users\Angad\Desktop\StemFellowship\data\raw\fitzpatrick\Categorized_AbbrvName\ur_151\ur_f3_24_eca2a213.jpg,3,medium_FST3_4,0,0,0.1309383511543274
fi-er_f4_52_3e9c1797.jpg,C:\Users\Angad\Desktop\StemFellowship\data\raw\fitzpatrick\Categorized_AbbrvName\fi-er_125\fi-er_f4_52_3e9c1797.jpg,4,medium_FST3_4,0,1,0.8382776975631714
fo_f3_113_03a35b82.jpg,C:\Users\Angad\Desktop\StemFellowship\data\raw\fitzpatrick\Categorized_AbbrvName\fo_342\fo_f3_113_03a35b82.jpg,3,medium_FST3_4,0,0,0.039791226387023926
ac_f3_26_1d72c2f3.jpg,C:\Users\Angad\Desktop\StemFellowship\data\raw\fitzpatrick\Categorized_AbbrvName\ac_183\ac_f3_26_1d72c2f3.jpg,3,medium_FST3_4,0,0,0.0005664601339958608
mu-cy_f5_57_6783ebf3.jpg,C:\Users\Angad\Desktop\StemFellowship\data\raw\fitzpatrick\Categorized_AbbrvName\mu-cy_79\mu-cy_f5_57_6783ebf3.jpg,5,dark_FST5_6,0,1,0.5479139685630798
ur-pi_f2_60_3a295eaf.jpg,C:\Users\Angad\Desktop\StemFellowship\data\raw\fitzpatrick\Categorized_AbbrvName\ur-pi_112\ur-pi_f2_60_3a295eaf.jpg,2,light_FST1_2,0,0,0.06546185910701752
al-co-de_f1_197_8a65cfea.jpg,C:\Users\Angad\Desktop\StemFellowship\data\raw\fitzpatrick\Categorized_AbbrvName\al-co-de_430\al-co-de_f1_197_8a65cfea.jpg,1,light_FST1_2,0,0,0.40069302916526794
ne-li_f3_43_62c04a12.jpg,C:\Users\Angad\Desktop\StemFellowship\data\raw\fitzpatrick\Categorized_AbbrvName\ne-li_123\ne-li_f3_43_62c04a12.jpg,3,medium_FST3_4,0,0,0.014861938543617725
ap-cu_f1_12_0ef8c0f3.jpg,C:\Users\Angad\Desktop\StemFellowship\data\raw\fitzpatrick\Categorized_AbbrvName\ap-cu_72\ap-cu_f1_12_0ef8c0f3.jpg,1,light_FST1_2,0,0,0.20346322655677795
ac-ke_f5_35_2bad4c85.jpg,C:\Users\Angad\Desktop\StemFellowship\data\raw\fitzpatrick\Categorized_AbbrvName\ac-ke_175\ac-ke_f5_35_2bad4c85.jpg,5,dark_FST5_6,1,1,0.966124951839447
ca-cu_f5_23_95187862.jpg,C:\Users\Angad\Desktop\StemFellowship\data\raw\fitzpatrick\Categorized_AbbrvName\ca-cu_80\ca-cu_f5_23_95187862.jpg,5,dark_FST5_6,0,0,0.0762183666229248
po_f1_36_32027a7d.jpg,C:\Users\Angad\Desktop\StemFellowship\data\raw\fitzpatrick\Categorized_AbbrvName\po_127\po_f1_36_32027a7d.jpg,1,light_FST1_2,0,1,0.6660233736038208
pi_f2_13_882aae04.jpg,C:\Users\Angad\Desktop\StemFellowship\data\raw\fitzpatrick\Categorized_AbbrvName\pi_53\pi_f2_13_882aae04.jpg,2,light_FST1_2,0,0,0.2648836672306061
ac-vu_f2_195_78747b18.jpg,C:\Users\Angad\Desktop\StemFellowship\data\raw\fitzpatrick\Categorized_AbbrvName\ac-vu_335\ac-vu_f2_195_78747b18.jpg,2,light_FST1_2,0,0,0.4047805070877075
pe-li_f4_91_2573d978.jpg,C:\Users\Angad\Desktop\StemFellowship\data\raw\fitzpatrick\Categorized_AbbrvName\pe-li_151\pe-li_f4_91_2573d978.jpg,4,medium_FST3_4,0,0,0.006142393220216036
ba-ce-ca_f2_156_9a5f998a.jpg,C:\Users\Angad\Desktop\StemFellowship\data\raw\fitzpatrick\Categorized_AbbrvName\ba-ce-ca_468\ba-ce-ca_f2_156_9a5f998a.jpg,2,light_FST1_2,1,1,0.9298177361488342
py-gr_f1_56_e7238e13.jpg,C:\Users\Angad\Desktop\StemFellowship\data\raw\fitzpatrick\Categorized_AbbrvName\py-gr_113\py-gr_f1_56_e7238e13.jpg,1,light_FST1_2,0,0,0.32112810015678406
ec_f3_29_4da2816b.jpg,C:\Users\Angad\Desktop\StemFellowship\data\raw\fitzpatrick\Categorized_AbbrvName\ec_204\ec_f3_29_4da2816b.jpg,3,medium_FST3_4,0,0,0.11926160007715225
ph_f3_104_1cefc26b.jpg,C:\Users\Angad\Desktop\StemFellowship\data\raw\fitzpatrick\Categorized_AbbrvName\ph_348\ph_f3_104_1cefc26b.jpg,3,medium_FST3_4,0,0,0.011361360549926758
st-jo-sy_f4_64_5281002c.jpg,C:\Users\Angad\Desktop\StemFellowship\data\raw\fitzpatrick\Categorized_AbbrvName\st-jo-sy_113\st-jo-sy_f4_64_5281002c.jpg,4,medium_FST3_4,0,0,0.25808706879615784
su-sp-me-ss_f2_90_37c9a984.jpg,C:\Users\Angad\Desktop\StemFellowship\data\raw\fitzpatrick\Categorized_AbbrvName\su-sp-me-ss_118\su-sp-me-ss_f2_90_37c9a984.jpg,2,light_FST1_2,1,1,0.9666361808776855
ju-xa_f2_27_8a35d4b2.jpg,C:\Users\Angad\Desktop\StemFellowship\data\raw\fitzpatrick\Categorized_AbbrvName\ju-xa_149\ju-xa_f2_27_8a35d4b2.jpg,2,light_FST1_2,0,0,0.0003480370796751231
ac_f2_100_3b44fd82.jpg,C:\Users\Angad\Desktop\StemFellowship\data\raw\fitzpatrick\Categorized_AbbrvName\ac_183\ac_f2_100_3b44fd82.jpg,2,light_FST1_2,0,0,0.24688366055488586
mu_f2_44_caec0d12.jpg,C:\Users\Angad\Desktop\StemFellowship\data\raw\fitzpatrick\Categorized_AbbrvName\mu_92\mu_f2_44_caec0d12.jpg,2,light_FST1_2,0,1,0.6029547452926636
ti-bi_f1_15_1bc65b1d.jpg,C:\Users\Angad\Desktop\StemFellowship\data\raw\fitzpatrick\Categorized_AbbrvName\ti-bi_73\ti-bi_f1_15_1bc65b1d.jpg,1,light_FST1_2,0,0,0.00023793931177351624
pi-ru-pi_f5_258_0084b12b.jpg,C:\Users\Angad\Desktop\StemFellowship\data\raw\fitzpatrick\Categorized_AbbrvName\pi-ru-pi_278\pi-ru-pi_f5_258_0084b12b.jpg,5,dark_FST5_6,0,0,0.3244689106941223
li-pl_f1_102_8a0cc2ab.jpg,C:\Users\Angad\Desktop\StemFellowship\data\raw\fitzpatrick\Categorized_AbbrvName\li-pl_491\li-pl_f1_102_8a0cc2ab.jpg,1,light_FST1_2,0,0,0.1646220088005066
ac-ni_f5_78_5a508712.jpg,C:\Users\Angad\Desktop\StemFellowship\data\raw\fitzpatrick\Categorized_AbbrvName\ac-ni_92\ac-ni_f5_78_5a508712.jpg,5,dark_FST5_6,0,0,0.17513519525527954
ne-de_f3_297_f4de36a0.jpg,C:\Users\Angad\Desktop\StemFellowship\data\raw\fitzpatrick\Categorized_AbbrvName\ne-de_361\ne-de_f3_297_f4de36a0.jpg,3,medium_FST3_4,0,1,0.71961510181427
ly_f5_19_9b55c935.jpg,C:\Users\Angad\Desktop\StemFellowship\data\raw\fitzpatrick\Categorized_AbbrvName\ly_100\ly_f5_19_9b55c935.jpg,5,dark_FST5_6,0,0,0.4113141894340515
po-ac_f3_126_7f3b68d2.jpg,C:\Users\Angad\Desktop\StemFellowship\data\raw\fitzpatrick\Categorized_AbbrvName\po-ac_183\po-ac_f3_126_7f3b68d2.jpg,3,medium_FST3_4,0,1,0.8403146862983704
ic-vu_f4_59_fc65bcd3.jpg,C:\Users\Angad\Desktop\StemFellowship\data\raw\fitzpatrick\Categorized_AbbrvName\ic-vu_65\ic-vu_f4_59_fc65bcd3.jpg,4,medium_FST3_4,0,0,0.11711671948432922
ly_f1_40_d6bf6b90.jpg,C:\Users\Angad\Desktop\StemFellowship\data\raw\fitzpatrick\Categorized_AbbrvName\ly_100\ly_f1_40_d6bf6b90.jpg,1,light_FST1_2,0,0,0.1533937156200409
ac-vu_f3_134_afd2c0a2.jpg,C:\Users\Angad\Desktop\StemFellowship\data\raw\fitzpatrick\Categorized_AbbrvName\ac-vu_335\ac-vu_f3_134_afd2c0a2.jpg,3,medium_FST3_4,0,1,0.6544179916381836
tu_f2_79_02f01711.jpg,C:\Users\Angad\Desktop\StemFellowship\data\raw\fitzpatrick\Categorized_AbbrvName\tu_152\tu_f2_79_02f01711.jpg,2,light_FST1_2,0,0,0.19574998319149017
in-pi_f1_18_3679d7d0.jpg,C:\Users\Angad\Desktop\StemFellowship\data\raw\fitzpatrick\Categorized_AbbrvName\in-pi_102\in-pi_f1_18_3679d7d0.jpg,1,light_FST1_2,0,0,0.33412790298461914
rh_f3_24_ba127d84.jpg,C:\Users\Angad\Desktop\StemFellowship\data\raw\fitzpatrick\Categorized_AbbrvName\rh_91\rh_f3_24_ba127d84.jpg,3,medium_FST3_4,0,0,0.180683434009552
dr-er_f3_162_17cecbba.jpg,C:\Users\Angad\Desktop\StemFellowship\data\raw\fitzpatrick\Categorized_AbbrvName\dr-er_200\dr-er_f3_162_17cecbba.jpg,3,medium_FST3_4,0,0,0.10851186513900757
po_f2_86_101fb0b2.jpg,C:\Users\Angad\Desktop\StemFellowship\data\raw\fitzpatrick\Categorized_AbbrvName\po_127\po_f2_86_101fb0b2.jpg,2,light_FST1_2,0,1,0.810004711151123
sa_f3_281_f147d0d8.jpg,C:\Users\Angad\Desktop\StemFellowship\data\raw\fitzpatrick\Categorized_AbbrvName\sa_349\sa_f3_281_f147d0d8.jpg,3,medium_FST3_4,0,0,0.4006170630455017
me_f2_6_83cd9569.jpg,C:\Users\Angad\Desktop\StemFellowship\data\raw\fitzpatrick\Categorized_AbbrvName\me_261\me_f2_6_83cd9569.jpg,2,light_FST1_2,1,1,0.9885528087615967
ep-bu_f4_5_490db0e5.jpg,C:\Users\Angad\Desktop\StemFellowship\data\raw\fitzpatrick\Categorized_AbbrvName\ep-bu_70\ep-bu_f4_5_490db0e5.jpg,4,medium_FST3_4,0,0,0.04311181232333183
pi_f2_40_f0e90b82.jpg,C:\Users\Angad\Desktop\StemFellowship\data\raw\fitzpatrick\Categorized_AbbrvName\pi_53\pi_f2_40_f0e90b82.jpg,2,light_FST1_2,0,0,0.1745004504919052
li-re_f4_26_f0ee345e.jpg,C:\Users\Angad\Desktop\StemFellowship\data\raw\fitzpatrick\Categorized_AbbrvName\li-re_60\li-re_f4_26_f0ee345e.jpg,4,medium_FST3_4,0,0,0.04861857742071152
mi_f1_69_db863680.jpg,C:\Users\Angad\Desktop\StemFellowship\data\raw\fitzpatrick\Categorized_AbbrvName\mi_112\mi_f1_69_db863680.jpg,1,light_FST1_2,0,1,0.6739791035652161
po-ac_f4_118_ef83ef20.jpg,C:\Users\Angad\Desktop\StemFellowship\data\raw\fitzpatrick\Categorized_AbbrvName\po-ac_183\po-ac_f4_118_ef83ef20.jpg,4,medium_FST3_4,0,0,0.011853902600705624
my_f1_16_f0df972a.jpg,C:\Users\Angad\Desktop\StemFellowship\data\raw\fitzpatrick\Categorized_AbbrvName\my_67\my_f1_16_f0df972a.jpg,1,light_FST1_2,0,0,0.4776686728000641
mu_f3_3_84a086f7.jpg,C:\Users\Angad\Desktop\StemFellowship\data\raw\fitzpatrick\Categorized_AbbrvName\mu_92\mu_f3_3_84a086f7.jpg,3,medium_FST3_4,0,0,0.37705424427986145
sq-ce-ca_f1_106_abf8662a.jpg,C:\Users\Angad\Desktop\StemFellowship\data\raw\fitzpatrick\Categorized_AbbrvName\sq-ce-ca_581\sq-ce-ca_f1_106_abf8662a.jpg,1,light_FST1_2,1,1,0.9524481296539307
al-co-de_f3_154_219f19a6.jpg,C:\Users\Angad\Desktop\StemFellowship\data\raw\fitzpatrick\Categorized_AbbrvName\al-co-de_430\al-co-de_f3_154_219f19a6.jpg,3,medium_FST3_4,0,0,0.33832889795303345
sq-ce-ca_f2_5_54f09a0a.jpg,C:\Users\Angad\Desktop\StemFellowship\data\raw\fitzpatrick\Categorized_AbbrvName\sq-ce-ca_581\sq-ce-ca_f2_5_54f09a0a.jpg,2,light_FST1_2,1,1,0.9628388285636902
ur_f1_10_3ee0a0d6.jpg,C:\Users\Angad\Desktop\StemFellowship\data\raw\fitzpatrick\Categorized_AbbrvName\ur_151\ur_f1_10_3ee0a0d6.jpg,1,light_FST1_2,0,0,0.008790710009634495
ac_f2_65_307feb1c.jpg,C:\Users\Angad\Desktop\StemFellowship\data\raw\fitzpatrick\Categorized_AbbrvName\ac_183\ac_f2_65_307feb1c.jpg,2,light_FST1_2,0,0,0.10515342652797699
lu-er_f3_168_cbd493cb.jpg,C:\Users\Angad\Desktop\StemFellowship\data\raw\fitzpatrick\Categorized_AbbrvName\lu-er_410\lu-er_f3_168_cbd493cb.jpg,3,medium_FST3_4,0,0,0.0014555673114955425
sq-ce-ca_f2_233_73f11ac2.jpg,C:\Users\Angad\Desktop\StemFellowship\data\raw\fitzpatrick\Categorized_AbbrvName\sq-ce-ca_581\sq-ce-ca_f2_233_73f11ac2.jpg,2,light_FST1_2,1,1,0.863502562046051
ma-me_f1_21_130b209f.jpg,C:\Users\Angad\Desktop\StemFellowship\data\raw\fitzpatrick\Categorized_AbbrvName\ma-me_111\ma-me_f1_21_130b209f.jpg,1,light_FST1_2,1,1,0.7797043323516846
fo_f5_231_fbe7bc7d.jpg,C:\Users\Angad\Desktop\StemFellowship\data\raw\fitzpatrick\Categorized_AbbrvName\fo_342\fo_f5_231_fbe7bc7d.jpg,5,dark_FST5_6,0,1,0.6718370914459229
le-ma_f3_5_cb0516a3.jpg,C:\Users\Angad\Desktop\StemFellowship\data\raw\fitzpatrick\Categorized_AbbrvName\le-ma_83\le-ma_f3_5_cb0516a3.jpg,3,medium_FST3_4,1,1,0.9771350622177124
ne-li_f3_50_c47bc5e8.jpg,C:\Users\Angad\Desktop\StemFellowship\data\raw\fitzpatrick\Categorized_AbbrvName\ne-li_123\ne-li_f3_50_c47bc5e8.jpg,3,medium_FST3_4,0,0,0.2901226282119751
ap-cu_f4_16_92fec942.jpg,C:\Users\Angad\Desktop\StemFellowship\data\raw\fitzpatrick\Categorized_AbbrvName\ap-cu_72\ap-cu_f4_16_92fec942.jpg,4,medium_FST3_4,0,0,0.0011537353275343776
lu-su_f2_29_d109e19f.jpg,C:\Users\Angad\Desktop\StemFellowship\data\raw\fitzpatrick\Categorized_AbbrvName\lu-su_111\lu-su_f2_29_d109e19f.jpg,2,light_FST1_2,0,0,0.01838625781238079
