filename,image_path,fitzpatrick,skin_group,true_label,pred_label,pred_prob
ly_f5_61_f6095846.jpg,C:\Users\Angad\Desktop\StemFellowship\data\raw\fitzpatrick\Categorized_AbbrvName\ly_100\ly_f5_61_f6095846.jpg,5,dark_FST5_6,0,0,0.008459702134132385
ur_f3_60_950d0792.jpg,C:\Users\Angad\Desktop\StemFellowship\data\raw\fitzpatrick\Categorized_AbbrvName\ur_151\ur_f3_60_950d0792.jpg,3,medium_FST3_4,0,0,0.0008604577160440385
ac-au-bu-di-ge_f1_13_0d8a8465.jpg,C:\Users\Angad\Desktop\StemFellowship\data\raw\fitzpatrick\Categorized_AbbrvName\ac-au-bu-di-ge_67\ac-au-bu-di-ge_f1_13_0d8a8465.jpg,1,light_FST1_2,0,0,0.027186516672372818
me_f3_212_bd70e00d.jpg,C:\Users\Angad\Desktop\StemFellowship\data\raw\fitzpatrick\Categorized_AbbrvName\me_261\me_f3_212_bd70e00d.jpg,3,medium_FST3_4,1,1,0.5614803433418274
tu_f2_115_5cf8344b.jpg,C:\Users\Angad\Desktop\StemFellowship\data\raw\fitzpatrick\Categorized_AbbrvName\tu_152\tu_f2_115_5cf8344b.jpg,2,light_FST1_2,0,0,0.047444798052310944
ca-cu_f2_79_d9dc5518.jpg,C:\Users\Angad\Desktop\StemFellowship\data\raw\fitzpatrick\Categorized_AbbrvName\ca-cu_80\ca-cu_f2_79_d9dc5518.jpg,2,light_FST1_2,0,0,0.0070029799826443195
ka-sa_f2_65_d9ff106f.jpg,C:\Users\Angad\Desktop\StemFellowship\data\raw\fitzpatrick\Categorized_AbbrvName\ka-sa_156\ka-sa_f2_65_d9ff106f.jpg,2,light_FST1_2,1,0,0.12727831304073334
ps_f5_104_46265c45.jpg,C:\Users\Angad\Desktop\StemFellowship\data\raw\fitzpatrick\Categorized_AbbrvName\ps_653\ps_f5_104_46265c45.jpg,5,dark_FST5_6,0,0,0.015384044498205185
ec_f3_80_90c7b3f6.jpg,C:\Users\Angad\Desktop\StemFellowship\data\raw\fitzpatrick\Categorized_AbbrvName\ec_204\ec_f3_80_90c7b3f6.jpg,3,medium_FST3_4,0,0,6.404564919648692e-05
me_f2_38_40322591.jpg,C:\Users\Angad\Desktop\StemFellowship\data\raw\fitzpatrick\Categorized_AbbrvName\me_261\me_f2_38_40322591.jpg,2,light_FST1_2,1,1,0.9998972415924072
pi-li-ch_f2_69_54a0f23c.jpg,C:\Users\Angad\Desktop\StemFellowship\data\raw\fitzpatrick\Categorized_AbbrvName\pi-li-ch_73\pi-li-ch_f2_69_54a0f23c.jpg,2,light_FST1_2,0,1,0.9169082045555115
pi-li-ch_f3_55_ea9dfbaf.jpg,C:\Users\Angad\Desktop\StemFellowship\data\raw\fitzpatrick\Categorized_AbbrvName\pi-li-ch_73\pi-li-ch_f3_55_ea9dfbaf.jpg,3,medium_FST3_4,0,0,6.176169699756429e-05
pr-no_f5_146_3f0c7f76.jpg,C:\Users\Angad\Desktop\StemFellowship\data\raw\fitzpatrick\Categorized_AbbrvName\pr-no_170\pr-no_f5_146_3f0c7f76.jpg,5,dark_FST5_6,0,0,0.0012960247695446014
ke_f4_107_9ca1e7ab.jpg,C:\Users\Angad\Desktop\StemFellowship\data\raw\fitzpatrick\Categorized_AbbrvName\ke_156\ke_f4_107_9ca1e7ab.jpg,4,medium_FST3_4,0,0,0.0001989847660297528
ph_f3_15_79fc5519.jpg,C:\Users\Angad\Desktop\StemFellowship\data\raw\fitzpatrick\Categorized_AbbrvName\ph_348\ph_f3_15_79fc5519.jpg,3,medium_FST3_4,0,0,0.00683074165135622
ps_f6_322_8e58158c.jpg,C:\Users\Angad\Desktop\StemFellowship\data\raw\fitzpatrick\Categorized_AbbrvName\ps_653\ps_f6_322_8e58158c.jpg,6,dark_FST5_6,0,0,0.0012680781073868275
ps_f5_8_4e3fa37a.jpg,C:\Users\Angad\Desktop\StemFellowship\data\raw\fitzpatrick\Categorized_AbbrvName\ps_653\ps_f5_8_4e3fa37a.jpg,5,dark_FST5_6,0,0,0.0018044037278741598
ac-vu_f3_73_11091acb.jpg,C:\Users\Angad\Desktop\StemFellowship\data\raw\fitzpatrick\Categorized_AbbrvName\ac-vu_335\ac-vu_f3_73_11091acb.jpg,3,medium_FST3_4,0,0,0.00016148727445397526
eh-da-sy_f2_28_4945aac2.jpg,C:\Users\Angad\Desktop\StemFellowship\data\raw\fitzpatrick\Categorized_AbbrvName\eh-da-sy_127\eh-da-sy_f2_28_4945aac2.jpg,2,light_FST1_2,0,0,0.005911780521273613
ju-xa_f3_41_b475283f.jpg,C:\Users\Angad\Desktop\StemFellowship\data\raw\fitzpatrick\Categorized_AbbrvName\ju-xa_149\ju-xa_f3_41_b475283f.jpg,3,medium_FST3_4,0,0,0.0013118983479216695
ba-ce-ca_f4_457_23b55a04.jpg,C:\Users\Angad\Desktop\StemFellowship\data\raw\fitzpatrick\Categorized_AbbrvName\ba-ce-ca_468\ba-ce-ca_f4_457_23b55a04.jpg,4,medium_FST3_4,1,1,0.9956569671630859
in-pi_f2_67_36c06991.jpg,C:\Users\Angad\Desktop\StemFellowship\data\raw\fitzpatrick\Categorized_AbbrvName\in-pi_102\in-pi_f2_67_36c06991.jpg,2,light_FST1_2,0,0,0.0032871938310563564
sa_f1_248_4f7c0006.jpg,C:\Users\Angad\Desktop\StemFellowship\data\raw\fitzpatrick\Categorized_AbbrvName\sa_349\sa_f1_248_4f7c0006.jpg,1,light_FST1_2,0,0,0.004614521749317646
po-wi-st_f1_25_585659f5.jpg,C:\Users\Angad\Desktop\StemFellowship\data\raw\fitzpatrick\Categorized_AbbrvName\po-wi-st_59\po-wi-st_f1_25_585659f5.jpg,1,light_FST1_2,0,0,0.005292648449540138
se-de_f4_102_ea7bb459.jpg,C:\Users\Angad\Desktop\StemFellowship\data\raw\fitzpatrick\Categorized_AbbrvName\se-de_126\se-de_f4_102_ea7bb459.jpg,4,medium_FST3_4,0,0,0.004439373966306448
li-pl_f5_378_7bcb890f.jpg,C:\Users\Angad\Desktop\StemFellowship\data\raw\fitzpatrick\Categorized_AbbrvName\li-pl_491\li-pl_f5_378_7bcb890f.jpg,5,dark_FST5_6,0,0,4.520394213614054e-05
pi-ru-pi_f4_22_41e2b5ee.jpg,C:\Users\Angad\Desktop\StemFellowship\data\raw\fitzpatrick\Categorized_AbbrvName\pi-ru-pi_278\pi-ru-pi_f4_22_41e2b5ee.jpg,4,medium_FST3_4,0,0,0.012392471544444561
pe-de_f2_15_436d4903.jpg,C:\Users\Angad\Desktop\StemFellowship\data\raw\fitzpatrick\Categorized_AbbrvName\pe-de_61\pe-de_f2_15_436d4903.jpg,2,light_FST1_2,0,0,0.0011939364485442638
ne-li_f4_67_7a93fa20.jpg,C:\Users\Angad\Desktop\StemFellowship\data\raw\fitzpatrick\Categorized_AbbrvName\ne-li_123\ne-li_f4_67_7a93fa20.jpg,4,medium_FST3_4,0,0,0.1500817835330963
lu-er_f1_2_ff0ede16.jpg,C:\Users\Angad\Desktop\StemFellowship\data\raw\fitzpatrick\Categorized_AbbrvName\lu-er_410\lu-er_f1_2_ff0ede16.jpg,1,light_FST1_2,0,0,0.10844686627388
ec_f4_168_1244859b.jpg,C:\Users\Angad\Desktop\StemFellowship\data\raw\fitzpatrick\Categorized_AbbrvName\ec_204\ec_f4_168_1244859b.jpg,4,medium_FST3_4,0,0,0.0009577578748576343
ac-ni_f5_38_16240efb.jpg,C:\Users\Angad\Desktop\StemFellowship\data\raw\fitzpatrick\Categorized_AbbrvName\ac-ni_92\ac-ni_f5_38_16240efb.jpg,5,dark_FST5_6,0,0,0.00031404700712300837
ke_f2_48_136bbc3a.jpg,C:\Users\Angad\Desktop\StemFellowship\data\raw\fitzpatrick\Categorized_AbbrvName\ke_156\ke_f2_48_136bbc3a.jpg,2,light_FST1_2,0,0,0.0046737901866436005
ka-sa_f4_63_976bcb2a.jpg,C:\Users\Angad\Desktop\StemFellowship\data\raw\fitzpatrick\Categorized_AbbrvName\ka-sa_156\ka-sa_f4_63_976bcb2a.jpg,4,medium_FST3_4,1,1,0.516421914100647
lu-er_f6_320_c3896a99.jpg,C:\Users\Angad\Desktop\StemFellowship\data\raw\fitzpatrick\Categorized_AbbrvName\lu-er_410\lu-er_f6_320_c3896a99.jpg,6,dark_FST5_6,0,0,0.27068230509757996
tu-sc_f3_138_f1b47cb8.jpg,C:\Users\Angad\Desktop\StemFellowship\data\raw\fitzpatrick\Categorized_AbbrvName\tu-sc_141\tu-sc_f3_138_f1b47cb8.jpg,3,medium_FST3_4,0,0,0.0006364219589158893
fo_f5_58_038e343e.jpg,C:\Users\Angad\Desktop\StemFellowship\data\raw\fitzpatrick\Categorized_AbbrvName\fo_342\fo_f5_58_038e343e.jpg,5,dark_FST5_6,0,0,0.01680319756269455
ca-cu_f3_42_14a8f319.jpg,C:\Users\Angad\Desktop\StemFellowship\data\raw\fitzpatrick\Categorized_AbbrvName\ca-cu_80\ca-cu_f3_42_14a8f319.jpg,3,medium_FST3_4,0,0,0.004240785725414753
vi_f6_60_bd9ebdee.jpg,C:\Users\Angad\Desktop\StemFellowship\data\raw\fitzpatrick\Categorized_AbbrvName\vi_166\vi_f6_60_bd9ebdee.jpg,6,dark_FST5_6,0,0,0.006336765363812447
in-pi_f3_84_806eb040.jpg,C:\Users\Angad\Desktop\StemFellowship\data\raw\fitzpatrick\Categorized_AbbrvName\in-pi_102\in-pi_f3_84_806eb040.jpg,3,medium_FST3_4,0,0,2.365945420024218e-06
xe-pi_f1_62_f8900d24.jpg,C:\Users\Angad\Desktop\StemFellowship\data\raw\fitzpatrick\Categorized_AbbrvName\xe-pi_81\xe-pi_f1_62_f8900d24.jpg,1,light_FST1_2,0,0,0.10744515806436539
sq-ce-ca_f1_164_71fc983e.jpg,C:\Users\Angad\Desktop\StemFellowship\data\raw\fitzpatrick\Categorized_AbbrvName\sq-ce-ca_581\sq-ce-ca_f1_164_71fc983e.jpg,1,light_FST1_2,1,1,0.9983618855476379
py-gr_f1_22_7d5fa40a.jpg,C:\Users\Angad\Desktop\StemFellowship\data\raw\fitzpatrick\Categorized_AbbrvName\py-gr_113\py-gr_f1_22_7d5fa40a.jpg,1,light_FST1_2,0,0,0.06859827786684036
ha-ha-di_f5_148_dbfa5b80.jpg,C:\Users\Angad\Desktop\StemFellowship\data\raw\fitzpatrick\Categorized_AbbrvName\ha-ha-di_174\ha-ha-di_f5_148_dbfa5b80.jpg,5,dark_FST5_6,0,1,0.9648211002349854
ka-sa_f4_155_b5fa137e.jpg,C:\Users\Angad\Desktop\StemFellowship\data\raw\fitzpatrick\Categorized_AbbrvName\ka-sa_156\ka-sa_f4_155_b5fa137e.jpg,4,medium_FST3_4,1,1,0.9924935102462769
pa_f1_47_9f9d0a45.jpg,C:\Users\Angad\Desktop\StemFellowship\data\raw\fitzpatrick\Categorized_AbbrvName\pa_59\pa_f1_47_9f9d0a45.jpg,1,light_FST1_2,0,0,0.012677990831434727
ic-vu_f5_8_93cabbbc.jpg,C:\Users\Angad\Desktop\StemFellowship\data\raw\fitzpatrick\Categorized_AbbrvName\ic-vu_65\ic-vu_f5_8_93cabbbc.jpg,5,dark_FST5_6,0,0,3.967466909671202e-05
ke_f3_133_c78bde4a.jpg,C:\Users\Angad\Desktop\StemFellowship\data\raw\fitzpatrick\Categorized_AbbrvName\ke_156\ke_f3_133_c78bde4a.jpg,3,medium_FST3_4,0,0,9.229325223714113e-05
ha-ha-di_f4_96_8a77a954.jpg,C:\Users\Angad\Desktop\StemFellowship\data\raw\fitzpatrick\Categorized_AbbrvName\ha-ha-di_174\ha-ha-di_f4_96_8a77a954.jpg,4,medium_FST3_4,0,1,0.7983168363571167
ba-ce-ca_f1_26_4ea4ab5f.jpg,C:\Users\Angad\Desktop\StemFellowship\data\raw\fitzpatrick\Categorized_AbbrvName\ba-ce-ca_468\ba-ce-ca_f1_26_4ea4ab5f.jpg,1,light_FST1_2,1,1,0.9999262094497681
al-co-de_f3_267_b4c6eb2e.jpg,C:\Users\Angad\Desktop\StemFellowship\data\raw\fitzpatrick\Categorized_AbbrvName\al-co-de_430\al-co-de_f3_267_b4c6eb2e.jpg,3,medium_FST3_4,0,0,0.0005563075537793338
er-an-ce_f3_26_19360493.jpg,C:\Users\Angad\Desktop\StemFellowship\data\raw\fitzpatrick\Categorized_AbbrvName\er-an-ce_88\er-an-ce_f3_26_19360493.jpg,3,medium_FST3_4,0,0,0.0001121813475037925
ph_f3_331_e9374d39.jpg,C:\Users\Angad\Desktop\StemFellowship\data\raw\fitzpatrick\Categorized_AbbrvName\ph_348\ph_f3_331_e9374d39.jpg,3,medium_FST3_4,0,0,0.0006161679630167782
lu-er_f4_318_4db07607.jpg,C:\Users\Angad\Desktop\StemFellowship\data\raw\fitzpatrick\Categorized_AbbrvName\lu-er_410\lu-er_f4_318_4db07607.jpg,4,medium_FST3_4,0,0,0.0008057772065512836
ly-di_f2_27_e4694223.jpg,C:\Users\Angad\Desktop\StemFellowship\data\raw\fitzpatrick\Categorized_AbbrvName\ly-di_129\ly-di_f2_27_e4694223.jpg,2,light_FST1_2,0,0,0.008327564224600792
di-ac-po_f3_54_c98c9a7e.jpg,C:\Users\Angad\Desktop\StemFellowship\data\raw\fitzpatrick\Categorized_AbbrvName\di-ac-po_60\di-ac-po_f3_54_c98c9a7e.jpg,3,medium_FST3_4,0,0,0.0036728770937770605
se-de_f1_21_c46504f5.jpg,C:\Users\Angad\Desktop\StemFellowship\data\raw\fitzpatrick\Categorized_AbbrvName\se-de_126\se-de_f1_21_c46504f5.jpg,1,light_FST1_2,0,0,0.01480571087449789
dr-er_f1_174_eae6ddc8.jpg,C:\Users\Angad\Desktop\StemFellowship\data\raw\fitzpatrick\Categorized_AbbrvName\dr-er_200\dr-er_f1_174_eae6ddc8.jpg,1,light_FST1_2,0,0,0.013340949080884457
ro_f2_21_1f22bb37.jpg,C:\Users\Angad\Desktop\StemFellowship\data\raw\fitzpatrick\Categorized_AbbrvName\ro_102\ro_f2_21_1f22bb37.jpg,2,light_FST1_2,0,0,0.02398151531815529
pi-ru-pi_f5_161_27c9a5af.jpg,C:\Users\Angad\Desktop\StemFellowship\data\raw\fitzpatrick\Categorized_AbbrvName\pi-ru-pi_278\pi-ru-pi_f5_161_27c9a5af.jpg,5,dark_FST5_6,0,1,0.7643564343452454
fo_f5_180_a1fef802.jpg,C:\Users\Angad\Desktop\StemFellowship\data\raw\fitzpatrick\Categorized_AbbrvName\fo_342\fo_f5_180_a1fef802.jpg,5,dark_FST5_6,0,0,0.009848303161561489
me_f4_188_13aa2de8.jpg,C:\Users\Angad\Desktop\StemFellowship\data\raw\fitzpatrick\Categorized_AbbrvName\me_261\me_f4_188_13aa2de8.jpg,4,medium_FST3_4,1,1,0.9989915490150452
gr-an_f3_97_67a60896.jpg,C:\Users\Angad\Desktop\StemFellowship\data\raw\fitzpatrick\Categorized_AbbrvName\gr-an_211\gr-an_f3_97_67a60896.jpg,3,medium_FST3_4,0,0,0.00012177088501630351
gr-an_f3_99_afa78d2e.jpg,C:\Users\Angad\Desktop\StemFellowship\data\raw\fitzpatrick\Categorized_AbbrvName\gr-an_211\gr-an_f3_99_afa78d2e.jpg,3,medium_FST3_4,0,0,0.035352420061826706
fi-er_f6_2_94774d1e.jpg,C:\Users\Angad\Desktop\StemFellowship\data\raw\fitzpatrick\Categorized_AbbrvName\fi-er_125\fi-er_f6_2_94774d1e.jpg,6,dark_FST5_6,0,0,0.0066386498510837555
dr-er_f2_107_105478b2.jpg,C:\Users\Angad\Desktop\StemFellowship\data\raw\fitzpatrick\Categorized_AbbrvName\dr-er_200\dr-er_f2_107_105478b2.jpg,2,light_FST1_2,0,0,0.0019025629153475165
ep-ne_f1_79_dadea062.jpg,C:\Users\Angad\Desktop\StemFellowship\data\raw\fitzpatrick\Categorized_AbbrvName\ep-ne_91\ep-ne_f1_79_dadea062.jpg,1,light_FST1_2,0,0,0.00021359244419727474
su-da-sk_f2_63_af12b74a.jpg,C:\Users\Angad\Desktop\StemFellowship\data\raw\fitzpatrick\Categorized_AbbrvName\su-da-sk_66\su-da-sk_f2_63_af12b74a.jpg,2,light_FST1_2,0,0,0.0054204692132771015
ka-sa_f4_62_f89b8b51.jpg,C:\Users\Angad\Desktop\StemFellowship\data\raw\fitzpatrick\Categorized_AbbrvName\ka-sa_156\ka-sa_f4_62_f89b8b51.jpg,4,medium_FST3_4,1,1,0.9745790362358093
ne-ne_f1_74_d863e7bb.jpg,C:\Users\Angad\Desktop\StemFellowship\data\raw\fitzpatrick\Categorized_AbbrvName\ne-ne_86\ne-ne_f1_74_d863e7bb.jpg,1,light_FST1_2,0,0,0.4908728003501892
ec_f3_160_7c651f99.jpg,C:\Users\Angad\Desktop\StemFellowship\data\raw\fitzpatrick\Categorized_AbbrvName\ec_204\ec_f3_160_7c651f99.jpg,3,medium_FST3_4,0,0,0.005082334391772747
sq-ce-ca_f4_580_67779d24.jpg,C:\Users\Angad\Desktop\StemFellowship\data\raw\fitzpatrick\Categorized_AbbrvName\sq-ce-ca_581\sq-ce-ca_f4_580_67779d24.jpg,4,medium_FST3_4,1,1,0.999964714050293
lu-er_f3_234_010c97dc.jpg,C:\Users\Angad\Desktop\StemFellowship\data\raw\fitzpatrick\Categorized_AbbrvName\lu-er_410\lu-er_f3_234_010c97dc.jpg,3,medium_FST3_4,0,0,1.4876538443786558e-05
fi-er_f3_99_69859f32.jpg,C:\Users\Angad\Desktop\StemFellowship\data\raw\fitzpatrick\Categorized_AbbrvName\fi-er_125\fi-er_f3_99_69859f32.jpg,3,medium_FST3_4,0,0,0.005088732577860355
ec_f3_95_3d8290e0.jpg,C:\Users\Angad\Desktop\StemFellowship\data\raw\fitzpatrick\Categorized_AbbrvName\ec_204\ec_f3_95_3d8290e0.jpg,3,medium_FST3_4,0,0,0.014048554003238678
hi_f2_16_9c071aa7.jpg,C:\Users\Angad\Desktop\StemFellowship\data\raw\fitzpatrick\Categorized_AbbrvName\hi_90\hi_f2_16_9c071aa7.jpg,2,light_FST1_2,0,0,0.0045371949672698975
gr-an_f2_156_5d7639a2.jpg,C:\Users\Angad\Desktop\StemFellowship\data\raw\fitzpatrick\Categorized_AbbrvName\gr-an_211\gr-an_f2_156_5d7639a2.jpg,2,light_FST1_2,0,0,0.0034227543510496616
ju-xa_f3_17_43713e79.jpg,C:\Users\Angad\Desktop\StemFellowship\data\raw\fitzpatrick\Categorized_AbbrvName\ju-xa_149\ju-xa_f3_17_43713e79.jpg,3,medium_FST3_4,0,0,0.041674111038446426
ly-di_f1_75_f206a0a0.jpg,C:\Users\Angad\Desktop\StemFellowship\data\raw\fitzpatrick\Categorized_AbbrvName\ly-di_129\ly-di_f1_75_f206a0a0.jpg,1,light_FST1_2,0,0,0.16493403911590576
ur_f1_74_c27fcb59.jpg,C:\Users\Angad\Desktop\StemFellowship\data\raw\fitzpatrick\Categorized_AbbrvName\ur_151\ur_f1_74_c27fcb59.jpg,1,light_FST1_2,0,0,0.011712903156876564
me_f1_136_af996279.jpg,C:\Users\Angad\Desktop\StemFellowship\data\raw\fitzpatrick\Categorized_AbbrvName\me_261\me_f1_136_af996279.jpg,1,light_FST1_2,1,1,0.7292650938034058
so-cy-ba-ce-ca_f1_46_27f0e7a7.jpg,C:\Users\Angad\Desktop\StemFellowship\data\raw\fitzpatrick\Categorized_AbbrvName\so-cy-ba-ce-ca_66\so-cy-ba-ce-ca_f1_46_27f0e7a7.jpg,1,light_FST1_2,1,1,0.8813557028770447
ac-ke_f3_39_a589f826.jpg,C:\Users\Angad\Desktop\StemFellowship\data\raw\fitzpatrick\Categorized_AbbrvName\ac-ke_175\ac-ke_f3_39_a589f826.jpg,3,medium_FST3_4,1,0,0.0006168642430566251
ac-au-bu-di-ge_f1_57_fbf54448.jpg,C:\Users\Angad\Desktop\StemFellowship\data\raw\fitzpatrick\Categorized_AbbrvName\ac-au-bu-di-ge_67\ac-au-bu-di-ge_f1_57_fbf54448.jpg,1,light_FST1_2,0,0,0.06676790863275528
ba-ce-ca_f1_142_21a8b19f.jpg,C:\Users\Angad\Desktop\StemFellowship\data\raw\fitzpatrick\Categorized_AbbrvName\ba-ce-ca_468\ba-ce-ca_f1_142_21a8b19f.jpg,1,light_FST1_2,1,1,0.9999243021011353
ac-vu_f1_187_7fa31345.jpg,C:\Users\Angad\Desktop\StemFellowship\data\raw\fitzpatrick\Categorized_AbbrvName\ac-vu_335\ac-vu_f1_187_7fa31345.jpg,1,light_FST1_2,0,0,0.023829128593206406
ps_f2_440_98b94213.jpg,C:\Users\Angad\Desktop\StemFellowship\data\raw\fitzpatrick\Categorized_AbbrvName\ps_653\ps_f2_440_98b94213.jpg,2,light_FST1_2,0,0,0.000843637331854552
se-ke_f4_30_a2e69b3c.jpg,C:\Users\Angad\Desktop\StemFellowship\data\raw\fitzpatrick\Categorized_AbbrvName\se-ke_69\se-ke_f4_30_a2e69b3c.jpg,4,medium_FST3_4,0,0,0.011171497404575348
rh_f3_84_60abb67a.jpg,C:\Users\Angad\Desktop\StemFellowship\data\raw\fitzpatrick\Categorized_AbbrvName\rh_91\rh_f3_84_60abb67a.jpg,3,medium_FST3_4,0,0,0.4385663568973541
di-ac-po_f2_57_f9c61ff6.jpg,C:\Users\Angad\Desktop\StemFellowship\data\raw\fitzpatrick\Categorized_AbbrvName\di-ac-po_60\di-ac-po_f2_57_f9c61ff6.jpg,2,light_FST1_2,0,0,0.07267114520072937
pi-ru-pi_f6_32_b29387fe.jpg,C:\Users\Angad\Desktop\StemFellowship\data\raw\fitzpatrick\Categorized_AbbrvName\pi-ru-pi_278\pi-ru-pi_f6_32_b29387fe.jpg,6,dark_FST5_6,0,0,0.03873499855399132
ps_f2_498_350e8caf.jpg,C:\Users\Angad\Desktop\StemFellowship\data\raw\fitzpatrick\Categorized_AbbrvName\ps_653\ps_f2_498_350e8caf.jpg,2,light_FST1_2,0,0,0.08281508833169937
pi-li-ch_f2_64_83f46baf.jpg,C:\Users\Angad\Desktop\StemFellowship\data\raw\fitzpatrick\Categorized_AbbrvName\pi-li-ch_73\pi-li-ch_f2_64_83f46baf.jpg,2,light_FST1_2,0,0,0.0010047474643215537
li-pl_f1_183_e2211fea.jpg,C:\Users\Angad\Desktop\StemFellowship\data\raw\fitzpatrick\Categorized_AbbrvName\li-pl_491\li-pl_f1_183_e2211fea.jpg,1,light_FST1_2,0,0,0.08625651895999908
ur-pi_f2_84_a4a16caf.jpg,C:\Users\Angad\Desktop\StemFellowship\data\raw\fitzpatrick\Categorized_AbbrvName\ur-pi_112\ur-pi_f2_84_a4a16caf.jpg,2,light_FST1_2,0,0,0.0002122867590514943
sq-ce-ca_f4_504_de608b75.jpg,C:\Users\Angad\Desktop\StemFellowship\data\raw\fitzpatrick\Categorized_AbbrvName\sq-ce-ca_581\sq-ce-ca_f4_504_de608b75.jpg,4,medium_FST3_4,1,1,0.8171854615211487
mu-cy_f1_27_b9003d43.jpg,C:\Users\Angad\Desktop\StemFellowship\data\raw\fitzpatrick\Categorized_AbbrvName\mu-cy_79\mu-cy_f1_27_b9003d43.jpg,1,light_FST1_2,0,0,0.0294792577624321
sq-ce-ca_f3_557_cc333f3d.jpg,C:\Users\Angad\Desktop\StemFellowship\data\raw\fitzpatrick\Categorized_AbbrvName\sq-ce-ca_581\sq-ce-ca_f3_557_cc333f3d.jpg,3,medium_FST3_4,1,1,0.8241188526153564
sq-ce-ca_f2_510_20851c52.jpg,C:\Users\Angad\Desktop\StemFellowship\data\raw\fitzpatrick\Categorized_AbbrvName\sq-ce-ca_581\sq-ce-ca_f2_510_20851c52.jpg,2,light_FST1_2,1,1,0.9995831847190857
le-ma_f1_66_ede3cf41.jpg,C:\Users\Angad\Desktop\StemFellowship\data\raw\fitzpatrick\Categorized_AbbrvName\le-ma_83\le-ma_f1_66_ede3cf41.jpg,1,light_FST1_2,1,1,0.9999547004699707
ne-de_f2_354_cfd33156.jpg,C:\Users\Angad\Desktop\StemFellowship\data\raw\fitzpatrick\Categorized_AbbrvName\ne-de_361\ne-de_f2_354_cfd33156.jpg,2,light_FST1_2,0,0,0.09347682446241379
ba-ce-ca_f3_219_7270099b.jpg,C:\Users\Angad\Desktop\StemFellowship\data\raw\fitzpatrick\Categorized_AbbrvName\ba-ce-ca_468\ba-ce-ca_f3_219_7270099b.jpg,3,medium_FST3_4,1,0,0.004189473111182451
da-di_f4_62_07119186.jpg,C:\Users\Angad\Desktop\StemFellowship\data\raw\fitzpatrick\Categorized_AbbrvName\da-di_153\da-di_f4_62_07119186.jpg,4,medium_FST3_4,0,0,0.0003053518303204328
ly-di_f1_88_1f44e117.jpg,C:\Users\Angad\Desktop\StemFellowship\data\raw\fitzpatrick\Categorized_AbbrvName\ly-di_129\ly-di_f1_88_1f44e117.jpg,1,light_FST1_2,0,0,0.002643006155267358
pi-ru-pi_f5_40_afa4bd44.jpg,C:\Users\Angad\Desktop\StemFellowship\data\raw\fitzpatrick\Categorized_AbbrvName\pi-ru-pi_278\pi-ru-pi_f5_40_afa4bd44.jpg,5,dark_FST5_6,0,0,0.01530703715980053
ur_f2_16_7ebb629b.jpg,C:\Users\Angad\Desktop\StemFellowship\data\raw\fitzpatrick\Categorized_AbbrvName\ur_151\ur_f2_16_7ebb629b.jpg,2,light_FST1_2,0,0,0.0005186283960938454
ne-li_f1_46_d72350c9.jpg,C:\Users\Angad\Desktop\StemFellowship\data\raw\fitzpatrick\Categorized_AbbrvName\ne-li_123\ne-li_f1_46_d72350c9.jpg,1,light_FST1_2,0,0,0.07013300061225891
st_f1_20_b50593fb.jpg,C:\Users\Angad\Desktop\StemFellowship\data\raw\fitzpatrick\Categorized_AbbrvName\st_67\st_f1_20_b50593fb.jpg,1,light_FST1_2,0,0,0.22966541349887848
be-di_f2_6_f98685df.jpg,C:\Users\Angad\Desktop\StemFellowship\data\raw\fitzpatrick\Categorized_AbbrvName\be-di_63\be-di_f2_6_f98685df.jpg,2,light_FST1_2,0,0,0.20860058069229126
fo-sp_f4_74_e82f93dd.jpg,C:\Users\Angad\Desktop\StemFellowship\data\raw\fitzpatrick\Categorized_AbbrvName\fo-sp_100\fo-sp_f4_74_e82f93dd.jpg,4,medium_FST3_4,0,0,0.010733107104897499
ma-me_f2_4_1681c653.jpg,C:\Users\Angad\Desktop\StemFellowship\data\raw\fitzpatrick\Categorized_AbbrvName\ma-me_111\ma-me_f2_4_1681c653.jpg,2,light_FST1_2,1,0,0.22298990190029144
su-sp-me-ss_f2_11_fb645ff8.jpg,C:\Users\Angad\Desktop\StemFellowship\data\raw\fitzpatrick\Categorized_AbbrvName\su-sp-me-ss_118\su-sp-me-ss_f2_11_fb645ff8.jpg,2,light_FST1_2,1,0,0.4954080581665039
da-di_f2_54_8e5ecd91.jpg,C:\Users\Angad\Desktop\StemFellowship\data\raw\fitzpatrick\Categorized_AbbrvName\da-di_153\da-di_f2_54_8e5ecd91.jpg,2,light_FST1_2,0,0,0.4816017150878906
lu-er_f3_355_a02e6b04.jpg,C:\Users\Angad\Desktop\StemFellowship\data\raw\fitzpatrick\Categorized_AbbrvName\lu-er_410\lu-er_f3_355_a02e6b04.jpg,3,medium_FST3_4,0,0,0.0005379271460697055
er-no_f1_49_a71da3de.jpg,C:\Users\Angad\Desktop\StemFellowship\data\raw\fitzpatrick\Categorized_AbbrvName\er-no_81\er-no_f1_49_a71da3de.jpg,1,light_FST1_2,0,0,0.002976612653583288
ne-de_f2_181_f9ac3e74.jpg,C:\Users\Angad\Desktop\StemFellowship\data\raw\fitzpatrick\Categorized_AbbrvName\ne-de_361\ne-de_f2_181_f9ac3e74.jpg,2,light_FST1_2,0,1,0.640140175819397
po_f5_119_7f22c295.jpg,C:\Users\Angad\Desktop\StemFellowship\data\raw\fitzpatrick\Categorized_AbbrvName\po_127\po_f5_119_7f22c295.jpg,5,dark_FST5_6,0,0,0.3232415020465851
ap-cu_f5_29_e40a7afe.jpg,C:\Users\Angad\Desktop\StemFellowship\data\raw\fitzpatrick\Categorized_AbbrvName\ap-cu_72\ap-cu_f5_29_e40a7afe.jpg,5,dark_FST5_6,0,0,0.005016232840716839
vi_f5_152_215eb287.jpg,C:\Users\Angad\Desktop\StemFellowship\data\raw\fitzpatrick\Categorized_AbbrvName\vi_166\vi_f5_152_215eb287.jpg,5,dark_FST5_6,0,0,0.2206856608390808
lu-er_f3_97_17171df5.jpg,C:\Users\Angad\Desktop\StemFellowship\data\raw\fitzpatrick\Categorized_AbbrvName\lu-er_410\lu-er_f3_97_17171df5.jpg,3,medium_FST3_4,0,0,0.2334195077419281
ps_f2_67_487a1e12.jpg,C:\Users\Angad\Desktop\StemFellowship\data\raw\fitzpatrick\Categorized_AbbrvName\ps_653\ps_f2_67_487a1e12.jpg,2,light_FST1_2,0,0,0.00022831742535345256
ac-vu_f1_288_df0ed687.jpg,C:\Users\Angad\Desktop\StemFellowship\data\raw\fitzpatrick\Categorized_AbbrvName\ac-vu_335\ac-vu_f1_288_df0ed687.jpg,1,light_FST1_2,0,0,0.002502845134586096
dr-er_f5_34_6cd57e29.jpg,C:\Users\Angad\Desktop\StemFellowship\data\raw\fitzpatrick\Categorized_AbbrvName\dr-er_200\dr-er_f5_34_6cd57e29.jpg,5,dark_FST5_6,0,0,0.01415102370083332
st-jo-sy_f6_65_34e20d92.jpg,C:\Users\Angad\Desktop\StemFellowship\data\raw\fitzpatrick\Categorized_AbbrvName\st-jo-sy_113\st-jo-sy_f6_65_34e20d92.jpg,6,dark_FST5_6,0,0,0.005196504294872284
ba-ce-ca_f2_65_a4d86ff0.jpg,C:\Users\Angad\Desktop\StemFellowship\data\raw\fitzpatrick\Categorized_AbbrvName\ba-ce-ca_468\ba-ce-ca_f2_65_a4d86ff0.jpg,2,light_FST1_2,1,0,0.03970636427402496
pi-li-ch_f3_67_6b9d1a3f.jpg,C:\Users\Angad\Desktop\StemFellowship\data\raw\fitzpatrick\Categorized_AbbrvName\pi-li-ch_73\pi-li-ch_f3_67_6b9d1a3f.jpg,3,medium_FST3_4,0,0,0.024552693590521812
se-de_f2_100_8085a5cd.jpg,C:\Users\Angad\Desktop\StemFellowship\data\raw\fitzpatrick\Categorized_AbbrvName\se-de_126\se-de_f2_100_8085a5cd.jpg,2,light_FST1_2,0,0,0.002743646502494812
ma-me_f1_37_ed277f41.jpg,C:\Users\Angad\Desktop\StemFellowship\data\raw\fitzpatrick\Categorized_AbbrvName\ma-me_111\ma-me_f1_37_ed277f41.jpg,1,light_FST1_2,1,1,0.9984117746353149
al-co-de_f2_175_51a8e47a.jpg,C:\Users\Angad\Desktop\StemFellowship\data\raw\fitzpatrick\Categorized_AbbrvName\al-co-de_430\al-co-de_f2_175_51a8e47a.jpg,2,light_FST1_2,0,0,0.4857826232910156
ac-ni_f1_39_9df4a1d2.jpg,C:\Users\Angad\Desktop\StemFellowship\data\raw\fitzpatrick\Categorized_AbbrvName\ac-ni_92\ac-ni_f1_39_9df4a1d2.jpg,1,light_FST1_2,0,0,0.02369239367544651
dr-er_f4_134_3e0b9c3f.jpg,C:\Users\Angad\Desktop\StemFellowship\data\raw\fitzpatrick\Categorized_AbbrvName\dr-er_200\dr-er_f4_134_3e0b9c3f.jpg,4,medium_FST3_4,0,1,0.541614294052124
xa_f2_28_9b4055e0.jpg,C:\Users\Angad\Desktop\StemFellowship\data\raw\fitzpatrick\Categorized_AbbrvName\xa_53\xa_f2_28_9b4055e0.jpg,2,light_FST1_2,0,0,0.06615181267261505
po-ac_f4_133_82f3238e.jpg,C:\Users\Angad\Desktop\StemFellowship\data\raw\fitzpatrick\Categorized_AbbrvName\po-ac_183\po-ac_f4_133_82f3238e.jpg,4,medium_FST3_4,0,0,0.20889785885810852
ac-au-bu-di-ge_f3_62_6f98c8dd.jpg,C:\Users\Angad\Desktop\StemFellowship\data\raw\fitzpatrick\Categorized_AbbrvName\ac-au-bu-di-ge_67\ac-au-bu-di-ge_f3_62_6f98c8dd.jpg,3,medium_FST3_4,0,0,0.06755635887384415
ps_f3_110_6d6832f8.jpg,C:\Users\Angad\Desktop\StemFellowship\data\raw\fitzpatrick\Categorized_AbbrvName\ps_653\ps_f3_110_6d6832f8.jpg,3,medium_FST3_4,0,0,0.004542498849332333
my-fu_f3_6_0ad35686.jpg,C:\Users\Angad\Desktop\StemFellowship\data\raw\fitzpatrick\Categorized_AbbrvName\my-fu_182\my-fu_f3_6_0ad35686.jpg,3,medium_FST3_4,1,0,0.021743418648838997
gr-an_f4_14_d4d64bbb.jpg,C:\Users\Angad\Desktop\StemFellowship\data\raw\fitzpatrick\Categorized_AbbrvName\gr-an_211\gr-an_f4_14_d4d64bbb.jpg,4,medium_FST3_4,0,0,3.509925227263011e-05
co-ne_f1_29_7edd1ea6.jpg,C:\Users\Angad\Desktop\StemFellowship\data\raw\fitzpatrick\Categorized_AbbrvName\co-ne_68\co-ne_f1_29_7edd1ea6.jpg,1,light_FST1_2,0,0,0.0028657112270593643
ly-di_f2_93_6b62e2b6.jpg,C:\Users\Angad\Desktop\StemFellowship\data\raw\fitzpatrick\Categorized_AbbrvName\ly-di_129\ly-di_f2_93_6b62e2b6.jpg,2,light_FST1_2,0,0,0.0022275829687714577
lu-er_f4_219_85466a17.jpg,C:\Users\Angad\Desktop\StemFellowship\data\raw\fitzpatrick\Categorized_AbbrvName\lu-er_410\lu-er_f4_219_85466a17.jpg,4,medium_FST3_4,0,0,0.0007078507333062589
me_f3_204_74bc180c.jpg,C:\Users\Angad\Desktop\StemFellowship\data\raw\fitzpatrick\Categorized_AbbrvName\me_261\me_f3_204_74bc180c.jpg,3,medium_FST3_4,1,1,0.5349060297012329
ac-ke_f5_153_d33000ba.jpg,C:\Users\Angad\Desktop\StemFellowship\data\raw\fitzpatrick\Categorized_AbbrvName\ac-ke_175\ac-ke_f5_153_d33000ba.jpg,5,dark_FST5_6,1,1,0.8124909400939941
ap-cu_f1_62_4ee44172.jpg,C:\Users\Angad\Desktop\StemFellowship\data\raw\fitzpatrick\Categorized_AbbrvName\ap-cu_72\ap-cu_f1_62_4ee44172.jpg,1,light_FST1_2,0,0,0.012239955365657806
ps_f2_350_633c0b98.jpg,C:\Users\Angad\Desktop\StemFellowship\data\raw\fitzpatrick\Categorized_AbbrvName\ps_653\ps_f2_350_633c0b98.jpg,2,light_FST1_2,0,0,0.041868094354867935
ke_f6_25_f3093029.jpg,C:\Users\Angad\Desktop\StemFellowship\data\raw\fitzpatrick\Categorized_AbbrvName\ke_156\ke_f6_25_f3093029.jpg,6,dark_FST5_6,0,0,0.00439156498759985
pr-no_f2_45_f2525ecb.jpg,C:\Users\Angad\Desktop\StemFellowship\data\raw\fitzpatrick\Categorized_AbbrvName\pr-no_170\pr-no_f2_45_f2525ecb.jpg,2,light_FST1_2,0,0,0.0024320243392139673
mi_f2_2_15dd1eb1.jpg,C:\Users\Angad\Desktop\StemFellowship\data\raw\fitzpatrick\Categorized_AbbrvName\mi_112\mi_f2_2_15dd1eb1.jpg,2,light_FST1_2,0,0,0.0009303559781983495
li-pl_f4_432_8ca45fd5.jpg,C:\Users\Angad\Desktop\StemFellowship\data\raw\fitzpatrick\Categorized_AbbrvName\li-pl_491\li-pl_f4_432_8ca45fd5.jpg,4,medium_FST3_4,0,0,0.00023121330013964325
pi-ru-pi_f5_90_0ab54547.jpg,C:\Users\Angad\Desktop\StemFellowship\data\raw\fitzpatrick\Categorized_AbbrvName\pi-ru-pi_278\pi-ru-pi_f5_90_0ab54547.jpg,5,dark_FST5_6,0,0,0.012193581089377403
dr-er_f4_98_4685fb75.jpg,C:\Users\Angad\Desktop\StemFellowship\data\raw\fitzpatrick\Categorized_AbbrvName\dr-er_200\dr-er_f4_98_4685fb75.jpg,4,medium_FST3_4,0,0,0.03849572688341141
se-ke_f6_17_ed04779a.jpg,C:\Users\Angad\Desktop\StemFellowship\data\raw\fitzpatrick\Categorized_AbbrvName\se-ke_69\se-ke_f6_17_ed04779a.jpg,6,dark_FST5_6,0,0,0.0001772254181560129
ac-vu_f2_24_6b6381eb.jpg,C:\Users\Angad\Desktop\StemFellowship\data\raw\fitzpatrick\Categorized_AbbrvName\ac-vu_335\ac-vu_f2_24_6b6381eb.jpg,2,light_FST1_2,0,0,0.06891106814146042
eh-da-sy_f2_32_9a4628ee.jpg,C:\Users\Angad\Desktop\StemFellowship\data\raw\fitzpatrick\Categorized_AbbrvName\eh-da-sy_127\eh-da-sy_f2_32_9a4628ee.jpg,2,light_FST1_2,0,0,0.00028531684074550867
ha-ha-di_f3_162_96626ea5.jpg,C:\Users\Angad\Desktop\StemFellowship\data\raw\fitzpatrick\Categorized_AbbrvName\ha-ha-di_174\ha-ha-di_f3_162_96626ea5.jpg,3,medium_FST3_4,0,0,0.006966968532651663
ch_f1_68_ddb89c7c.jpg,C:\Users\Angad\Desktop\StemFellowship\data\raw\fitzpatrick\Categorized_AbbrvName\ch_106\ch_f1_68_ddb89c7c.jpg,1,light_FST1_2,0,0,0.00013921409845352173
ne-de_f4_123_75c3e10a.jpg,C:\Users\Angad\Desktop\StemFellowship\data\raw\fitzpatrick\Categorized_AbbrvName\ne-de_361\ne-de_f4_123_75c3e10a.jpg,4,medium_FST3_4,0,1,0.7680896520614624
sq-ce-ca_f4_162_ac3d360b.jpg,C:\Users\Angad\Desktop\StemFellowship\data\raw\fitzpatrick\Categorized_AbbrvName\sq-ce-ca_581\sq-ce-ca_f4_162_ac3d360b.jpg,4,medium_FST3_4,1,1,0.9997105002403259
ne-in_f2_49_9c525195.jpg,C:\Users\Angad\Desktop\StemFellowship\data\raw\fitzpatrick\Categorized_AbbrvName\ne-in_260\ne-in_f2_49_9c525195.jpg,2,light_FST1_2,0,0,0.0007991669699549675
ap-cu_f3_10_aacc97df.jpg,C:\Users\Angad\Desktop\StemFellowship\data\raw\fitzpatrick\Categorized_AbbrvName\ap-cu_72\ap-cu_f3_10_aacc97df.jpg,3,medium_FST3_4,0,0,0.002951456233859062
sa_f5_8_2042ae11.jpg,C:\Users\Angad\Desktop\StemFellowship\data\raw\fitzpatrick\Categorized_AbbrvName\sa_349\sa_f5_8_2042ae11.jpg,5,dark_FST5_6,0,0,0.003859829157590866
xa_f4_15_9f94f5bf.jpg,C:\Users\Angad\Desktop\StemFellowship\data\raw\fitzpatrick\Categorized_AbbrvName\xa_53\xa_f4_15_9f94f5bf.jpg,4,medium_FST3_4,0,0,0.020083406940102577
po-ac_f2_3_e6624fc3.jpg,C:\Users\Angad\Desktop\StemFellowship\data\raw\fitzpatrick\Categorized_AbbrvName\po-ac_183\po-ac_f2_3_e6624fc3.jpg,2,light_FST1_2,0,1,0.6827499866485596
te_f5_57_9939b401.jpg,C:\Users\Angad\Desktop\StemFellowship\data\raw\fitzpatrick\Categorized_AbbrvName\te_126\te_f5_57_9939b401.jpg,5,dark_FST5_6,0,0,0.002632413525134325
vi_f3_27_396eb306.jpg,C:\Users\Angad\Desktop\StemFellowship\data\raw\fitzpatrick\Categorized_AbbrvName\vi_166\vi_f3_27_396eb306.jpg,3,medium_FST3_4,0,0,0.004514271393418312
ac-ni_f5_67_73750f35.jpg,C:\Users\Angad\Desktop\StemFellowship\data\raw\fitzpatrick\Categorized_AbbrvName\ac-ni_92\ac-ni_f5_67_73750f35.jpg,5,dark_FST5_6,0,0,0.01133043970912695
li-pl_f6_118_4c374174.jpg,C:\Users\Angad\Desktop\StemFellowship\data\raw\fitzpatrick\Categorized_AbbrvName\li-pl_491\li-pl_f6_118_4c374174.jpg,6,dark_FST5_6,0,0,0.00040821023867465556
sa_f1_166_557f9320.jpg,C:\Users\Angad\Desktop\StemFellowship\data\raw\fitzpatrick\Categorized_AbbrvName\sa_349\sa_f1_166_557f9320.jpg,1,light_FST1_2,0,0,0.00158715492580086
se-de_f4_3_d884c99e.jpg,C:\Users\Angad\Desktop\StemFellowship\data\raw\fitzpatrick\Categorized_AbbrvName\se-de_126\se-de_f4_3_d884c99e.jpg,4,medium_FST3_4,0,0,0.06212461367249489
vi_f1_41_3a628074.jpg,C:\Users\Angad\Desktop\StemFellowship\data\raw\fitzpatrick\Categorized_AbbrvName\vi_166\vi_f1_41_3a628074.jpg,1,light_FST1_2,0,0,0.0003176668251398951
ba-ce-ca_f1_162_e3b5c999.jpg,C:\Users\Angad\Desktop\StemFellowship\data\raw\fitzpatrick\Categorized_AbbrvName\ba-ce-ca_468\ba-ce-ca_f1_162_e3b5c999.jpg,1,light_FST1_2,1,1,0.699992835521698
po-wi-st_f5_37_8a7e4ecd.jpg,C:\Users\Angad\Desktop\StemFellowship\data\raw\fitzpatrick\Categorized_AbbrvName\po-wi-st_59\po-wi-st_f5_37_8a7e4ecd.jpg,5,dark_FST5_6,0,0,0.10982044041156769
ac-au-bu-di-ge_f2_48_8215dff3.jpg,C:\Users\Angad\Desktop\StemFellowship\data\raw\fitzpatrick\Categorized_AbbrvName\ac-au-bu-di-ge_67\ac-au-bu-di-ge_f2_48_8215dff3.jpg,2,light_FST1_2,0,0,0.011867114342749119
ne-ne_f1_45_2c805283.jpg,C:\Users\Angad\Desktop\StemFellowship\data\raw\fitzpatrick\Categorized_AbbrvName\ne-ne_86\ne-ne_f1_45_2c805283.jpg,1,light_FST1_2,0,1,0.9541831612586975
li-re_f1_21_25ed48ce.jpg,C:\Users\Angad\Desktop\StemFellowship\data\raw\fitzpatrick\Categorized_AbbrvName\li-re_60\li-re_f1_21_25ed48ce.jpg,1,light_FST1_2,0,0,0.39214271306991577
sa_f3_131_07c0a587.jpg,C:\Users\Angad\Desktop\StemFellowship\data\raw\fitzpatrick\Categorized_AbbrvName\sa_349\sa_f3_131_07c0a587.jpg,3,medium_FST3_4,0,1,0.9708617925643921
al-co-de_f2_162_76027292.jpg,C:\Users\Angad\Desktop\StemFellowship\data\raw\fitzpatrick\Categorized_AbbrvName\al-co-de_430\al-co-de_f2_162_76027292.jpg,2,light_FST1_2,0,0,0.0005087453755550086
me_f1_98_db88650a.jpg,C:\Users\Angad\Desktop\StemFellowship\data\raw\fitzpatrick\Categorized_AbbrvName\me_261\me_f1_98_db88650a.jpg,1,light_FST1_2,1,1,0.9818184971809387
ba-ce-ca_f3_166_d65fdc32.jpg,C:\Users\Angad\Desktop\StemFellowship\data\raw\fitzpatrick\Categorized_AbbrvName\ba-ce-ca_468\ba-ce-ca_f3_166_d65fdc32.jpg,3,medium_FST3_4,1,0,0.15683074295520782
ac-vu_f2_100_610238a9.jpg,C:\Users\Angad\Desktop\StemFellowship\data\raw\fitzpatrick\Categorized_AbbrvName\ac-vu_335\ac-vu_f2_100_610238a9.jpg,2,light_FST1_2,0,0,0.002076573669910431
li-pl_f3_224_c8c03785.jpg,C:\Users\Angad\Desktop\StemFellowship\data\raw\fitzpatrick\Categorized_AbbrvName\li-pl_491\li-pl_f3_224_c8c03785.jpg,3,medium_FST3_4,0,0,9.084944394999184e-06
ph_f4_137_1d955fd4.jpg,C:\Users\Angad\Desktop\StemFellowship\data\raw\fitzpatrick\Categorized_AbbrvName\ph_348\ph_f4_137_1d955fd4.jpg,4,medium_FST3_4,0,0,0.04410417005419731
ac-ke_f2_122_e5edef29.jpg,C:\Users\Angad\Desktop\StemFellowship\data\raw\fitzpatrick\Categorized_AbbrvName\ac-ke_175\ac-ke_f2_122_e5edef29.jpg,2,light_FST1_2,1,0,0.11255199462175369
ur-pi_f4_53_f5a3d5cf.jpg,C:\Users\Angad\Desktop\StemFellowship\data\raw\fitzpatrick\Categorized_AbbrvName\ur-pi_112\ur-pi_f4_53_f5a3d5cf.jpg,4,medium_FST3_4,0,0,0.013109667226672173
ke_f4_89_c6d0a9b8.jpg,C:\Users\Angad\Desktop\StemFellowship\data\raw\fitzpatrick\Categorized_AbbrvName\ke_156\ke_f4_89_c6d0a9b8.jpg,4,medium_FST3_4,0,0,5.43646419828292e-05
ne-in_f3_159_7427fd32.jpg,C:\Users\Angad\Desktop\StemFellowship\data\raw\fitzpatrick\Categorized_AbbrvName\ne-in_260\ne-in_f3_159_7427fd32.jpg,3,medium_FST3_4,0,0,0.0009312517358921468
vi_f5_114_dca6d710.jpg,C:\Users\Angad\Desktop\StemFellowship\data\raw\fitzpatrick\Categorized_AbbrvName\vi_166\vi_f5_114_dca6d710.jpg,5,dark_FST5_6,0,0,0.00034217434586025774
ne-li_f5_109_9092ba84.jpg,C:\Users\Angad\Desktop\StemFellowship\data\raw\fitzpatrick\Categorized_AbbrvName\ne-li_123\ne-li_f5_109_9092ba84.jpg,5,dark_FST5_6,0,0,0.31252196431159973
al-co-de_f4_158_9148de65.jpg,C:\Users\Angad\Desktop\StemFellowship\data\raw\fitzpatrick\Categorized_AbbrvName\al-co-de_430\al-co-de_f4_158_9148de65.jpg,4,medium_FST3_4,0,0,0.00020593080262187868
in-pi_f1_45_c9db014a.jpg,C:\Users\Angad\Desktop\StemFellowship\data\raw\fitzpatrick\Categorized_AbbrvName\in-pi_102\in-pi_f1_45_c9db014a.jpg,1,light_FST1_2,0,0,0.06339174509048462
po-ac_f3_106_5041af68.jpg,C:\Users\Angad\Desktop\StemFellowship\data\raw\fitzpatrick\Categorized_AbbrvName\po-ac_183\po-ac_f3_106_5041af68.jpg,3,medium_FST3_4,0,1,0.6091798543930054
sq-ce-ca_f1_41_50c5fdef.jpg,C:\Users\Angad\Desktop\StemFellowship\data\raw\fitzpatrick\Categorized_AbbrvName\sq-ce-ca_581\sq-ce-ca_f1_41_50c5fdef.jpg,1,light_FST1_2,1,1,0.8634743690490723
in-pi_f1_7_ec147f22.jpg,C:\Users\Angad\Desktop\StemFellowship\data\raw\fitzpatrick\Categorized_AbbrvName\in-pi_102\in-pi_f1_7_ec147f22.jpg,1,light_FST1_2,0,0,0.009228119626641273
er-el-di_f2_22_05b4debe.jpg,C:\Users\Angad\Desktop\StemFellowship\data\raw\fitzpatrick\Categorized_AbbrvName\er-el-di_55\er-el-di_f2_22_05b4debe.jpg,2,light_FST1_2,0,0,0.00453899847343564
ps_f4_438_0b3fa8c3.jpg,C:\Users\Angad\Desktop\StemFellowship\data\raw\fitzpatrick\Categorized_AbbrvName\ps_653\ps_f4_438_0b3fa8c3.jpg,4,medium_FST3_4,0,0,6.60081350360997e-05
xe-pi_f3_26_1f20b21b.jpg,C:\Users\Angad\Desktop\StemFellowship\data\raw\fitzpatrick\Categorized_AbbrvName\xe-pi_81\xe-pi_f3_26_1f20b21b.jpg,3,medium_FST3_4,0,0,0.07117249071598053
ph_f3_243_4d8ec066.jpg,C:\Users\Angad\Desktop\StemFellowship\data\raw\fitzpatrick\Categorized_AbbrvName\ph_348\ph_f3_243_4d8ec066.jpg,3,medium_FST3_4,0,0,0.001770458067767322
sq-ce-ca_f2_540_2abba7fd.jpg,C:\Users\Angad\Desktop\StemFellowship\data\raw\fitzpatrick\Categorized_AbbrvName\sq-ce-ca_581\sq-ce-ca_f2_540_2abba7fd.jpg,2,light_FST1_2,1,0,0.09608522802591324
me_f3_42_6eb24128.jpg,C:\Users\Angad\Desktop\StemFellowship\data\raw\fitzpatrick\Categorized_AbbrvName\me_261\me_f3_42_6eb24128.jpg,3,medium_FST3_4,1,1,0.9089935421943665
mi_f1_61_e7ecb18c.jpg,C:\Users\Angad\Desktop\StemFellowship\data\raw\fitzpatrick\Categorized_AbbrvName\mi_112\mi_f1_61_e7ecb18c.jpg,1,light_FST1_2,0,0,0.005310857202857733
ps_f3_263_a7dae1d2.jpg,C:\Users\Angad\Desktop\StemFellowship\data\raw\fitzpatrick\Categorized_AbbrvName\ps_653\ps_f3_263_a7dae1d2.jpg,3,medium_FST3_4,0,0,0.05506681278347969
so-cy-ba-ce-ca_f2_29_b822f042.jpg,C:\Users\Angad\Desktop\StemFellowship\data\raw\fitzpatrick\Categorized_AbbrvName\so-cy-ba-ce-ca_66\so-cy-ba-ce-ca_f2_29_b822f042.jpg,2,light_FST1_2,1,1,0.6707125902175903
er-an-ce_f4_18_4b3c8578.jpg,C:\Users\Angad\Desktop\StemFellowship\data\raw\fitzpatrick\Categorized_AbbrvName\er-an-ce_88\er-an-ce_f4_18_4b3c8578.jpg,4,medium_FST3_4,0,0,0.026577336713671684
pi-ro_f4_1_40d11630.jpg,C:\Users\Angad\Desktop\StemFellowship\data\raw\fitzpatrick\Categorized_AbbrvName\pi-ro_193\pi-ro_f4_1_40d11630.jpg,4,medium_FST3_4,0,0,3.387131300769397e-06
fo_f5_289_0ebbe712.jpg,C:\Users\Angad\Desktop\StemFellowship\data\raw\fitzpatrick\Categorized_AbbrvName\fo_342\fo_f5_289_0ebbe712.jpg,5,dark_FST5_6,0,0,0.004028831142932177
fo_f1_33_a49dd6de.jpg,C:\Users\Angad\Desktop\StemFellowship\data\raw\fitzpatrick\Categorized_AbbrvName\fo_342\fo_f1_33_a49dd6de.jpg,1,light_FST1_2,0,0,0.0003667075070552528
ly_f1_38_48915dd8.jpg,C:\Users\Angad\Desktop\StemFellowship\data\raw\fitzpatrick\Categorized_AbbrvName\ly_100\ly_f1_38_48915dd8.jpg,1,light_FST1_2,0,1,0.9929999113082886
ba-ce-ca_f2_172_9cc65e52.jpg,C:\Users\Angad\Desktop\StemFellowship\data\raw\fitzpatrick\Categorized_AbbrvName\ba-ce-ca_468\ba-ce-ca_f2_172_9cc65e52.jpg,2,light_FST1_2,1,1,0.6956554055213928
sq-ce-ca_f2_218_bee88dc6.jpg,C:\Users\Angad\Desktop\StemFellowship\data\raw\fitzpatrick\Categorized_AbbrvName\sq-ce-ca_581\sq-ce-ca_f2_218_bee88dc6.jpg,2,light_FST1_2,1,0,0.000569021562114358
pr-no_f5_2_0f94533e.jpg,C:\Users\Angad\Desktop\StemFellowship\data\raw\fitzpatrick\Categorized_AbbrvName\pr-no_170\pr-no_f5_2_0f94533e.jpg,5,dark_FST5_6,0,0,0.0005804224638268352
ne-ne_f4_83_1d76114e.jpg,C:\Users\Angad\Desktop\StemFellowship\data\raw\fitzpatrick\Categorized_AbbrvName\ne-ne_86\ne-ne_f4_83_1d76114e.jpg,4,medium_FST3_4,0,0,0.018996434286236763
la-ce-hi_f2_6_a4b6a37c.jpg,C:\Users\Angad\Desktop\StemFellowship\data\raw\fitzpatrick\Categorized_AbbrvName\la-ce-hi_60\la-ce-hi_f2_6_a4b6a37c.jpg,2,light_FST1_2,0,1,0.5135157704353333
fi-er_f4_103_37b5319d.jpg,C:\Users\Angad\Desktop\StemFellowship\data\raw\fitzpatrick\Categorized_AbbrvName\fi-er_125\fi-er_f4_103_37b5319d.jpg,4,medium_FST3_4,0,1,0.6342224478721619
sy_f4_105_3cad5987.jpg,C:\Users\Angad\Desktop\StemFellowship\data\raw\fitzpatrick\Categorized_AbbrvName\sy_127\sy_f4_105_3cad5987.jpg,4,medium_FST3_4,0,0,0.000425001053372398
lu-er_f5_273_b948de5c.jpg,C:\Users\Angad\Desktop\StemFellowship\data\raw\fitzpatrick\Categorized_AbbrvName\lu-er_410\lu-er_f5_273_b948de5c.jpg,5,dark_FST5_6,0,0,0.0037442536558955908
ne-ne_f2_42_f10e8db0.jpg,C:\Users\Angad\Desktop\StemFellowship\data\raw\fitzpatrick\Categorized_AbbrvName\ne-ne_86\ne-ne_f2_42_f10e8db0.jpg,2,light_FST1_2,0,0,0.010784013196825981
ba-ce-ca_f4_149_e4935b8a.jpg,C:\Users\Angad\Desktop\StemFellowship\data\raw\fitzpatrick\Categorized_AbbrvName\ba-ce-ca_468\ba-ce-ca_f4_149_e4935b8a.jpg,4,medium_FST3_4,1,0,0.02772677317261696
so-cy-ba-ce-ca_f2_3_874c0687.jpg,C:\Users\Angad\Desktop\StemFellowship\data\raw\fitzpatrick\Categorized_AbbrvName\so-cy-ba-ce-ca_66\so-cy-ba-ce-ca_f2_3_874c0687.jpg,2,light_FST1_2,1,1,0.9924123883247375
lu-er_f4_374_7a91533a.jpg,C:\Users\Angad\Desktop\StemFellowship\data\raw\fitzpatrick\Categorized_AbbrvName\lu-er_410\lu-er_f4_374_7a91533a.jpg,4,medium_FST3_4,0,0,0.0006348501774482429
pi-ro_f2_106_e08632da.jpg,C:\Users\Angad\Desktop\StemFellowship\data\raw\fitzpatrick\Categorized_AbbrvName\pi-ro_193\pi-ro_f2_106_e08632da.jpg,2,light_FST1_2,0,0,0.00011449779412942007
ps_f6_220_a40c0bfb.jpg,C:\Users\Angad\Desktop\StemFellowship\data\raw\fitzpatrick\Categorized_AbbrvName\ps_653\ps_f6_220_a40c0bfb.jpg,6,dark_FST5_6,0,0,0.001335060573183
li-pl_f3_40_7af4d8c1.jpg,C:\Users\Angad\Desktop\StemFellowship\data\raw\fitzpatrick\Categorized_AbbrvName\li-pl_491\li-pl_f3_40_7af4d8c1.jpg,3,medium_FST3_4,0,0,0.0002944367879536003
ac-ke_f1_79_30421ab6.jpg,C:\Users\Angad\Desktop\StemFellowship\data\raw\fitzpatrick\Categorized_AbbrvName\ac-ke_175\ac-ke_f1_79_30421ab6.jpg,1,light_FST1_2,1,1,0.9999642372131348
al-co-de_f4_31_66e1c8c8.jpg,C:\Users\Angad\Desktop\StemFellowship\data\raw\fitzpatrick\Categorized_AbbrvName\al-co-de_430\al-co-de_f4_31_66e1c8c8.jpg,4,medium_FST3_4,0,0,0.0017477700021117926
sq-ce-ca_f2_449_13e11954.jpg,C:\Users\Angad\Desktop\StemFellowship\data\raw\fitzpatrick\Categorized_AbbrvName\sq-ce-ca_581\sq-ce-ca_f2_449_13e11954.jpg,2,light_FST1_2,1,1,0.9908108711242676
fo_f3_51_b7670812.jpg,C:\Users\Angad\Desktop\StemFellowship\data\raw\fitzpatrick\Categorized_AbbrvName\fo_342\fo_f3_51_b7670812.jpg,3,medium_FST3_4,0,0,0.00010327333438908681
st-ed_f6_38_9dadc5cf.jpg,C:\Users\Angad\Desktop\StemFellowship\data\raw\fitzpatrick\Categorized_AbbrvName\st-ed_69\st-ed_f6_38_9dadc5cf.jpg,6,dark_FST5_6,0,0,0.0003266755084041506
ly_f3_93_bb08f7f3.jpg,C:\Users\Angad\Desktop\StemFellowship\data\raw\fitzpatrick\Categorized_AbbrvName\ly_100\ly_f3_93_bb08f7f3.jpg,3,medium_FST3_4,0,0,0.0010623954003676772
ac_f1_2_ae895d96.jpg,C:\Users\Angad\Desktop\StemFellowship\data\raw\fitzpatrick\Categorized_AbbrvName\ac_183\ac_f1_2_ae895d96.jpg,1,light_FST1_2,0,0,0.037375882267951965
pi-ru-pi_f3_186_e64e4f37.jpg,C:\Users\Angad\Desktop\StemFellowship\data\raw\fitzpatrick\Categorized_AbbrvName\pi-ru-pi_278\pi-ru-pi_f3_186_e64e4f37.jpg,3,medium_FST3_4,0,0,0.1112147718667984
dr-er_f5_26_d56c9c7c.jpg,C:\Users\Angad\Desktop\StemFellowship\data\raw\fitzpatrick\Categorized_AbbrvName\dr-er_200\dr-er_f5_26_d56c9c7c.jpg,5,dark_FST5_6,0,0,0.00502595491707325
ke_f6_58_bdf515b1.jpg,C:\Users\Angad\Desktop\StemFellowship\data\raw\fitzpatrick\Categorized_AbbrvName\ke_156\ke_f6_58_bdf515b1.jpg,6,dark_FST5_6,0,0,8.446963329333812e-05
pi-ru-pi_f4_249_e23ca506.jpg,C:\Users\Angad\Desktop\StemFellowship\data\raw\fitzpatrick\Categorized_AbbrvName\pi-ru-pi_278\pi-ru-pi_f4_249_e23ca506.jpg,4,medium_FST3_4,0,0,0.00024353846674785018
vi_f4_32_04338180.jpg,C:\Users\Angad\Desktop\StemFellowship\data\raw\fitzpatrick\Categorized_AbbrvName\vi_166\vi_f4_32_04338180.jpg,4,medium_FST3_4,0,0,0.0008148502674885094
ne-li_f2_117_59fb6432.jpg,C:\Users\Angad\Desktop\StemFellowship\data\raw\fitzpatrick\Categorized_AbbrvName\ne-li_123\ne-li_f2_117_59fb6432.jpg,2,light_FST1_2,0,1,0.9864002466201782
al-co-de_f2_370_001d22ff.jpg,C:\Users\Angad\Desktop\StemFellowship\data\raw\fitzpatrick\Categorized_AbbrvName\al-co-de_430\al-co-de_f2_370_001d22ff.jpg,2,light_FST1_2,0,0,0.0197378471493721
er-mu_f1_124_2296f3b6.jpg,C:\Users\Angad\Desktop\StemFellowship\data\raw\fitzpatrick\Categorized_AbbrvName\er-mu_236\er-mu_f1_124_2296f3b6.jpg,1,light_FST1_2,0,0,0.08465337753295898
li-pl_f3_336_bb88504c.jpg,C:\Users\Angad\Desktop\StemFellowship\data\raw\fitzpatrick\Categorized_AbbrvName\li-pl_491\li-pl_f3_336_bb88504c.jpg,3,medium_FST3_4,0,0,7.694773375988007e-05
ch_f2_12_70fe26ba.jpg,C:\Users\Angad\Desktop\StemFellowship\data\raw\fitzpatrick\Categorized_AbbrvName\ch_106\ch_f2_12_70fe26ba.jpg,2,light_FST1_2,0,0,0.01014336384832859
ba-ce-ca_f4_423_399d923a.jpg,C:\Users\Angad\Desktop\StemFellowship\data\raw\fitzpatrick\Categorized_AbbrvName\ba-ce-ca_468\ba-ce-ca_f4_423_399d923a.jpg,4,medium_FST3_4,1,1,0.9981682300567627
mu-cy_f1_22_93d60c6f.jpg,C:\Users\Angad\Desktop\StemFellowship\data\raw\fitzpatrick\Categorized_AbbrvName\mu-cy_79\mu-cy_f1_22_93d60c6f.jpg,1,light_FST1_2,0,0,0.16881918907165527
pi-ru-pi_f5_168_b8be69a9.jpg,C:\Users\Angad\Desktop\StemFellowship\data\raw\fitzpatrick\Categorized_AbbrvName\pi-ru-pi_278\pi-ru-pi_f5_168_b8be69a9.jpg,5,dark_FST5_6,0,0,0.020906126126646996
ac-vu_f1_270_a267188f.jpg,C:\Users\Angad\Desktop\StemFellowship\data\raw\fitzpatrick\Categorized_AbbrvName\ac-vu_335\ac-vu_f1_270_a267188f.jpg,1,light_FST1_2,0,0,0.0008205671329051256
eh-da-sy_f2_85_62f5ca68.jpg,C:\Users\Angad\Desktop\StemFellowship\data\raw\fitzpatrick\Categorized_AbbrvName\eh-da-sy_127\eh-da-sy_f2_85_62f5ca68.jpg,2,light_FST1_2,0,0,0.0003404324233997613
fi-er_f3_35_75c4372c.jpg,C:\Users\Angad\Desktop\StemFellowship\data\raw\fitzpatrick\Categorized_AbbrvName\fi-er_125\fi-er_f3_35_75c4372c.jpg,3,medium_FST3_4,0,0,0.00042475684313103557
ec_f2_99_98e61704.jpg,C:\Users\Angad\Desktop\StemFellowship\data\raw\fitzpatrick\Categorized_AbbrvName\ec_204\ec_f2_99_98e61704.jpg,2,light_FST1_2,0,0,0.1626388430595398
dr-in-pi-ch_f1_69_1402d344.jpg,C:\Users\Angad\Desktop\StemFellowship\data\raw\fitzpatrick\Categorized_AbbrvName\dr-in-pi-ch_71\dr-in-pi-ch_f1_69_1402d344.jpg,1,light_FST1_2,0,0,0.01864059828221798
eh-da-sy_f4_67_a9dc1c6a.jpg,C:\Users\Angad\Desktop\StemFellowship\data\raw\fitzpatrick\Categorized_AbbrvName\eh-da-sy_127\eh-da-sy_f4_67_a9dc1c6a.jpg,4,medium_FST3_4,0,0,0.011899050325155258
po-ac_f3_95_a6652385.jpg,C:\Users\Angad\Desktop\StemFellowship\data\raw\fitzpatrick\Categorized_AbbrvName\po-ac_183\po-ac_f3_95_a6652385.jpg,3,medium_FST3_4,0,0,0.07431139796972275
su-sp-me-ss_f2_74_07bbb2e3.jpg,C:\Users\Angad\Desktop\StemFellowship\data\raw\fitzpatrick\Categorized_AbbrvName\su-sp-me-ss_118\su-sp-me-ss_f2_74_07bbb2e3.jpg,2,light_FST1_2,1,1,0.9105952978134155
da-di_f3_57_d87fa6bd.jpg,C:\Users\Angad\Desktop\StemFellowship\data\raw\fitzpatrick\Categorized_AbbrvName\da-di_153\da-di_f3_57_d87fa6bd.jpg,3,medium_FST3_4,0,0,0.04289233684539795
po-ac_f4_141_db23f956.jpg,C:\Users\Angad\Desktop\StemFellowship\data\raw\fitzpatrick\Categorized_AbbrvName\po-ac_183\po-ac_f4_141_db23f956.jpg,4,medium_FST3_4,0,0,0.006489579100161791
fo_f1_52_d48e8d81.jpg,C:\Users\Angad\Desktop\StemFellowship\data\raw\fitzpatrick\Categorized_AbbrvName\fo_342\fo_f1_52_d48e8d81.jpg,1,light_FST1_2,0,0,0.01782255992293358
ne-in_f1_6_be94ba84.jpg,C:\Users\Angad\Desktop\StemFellowship\data\raw\fitzpatrick\Categorized_AbbrvName\ne-in_260\ne-in_f1_6_be94ba84.jpg,1,light_FST1_2,0,0,0.038751229643821716
ne-in_f3_255_131de64e.jpg,C:\Users\Angad\Desktop\StemFellowship\data\raw\fitzpatrick\Categorized_AbbrvName\ne-in_260\ne-in_f3_255_131de64e.jpg,3,medium_FST3_4,0,0,0.012616671621799469
fo_f3_66_35f50eb7.jpg,C:\Users\Angad\Desktop\StemFellowship\data\raw\fitzpatrick\Categorized_AbbrvName\fo_342\fo_f3_66_35f50eb7.jpg,3,medium_FST3_4,0,0,2.4253591618617065e-05
li-pl_f1_110_bedab7ff.jpg,C:\Users\Angad\Desktop\StemFellowship\data\raw\fitzpatrick\Categorized_AbbrvName\li-pl_491\li-pl_f1_110_bedab7ff.jpg,1,light_FST1_2,0,0,1.5222394722513855e-05
ne-li_f6_47_874c2a5b.jpg,C:\Users\Angad\Desktop\StemFellowship\data\raw\fitzpatrick\Categorized_AbbrvName\ne-li_123\ne-li_f6_47_874c2a5b.jpg,6,dark_FST5_6,0,0,0.006756905931979418
mi_f2_32_6bec1ae4.jpg,C:\Users\Angad\Desktop\StemFellowship\data\raw\fitzpatrick\Categorized_AbbrvName\mi_112\mi_f2_32_6bec1ae4.jpg,2,light_FST1_2,0,0,6.296931678662077e-05
ma-me_f1_78_4c57a9ee.jpg,C:\Users\Angad\Desktop\StemFellowship\data\raw\fitzpatrick\Categorized_AbbrvName\ma-me_111\ma-me_f1_78_4c57a9ee.jpg,1,light_FST1_2,1,1,0.9999443292617798
ly_f4_44_9670452b.jpg,C:\Users\Angad\Desktop\StemFellowship\data\raw\fitzpatrick\Categorized_AbbrvName\ly_100\ly_f4_44_9670452b.jpg,4,medium_FST3_4,0,0,0.05261131376028061
po-ac_f3_108_0726e8d3.jpg,C:\Users\Angad\Desktop\StemFellowship\data\raw\fitzpatrick\Categorized_AbbrvName\po-ac_183\po-ac_f3_108_0726e8d3.jpg,3,medium_FST3_4,0,0,0.001713902223855257
ac-ke_f2_9_18848f2f.jpg,C:\Users\Angad\Desktop\StemFellowship\data\raw\fitzpatrick\Categorized_AbbrvName\ac-ke_175\ac-ke_f2_9_18848f2f.jpg,2,light_FST1_2,1,1,0.7114633321762085
pr-no_f4_144_3ea363b9.jpg,C:\Users\Angad\Desktop\StemFellowship\data\raw\fitzpatrick\Categorized_AbbrvName\pr-no_170\pr-no_f4_144_3ea363b9.jpg,4,medium_FST3_4,0,0,0.02272569201886654
pi-ru-pi_f3_126_0371958c.jpg,C:\Users\Angad\Desktop\StemFellowship\data\raw\fitzpatrick\Categorized_AbbrvName\pi-ru-pi_278\pi-ru-pi_f3_126_0371958c.jpg,3,medium_FST3_4,0,0,0.00014499781536869705
pu-ps_f1_6_d82ce47b.jpg,C:\Users\Angad\Desktop\StemFellowship\data\raw\fitzpatrick\Categorized_AbbrvName\pu-ps_53\pu-ps_f1_6_d82ce47b.jpg,1,light_FST1_2,0,0,0.11486505717039108
ac_f2_84_103e8447.jpg,C:\Users\Angad\Desktop\StemFellowship\data\raw\fitzpatrick\Categorized_AbbrvName\ac_183\ac_f2_84_103e8447.jpg,2,light_FST1_2,0,0,0.25798097252845764
ly-di_f3_68_f055970c.jpg,C:\Users\Angad\Desktop\StemFellowship\data\raw\fitzpatrick\Categorized_AbbrvName\ly-di_129\ly-di_f3_68_f055970c.jpg,3,medium_FST3_4,0,0,0.17435945570468903
dr-er_f1_166_f525d676.jpg,C:\Users\Angad\Desktop\StemFellowship\data\raw\fitzpatrick\Categorized_AbbrvName\dr-er_200\dr-er_f1_166_f525d676.jpg,1,light_FST1_2,0,0,0.005212455056607723
po-ac_f2_49_13f0a186.jpg,C:\Users\Angad\Desktop\StemFellowship\data\raw\fitzpatrick\Categorized_AbbrvName\po-ac_183\po-ac_f2_49_13f0a186.jpg,2,light_FST1_2,0,1,0.565427303314209
ac-au-bu-di-ge_f3_64_45bde12f.jpg,C:\Users\Angad\Desktop\StemFellowship\data\raw\fitzpatrick\Categorized_AbbrvName\ac-au-bu-di-ge_67\ac-au-bu-di-ge_f3_64_45bde12f.jpg,3,medium_FST3_4,0,0,0.08303926885128021
ur_f1_86_7e64310b.jpg,C:\Users\Angad\Desktop\StemFellowship\data\raw\fitzpatrick\Categorized_AbbrvName\ur_151\ur_f1_86_7e64310b.jpg,1,light_FST1_2,0,0,0.0007448919350281358
ha-ne_f4_37_c8a80bba.jpg,C:\Users\Angad\Desktop\StemFellowship\data\raw\fitzpatrick\Categorized_AbbrvName\ha-ne_82\ha-ne_f4_37_c8a80bba.jpg,4,medium_FST3_4,0,0,0.02860957570374012
ke-pi_f3_16_a5bd84d9.jpg,C:\Users\Angad\Desktop\StemFellowship\data\raw\fitzpatrick\Categorized_AbbrvName\ke-pi_78\ke-pi_f3_16_a5bd84d9.jpg,3,medium_FST3_4,0,0,0.03131706640124321
dr-in-pi-ch_f4_29_a45b6907.jpg,C:\Users\Angad\Desktop\StemFellowship\data\raw\fitzpatrick\Categorized_AbbrvName\dr-in-pi-ch_71\dr-in-pi-ch_f4_29_a45b6907.jpg,4,medium_FST3_4,0,0,0.014258423820137978
ne-de_f2_78_ffbbb478.jpg,C:\Users\Angad\Desktop\StemFellowship\data\raw\fitzpatrick\Categorized_AbbrvName\ne-de_361\ne-de_f2_78_ffbbb478.jpg,2,light_FST1_2,0,0,0.08129945397377014
ur_f4_46_19d10dbe.jpg,C:\Users\Angad\Desktop\StemFellowship\data\raw\fitzpatrick\Categorized_AbbrvName\ur_151\ur_f4_46_19d10dbe.jpg,4,medium_FST3_4,0,0,0.01977425068616867
li-pl_f3_241_f4b656c1.jpg,C:\Users\Angad\Desktop\StemFellowship\data\raw\fitzpatrick\Categorized_AbbrvName\li-pl_491\li-pl_f3_241_f4b656c1.jpg,3,medium_FST3_4,0,0,0.0009989399695768952
tu_f3_150_2773dcee.jpg,C:\Users\Angad\Desktop\StemFellowship\data\raw\fitzpatrick\Categorized_AbbrvName\tu_152\tu_f3_150_2773dcee.jpg,3,medium_FST3_4,0,0,0.006705666892230511
li-pl_f5_95_3f8ea700.jpg,C:\Users\Angad\Desktop\StemFellowship\data\raw\fitzpatrick\Categorized_AbbrvName\li-pl_491\li-pl_f5_95_3f8ea700.jpg,5,dark_FST5_6,0,0,0.0004618728125933558
ap-cu_f2_37_73fc5d4e.jpg,C:\Users\Angad\Desktop\StemFellowship\data\raw\fitzpatrick\Categorized_AbbrvName\ap-cu_72\ap-cu_f2_37_73fc5d4e.jpg,2,light_FST1_2,0,0,0.0025385681074112654
ps_f2_599_2152c7fb.jpg,C:\Users\Angad\Desktop\StemFellowship\data\raw\fitzpatrick\Categorized_AbbrvName\ps_653\ps_f2_599_2152c7fb.jpg,2,light_FST1_2,0,0,0.004519481211900711
tu_f4_66_86e41673.jpg,C:\Users\Angad\Desktop\StemFellowship\data\raw\fitzpatrick\Categorized_AbbrvName\tu_152\tu_f4_66_86e41673.jpg,4,medium_FST3_4,0,0,0.004963559098541737
sa_f2_96_30e6a471.jpg,C:\Users\Angad\Desktop\StemFellowship\data\raw\fitzpatrick\Categorized_AbbrvName\sa_349\sa_f2_96_30e6a471.jpg,2,light_FST1_2,0,0,0.00013886594388168305
mu_f3_73_db3c938a.jpg,C:\Users\Angad\Desktop\StemFellowship\data\raw\fitzpatrick\Categorized_AbbrvName\mu_92\mu_f3_73_db3c938a.jpg,3,medium_FST3_4,0,0,0.0016744495369493961
pe-li_f2_24_122ec2c1.jpg,C:\Users\Angad\Desktop\StemFellowship\data\raw\fitzpatrick\Categorized_AbbrvName\pe-li_151\pe-li_f2_24_122ec2c1.jpg,2,light_FST1_2,0,1,0.9220738410949707
ch_f1_71_ed37615e.jpg,C:\Users\Angad\Desktop\StemFellowship\data\raw\fitzpatrick\Categorized_AbbrvName\ch_106\ch_f1_71_ed37615e.jpg,1,light_FST1_2,0,0,0.0003713647311087698
ps_f2_211_60457f78.jpg,C:\Users\Angad\Desktop\StemFellowship\data\raw\fitzpatrick\Categorized_AbbrvName\ps_653\ps_f2_211_60457f78.jpg,2,light_FST1_2,0,0,0.008216979913413525
ju-xa_f1_111_d52d83ec.jpg,C:\Users\Angad\Desktop\StemFellowship\data\raw\fitzpatrick\Categorized_AbbrvName\ju-xa_149\ju-xa_f1_111_d52d83ec.jpg,1,light_FST1_2,0,0,0.001219991478137672
ha-ne_f3_50_34fab4bf.jpg,C:\Users\Angad\Desktop\StemFellowship\data\raw\fitzpatrick\Categorized_AbbrvName\ha-ne_82\ha-ne_f3_50_34fab4bf.jpg,3,medium_FST3_4,0,1,0.5977216362953186
xa_f3_35_cb684af0.jpg,C:\Users\Angad\Desktop\StemFellowship\data\raw\fitzpatrick\Categorized_AbbrvName\xa_53\xa_f3_35_cb684af0.jpg,3,medium_FST3_4,0,0,0.00202562240883708
be-di_f5_40_fe78ce43.jpg,C:\Users\Angad\Desktop\StemFellowship\data\raw\fitzpatrick\Categorized_AbbrvName\be-di_63\be-di_f5_40_fe78ce43.jpg,5,dark_FST5_6,0,0,0.005313114728778601
se-ke_f2_15_6c020d5c.jpg,C:\Users\Angad\Desktop\StemFellowship\data\raw\fitzpatrick\Categorized_AbbrvName\se-ke_69\se-ke_f2_15_6c020d5c.jpg,2,light_FST1_2,0,0,0.0028502591885626316
ps_f1_108_ecf1c879.jpg,C:\Users\Angad\Desktop\StemFellowship\data\raw\fitzpatrick\Categorized_AbbrvName\ps_653\ps_f1_108_ecf1c879.jpg,1,light_FST1_2,0,0,0.39267951250076294
su-da-sk_f2_46_4cb52384.jpg,C:\Users\Angad\Desktop\StemFellowship\data\raw\fitzpatrick\Categorized_AbbrvName\su-da-sk_66\su-da-sk_f2_46_4cb52384.jpg,2,light_FST1_2,0,0,0.00016454058641102165
po-ac_f3_117_77573a3b.jpg,C:\Users\Angad\Desktop\StemFellowship\data\raw\fitzpatrick\Categorized_AbbrvName\po-ac_183\po-ac_f3_117_77573a3b.jpg,3,medium_FST3_4,0,0,0.005245560314506292
ep-ne_f1_24_aa1f674e.jpg,C:\Users\Angad\Desktop\StemFellowship\data\raw\fitzpatrick\Categorized_AbbrvName\ep-ne_91\ep-ne_f1_24_aa1f674e.jpg,1,light_FST1_2,0,0,0.0007075933972373605
ca-cu_f2_18_bbe9098b.jpg,C:\Users\Angad\Desktop\StemFellowship\data\raw\fitzpatrick\Categorized_AbbrvName\ca-cu_80\ca-cu_f2_18_bbe9098b.jpg,2,light_FST1_2,0,0,0.0003510377719067037
sa_f3_106_7c0afdc2.jpg,C:\Users\Angad\Desktop\StemFellowship\data\raw\fitzpatrick\Categorized_AbbrvName\sa_349\sa_f3_106_7c0afdc2.jpg,3,medium_FST3_4,0,0,0.0012170682894065976
po-ac_f3_100_3eac623e.jpg,C:\Users\Angad\Desktop\StemFellowship\data\raw\fitzpatrick\Categorized_AbbrvName\po-ac_183\po-ac_f3_100_3eac623e.jpg,3,medium_FST3_4,0,0,0.0014720234321430326
gr-an_f4_94_be02fb51.jpg,C:\Users\Angad\Desktop\StemFellowship\data\raw\fitzpatrick\Categorized_AbbrvName\gr-an_211\gr-an_f4_94_be02fb51.jpg,4,medium_FST3_4,0,0,0.00012280976807232946
le-ma_f2_36_8211416b.jpg,C:\Users\Angad\Desktop\StemFellowship\data\raw\fitzpatrick\Categorized_AbbrvName\le-ma_83\le-ma_f2_36_8211416b.jpg,2,light_FST1_2,1,1,0.9997096657752991
se-de_f2_74_75727387.jpg,C:\Users\Angad\Desktop\StemFellowship\data\raw\fitzpatrick\Categorized_AbbrvName\se-de_126\se-de_f2_74_75727387.jpg,2,light_FST1_2,0,0,0.0034935008734464645
dr-er_f1_108_e48b9269.jpg,C:\Users\Angad\Desktop\StemFellowship\data\raw\fitzpatrick\Categorized_AbbrvName\dr-er_200\dr-er_f1_108_e48b9269.jpg,1,light_FST1_2,0,0,0.008194999769330025
sq-ce-ca_f2_27_ebcb5f8f.jpg,C:\Users\Angad\Desktop\StemFellowship\data\raw\fitzpatrick\Categorized_AbbrvName\sq-ce-ca_581\sq-ce-ca_f2_27_ebcb5f8f.jpg,2,light_FST1_2,1,0,0.0007874895818531513
er-mu_f2_5_e74f4634.jpg,C:\Users\Angad\Desktop\StemFellowship\data\raw\fitzpatrick\Categorized_AbbrvName\er-mu_236\er-mu_f2_5_e74f4634.jpg,2,light_FST1_2,0,0,0.009766871109604836
mu_f1_22_1aedd842.jpg,C:\Users\Angad\Desktop\StemFellowship\data\raw\fitzpatrick\Categorized_AbbrvName\mu_92\mu_f1_22_1aedd842.jpg,1,light_FST1_2,0,0,0.175999715924263
pa_f3_14_7bdbef84.jpg,C:\Users\Angad\Desktop\StemFellowship\data\raw\fitzpatrick\Categorized_AbbrvName\pa_59\pa_f3_14_7bdbef84.jpg,3,medium_FST3_4,0,0,0.07868196815252304
al-co-de_f1_11_8aa62ca8.jpg,C:\Users\Angad\Desktop\StemFellowship\data\raw\fitzpatrick\Categorized_AbbrvName\al-co-de_430\al-co-de_f1_11_8aa62ca8.jpg,1,light_FST1_2,0,1,0.9676797986030579
li-am_f4_66_b1ebc842.jpg,C:\Users\Angad\Desktop\StemFellowship\data\raw\fitzpatrick\Categorized_AbbrvName\li-am_77\li-am_f4_66_b1ebc842.jpg,4,medium_FST3_4,0,1,0.9371699094772339
ph_f3_273_43bc785e.jpg,C:\Users\Angad\Desktop\StemFellowship\data\raw\fitzpatrick\Categorized_AbbrvName\ph_348\ph_f3_273_43bc785e.jpg,3,medium_FST3_4,0,0,0.00666056526824832
ps_f2_236_a17b2736.jpg,C:\Users\Angad\Desktop\StemFellowship\data\raw\fitzpatrick\Categorized_AbbrvName\ps_653\ps_f2_236_a17b2736.jpg,2,light_FST1_2,0,0,0.029068315401673317
gr-py_f4_0_d6dfb47f.jpg,C:\Users\Angad\Desktop\StemFellowship\data\raw\fitzpatrick\Categorized_AbbrvName\gr-py_75\gr-py_f4_0_d6dfb47f.jpg,4,medium_FST3_4,0,0,0.18463583290576935
vi_f5_102_c44f53ce.jpg,C:\Users\Angad\Desktop\StemFellowship\data\raw\fitzpatrick\Categorized_AbbrvName\vi_166\vi_f5_102_c44f53ce.jpg,5,dark_FST5_6,0,0,0.029026933014392853
ne-de_f4_15_8f401baf.jpg,C:\Users\Angad\Desktop\StemFellowship\data\raw\fitzpatrick\Categorized_AbbrvName\ne-de_361\ne-de_f4_15_8f401baf.jpg,4,medium_FST3_4,0,0,0.022450104355812073
ic-vu_f4_0_d565fec5.jpg,C:\Users\Angad\Desktop\StemFellowship\data\raw\fitzpatrick\Categorized_AbbrvName\ic-vu_65\ic-vu_f4_0_d565fec5.jpg,4,medium_FST3_4,0,0,0.010437533259391785
ha-ha-di_f4_140_055588dd.jpg,C:\Users\Angad\Desktop\StemFellowship\data\raw\fitzpatrick\Categorized_AbbrvName\ha-ha-di_174\ha-ha-di_f4_140_055588dd.jpg,4,medium_FST3_4,0,0,0.03268694132566452
ne-in_f2_195_e802ce3c.jpg,C:\Users\Angad\Desktop\StemFellowship\data\raw\fitzpatrick\Categorized_AbbrvName\ne-in_260\ne-in_f2_195_e802ce3c.jpg,2,light_FST1_2,0,0,0.018316827714443207
le-ma_f3_41_05285a4b.jpg,C:\Users\Angad\Desktop\StemFellowship\data\raw\fitzpatrick\Categorized_AbbrvName\le-ma_83\le-ma_f3_41_05285a4b.jpg,3,medium_FST3_4,1,0,0.30275243520736694
tu_f4_15_481867b1.jpg,C:\Users\Angad\Desktop\StemFellowship\data\raw\fitzpatrick\Categorized_AbbrvName\tu_152\tu_f4_15_481867b1.jpg,4,medium_FST3_4,0,0,0.0058332402259111404
dy-ec_f2_38_a93ef9b0.jpg,C:\Users\Angad\Desktop\StemFellowship\data\raw\fitzpatrick\Categorized_AbbrvName\dy-ec_83\dy-ec_f2_38_a93ef9b0.jpg,2,light_FST1_2,0,0,0.0002826108830049634
po-ac_f4_94_c2332663.jpg,C:\Users\Angad\Desktop\StemFellowship\data\raw\fitzpatrick\Categorized_AbbrvName\po-ac_183\po-ac_f4_94_c2332663.jpg,4,medium_FST3_4,0,0,0.0014868963044136763
xe-pi_f5_76_8c6058ba.jpg,C:\Users\Angad\Desktop\StemFellowship\data\raw\fitzpatrick\Categorized_AbbrvName\xe-pi_81\xe-pi_f5_76_8c6058ba.jpg,5,dark_FST5_6,0,0,0.025414833799004555
er-no_f1_6_67f238a7.jpg,C:\Users\Angad\Desktop\StemFellowship\data\raw\fitzpatrick\Categorized_AbbrvName\er-no_81\er-no_f1_6_67f238a7.jpg,1,light_FST1_2,0,0,0.05736280605196953
sa_f2_258_dd9c6d30.jpg,C:\Users\Angad\Desktop\StemFellowship\data\raw\fitzpatrick\Categorized_AbbrvName\sa_349\sa_f2_258_dd9c6d30.jpg,2,light_FST1_2,0,0,0.0047258902341127396
ke_f4_50_36279fe7.jpg,C:\Users\Angad\Desktop\StemFellowship\data\raw\fitzpatrick\Categorized_AbbrvName\ke_156\ke_f4_50_36279fe7.jpg,4,medium_FST3_4,0,0,5.9898320614593104e-05
dr-in-pi-ch_f3_5_e905a7ee.jpg,C:\Users\Angad\Desktop\StemFellowship\data\raw\fitzpatrick\Categorized_AbbrvName\dr-in-pi-ch_71\dr-in-pi-ch_f3_5_e905a7ee.jpg,3,medium_FST3_4,0,0,0.014948074705898762
ba-ce-ca_f4_299_8cb3945c.jpg,C:\Users\Angad\Desktop\StemFellowship\data\raw\fitzpatrick\Categorized_AbbrvName\ba-ce-ca_468\ba-ce-ca_f4_299_8cb3945c.jpg,4,medium_FST3_4,1,1,0.9999970197677612
fi-er_f1_28_650082d7.jpg,C:\Users\Angad\Desktop\StemFellowship\data\raw\fitzpatrick\Categorized_AbbrvName\fi-er_125\fi-er_f1_28_650082d7.jpg,1,light_FST1_2,0,0,0.0382046177983284
la-ce-hi_f2_8_41538aa3.jpg,C:\Users\Angad\Desktop\StemFellowship\data\raw\fitzpatrick\Categorized_AbbrvName\la-ce-hi_60\la-ce-hi_f2_8_41538aa3.jpg,2,light_FST1_2,0,0,0.021576639264822006
ba-ce-ca_f2_205_dc02b8ba.jpg,C:\Users\Angad\Desktop\StemFellowship\data\raw\fitzpatrick\Categorized_AbbrvName\ba-ce-ca_468\ba-ce-ca_f2_205_dc02b8ba.jpg,2,light_FST1_2,1,1,0.5305116176605225
ha-ne_f5_59_535e7269.jpg,C:\Users\Angad\Desktop\StemFellowship\data\raw\fitzpatrick\Categorized_AbbrvName\ha-ne_82\ha-ne_f5_59_535e7269.jpg,5,dark_FST5_6,0,1,0.6536844372749329
pi-cy_f2_62_48d1f8fc.jpg,C:\Users\Angad\Desktop\StemFellowship\data\raw\fitzpatrick\Categorized_AbbrvName\pi-cy_93\pi-cy_f2_62_48d1f8fc.jpg,2,light_FST1_2,0,0,0.30601179599761963
li-pl_f3_198_ed6b8b64.jpg,C:\Users\Angad\Desktop\StemFellowship\data\raw\fitzpatrick\Categorized_AbbrvName\li-pl_491\li-pl_f3_198_ed6b8b64.jpg,3,medium_FST3_4,0,1,0.9219774603843689
ph_f3_343_6cd7591c.jpg,C:\Users\Angad\Desktop\StemFellowship\data\raw\fitzpatrick\Categorized_AbbrvName\ph_348\ph_f3_343_6cd7591c.jpg,3,medium_FST3_4,0,0,1.4778644981561229e-05
li-pl_f2_34_c554648f.jpg,C:\Users\Angad\Desktop\StemFellowship\data\raw\fitzpatrick\Categorized_AbbrvName\li-pl_491\li-pl_f2_34_c554648f.jpg,2,light_FST1_2,0,0,0.026119666174054146
hi_f4_58_5da8eb50.jpg,C:\Users\Angad\Desktop\StemFellowship\data\raw\fitzpatrick\Categorized_AbbrvName\hi_90\hi_f4_58_5da8eb50.jpg,4,medium_FST3_4,0,0,0.005705566145479679
ac_f2_59_a59a7207.jpg,C:\Users\Angad\Desktop\StemFellowship\data\raw\fitzpatrick\Categorized_AbbrvName\ac_183\ac_f2_59_a59a7207.jpg,2,light_FST1_2,0,0,0.015070044435560703
ha-ha-di_f2_87_496fff13.jpg,C:\Users\Angad\Desktop\StemFellowship\data\raw\fitzpatrick\Categorized_AbbrvName\ha-ha-di_174\ha-ha-di_f2_87_496fff13.jpg,2,light_FST1_2,0,0,0.3470723330974579
mi_f4_66_0578665c.jpg,C:\Users\Angad\Desktop\StemFellowship\data\raw\fitzpatrick\Categorized_AbbrvName\mi_112\mi_f4_66_0578665c.jpg,4,medium_FST3_4,0,0,0.006231829058378935
ac-vu_f2_301_51af624a.jpg,C:\Users\Angad\Desktop\StemFellowship\data\raw\fitzpatrick\Categorized_AbbrvName\ac-vu_335\ac-vu_f2_301_51af624a.jpg,2,light_FST1_2,0,0,0.0008107959292829037
ba-ce-ca_f3_277_0b283a47.jpg,C:\Users\Angad\Desktop\StemFellowship\data\raw\fitzpatrick\Categorized_AbbrvName\ba-ce-ca_468\ba-ce-ca_f3_277_0b283a47.jpg,3,medium_FST3_4,1,1,0.9997705817222595
ps_f1_52_97e07450.jpg,C:\Users\Angad\Desktop\StemFellowship\data\raw\fitzpatrick\Categorized_AbbrvName\ps_653\ps_f1_52_97e07450.jpg,1,light_FST1_2,0,0,0.007153141312301159
er-no_f1_11_aef5b800.jpg,C:\Users\Angad\Desktop\StemFellowship\data\raw\fitzpatrick\Categorized_AbbrvName\er-no_81\er-no_f1_11_aef5b800.jpg,1,light_FST1_2,0,0,0.001973543083295226
ac_f3_171_8c0eeb53.jpg,C:\Users\Angad\Desktop\StemFellowship\data\raw\fitzpatrick\Categorized_AbbrvName\ac_183\ac_f3_171_8c0eeb53.jpg,3,medium_FST3_4,0,0,0.0019190208986401558
sq-ce-ca_f1_60_de819f70.jpg,C:\Users\Angad\Desktop\StemFellowship\data\raw\fitzpatrick\Categorized_AbbrvName\sq-ce-ca_581\sq-ce-ca_f1_60_de819f70.jpg,1,light_FST1_2,1,1,0.8702171444892883
li-pl_f3_467_f39fbfe4.jpg,C:\Users\Angad\Desktop\StemFellowship\data\raw\fitzpatrick\Categorized_AbbrvName\li-pl_491\li-pl_f3_467_f39fbfe4.jpg,3,medium_FST3_4,0,0,0.0006023171008564532
fo_f2_235_01485246.jpg,C:\Users\Angad\Desktop\StemFellowship\data\raw\fitzpatrick\Categorized_AbbrvName\fo_342\fo_f2_235_01485246.jpg,2,light_FST1_2,0,0,0.0027382918633520603
pi-ru-pi_f4_71_4226516f.jpg,C:\Users\Angad\Desktop\StemFellowship\data\raw\fitzpatrick\Categorized_AbbrvName\pi-ru-pi_278\pi-ru-pi_f4_71_4226516f.jpg,4,medium_FST3_4,0,0,0.0068408348597586155
ro_f2_74_9a6b829d.jpg,C:\Users\Angad\Desktop\StemFellowship\data\raw\fitzpatrick\Categorized_AbbrvName\ro_102\ro_f2_74_9a6b829d.jpg,2,light_FST1_2,0,0,0.005646340548992157
na-co_f4_27_0aa30d3b.jpg,C:\Users\Angad\Desktop\StemFellowship\data\raw\fitzpatrick\Categorized_AbbrvName\na-co_73\na-co_f4_27_0aa30d3b.jpg,4,medium_FST3_4,0,0,0.0021452989894896746
ph_f4_266_1bdfaf5a.jpg,C:\Users\Angad\Desktop\StemFellowship\data\raw\fitzpatrick\Categorized_AbbrvName\ph_348\ph_f4_266_1bdfaf5a.jpg,4,medium_FST3_4,0,0,0.0006615152233280241
pi-ro_f5_30_e8367279.jpg,C:\Users\Angad\Desktop\StemFellowship\data\raw\fitzpatrick\Categorized_AbbrvName\pi-ro_193\pi-ro_f5_30_e8367279.jpg,5,dark_FST5_6,0,0,0.0007350182277150452
ur_f4_37_20d19efb.jpg,C:\Users\Angad\Desktop\StemFellowship\data\raw\fitzpatrick\Categorized_AbbrvName\ur_151\ur_f4_37_20d19efb.jpg,4,medium_FST3_4,0,0,0.0025509377010166645
lu-er_f5_98_43fd5018.jpg,C:\Users\Angad\Desktop\StemFellowship\data\raw\fitzpatrick\Categorized_AbbrvName\lu-er_410\lu-er_f5_98_43fd5018.jpg,5,dark_FST5_6,0,0,0.05688287690281868
al-co-de_f4_22_8be3794a.jpg,C:\Users\Angad\Desktop\StemFellowship\data\raw\fitzpatrick\Categorized_AbbrvName\al-co-de_430\al-co-de_f4_22_8be3794a.jpg,4,medium_FST3_4,0,0,0.014282356947660446
na-co_f2_35_5f3f303f.jpg,C:\Users\Angad\Desktop\StemFellowship\data\raw\fitzpatrick\Categorized_AbbrvName\na-co_73\na-co_f2_35_5f3f303f.jpg,2,light_FST1_2,0,0,0.001518813194707036
ba-ce-ca-mo_f1_37_a4bb4e52.jpg,C:\Users\Angad\Desktop\StemFellowship\data\raw\fitzpatrick\Categorized_AbbrvName\ba-ce-ca-mo_62\ba-ce-ca-mo_f1_37_a4bb4e52.jpg,1,light_FST1_2,1,0,0.2986272871494293
po-ac_f4_129_a7b36936.jpg,C:\Users\Angad\Desktop\StemFellowship\data\raw\fitzpatrick\Categorized_AbbrvName\po-ac_183\po-ac_f4_129_a7b36936.jpg,4,medium_FST3_4,0,0,0.18314069509506226
la-ce-hi_f1_21_ef7dbca1.jpg,C:\Users\Angad\Desktop\StemFellowship\data\raw\fitzpatrick\Categorized_AbbrvName\la-ce-hi_60\la-ce-hi_f1_21_ef7dbca1.jpg,1,light_FST1_2,0,0,0.008804278448224068
lu-er_f5_409_835965eb.jpg,C:\Users\Angad\Desktop\StemFellowship\data\raw\fitzpatrick\Categorized_AbbrvName\lu-er_410\lu-er_f5_409_835965eb.jpg,5,dark_FST5_6,0,0,0.00015660500503145158
ba-ce-ca_f1_92_6cdf2680.jpg,C:\Users\Angad\Desktop\StemFellowship\data\raw\fitzpatrick\Categorized_AbbrvName\ba-ce-ca_468\ba-ce-ca_f1_92_6cdf2680.jpg,1,light_FST1_2,1,1,0.998699426651001
ec_f2_1_53d69b9f.jpg,C:\Users\Angad\Desktop\StemFellowship\data\raw\fitzpatrick\Categorized_AbbrvName\ec_204\ec_f2_1_53d69b9f.jpg,2,light_FST1_2,0,0,0.00038125194259919226
ba-ce-ca_f2_313_92f8f7f3.jpg,C:\Users\Angad\Desktop\StemFellowship\data\raw\fitzpatrick\Categorized_AbbrvName\ba-ce-ca_468\ba-ce-ca_f2_313_92f8f7f3.jpg,2,light_FST1_2,1,0,0.015356983058154583
ac-vu_f5_103_03c5124f.jpg,C:\Users\Angad\Desktop\StemFellowship\data\raw\fitzpatrick\Categorized_AbbrvName\ac-vu_335\ac-vu_f5_103_03c5124f.jpg,5,dark_FST5_6,0,0,0.00015817899839021266
me_f1_80_2579d259.jpg,C:\Users\Angad\Desktop\StemFellowship\data\raw\fitzpatrick\Categorized_AbbrvName\me_261\me_f1_80_2579d259.jpg,1,light_FST1_2,1,1,0.6366727352142334
st-jo-sy_f2_62_01950a7b.jpg,C:\Users\Angad\Desktop\StemFellowship\data\raw\fitzpatrick\Categorized_AbbrvName\st-jo-sy_113\st-jo-sy_f2_62_01950a7b.jpg,2,light_FST1_2,0,0,0.04915839433670044
se-ke_f6_11_f1fa0c1a.jpg,C:\Users\Angad\Desktop\StemFellowship\data\raw\fitzpatrick\Categorized_AbbrvName\se-ke_69\se-ke_f6_11_f1fa0c1a.jpg,6,dark_FST5_6,0,0,0.0005217426805756986
in-pi_f1_87_937bd357.jpg,C:\Users\Angad\Desktop\StemFellowship\data\raw\fitzpatrick\Categorized_AbbrvName\in-pi_102\in-pi_f1_87_937bd357.jpg,1,light_FST1_2,0,0,0.0520058199763298
da-di_f2_75_b7220298.jpg,C:\Users\Angad\Desktop\StemFellowship\data\raw\fitzpatrick\Categorized_AbbrvName\da-di_153\da-di_f2_75_b7220298.jpg,2,light_FST1_2,0,0,0.1051066592335701
ac-ni_f6_17_7dc216ee.jpg,C:\Users\Angad\Desktop\StemFellowship\data\raw\fitzpatrick\Categorized_AbbrvName\ac-ni_92\ac-ni_f6_17_7dc216ee.jpg,6,dark_FST5_6,0,0,2.0591822249116376e-05
ph_f2_59_72fb9a29.jpg,C:\Users\Angad\Desktop\StemFellowship\data\raw\fitzpatrick\Categorized_AbbrvName\ph_348\ph_f2_59_72fb9a29.jpg,2,light_FST1_2,0,0,0.0029800506308674812
sa_f2_196_cee90168.jpg,C:\Users\Angad\Desktop\StemFellowship\data\raw\fitzpatrick\Categorized_AbbrvName\sa_349\sa_f2_196_cee90168.jpg,2,light_FST1_2,0,0,0.003629762912169099
py-gr_f4_25_77cbfcac.jpg,C:\Users\Angad\Desktop\StemFellowship\data\raw\fitzpatrick\Categorized_AbbrvName\py-gr_113\py-gr_f4_25_77cbfcac.jpg,4,medium_FST3_4,0,1,0.7074165940284729
sq-ce-ca_f3_138_d0b0400c.jpg,C:\Users\Angad\Desktop\StemFellowship\data\raw\fitzpatrick\Categorized_AbbrvName\sq-ce-ca_581\sq-ce-ca_f3_138_d0b0400c.jpg,3,medium_FST3_4,1,1,0.7606747150421143
ps_f2_519_f1ad469f.jpg,C:\Users\Angad\Desktop\StemFellowship\data\raw\fitzpatrick\Categorized_AbbrvName\ps_653\ps_f2_519_f1ad469f.jpg,2,light_FST1_2,0,0,0.008326859213411808
gr-an_f4_122_b3599106.jpg,C:\Users\Angad\Desktop\StemFellowship\data\raw\fitzpatrick\Categorized_AbbrvName\gr-an_211\gr-an_f4_122_b3599106.jpg,4,medium_FST3_4,0,0,0.0017605215543881059
lu-er_f4_270_4b33075f.jpg,C:\Users\Angad\Desktop\StemFellowship\data\raw\fitzpatrick\Categorized_AbbrvName\lu-er_410\lu-er_f4_270_4b33075f.jpg,4,medium_FST3_4,0,0,1.3803341062157415e-05
ne-de_f2_47_ba3290d2.jpg,C:\Users\Angad\Desktop\StemFellowship\data\raw\fitzpatrick\Categorized_AbbrvName\ne-de_361\ne-de_f2_47_ba3290d2.jpg,2,light_FST1_2,0,0,0.28205713629722595
pi-ru-pi_f5_216_1f137405.jpg,C:\Users\Angad\Desktop\StemFellowship\data\raw\fitzpatrick\Categorized_AbbrvName\pi-ru-pi_278\pi-ru-pi_f5_216_1f137405.jpg,5,dark_FST5_6,0,0,0.00415772432461381
ps_f3_87_bf3b2152.jpg,C:\Users\Angad\Desktop\StemFellowship\data\raw\fitzpatrick\Categorized_AbbrvName\ps_653\ps_f3_87_bf3b2152.jpg,3,medium_FST3_4,0,0,0.025177378207445145
le-ma_f1_57_309f71dd.jpg,C:\Users\Angad\Desktop\StemFellowship\data\raw\fitzpatrick\Categorized_AbbrvName\le-ma_83\le-ma_f1_57_309f71dd.jpg,1,light_FST1_2,1,1,0.9591105580329895
ur_f1_92_9423a19a.jpg,C:\Users\Angad\Desktop\StemFellowship\data\raw\fitzpatrick\Categorized_AbbrvName\ur_151\ur_f1_92_9423a19a.jpg,1,light_FST1_2,0,0,0.05626702681183815
ne-ex_f2_63_e506e31b.jpg,C:\Users\Angad\Desktop\StemFellowship\data\raw\fitzpatrick\Categorized_AbbrvName\ne-ex_73\ne-ex_f2_63_e506e31b.jpg,2,light_FST1_2,0,0,0.0007058672490529716
dr-er_f4_141_4ce6b91a.jpg,C:\Users\Angad\Desktop\StemFellowship\data\raw\fitzpatrick\Categorized_AbbrvName\dr-er_200\dr-er_f4_141_4ce6b91a.jpg,4,medium_FST3_4,0,0,0.029050903394818306
py-gr_f3_83_ecb59cf5.jpg,C:\Users\Angad\Desktop\StemFellowship\data\raw\fitzpatrick\Categorized_AbbrvName\py-gr_113\py-gr_f3_83_ecb59cf5.jpg,3,medium_FST3_4,0,0,0.005156806670129299
ps_f3_23_50ce8968.jpg,C:\Users\Angad\Desktop\StemFellowship\data\raw\fitzpatrick\Categorized_AbbrvName\ps_653\ps_f3_23_50ce8968.jpg,3,medium_FST3_4,0,0,0.0021576036233454943
fo_f3_291_bfcde0e7.jpg,C:\Users\Angad\Desktop\StemFellowship\data\raw\fitzpatrick\Categorized_AbbrvName\fo_342\fo_f3_291_bfcde0e7.jpg,3,medium_FST3_4,0,1,0.6579154133796692
pr-no_f3_67_ad242dab.jpg,C:\Users\Angad\Desktop\StemFellowship\data\raw\fitzpatrick\Categorized_AbbrvName\pr-no_170\pr-no_f3_67_ad242dab.jpg,3,medium_FST3_4,0,0,0.0005529048503376544
ro_f2_80_5742f4d9.jpg,C:\Users\Angad\Desktop\StemFellowship\data\raw\fitzpatrick\Categorized_AbbrvName\ro_102\ro_f2_80_5742f4d9.jpg,2,light_FST1_2,0,0,9.257160127162933e-05
ac-vu_f1_212_e0d837c2.jpg,C:\Users\Angad\Desktop\StemFellowship\data\raw\fitzpatrick\Categorized_AbbrvName\ac-vu_335\ac-vu_f1_212_e0d837c2.jpg,1,light_FST1_2,0,0,0.00212855264544487
fo_f2_106_63fd5d71.jpg,C:\Users\Angad\Desktop\StemFellowship\data\raw\fitzpatrick\Categorized_AbbrvName\fo_342\fo_f2_106_63fd5d71.jpg,2,light_FST1_2,0,0,0.027561640366911888
ur_f4_73_c3f10346.jpg,C:\Users\Angad\Desktop\StemFellowship\data\raw\fitzpatrick\Categorized_AbbrvName\ur_151\ur_f4_73_c3f10346.jpg,4,medium_FST3_4,0,0,0.006537688430398703
ph_f2_96_bf049b07.jpg,C:\Users\Angad\Desktop\StemFellowship\data\raw\fitzpatrick\Categorized_AbbrvName\ph_348\ph_f2_96_bf049b07.jpg,2,light_FST1_2,0,0,0.003525035921484232
vi_f3_14_b45c4e2c.jpg,C:\Users\Angad\Desktop\StemFellowship\data\raw\fitzpatrick\Categorized_AbbrvName\vi_166\vi_f3_14_b45c4e2c.jpg,3,medium_FST3_4,0,0,0.24247105419635773
er-an-ce_f4_37_1c0c6f3d.jpg,C:\Users\Angad\Desktop\StemFellowship\data\raw\fitzpatrick\Categorized_AbbrvName\er-an-ce_88\er-an-ce_f4_37_1c0c6f3d.jpg,4,medium_FST3_4,0,0,0.000799957022536546
ke_f4_47_2b6a1a8e.jpg,C:\Users\Angad\Desktop\StemFellowship\data\raw\fitzpatrick\Categorized_AbbrvName\ke_156\ke_f4_47_2b6a1a8e.jpg,4,medium_FST3_4,0,0,0.0029408419504761696
gr-py_f2_52_516f653a.jpg,C:\Users\Angad\Desktop\StemFellowship\data\raw\fitzpatrick\Categorized_AbbrvName\gr-py_75\gr-py_f2_52_516f653a.jpg,2,light_FST1_2,0,0,0.005629918538033962
ju-xa_f2_127_3b23007f.jpg,C:\Users\Angad\Desktop\StemFellowship\data\raw\fitzpatrick\Categorized_AbbrvName\ju-xa_149\ju-xa_f2_127_3b23007f.jpg,2,light_FST1_2,0,0,0.001227254280820489
ke_f2_146_a2da26b8.jpg,C:\Users\Angad\Desktop\StemFellowship\data\raw\fitzpatrick\Categorized_AbbrvName\ke_156\ke_f2_146_a2da26b8.jpg,2,light_FST1_2,0,0,0.0004097944183740765
in-pi_f4_65_9bc587ac.jpg,C:\Users\Angad\Desktop\StemFellowship\data\raw\fitzpatrick\Categorized_AbbrvName\in-pi_102\in-pi_f4_65_9bc587ac.jpg,4,medium_FST3_4,0,0,0.03822559863328934
li-pl_f5_366_9cda2001.jpg,C:\Users\Angad\Desktop\StemFellowship\data\raw\fitzpatrick\Categorized_AbbrvName\li-pl_491\li-pl_f5_366_9cda2001.jpg,5,dark_FST5_6,0,0,3.424016904318705e-05
xe-pi_f5_2_ade51126.jpg,C:\Users\Angad\Desktop\StemFellowship\data\raw\fitzpatrick\Categorized_AbbrvName\xe-pi_81\xe-pi_f5_2_ade51126.jpg,5,dark_FST5_6,0,0,0.0020565639715641737
na-co_f5_63_fb3bf175.jpg,C:\Users\Angad\Desktop\StemFellowship\data\raw\fitzpatrick\Categorized_AbbrvName\na-co_73\na-co_f5_63_fb3bf175.jpg,5,dark_FST5_6,0,0,6.237923662411049e-05
al-co-de_f2_301_e68261a0.jpg,C:\Users\Angad\Desktop\StemFellowship\data\raw\fitzpatrick\Categorized_AbbrvName\al-co-de_430\al-co-de_f2_301_e68261a0.jpg,2,light_FST1_2,0,0,0.0006623409572057426
al-co-de_f1_36_f932e951.jpg,C:\Users\Angad\Desktop\StemFellowship\data\raw\fitzpatrick\Categorized_AbbrvName\al-co-de_430\al-co-de_f1_36_f932e951.jpg,1,light_FST1_2,0,0,0.3094295859336853
ju-xa_f2_145_e3da9993.jpg,C:\Users\Angad\Desktop\StemFellowship\data\raw\fitzpatrick\Categorized_AbbrvName\ju-xa_149\ju-xa_f2_145_e3da9993.jpg,2,light_FST1_2,0,0,0.00487843994051218
lu-er_f3_88_f93cefdc.jpg,C:\Users\Angad\Desktop\StemFellowship\data\raw\fitzpatrick\Categorized_AbbrvName\lu-er_410\lu-er_f3_88_f93cefdc.jpg,3,medium_FST3_4,0,0,0.0006698175566270947
xe-pi_f4_7_2d0481be.jpg,C:\Users\Angad\Desktop\StemFellowship\data\raw\fitzpatrick\Categorized_AbbrvName\xe-pi_81\xe-pi_f4_7_2d0481be.jpg,4,medium_FST3_4,0,0,0.000812028010841459
mi_f3_48_01056745.jpg,C:\Users\Angad\Desktop\StemFellowship\data\raw\fitzpatrick\Categorized_AbbrvName\mi_112\mi_f3_48_01056745.jpg,3,medium_FST3_4,0,0,0.001601881580427289
li-re_f2_12_ad30c694.jpg,C:\Users\Angad\Desktop\StemFellowship\data\raw\fitzpatrick\Categorized_AbbrvName\li-re_60\li-re_f2_12_ad30c694.jpg,2,light_FST1_2,0,0,0.0016445763176307082
da-di_f5_61_1216661f.jpg,C:\Users\Angad\Desktop\StemFellowship\data\raw\fitzpatrick\Categorized_AbbrvName\da-di_153\da-di_f5_61_1216661f.jpg,5,dark_FST5_6,0,0,0.002415153430774808
po-ac_f2_170_e45f82ff.jpg,C:\Users\Angad\Desktop\StemFellowship\data\raw\fitzpatrick\Categorized_AbbrvName\po-ac_183\po-ac_f2_170_e45f82ff.jpg,2,light_FST1_2,0,0,0.09494185447692871
ne-li_f3_12_7e2b203e.jpg,C:\Users\Angad\Desktop\StemFellowship\data\raw\fitzpatrick\Categorized_AbbrvName\ne-li_123\ne-li_f3_12_7e2b203e.jpg,3,medium_FST3_4,0,0,0.3262713849544525
gr-an_f3_100_63ce6570.jpg,C:\Users\Angad\Desktop\StemFellowship\data\raw\fitzpatrick\Categorized_AbbrvName\gr-an_211\gr-an_f3_100_63ce6570.jpg,3,medium_FST3_4,0,0,0.004051475785672665
ne-in_f3_213_062c2757.jpg,C:\Users\Angad\Desktop\StemFellowship\data\raw\fitzpatrick\Categorized_AbbrvName\ne-in_260\ne-in_f3_213_062c2757.jpg,3,medium_FST3_4,0,0,0.004280031193047762
ac_f1_58_c6fe5504.jpg,C:\Users\Angad\Desktop\StemFellowship\data\raw\fitzpatrick\Categorized_AbbrvName\ac_183\ac_f1_58_c6fe5504.jpg,1,light_FST1_2,0,0,0.12226247042417526
ba-ce-ca_f4_327_af64774e.jpg,C:\Users\Angad\Desktop\StemFellowship\data\raw\fitzpatrick\Categorized_AbbrvName\ba-ce-ca_468\ba-ce-ca_f4_327_af64774e.jpg,4,medium_FST3_4,1,1,0.9999427795410156
hi_f3_62_7ed87891.jpg,C:\Users\Angad\Desktop\StemFellowship\data\raw\fitzpatrick\Categorized_AbbrvName\hi_90\hi_f3_62_7ed87891.jpg,3,medium_FST3_4,0,0,0.002972522983327508
su-sp-me-ss_f5_63_d13e9416.jpg,C:\Users\Angad\Desktop\StemFellowship\data\raw\fitzpatrick\Categorized_AbbrvName\su-sp-me-ss_118\su-sp-me-ss_f5_63_d13e9416.jpg,5,dark_FST5_6,1,1,0.9904897212982178
xa_f4_36_8aeb745d.jpg,C:\Users\Angad\Desktop\StemFellowship\data\raw\fitzpatrick\Categorized_AbbrvName\xa_53\xa_f4_36_8aeb745d.jpg,4,medium_FST3_4,0,0,0.07497014105319977
su-da-sk_f3_42_c61bada4.jpg,C:\Users\Angad\Desktop\StemFellowship\data\raw\fitzpatrick\Categorized_AbbrvName\su-da-sk_66\su-da-sk_f3_42_c61bada4.jpg,3,medium_FST3_4,0,0,0.0031646834686398506
al-co-de_f1_384_25a6d2c2.jpg,C:\Users\Angad\Desktop\StemFellowship\data\raw\fitzpatrick\Categorized_AbbrvName\al-co-de_430\al-co-de_f1_384_25a6d2c2.jpg,1,light_FST1_2,0,0,0.4081440269947052
tu-sc_f1_92_acdfb344.jpg,C:\Users\Angad\Desktop\StemFellowship\data\raw\fitzpatrick\Categorized_AbbrvName\tu-sc_141\tu-sc_f1_92_acdfb344.jpg,1,light_FST1_2,0,0,0.006118546240031719
ap-cu_f1_21_f3ef7a64.jpg,C:\Users\Angad\Desktop\StemFellowship\data\raw\fitzpatrick\Categorized_AbbrvName\ap-cu_72\ap-cu_f1_21_f3ef7a64.jpg,1,light_FST1_2,0,0,0.0013002947671338916
st-jo-sy_f2_52_8f077148.jpg,C:\Users\Angad\Desktop\StemFellowship\data\raw\fitzpatrick\Categorized_AbbrvName\st-jo-sy_113\st-jo-sy_f2_52_8f077148.jpg,2,light_FST1_2,0,0,0.0032212454825639725
ac-vu_f3_15_a523aefe.jpg,C:\Users\Angad\Desktop\StemFellowship\data\raw\fitzpatrick\Categorized_AbbrvName\ac-vu_335\ac-vu_f3_15_a523aefe.jpg,3,medium_FST3_4,0,0,0.002562248846516013
li-pl_f2_27_02c02b9c.jpg,C:\Users\Angad\Desktop\StemFellowship\data\raw\fitzpatrick\Categorized_AbbrvName\li-pl_491\li-pl_f2_27_02c02b9c.jpg,2,light_FST1_2,0,0,0.37463921308517456
li-pl_f6_140_4596eb8d.jpg,C:\Users\Angad\Desktop\StemFellowship\data\raw\fitzpatrick\Categorized_AbbrvName\li-pl_491\li-pl_f6_140_4596eb8d.jpg,6,dark_FST5_6,0,0,0.003419668646529317
ec_f2_104_6657abf8.jpg,C:\Users\Angad\Desktop\StemFellowship\data\raw\fitzpatrick\Categorized_AbbrvName\ec_204\ec_f2_104_6657abf8.jpg,2,light_FST1_2,0,0,0.00011550843919394538
ph_f4_323_8a13a1b8.jpg,C:\Users\Angad\Desktop\StemFellowship\data\raw\fitzpatrick\Categorized_AbbrvName\ph_348\ph_f4_323_8a13a1b8.jpg,4,medium_FST3_4,0,0,0.0017125827725976706
py-gr_f3_47_576d8359.jpg,C:\Users\Angad\Desktop\StemFellowship\data\raw\fitzpatrick\Categorized_AbbrvName\py-gr_113\py-gr_f3_47_576d8359.jpg,3,medium_FST3_4,0,1,0.6051098704338074
fi-er_f2_87_5463d69a.jpg,C:\Users\Angad\Desktop\StemFellowship\data\raw\fitzpatrick\Categorized_AbbrvName\fi-er_125\fi-er_f2_87_5463d69a.jpg,2,light_FST1_2,0,0,0.0011459302622824907
ps_f1_336_a5ab5f78.jpg,C:\Users\Angad\Desktop\StemFellowship\data\raw\fitzpatrick\Categorized_AbbrvName\ps_653\ps_f1_336_a5ab5f78.jpg,1,light_FST1_2,0,0,0.0017217188142240047
ac_f1_121_3c872d24.jpg,C:\Users\Angad\Desktop\StemFellowship\data\raw\fitzpatrick\Categorized_AbbrvName\ac_183\ac_f1_121_3c872d24.jpg,1,light_FST1_2,0,1,0.8392576575279236
er-el-di_f4_30_98f27ec8.jpg,C:\Users\Angad\Desktop\StemFellowship\data\raw\fitzpatrick\Categorized_AbbrvName\er-el-di_55\er-el-di_f4_30_98f27ec8.jpg,4,medium_FST3_4,0,0,0.00274072028696537
ke-pi_f4_36_445170e8.jpg,C:\Users\Angad\Desktop\StemFellowship\data\raw\fitzpatrick\Categorized_AbbrvName\ke-pi_78\ke-pi_f4_36_445170e8.jpg,4,medium_FST3_4,0,0,0.011551190167665482
pr-no_f4_169_8eb074ec.jpg,C:\Users\Angad\Desktop\StemFellowship\data\raw\fitzpatrick\Categorized_AbbrvName\pr-no_170\pr-no_f4_169_8eb074ec.jpg,4,medium_FST3_4,0,1,0.5107770562171936
ur_f5_39_b92c8ed5.jpg,C:\Users\Angad\Desktop\StemFellowship\data\raw\fitzpatrick\Categorized_AbbrvName\ur_151\ur_f5_39_b92c8ed5.jpg,5,dark_FST5_6,0,0,2.3001617591944523e-05
ke_f4_117_5b2d0836.jpg,C:\Users\Angad\Desktop\StemFellowship\data\raw\fitzpatrick\Categorized_AbbrvName\ke_156\ke_f4_117_5b2d0836.jpg,4,medium_FST3_4,0,0,0.0015749826561659575
gr-an_f4_206_3a539f3e.jpg,C:\Users\Angad\Desktop\StemFellowship\data\raw\fitzpatrick\Categorized_AbbrvName\gr-an_211\gr-an_f4_206_3a539f3e.jpg,4,medium_FST3_4,0,0,7.238482066895813e-05
li-pl_f4_9_a6e6cdc2.jpg,C:\Users\Angad\Desktop\StemFellowship\data\raw\fitzpatrick\Categorized_AbbrvName\li-pl_491\li-pl_f4_9_a6e6cdc2.jpg,4,medium_FST3_4,0,0,0.0002905328874476254
mu-cy_f6_5_08884980.jpg,C:\Users\Angad\Desktop\StemFellowship\data\raw\fitzpatrick\Categorized_AbbrvName\mu-cy_79\mu-cy_f6_5_08884980.jpg,6,dark_FST5_6,0,0,0.0016549605643376708
ac-vu_f2_268_ebf52d3a.jpg,C:\Users\Angad\Desktop\StemFellowship\data\raw\fitzpatrick\Categorized_AbbrvName\ac-vu_335\ac-vu_f2_268_ebf52d3a.jpg,2,light_FST1_2,0,0,0.00012744561536237597
ba-ce-ca-mo_f2_11_6bd32d66.jpg,C:\Users\Angad\Desktop\StemFellowship\data\raw\fitzpatrick\Categorized_AbbrvName\ba-ce-ca-mo_62\ba-ce-ca-mo_f2_11_6bd32d66.jpg,2,light_FST1_2,1,1,0.9826847910881042
ka-sa_f4_106_97329df1.jpg,C:\Users\Angad\Desktop\StemFellowship\data\raw\fitzpatrick\Categorized_AbbrvName\ka-sa_156\ka-sa_f4_106_97329df1.jpg,4,medium_FST3_4,1,1,0.977349579334259
ne-de_f1_188_f279453e.jpg,C:\Users\Angad\Desktop\StemFellowship\data\raw\fitzpatrick\Categorized_AbbrvName\ne-de_361\ne-de_f1_188_f279453e.jpg,1,light_FST1_2,0,0,0.036454468965530396
er-mu_f3_79_5f4255d5.jpg,C:\Users\Angad\Desktop\StemFellowship\data\raw\fitzpatrick\Categorized_AbbrvName\er-mu_236\er-mu_f3_79_5f4255d5.jpg,3,medium_FST3_4,0,0,0.0061158123426139355
ps_f2_267_7598d7f0.jpg,C:\Users\Angad\Desktop\StemFellowship\data\raw\fitzpatrick\Categorized_AbbrvName\ps_653\ps_f2_267_7598d7f0.jpg,2,light_FST1_2,0,0,0.00849182903766632
al-co-de_f2_254_627f4f6b.jpg,C:\Users\Angad\Desktop\StemFellowship\data\raw\fitzpatrick\Categorized_AbbrvName\al-co-de_430\al-co-de_f2_254_627f4f6b.jpg,2,light_FST1_2,0,0,0.02462257444858551
ke-pi_f4_71_f58c2f75.jpg,C:\Users\Angad\Desktop\StemFellowship\data\raw\fitzpatrick\Categorized_AbbrvName\ke-pi_78\ke-pi_f4_71_f58c2f75.jpg,4,medium_FST3_4,0,0,0.01970454305410385
sq-ce-ca_f2_177_64e112de.jpg,C:\Users\Angad\Desktop\StemFellowship\data\raw\fitzpatrick\Categorized_AbbrvName\sq-ce-ca_581\sq-ce-ca_f2_177_64e112de.jpg,2,light_FST1_2,1,0,4.1643772419774905e-05
al-co-de_f1_170_f25d31b5.jpg,C:\Users\Angad\Desktop\StemFellowship\data\raw\fitzpatrick\Categorized_AbbrvName\al-co-de_430\al-co-de_f1_170_f25d31b5.jpg,1,light_FST1_2,0,0,0.17360010743141174
be-ne_f4_58_67712da1.jpg,C:\Users\Angad\Desktop\StemFellowship\data\raw\fitzpatrick\Categorized_AbbrvName\be-ne_63\be-ne_f4_58_67712da1.jpg,4,medium_FST3_4,0,0,0.002783916424959898
ha-ha-di_f2_105_f9a5cb2a.jpg,C:\Users\Angad\Desktop\StemFellowship\data\raw\fitzpatrick\Categorized_AbbrvName\ha-ha-di_174\ha-ha-di_f2_105_f9a5cb2a.jpg,2,light_FST1_2,0,0,0.00031579408096149564
ke-pi_f4_12_5ca8962f.jpg,C:\Users\Angad\Desktop\StemFellowship\data\raw\fitzpatrick\Categorized_AbbrvName\ke-pi_78\ke-pi_f4_12_5ca8962f.jpg,4,medium_FST3_4,0,0,0.003773050382733345
sy_f3_72_1ee8bcfc.jpg,C:\Users\Angad\Desktop\StemFellowship\data\raw\fitzpatrick\Categorized_AbbrvName\sy_127\sy_f3_72_1ee8bcfc.jpg,3,medium_FST3_4,0,0,0.0008148697088472545
ep-ne_f1_74_0a973eee.jpg,C:\Users\Angad\Desktop\StemFellowship\data\raw\fitzpatrick\Categorized_AbbrvName\ep-ne_91\ep-ne_f1_74_0a973eee.jpg,1,light_FST1_2,0,0,0.14082203805446625
po-ac_f3_53_c71046a5.jpg,C:\Users\Angad\Desktop\StemFellowship\data\raw\fitzpatrick\Categorized_AbbrvName\po-ac_183\po-ac_f3_53_c71046a5.jpg,3,medium_FST3_4,0,0,0.057408738881349564
ly_f3_2_68080d1e.jpg,C:\Users\Angad\Desktop\StemFellowship\data\raw\fitzpatrick\Categorized_AbbrvName\ly_100\ly_f3_2_68080d1e.jpg,3,medium_FST3_4,0,0,0.0011214130790904164
be-di_f2_21_3585cb10.jpg,C:\Users\Angad\Desktop\StemFellowship\data\raw\fitzpatrick\Categorized_AbbrvName\be-di_63\be-di_f2_21_3585cb10.jpg,2,light_FST1_2,0,0,0.00035644439049065113
my_f3_36_b46b9033.jpg,C:\Users\Angad\Desktop\StemFellowship\data\raw\fitzpatrick\Categorized_AbbrvName\my_67\my_f3_36_b46b9033.jpg,3,medium_FST3_4,0,0,0.0014866350684314966
su-sp-me-ss_f1_13_f78395e7.jpg,C:\Users\Angad\Desktop\StemFellowship\data\raw\fitzpatrick\Categorized_AbbrvName\su-sp-me-ss_118\su-sp-me-ss_f1_13_f78395e7.jpg,1,light_FST1_2,1,0,0.22926534712314606
fo-sp_f2_91_782b4fbb.jpg,C:\Users\Angad\Desktop\StemFellowship\data\raw\fitzpatrick\Categorized_AbbrvName\fo-sp_100\fo-sp_f2_91_782b4fbb.jpg,2,light_FST1_2,0,0,0.004222758114337921
rh_f1_72_d15d0efd.jpg,C:\Users\Angad\Desktop\StemFellowship\data\raw\fitzpatrick\Categorized_AbbrvName\rh_91\rh_f1_72_d15d0efd.jpg,1,light_FST1_2,0,0,0.16911886632442474
dr-er_f1_159_af25d5b9.jpg,C:\Users\Angad\Desktop\StemFellowship\data\raw\fitzpatrick\Categorized_AbbrvName\dr-er_200\dr-er_f1_159_af25d5b9.jpg,1,light_FST1_2,0,0,0.29392075538635254
sy_f2_113_3ecd6546.jpg,C:\Users\Angad\Desktop\StemFellowship\data\raw\fitzpatrick\Categorized_AbbrvName\sy_127\sy_f2_113_3ecd6546.jpg,2,light_FST1_2,0,0,0.00021266033581923693
al-co-de_f2_168_99ba2c8a.jpg,C:\Users\Angad\Desktop\StemFellowship\data\raw\fitzpatrick\Categorized_AbbrvName\al-co-de_430\al-co-de_f2_168_99ba2c8a.jpg,2,light_FST1_2,0,0,0.0031579562928527594
sa_f2_161_67895f8d.jpg,C:\Users\Angad\Desktop\StemFellowship\data\raw\fitzpatrick\Categorized_AbbrvName\sa_349\sa_f2_161_67895f8d.jpg,2,light_FST1_2,0,0,0.17637133598327637
na-co_f3_34_053d3ca0.jpg,C:\Users\Angad\Desktop\StemFellowship\data\raw\fitzpatrick\Categorized_AbbrvName\na-co_73\na-co_f3_34_053d3ca0.jpg,3,medium_FST3_4,0,0,0.0004220405244268477
fo_f1_162_dfae71d7.jpg,C:\Users\Angad\Desktop\StemFellowship\data\raw\fitzpatrick\Categorized_AbbrvName\fo_342\fo_f1_162_dfae71d7.jpg,1,light_FST1_2,0,0,0.015471074730157852
ne-li_f2_53_e3dbc237.jpg,C:\Users\Angad\Desktop\StemFellowship\data\raw\fitzpatrick\Categorized_AbbrvName\ne-li_123\ne-li_f2_53_e3dbc237.jpg,2,light_FST1_2,0,1,0.9832258820533752
sq-ce-ca_f6_378_4c6e412b.jpg,C:\Users\Angad\Desktop\StemFellowship\data\raw\fitzpatrick\Categorized_AbbrvName\sq-ce-ca_581\sq-ce-ca_f6_378_4c6e412b.jpg,6,dark_FST5_6,1,1,0.9925447106361389
ph_f1_132_ea96d3f6.jpg,C:\Users\Angad\Desktop\StemFellowship\data\raw\fitzpatrick\Categorized_AbbrvName\ph_348\ph_f1_132_ea96d3f6.jpg,1,light_FST1_2,0,0,0.0330839641392231
sy_f3_116_598ea613.jpg,C:\Users\Angad\Desktop\StemFellowship\data\raw\fitzpatrick\Categorized_AbbrvName\sy_127\sy_f3_116_598ea613.jpg,3,medium_FST3_4,0,0,0.0037574018351733685
fo_f3_341_aceebbdc.jpg,C:\Users\Angad\Desktop\StemFellowship\data\raw\fitzpatrick\Categorized_AbbrvName\fo_342\fo_f3_341_aceebbdc.jpg,3,medium_FST3_4,0,0,0.11772944033145905
ba-ce-ca_f1_50_16c089e0.jpg,C:\Users\Angad\Desktop\StemFellowship\data\raw\fitzpatrick\Categorized_AbbrvName\ba-ce-ca_468\ba-ce-ca_f1_50_16c089e0.jpg,1,light_FST1_2,1,1,0.9159867167472839
ba-ce-ca_f2_427_dfc84991.jpg,C:\Users\Angad\Desktop\StemFellowship\data\raw\fitzpatrick\Categorized_AbbrvName\ba-ce-ca_468\ba-ce-ca_f2_427_dfc84991.jpg,2,light_FST1_2,1,1,0.9899156093597412
tu-sc_f4_48_09206ca2.jpg,C:\Users\Angad\Desktop\StemFellowship\data\raw\fitzpatrick\Categorized_AbbrvName\tu-sc_141\tu-sc_f4_48_09206ca2.jpg,4,medium_FST3_4,0,0,0.003388097044080496
fi-er_f6_120_ba7a126e.jpg,C:\Users\Angad\Desktop\StemFellowship\data\raw\fitzpatrick\Categorized_AbbrvName\fi-er_125\fi-er_f6_120_ba7a126e.jpg,6,dark_FST5_6,0,0,0.06368867307901382
ne-ne_f2_68_74fb80ef.jpg,C:\Users\Angad\Desktop\StemFellowship\data\raw\fitzpatrick\Categorized_AbbrvName\ne-ne_86\ne-ne_f2_68_74fb80ef.jpg,2,light_FST1_2,0,0,0.44724729657173157
ps_f2_332_b641365a.jpg,C:\Users\Angad\Desktop\StemFellowship\data\raw\fitzpatrick\Categorized_AbbrvName\ps_653\ps_f2_332_b641365a.jpg,2,light_FST1_2,0,0,0.21101418137550354
st-ed_f2_55_632c795d.jpg,C:\Users\Angad\Desktop\StemFellowship\data\raw\fitzpatrick\Categorized_AbbrvName\st-ed_69\st-ed_f2_55_632c795d.jpg,2,light_FST1_2,0,0,0.0014293091371655464
pu-ps_f1_26_b1051a2a.jpg,C:\Users\Angad\Desktop\StemFellowship\data\raw\fitzpatrick\Categorized_AbbrvName\pu-ps_53\pu-ps_f1_26_b1051a2a.jpg,1,light_FST1_2,0,0,0.0005765565438196063
me_f2_87_b582f9ec.jpg,C:\Users\Angad\Desktop\StemFellowship\data\raw\fitzpatrick\Categorized_AbbrvName\me_261\me_f2_87_b582f9ec.jpg,2,light_FST1_2,1,0,0.1826101541519165
li-pl_f2_202_afc7c48b.jpg,C:\Users\Angad\Desktop\StemFellowship\data\raw\fitzpatrick\Categorized_AbbrvName\li-pl_491\li-pl_f2_202_afc7c48b.jpg,2,light_FST1_2,0,0,0.010800007730722427
sa_f5_204_fbf024bd.jpg,C:\Users\Angad\Desktop\StemFellowship\data\raw\fitzpatrick\Categorized_AbbrvName\sa_349\sa_f5_204_fbf024bd.jpg,5,dark_FST5_6,0,0,2.0515392407105537e-06
my-fu_f1_30_d3b74982.jpg,C:\Users\Angad\Desktop\StemFellowship\data\raw\fitzpatrick\Categorized_AbbrvName\my-fu_182\my-fu_f1_30_d3b74982.jpg,1,light_FST1_2,1,0,0.09426187723875046
pe-li_f3_2_193903d3.jpg,C:\Users\Angad\Desktop\StemFellowship\data\raw\fitzpatrick\Categorized_AbbrvName\pe-li_151\pe-li_f3_2_193903d3.jpg,3,medium_FST3_4,0,0,0.4238300621509552
ma-me_f3_104_b12d076f.jpg,C:\Users\Angad\Desktop\StemFellowship\data\raw\fitzpatrick\Categorized_AbbrvName\ma-me_111\ma-me_f3_104_b12d076f.jpg,3,medium_FST3_4,1,1,0.9971413016319275
fi-er_f1_41_6e496ed0.jpg,C:\Users\Angad\Desktop\StemFellowship\data\raw\fitzpatrick\Categorized_AbbrvName\fi-er_125\fi-er_f1_41_6e496ed0.jpg,1,light_FST1_2,0,0,0.02319418452680111
po_f2_57_974d5648.jpg,C:\Users\Angad\Desktop\StemFellowship\data\raw\fitzpatrick\Categorized_AbbrvName\po_127\po_f2_57_974d5648.jpg,2,light_FST1_2,0,0,0.05756520479917526
er-an-ce_f3_7_95e40e39.jpg,C:\Users\Angad\Desktop\StemFellowship\data\raw\fitzpatrick\Categorized_AbbrvName\er-an-ce_88\er-an-ce_f3_7_95e40e39.jpg,3,medium_FST3_4,0,0,0.006273522507399321
li-pl_f4_476_51214ce4.jpg,C:\Users\Angad\Desktop\StemFellowship\data\raw\fitzpatrick\Categorized_AbbrvName\li-pl_491\li-pl_f4_476_51214ce4.jpg,4,medium_FST3_4,0,0,0.007529543247073889
ac-vu_f2_210_daf383fc.jpg,C:\Users\Angad\Desktop\StemFellowship\data\raw\fitzpatrick\Categorized_AbbrvName\ac-vu_335\ac-vu_f2_210_daf383fc.jpg,2,light_FST1_2,0,0,0.00032862467924132943
er-mu_f4_213_b61e0a2f.jpg,C:\Users\Angad\Desktop\StemFellowship\data\raw\fitzpatrick\Categorized_AbbrvName\er-mu_236\er-mu_f4_213_b61e0a2f.jpg,4,medium_FST3_4,0,0,4.2920542909996584e-05
da-di_f5_64_9311c12e.jpg,C:\Users\Angad\Desktop\StemFellowship\data\raw\fitzpatrick\Categorized_AbbrvName\da-di_153\da-di_f5_64_9311c12e.jpg,5,dark_FST5_6,0,0,0.0003084227500949055
vi_f3_79_338503a0.jpg,C:\Users\Angad\Desktop\StemFellowship\data\raw\fitzpatrick\Categorized_AbbrvName\vi_166\vi_f3_79_338503a0.jpg,3,medium_FST3_4,0,0,0.07029205560684204
ke-pi_f2_51_abafb100.jpg,C:\Users\Angad\Desktop\StemFellowship\data\raw\fitzpatrick\Categorized_AbbrvName\ke-pi_78\ke-pi_f2_51_abafb100.jpg,2,light_FST1_2,0,0,0.01473716925829649
fi-er_f4_37_6d54ee16.jpg,C:\Users\Angad\Desktop\StemFellowship\data\raw\fitzpatrick\Categorized_AbbrvName\fi-er_125\fi-er_f4_37_6d54ee16.jpg,4,medium_FST3_4,0,0,0.015820924192667007
fo_f3_283_8dffbb99.jpg,C:\Users\Angad\Desktop\StemFellowship\data\raw\fitzpatrick\Categorized_AbbrvName\fo_342\fo_f3_283_8dffbb99.jpg,3,medium_FST3_4,0,1,0.7251029014587402
pi_f3_19_49cdcc1d.jpg,C:\Users\Angad\Desktop\StemFellowship\data\raw\fitzpatrick\Categorized_AbbrvName\pi_53\pi_f3_19_49cdcc1d.jpg,3,medium_FST3_4,0,0,0.012898603454232216
po_f2_8_7c70482d.jpg,C:\Users\Angad\Desktop\StemFellowship\data\raw\fitzpatrick\Categorized_AbbrvName\po_127\po_f2_8_7c70482d.jpg,2,light_FST1_2,0,0,0.10356857627630234
dr-in-pi-ch_f3_35_cb675106.jpg,C:\Users\Angad\Desktop\StemFellowship\data\raw\fitzpatrick\Categorized_AbbrvName\dr-in-pi-ch_71\dr-in-pi-ch_f3_35_cb675106.jpg,3,medium_FST3_4,0,0,0.0035131589975208044
ke-pi_f2_4_edf0addc.jpg,C:\Users\Angad\Desktop\StemFellowship\data\raw\fitzpatrick\Categorized_AbbrvName\ke-pi_78\ke-pi_f2_4_edf0addc.jpg,2,light_FST1_2,0,0,9.238853090209886e-05
sa_f3_184_1076a661.jpg,C:\Users\Angad\Desktop\StemFellowship\data\raw\fitzpatrick\Categorized_AbbrvName\sa_349\sa_f3_184_1076a661.jpg,3,medium_FST3_4,0,0,1.6980839063762687e-05
ps_f2_531_6fc1f2cd.jpg,C:\Users\Angad\Desktop\StemFellowship\data\raw\fitzpatrick\Categorized_AbbrvName\ps_653\ps_f2_531_6fc1f2cd.jpg,2,light_FST1_2,0,0,0.11940574645996094
ac-vu_f2_297_acdf3286.jpg,C:\Users\Angad\Desktop\StemFellowship\data\raw\fitzpatrick\Categorized_AbbrvName\ac-vu_335\ac-vu_f2_297_acdf3286.jpg,2,light_FST1_2,0,0,0.0006329480092972517
se-de_f1_57_d522dea5.jpg,C:\Users\Angad\Desktop\StemFellowship\data\raw\fitzpatrick\Categorized_AbbrvName\se-de_126\se-de_f1_57_d522dea5.jpg,1,light_FST1_2,0,0,0.08868755400180817
al-co-de_f3_338_12618cdf.jpg,C:\Users\Angad\Desktop\StemFellowship\data\raw\fitzpatrick\Categorized_AbbrvName\al-co-de_430\al-co-de_f3_338_12618cdf.jpg,3,medium_FST3_4,0,0,0.15955667197704315
sq-ce-ca_f1_424_08a18331.jpg,C:\Users\Angad\Desktop\StemFellowship\data\raw\fitzpatrick\Categorized_AbbrvName\sq-ce-ca_581\sq-ce-ca_f1_424_08a18331.jpg,1,light_FST1_2,1,1,0.9987847208976746
ne-li_f2_97_dd143e46.jpg,C:\Users\Angad\Desktop\StemFellowship\data\raw\fitzpatrick\Categorized_AbbrvName\ne-li_123\ne-li_f2_97_dd143e46.jpg,2,light_FST1_2,0,1,0.8402482867240906
ju-xa_f2_133_7d1d0e1f.jpg,C:\Users\Angad\Desktop\StemFellowship\data\raw\fitzpatrick\Categorized_AbbrvName\ju-xa_149\ju-xa_f2_133_7d1d0e1f.jpg,2,light_FST1_2,0,0,0.014991204254329205
ro_f2_48_06d0d4da.jpg,C:\Users\Angad\Desktop\StemFellowship\data\raw\fitzpatrick\Categorized_AbbrvName\ro_102\ro_f2_48_06d0d4da.jpg,2,light_FST1_2,0,0,3.521129838190973e-05
ps_f3_408_1b66bbb9.jpg,C:\Users\Angad\Desktop\StemFellowship\data\raw\fitzpatrick\Categorized_AbbrvName\ps_653\ps_f3_408_1b66bbb9.jpg,3,medium_FST3_4,0,0,2.503642281226348e-05
sq-ce-ca_f3_385_b0acf3a6.jpg,C:\Users\Angad\Desktop\StemFellowship\data\raw\fitzpatrick\Categorized_AbbrvName\sq-ce-ca_581\sq-ce-ca_f3_385_b0acf3a6.jpg,3,medium_FST3_4,1,1,0.8503997325897217
ba-ce-ca-mo_f2_58_30e6f943.jpg,C:\Users\Angad\Desktop\StemFellowship\data\raw\fitzpatrick\Categorized_AbbrvName\ba-ce-ca-mo_62\ba-ce-ca-mo_f2_58_30e6f943.jpg,2,light_FST1_2,1,0,0.005284628830850124
py-gr_f3_61_d5d0521e.jpg,C:\Users\Angad\Desktop\StemFellowship\data\raw\fitzpatrick\Categorized_AbbrvName\py-gr_113\py-gr_f3_61_d5d0521e.jpg,3,medium_FST3_4,0,0,0.02327614091336727
ap-cu_f1_4_11a8f317.jpg,C:\Users\Angad\Desktop\StemFellowship\data\raw\fitzpatrick\Categorized_AbbrvName\ap-cu_72\ap-cu_f1_4_11a8f317.jpg,1,light_FST1_2,0,0,0.07421848922967911
st_f2_4_878b052b.jpg,C:\Users\Angad\Desktop\StemFellowship\data\raw\fitzpatrick\Categorized_AbbrvName\st_67\st_f2_4_878b052b.jpg,2,light_FST1_2,0,0,0.1495520919561386
be-ne_f1_12_8d60c8fb.jpg,C:\Users\Angad\Desktop\StemFellowship\data\raw\fitzpatrick\Categorized_AbbrvName\be-ne_63\be-ne_f1_12_8d60c8fb.jpg,1,light_FST1_2,0,0,0.0004411141271702945
sq-ce-ca_f5_73_e90a0c87.jpg,C:\Users\Angad\Desktop\StemFellowship\data\raw\fitzpatrick\Categorized_AbbrvName\sq-ce-ca_581\sq-ce-ca_f5_73_e90a0c87.jpg,5,dark_FST5_6,1,0,0.05597292259335518
sa_f6_116_17397316.jpg,C:\Users\Angad\Desktop\StemFellowship\data\raw\fitzpatrick\Categorized_AbbrvName\sa_349\sa_f6_116_17397316.jpg,6,dark_FST5_6,0,0,0.00033125211484730244
ro_f1_31_f40abe3f.jpg,C:\Users\Angad\Desktop\StemFellowship\data\raw\fitzpatrick\Categorized_AbbrvName\ro_102\ro_f1_31_f40abe3f.jpg,1,light_FST1_2,0,0,0.0021338448859751225
so-cy-ba-ce-ca_f2_34_3e53dd43.jpg,C:\Users\Angad\Desktop\StemFellowship\data\raw\fitzpatrick\Categorized_AbbrvName\so-cy-ba-ce-ca_66\so-cy-ba-ce-ca_f2_34_3e53dd43.jpg,2,light_FST1_2,1,0,0.20431208610534668
pr-no_f2_98_fd4ed381.jpg,C:\Users\Angad\Desktop\StemFellowship\data\raw\fitzpatrick\Categorized_AbbrvName\pr-no_170\pr-no_f2_98_fd4ed381.jpg,2,light_FST1_2,0,0,0.25449174642562866
fi-er_f4_123_b69d4ffc.jpg,C:\Users\Angad\Desktop\StemFellowship\data\raw\fitzpatrick\Categorized_AbbrvName\fi-er_125\fi-er_f4_123_b69d4ffc.jpg,4,medium_FST3_4,0,0,0.0007071801810525358
ps_f2_469_574ae891.jpg,C:\Users\Angad\Desktop\StemFellowship\data\raw\fitzpatrick\Categorized_AbbrvName\ps_653\ps_f2_469_574ae891.jpg,2,light_FST1_2,0,0,0.006820497568696737
ba-ce-ca_f2_16_7b2417dd.jpg,C:\Users\Angad\Desktop\StemFellowship\data\raw\fitzpatrick\Categorized_AbbrvName\ba-ce-ca_468\ba-ce-ca_f2_16_7b2417dd.jpg,2,light_FST1_2,1,0,0.09913904219865799
pi-ru-pi_f5_154_f87bbad0.jpg,C:\Users\Angad\Desktop\StemFellowship\data\raw\fitzpatrick\Categorized_AbbrvName\pi-ru-pi_278\pi-ru-pi_f5_154_f87bbad0.jpg,5,dark_FST5_6,0,0,0.0002376833144808188
su-sp-me-ss_f2_30_a012732f.jpg,C:\Users\Angad\Desktop\StemFellowship\data\raw\fitzpatrick\Categorized_AbbrvName\su-sp-me-ss_118\su-sp-me-ss_f2_30_a012732f.jpg,2,light_FST1_2,1,1,0.9997645020484924
al-co-de_f3_407_1dfd372d.jpg,C:\Users\Angad\Desktop\StemFellowship\data\raw\fitzpatrick\Categorized_AbbrvName\al-co-de_430\al-co-de_f3_407_1dfd372d.jpg,3,medium_FST3_4,0,0,0.0064178048633039
ma-me_f4_66_be813bef.jpg,C:\Users\Angad\Desktop\StemFellowship\data\raw\fitzpatrick\Categorized_AbbrvName\ma-me_111\ma-me_f4_66_be813bef.jpg,4,medium_FST3_4,1,1,0.9519060254096985
ac-vu_f2_257_3f620827.jpg,C:\Users\Angad\Desktop\StemFellowship\data\raw\fitzpatrick\Categorized_AbbrvName\ac-vu_335\ac-vu_f2_257_3f620827.jpg,2,light_FST1_2,0,0,5.5216711189132184e-05
ti-bi_f1_72_eb99d96d.jpg,C:\Users\Angad\Desktop\StemFellowship\data\raw\fitzpatrick\Categorized_AbbrvName\ti-bi_73\ti-bi_f1_72_eb99d96d.jpg,1,light_FST1_2,0,0,0.07564529776573181
pi-ro_f4_80_4f266473.jpg,C:\Users\Angad\Desktop\StemFellowship\data\raw\fitzpatrick\Categorized_AbbrvName\pi-ro_193\pi-ro_f4_80_4f266473.jpg,4,medium_FST3_4,0,0,0.00011000403901562095
mi_f3_105_6b94df92.jpg,C:\Users\Angad\Desktop\StemFellowship\data\raw\fitzpatrick\Categorized_AbbrvName\mi_112\mi_f3_105_6b94df92.jpg,3,medium_FST3_4,0,0,0.006229275371879339
sa_f1_285_fa8a24dc.jpg,C:\Users\Angad\Desktop\StemFellowship\data\raw\fitzpatrick\Categorized_AbbrvName\sa_349\sa_f1_285_fa8a24dc.jpg,1,light_FST1_2,0,0,0.007904467172920704
er-an-ce_f2_43_1a5196db.jpg,C:\Users\Angad\Desktop\StemFellowship\data\raw\fitzpatrick\Categorized_AbbrvName\er-an-ce_88\er-an-ce_f2_43_1a5196db.jpg,2,light_FST1_2,0,0,0.010379685088992119
sq-ce-ca_f1_204_b2dcd42e.jpg,C:\Users\Angad\Desktop\StemFellowship\data\raw\fitzpatrick\Categorized_AbbrvName\sq-ce-ca_581\sq-ce-ca_f1_204_b2dcd42e.jpg,1,light_FST1_2,1,1,0.9988880753517151
tu_f3_99_85c7047a.jpg,C:\Users\Angad\Desktop\StemFellowship\data\raw\fitzpatrick\Categorized_AbbrvName\tu_152\tu_f3_99_85c7047a.jpg,3,medium_FST3_4,0,1,0.5141582489013672
in-pi_f2_4_d5382ed8.jpg,C:\Users\Angad\Desktop\StemFellowship\data\raw\fitzpatrick\Categorized_AbbrvName\in-pi_102\in-pi_f2_4_d5382ed8.jpg,2,light_FST1_2,0,0,0.1099461168050766
su-sp-me-ss_f1_84_f1c06ae7.jpg,C:\Users\Angad\Desktop\StemFellowship\data\raw\fitzpatrick\Categorized_AbbrvName\su-sp-me-ss_118\su-sp-me-ss_f1_84_f1c06ae7.jpg,1,light_FST1_2,1,1,0.9944906234741211
pi-ro_f2_57_f2ea3292.jpg,C:\Users\Angad\Desktop\StemFellowship\data\raw\fitzpatrick\Categorized_AbbrvName\pi-ro_193\pi-ro_f2_57_f2ea3292.jpg,2,light_FST1_2,0,0,0.007189495023339987
mi_f1_71_021b9269.jpg,C:\Users\Angad\Desktop\StemFellowship\data\raw\fitzpatrick\Categorized_AbbrvName\mi_112\mi_f1_71_021b9269.jpg,1,light_FST1_2,0,0,0.016541505232453346
ke-pi_f1_45_6294a07a.jpg,C:\Users\Angad\Desktop\StemFellowship\data\raw\fitzpatrick\Categorized_AbbrvName\ke-pi_78\ke-pi_f1_45_6294a07a.jpg,1,light_FST1_2,0,0,0.0026322847697883844
pi_f1_15_8a6d7b54.jpg,C:\Users\Angad\Desktop\StemFellowship\data\raw\fitzpatrick\Categorized_AbbrvName\pi_53\pi_f1_15_8a6d7b54.jpg,1,light_FST1_2,0,0,0.38893628120422363
fi-er_f2_16_9a6946b1.jpg,C:\Users\Angad\Desktop\StemFellowship\data\raw\fitzpatrick\Categorized_AbbrvName\fi-er_125\fi-er_f2_16_9a6946b1.jpg,2,light_FST1_2,0,1,0.675702691078186
be-di_f3_39_d70ef356.jpg,C:\Users\Angad\Desktop\StemFellowship\data\raw\fitzpatrick\Categorized_AbbrvName\be-di_63\be-di_f3_39_d70ef356.jpg,3,medium_FST3_4,0,0,0.023352695629000664
tu_f3_88_c15bcb1e.jpg,C:\Users\Angad\Desktop\StemFellowship\data\raw\fitzpatrick\Categorized_AbbrvName\tu_152\tu_f3_88_c15bcb1e.jpg,3,medium_FST3_4,0,0,0.006557834334671497
tu-sc_f5_117_13e38ace.jpg,C:\Users\Angad\Desktop\StemFellowship\data\raw\fitzpatrick\Categorized_AbbrvName\tu-sc_141\tu-sc_f5_117_13e38ace.jpg,5,dark_FST5_6,0,0,1.0328080861654598e-05
er-mu_f2_56_9fdb8728.jpg,C:\Users\Angad\Desktop\StemFellowship\data\raw\fitzpatrick\Categorized_AbbrvName\er-mu_236\er-mu_f2_56_9fdb8728.jpg,2,light_FST1_2,0,0,0.09390183538198471
sa_f2_128_7cb8a7ba.jpg,C:\Users\Angad\Desktop\StemFellowship\data\raw\fitzpatrick\Categorized_AbbrvName\sa_349\sa_f2_128_7cb8a7ba.jpg,2,light_FST1_2,0,0,0.039677564054727554
ps_f2_396_adfbf477.jpg,C:\Users\Angad\Desktop\StemFellowship\data\raw\fitzpatrick\Categorized_AbbrvName\ps_653\ps_f2_396_adfbf477.jpg,2,light_FST1_2,0,0,0.0020987531170248985
pr-no_f5_133_c2caca35.jpg,C:\Users\Angad\Desktop\StemFellowship\data\raw\fitzpatrick\Categorized_AbbrvName\pr-no_170\pr-no_f5_133_c2caca35.jpg,5,dark_FST5_6,0,0,2.6482673547434388e-06
mu_f3_36_a3fc00f0.jpg,C:\Users\Angad\Desktop\StemFellowship\data\raw\fitzpatrick\Categorized_AbbrvName\mu_92\mu_f3_36_a3fc00f0.jpg,3,medium_FST3_4,0,0,0.003631237428635359
dr-er_f5_4_2382de55.jpg,C:\Users\Angad\Desktop\StemFellowship\data\raw\fitzpatrick\Categorized_AbbrvName\dr-er_200\dr-er_f5_4_2382de55.jpg,5,dark_FST5_6,0,0,0.0575614757835865
lu-er_f6_230_3da5cf59.jpg,C:\Users\Angad\Desktop\StemFellowship\data\raw\fitzpatrick\Categorized_AbbrvName\lu-er_410\lu-er_f6_230_3da5cf59.jpg,6,dark_FST5_6,0,0,0.018532412126660347
sa_f3_23_e809ea0f.jpg,C:\Users\Angad\Desktop\StemFellowship\data\raw\fitzpatrick\Categorized_AbbrvName\sa_349\sa_f3_23_e809ea0f.jpg,3,medium_FST3_4,0,0,0.00031063330243341625
al-co-de_f1_204_de76199c.jpg,C:\Users\Angad\Desktop\StemFellowship\data\raw\fitzpatrick\Categorized_AbbrvName\al-co-de_430\al-co-de_f1_204_de76199c.jpg,1,light_FST1_2,0,0,0.00018971433746628463
ca-cu_f3_62_9c2c8be8.jpg,C:\Users\Angad\Desktop\StemFellowship\data\raw\fitzpatrick\Categorized_AbbrvName\ca-cu_80\ca-cu_f3_62_9c2c8be8.jpg,3,medium_FST3_4,0,0,0.05937957018613815
li-pl_f3_155_d7305d7b.jpg,C:\Users\Angad\Desktop\StemFellowship\data\raw\fitzpatrick\Categorized_AbbrvName\li-pl_491\li-pl_f3_155_d7305d7b.jpg,3,medium_FST3_4,0,0,0.22860950231552124
sa_f2_256_7e8225fb.jpg,C:\Users\Angad\Desktop\StemFellowship\data\raw\fitzpatrick\Categorized_AbbrvName\sa_349\sa_f2_256_7e8225fb.jpg,2,light_FST1_2,0,0,0.4018726646900177
fo-sp_f4_99_1cec704f.jpg,C:\Users\Angad\Desktop\StemFellowship\data\raw\fitzpatrick\Categorized_AbbrvName\fo-sp_100\fo-sp_f4_99_1cec704f.jpg,4,medium_FST3_4,0,0,0.12072121351957321
ph_f3_197_298f7497.jpg,C:\Users\Angad\Desktop\StemFellowship\data\raw\fitzpatrick\Categorized_AbbrvName\ph_348\ph_f3_197_298f7497.jpg,3,medium_FST3_4,0,0,0.00021014180674683303
pi-ru-pi_f5_57_df2e5683.jpg,C:\Users\Angad\Desktop\StemFellowship\data\raw\fitzpatrick\Categorized_AbbrvName\pi-ru-pi_278\pi-ru-pi_f5_57_df2e5683.jpg,5,dark_FST5_6,0,0,0.0001697190891718492
ma-me_f2_91_64ac709a.jpg,C:\Users\Angad\Desktop\StemFellowship\data\raw\fitzpatrick\Categorized_AbbrvName\ma-me_111\ma-me_f2_91_64ac709a.jpg,2,light_FST1_2,1,1,0.9979859590530396
fo_f5_10_f76cddb3.jpg,C:\Users\Angad\Desktop\StemFellowship\data\raw\fitzpatrick\Categorized_AbbrvName\fo_342\fo_f5_10_f76cddb3.jpg,5,dark_FST5_6,0,1,0.6474196910858154
lu-er_f6_408_cb5b385f.jpg,C:\Users\Angad\Desktop\StemFellowship\data\raw\fitzpatrick\Categorized_AbbrvName\lu-er_410\lu-er_f6_408_cb5b385f.jpg,6,dark_FST5_6,0,0,0.0014315479202196002
po_f2_77_f8d311d4.jpg,C:\Users\Angad\Desktop\StemFellowship\data\raw\fitzpatrick\Categorized_AbbrvName\po_127\po_f2_77_f8d311d4.jpg,2,light_FST1_2,0,0,0.07837820053100586
ec_f4_145_924acae6.jpg,C:\Users\Angad\Desktop\StemFellowship\data\raw\fitzpatrick\Categorized_AbbrvName\ec_204\ec_f4_145_924acae6.jpg,4,medium_FST3_4,0,1,0.5082696080207825
sa_f2_230_6ad85bec.jpg,C:\Users\Angad\Desktop\StemFellowship\data\raw\fitzpatrick\Categorized_AbbrvName\sa_349\sa_f2_230_6ad85bec.jpg,2,light_FST1_2,0,0,0.19834741950035095
te_f2_32_c7d29c46.jpg,C:\Users\Angad\Desktop\StemFellowship\data\raw\fitzpatrick\Categorized_AbbrvName\te_126\te_f2_32_c7d29c46.jpg,2,light_FST1_2,0,0,6.107148510636762e-05
in-pi_f3_32_63b39f79.jpg,C:\Users\Angad\Desktop\StemFellowship\data\raw\fitzpatrick\Categorized_AbbrvName\in-pi_102\in-pi_f3_32_63b39f79.jpg,3,medium_FST3_4,0,0,0.015932133421301842
ph_f2_289_0aed5146.jpg,C:\Users\Angad\Desktop\StemFellowship\data\raw\fitzpatrick\Categorized_AbbrvName\ph_348\ph_f2_289_0aed5146.jpg,2,light_FST1_2,0,0,0.0006275740452110767
ep-ne_f1_70_6853bfe6.jpg,C:\Users\Angad\Desktop\StemFellowship\data\raw\fitzpatrick\Categorized_AbbrvName\ep-ne_91\ep-ne_f1_70_6853bfe6.jpg,1,light_FST1_2,0,0,0.042949922382831573
ch_f5_45_1a74229f.jpg,C:\Users\Angad\Desktop\StemFellowship\data\raw\fitzpatrick\Categorized_AbbrvName\ch_106\ch_f5_45_1a74229f.jpg,5,dark_FST5_6,0,0,0.027610747143626213
ac-vu_f6_290_928b45f4.jpg,C:\Users\Angad\Desktop\StemFellowship\data\raw\fitzpatrick\Categorized_AbbrvName\ac-vu_335\ac-vu_f6_290_928b45f4.jpg,6,dark_FST5_6,0,0,0.00039494349039159715
al-co-de_f2_314_67e02771.jpg,C:\Users\Angad\Desktop\StemFellowship\data\raw\fitzpatrick\Categorized_AbbrvName\al-co-de_430\al-co-de_f2_314_67e02771.jpg,2,light_FST1_2,0,0,0.06883446127176285
ne-ex_f3_22_e97996fd.jpg,C:\Users\Angad\Desktop\StemFellowship\data\raw\fitzpatrick\Categorized_AbbrvName\ne-ex_73\ne-ex_f3_22_e97996fd.jpg,3,medium_FST3_4,0,0,0.3649638593196869
co-ne_f5_23_7995475c.jpg,C:\Users\Angad\Desktop\StemFellowship\data\raw\fitzpatrick\Categorized_AbbrvName\co-ne_68\co-ne_f5_23_7995475c.jpg,5,dark_FST5_6,0,0,0.002357597230002284
fi-er_f6_82_a5188c56.jpg,C:\Users\Angad\Desktop\StemFellowship\data\raw\fitzpatrick\Categorized_AbbrvName\fi-er_125\fi-er_f6_82_a5188c56.jpg,6,dark_FST5_6,0,0,0.04023965448141098
my-fu_f2_23_a795f047.jpg,C:\Users\Angad\Desktop\StemFellowship\data\raw\fitzpatrick\Categorized_AbbrvName\my-fu_182\my-fu_f2_23_a795f047.jpg,2,light_FST1_2,1,1,0.7873508930206299
vi_f6_19_b44ee315.jpg,C:\Users\Angad\Desktop\StemFellowship\data\raw\fitzpatrick\Categorized_AbbrvName\vi_166\vi_f6_19_b44ee315.jpg,6,dark_FST5_6,0,0,0.024766668677330017
ly-di_f2_37_a8c8edd0.jpg,C:\Users\Angad\Desktop\StemFellowship\data\raw\fitzpatrick\Categorized_AbbrvName\ly-di_129\ly-di_f2_37_a8c8edd0.jpg,2,light_FST1_2,0,0,0.004943027626723051
lu-er_f4_177_e93299a3.jpg,C:\Users\Angad\Desktop\StemFellowship\data\raw\fitzpatrick\Categorized_AbbrvName\lu-er_410\lu-er_f4_177_e93299a3.jpg,4,medium_FST3_4,0,0,0.024089433252811432
ke-pi_f2_54_ca006266.jpg,C:\Users\Angad\Desktop\StemFellowship\data\raw\fitzpatrick\Categorized_AbbrvName\ke-pi_78\ke-pi_f2_54_ca006266.jpg,2,light_FST1_2,0,0,0.01980915665626526
hi_f5_82_f90cb15d.jpg,C:\Users\Angad\Desktop\StemFellowship\data\raw\fitzpatrick\Categorized_AbbrvName\hi_90\hi_f5_82_f90cb15d.jpg,5,dark_FST5_6,0,0,6.687564018648118e-05
rh_f2_17_076602b0.jpg,C:\Users\Angad\Desktop\StemFellowship\data\raw\fitzpatrick\Categorized_AbbrvName\rh_91\rh_f2_17_076602b0.jpg,2,light_FST1_2,0,0,0.0036726766265928745
ne-li_f1_71_b41b39f2.jpg,C:\Users\Angad\Desktop\StemFellowship\data\raw\fitzpatrick\Categorized_AbbrvName\ne-li_123\ne-li_f1_71_b41b39f2.jpg,1,light_FST1_2,0,1,0.7523818612098694
li-re_f1_27_6110a825.jpg,C:\Users\Angad\Desktop\StemFellowship\data\raw\fitzpatrick\Categorized_AbbrvName\li-re_60\li-re_f1_27_6110a825.jpg,1,light_FST1_2,0,0,0.002860473934561014
fi-er_f4_72_7116dd60.jpg,C:\Users\Angad\Desktop\StemFellowship\data\raw\fitzpatrick\Categorized_AbbrvName\fi-er_125\fi-er_f4_72_7116dd60.jpg,4,medium_FST3_4,0,0,0.000432750879554078
li-re_f2_51_33a22fb3.jpg,C:\Users\Angad\Desktop\StemFellowship\data\raw\fitzpatrick\Categorized_AbbrvName\li-re_60\li-re_f2_51_33a22fb3.jpg,2,light_FST1_2,0,0,0.003920537885278463
sq-ce-ca_f4_380_73ac2391.jpg,C:\Users\Angad\Desktop\StemFellowship\data\raw\fitzpatrick\Categorized_AbbrvName\sq-ce-ca_581\sq-ce-ca_f4_380_73ac2391.jpg,4,medium_FST3_4,1,0,0.024584736675024033
be-ne_f1_15_f51e0433.jpg,C:\Users\Angad\Desktop\StemFellowship\data\raw\fitzpatrick\Categorized_AbbrvName\be-ne_63\be-ne_f1_15_f51e0433.jpg,1,light_FST1_2,0,1,0.6425312757492065
te_f2_95_b536c3c3.jpg,C:\Users\Angad\Desktop\StemFellowship\data\raw\fitzpatrick\Categorized_AbbrvName\te_126\te_f2_95_b536c3c3.jpg,2,light_FST1_2,0,0,0.010916693136096
da-di_f4_63_4359c1e9.jpg,C:\Users\Angad\Desktop\StemFellowship\data\raw\fitzpatrick\Categorized_AbbrvName\da-di_153\da-di_f4_63_4359c1e9.jpg,4,medium_FST3_4,0,0,0.027889931574463844
mi_f4_60_6554ab20.jpg,C:\Users\Angad\Desktop\StemFellowship\data\raw\fitzpatrick\Categorized_AbbrvName\mi_112\mi_f4_60_6554ab20.jpg,4,medium_FST3_4,0,0,0.003541831625625491
sq-ce-ca_f3_108_0b9c9069.jpg,C:\Users\Angad\Desktop\StemFellowship\data\raw\fitzpatrick\Categorized_AbbrvName\sq-ce-ca_581\sq-ce-ca_f3_108_0b9c9069.jpg,3,medium_FST3_4,1,0,0.04639297351241112
pa_f2_40_7a66848a.jpg,C:\Users\Angad\Desktop\StemFellowship\data\raw\fitzpatrick\Categorized_AbbrvName\pa_59\pa_f2_40_7a66848a.jpg,2,light_FST1_2,0,0,0.011746443808078766
li-pl_f1_168_953fc11a.jpg,C:\Users\Angad\Desktop\StemFellowship\data\raw\fitzpatrick\Categorized_AbbrvName\li-pl_491\li-pl_f1_168_953fc11a.jpg,1,light_FST1_2,0,0,0.0014799723867326975
pa_f3_3_6f4aa1c3.jpg,C:\Users\Angad\Desktop\StemFellowship\data\raw\fitzpatrick\Categorized_AbbrvName\pa_59\pa_f3_3_6f4aa1c3.jpg,3,medium_FST3_4,0,0,0.035233043134212494
st_f2_27_9bbcea59.jpg,C:\Users\Angad\Desktop\StemFellowship\data\raw\fitzpatrick\Categorized_AbbrvName\st_67\st_f2_27_9bbcea59.jpg,2,light_FST1_2,0,0,0.009533326141536236
ic-vu_f5_10_95cc60fa.jpg,C:\Users\Angad\Desktop\StemFellowship\data\raw\fitzpatrick\Categorized_AbbrvName\ic-vu_65\ic-vu_f5_10_95cc60fa.jpg,5,dark_FST5_6,0,0,0.07601643353700638
dr-er_f3_96_bb630183.jpg,C:\Users\Angad\Desktop\StemFellowship\data\raw\fitzpatrick\Categorized_AbbrvName\dr-er_200\dr-er_f3_96_bb630183.jpg,3,medium_FST3_4,0,0,0.001419682870618999
pi-cy_f4_72_e99ddec0.jpg,C:\Users\Angad\Desktop\StemFellowship\data\raw\fitzpatrick\Categorized_AbbrvName\pi-cy_93\pi-cy_f4_72_e99ddec0.jpg,4,medium_FST3_4,0,0,0.009271126240491867
pi-cy_f4_74_33d4c189.jpg,C:\Users\Angad\Desktop\StemFellowship\data\raw\fitzpatrick\Categorized_AbbrvName\pi-cy_93\pi-cy_f4_74_33d4c189.jpg,4,medium_FST3_4,0,1,0.7765079736709595
po_f6_103_e908f472.jpg,C:\Users\Angad\Desktop\StemFellowship\data\raw\fitzpatrick\Categorized_AbbrvName\po_127\po_f6_103_e908f472.jpg,6,dark_FST5_6,0,0,0.10459712892770767
al-co-de_f2_134_90a4bfb7.jpg,C:\Users\Angad\Desktop\StemFellowship\data\raw\fitzpatrick\Categorized_AbbrvName\al-co-de_430\al-co-de_f2_134_90a4bfb7.jpg,2,light_FST1_2,0,0,1.5131717191252392e-05
ro_f2_10_e90207e0.jpg,C:\Users\Angad\Desktop\StemFellowship\data\raw\fitzpatrick\Categorized_AbbrvName\ro_102\ro_f2_10_e90207e0.jpg,2,light_FST1_2,0,0,0.00013429587124846876
ac-ni_f2_45_ae0e4130.jpg,C:\Users\Angad\Desktop\StemFellowship\data\raw\fitzpatrick\Categorized_AbbrvName\ac-ni_92\ac-ni_f2_45_ae0e4130.jpg,2,light_FST1_2,0,0,0.0008034200291149318
da-di_f2_47_df9880f7.jpg,C:\Users\Angad\Desktop\StemFellowship\data\raw\fitzpatrick\Categorized_AbbrvName\da-di_153\da-di_f2_47_df9880f7.jpg,2,light_FST1_2,0,0,0.001488066278398037
sq-ce-ca_f5_566_54062ced.jpg,C:\Users\Angad\Desktop\StemFellowship\data\raw\fitzpatrick\Categorized_AbbrvName\sq-ce-ca_581\sq-ce-ca_f5_566_54062ced.jpg,5,dark_FST5_6,1,1,0.9996693134307861
al-co-de_f2_216_a23c4876.jpg,C:\Users\Angad\Desktop\StemFellowship\data\raw\fitzpatrick\Categorized_AbbrvName\al-co-de_430\al-co-de_f2_216_a23c4876.jpg,2,light_FST1_2,0,0,0.0006886382470838726
pe-li_f2_16_ecf55fa7.jpg,C:\Users\Angad\Desktop\StemFellowship\data\raw\fitzpatrick\Categorized_AbbrvName\pe-li_151\pe-li_f2_16_ecf55fa7.jpg,2,light_FST1_2,0,0,0.36547616124153137
ac-au-bu-di-ge_f1_50_22bb0cba.jpg,C:\Users\Angad\Desktop\StemFellowship\data\raw\fitzpatrick\Categorized_AbbrvName\ac-au-bu-di-ge_67\ac-au-bu-di-ge_f1_50_22bb0cba.jpg,1,light_FST1_2,0,0,0.012438490986824036
pi-ro_f4_76_899cac4c.jpg,C:\Users\Angad\Desktop\StemFellowship\data\raw\fitzpatrick\Categorized_AbbrvName\pi-ro_193\pi-ro_f4_76_899cac4c.jpg,4,medium_FST3_4,0,0,0.004779005888849497
fa-de_f2_53_cc25be52.jpg,C:\Users\Angad\Desktop\StemFellowship\data\raw\fitzpatrick\Categorized_AbbrvName\fa-de_66\fa-de_f2_53_cc25be52.jpg,2,light_FST1_2,0,1,0.679053008556366
ur-pi_f4_85_f2627794.jpg,C:\Users\Angad\Desktop\StemFellowship\data\raw\fitzpatrick\Categorized_AbbrvName\ur-pi_112\ur-pi_f4_85_f2627794.jpg,4,medium_FST3_4,0,0,0.0013361081946641207
ne-in_f4_219_044c7608.jpg,C:\Users\Angad\Desktop\StemFellowship\data\raw\fitzpatrick\Categorized_AbbrvName\ne-in_260\ne-in_f4_219_044c7608.jpg,4,medium_FST3_4,0,0,0.0012032934464514256
ba-ce-ca_f2_410_d14d5a7d.jpg,C:\Users\Angad\Desktop\StemFellowship\data\raw\fitzpatrick\Categorized_AbbrvName\ba-ce-ca_468\ba-ce-ca_f2_410_d14d5a7d.jpg,2,light_FST1_2,1,1,0.9691406488418579
vi_f3_105_66fe8a92.jpg,C:\Users\Angad\Desktop\StemFellowship\data\raw\fitzpatrick\Categorized_AbbrvName\vi_166\vi_f3_105_66fe8a92.jpg,3,medium_FST3_4,0,0,0.009821268729865551
ac-en_f2_19_05c5c9cb.jpg,C:\Users\Angad\Desktop\StemFellowship\data\raw\fitzpatrick\Categorized_AbbrvName\ac-en_92\ac-en_f2_19_05c5c9cb.jpg,2,light_FST1_2,0,0,0.0030742399394512177
al-co-de_f2_300_20627235.jpg,C:\Users\Angad\Desktop\StemFellowship\data\raw\fitzpatrick\Categorized_AbbrvName\al-co-de_430\al-co-de_f2_300_20627235.jpg,2,light_FST1_2,0,0,0.03872014954686165
ac-vu_f2_61_ea17f0c0.jpg,C:\Users\Angad\Desktop\StemFellowship\data\raw\fitzpatrick\Categorized_AbbrvName\ac-vu_335\ac-vu_f2_61_ea17f0c0.jpg,2,light_FST1_2,0,0,0.0004012524150311947
ph_f1_187_b916be56.jpg,C:\Users\Angad\Desktop\StemFellowship\data\raw\fitzpatrick\Categorized_AbbrvName\ph_348\ph_f1_187_b916be56.jpg,1,light_FST1_2,0,0,0.00046591824502684176
me_f4_128_bb6ae8c9.jpg,C:\Users\Angad\Desktop\StemFellowship\data\raw\fitzpatrick\Categorized_AbbrvName\me_261\me_f4_128_bb6ae8c9.jpg,4,medium_FST3_4,1,0,0.014125845395028591
li-am_f2_2_39e58134.jpg,C:\Users\Angad\Desktop\StemFellowship\data\raw\fitzpatrick\Categorized_AbbrvName\li-am_77\li-am_f2_2_39e58134.jpg,2,light_FST1_2,0,0,0.04008195549249649
er-an-ce_f3_59_b341d681.jpg,C:\Users\Angad\Desktop\StemFellowship\data\raw\fitzpatrick\Categorized_AbbrvName\er-an-ce_88\er-an-ce_f3_59_b341d681.jpg,3,medium_FST3_4,0,0,0.002025019144639373
ch_f3_104_cc4443d1.jpg,C:\Users\Angad\Desktop\StemFellowship\data\raw\fitzpatrick\Categorized_AbbrvName\ch_106\ch_f3_104_cc4443d1.jpg,3,medium_FST3_4,0,0,0.12499995529651642
ne-de_f5_219_ea37254f.jpg,C:\Users\Angad\Desktop\StemFellowship\data\raw\fitzpatrick\Categorized_AbbrvName\ne-de_361\ne-de_f5_219_ea37254f.jpg,5,dark_FST5_6,0,1,0.6033310294151306
ac-au-bu-di-ge_f3_34_462e05ed.jpg,C:\Users\Angad\Desktop\StemFellowship\data\raw\fitzpatrick\Categorized_AbbrvName\ac-au-bu-di-ge_67\ac-au-bu-di-ge_f3_34_462e05ed.jpg,3,medium_FST3_4,0,0,0.40517333149909973
ac-ke_f2_167_d01ee173.jpg,C:\Users\Angad\Desktop\StemFellowship\data\raw\fitzpatrick\Categorized_AbbrvName\ac-ke_175\ac-ke_f2_167_d01ee173.jpg,2,light_FST1_2,1,0,0.4343613088130951
sy_f2_16_21f1e3ac.jpg,C:\Users\Angad\Desktop\StemFellowship\data\raw\fitzpatrick\Categorized_AbbrvName\sy_127\sy_f2_16_21f1e3ac.jpg,2,light_FST1_2,0,0,0.0004560273664537817
lu-er_f3_392_f4780184.jpg,C:\Users\Angad\Desktop\StemFellowship\data\raw\fitzpatrick\Categorized_AbbrvName\lu-er_410\lu-er_f3_392_f4780184.jpg,3,medium_FST3_4,0,0,0.0013654270442202687
ke-pi_f4_8_a2896526.jpg,C:\Users\Angad\Desktop\StemFellowship\data\raw\fitzpatrick\Categorized_AbbrvName\ke-pi_78\ke-pi_f4_8_a2896526.jpg,4,medium_FST3_4,0,0,0.20958542823791504
li-pl_f2_133_4ac5253a.jpg,C:\Users\Angad\Desktop\StemFellowship\data\raw\fitzpatrick\Categorized_AbbrvName\li-pl_491\li-pl_f2_133_4ac5253a.jpg,2,light_FST1_2,0,0,0.0005003039259463549
tu_f5_64_d57a438d.jpg,C:\Users\Angad\Desktop\StemFellowship\data\raw\fitzpatrick\Categorized_AbbrvName\tu_152\tu_f5_64_d57a438d.jpg,5,dark_FST5_6,0,0,0.00014778603508602828
co-ne_f2_3_7094ebc9.jpg,C:\Users\Angad\Desktop\StemFellowship\data\raw\fitzpatrick\Categorized_AbbrvName\co-ne_68\co-ne_f2_3_7094ebc9.jpg,2,light_FST1_2,0,0,0.0005955705419182777
ep-bu_f2_57_f2bfe6f2.jpg,C:\Users\Angad\Desktop\StemFellowship\data\raw\fitzpatrick\Categorized_AbbrvName\ep-bu_70\ep-bu_f2_57_f2bfe6f2.jpg,2,light_FST1_2,0,0,0.00680641271173954
dy-ec_f1_20_ea85e013.jpg,C:\Users\Angad\Desktop\StemFellowship\data\raw\fitzpatrick\Categorized_AbbrvName\dy-ec_83\dy-ec_f1_20_ea85e013.jpg,1,light_FST1_2,0,0,0.05729984864592552
ka-sa_f3_7_e5d72c33.jpg,C:\Users\Angad\Desktop\StemFellowship\data\raw\fitzpatrick\Categorized_AbbrvName\ka-sa_156\ka-sa_f3_7_e5d72c33.jpg,3,medium_FST3_4,1,1,0.9807912111282349
dr-er_f1_82_621eedf2.jpg,C:\Users\Angad\Desktop\StemFellowship\data\raw\fitzpatrick\Categorized_AbbrvName\dr-er_200\dr-er_f1_82_621eedf2.jpg,1,light_FST1_2,0,0,0.00042903111898340285
ps_f1_231_352d70d6.jpg,C:\Users\Angad\Desktop\StemFellowship\data\raw\fitzpatrick\Categorized_AbbrvName\ps_653\ps_f1_231_352d70d6.jpg,1,light_FST1_2,0,0,0.0024413408245891333
la-ce-hi_f1_3_8d11528e.jpg,C:\Users\Angad\Desktop\StemFellowship\data\raw\fitzpatrick\Categorized_AbbrvName\la-ce-hi_60\la-ce-hi_f1_3_8d11528e.jpg,1,light_FST1_2,0,0,0.00010901795758400112
fo_f4_257_59290b4f.jpg,C:\Users\Angad\Desktop\StemFellowship\data\raw\fitzpatrick\Categorized_AbbrvName\fo_342\fo_f4_257_59290b4f.jpg,4,medium_FST3_4,0,0,1.5166549019340891e-05
ke_f2_40_a443db67.jpg,C:\Users\Angad\Desktop\StemFellowship\data\raw\fitzpatrick\Categorized_AbbrvName\ke_156\ke_f2_40_a443db67.jpg,2,light_FST1_2,0,0,0.00025379631551913917
ha-ha-di_f4_76_b45e1b5e.jpg,C:\Users\Angad\Desktop\StemFellowship\data\raw\fitzpatrick\Categorized_AbbrvName\ha-ha-di_174\ha-ha-di_f4_76_b45e1b5e.jpg,4,medium_FST3_4,0,0,0.0014722448540851474
fo_f2_172_90540b39.jpg,C:\Users\Angad\Desktop\StemFellowship\data\raw\fitzpatrick\Categorized_AbbrvName\fo_342\fo_f2_172_90540b39.jpg,2,light_FST1_2,0,0,0.007042799144983292
ph_f6_115_dc62c178.jpg,C:\Users\Angad\Desktop\StemFellowship\data\raw\fitzpatrick\Categorized_AbbrvName\ph_348\ph_f6_115_dc62c178.jpg,6,dark_FST5_6,0,0,6.658172060269862e-05
pe-de_f2_2_7652138f.jpg,C:\Users\Angad\Desktop\StemFellowship\data\raw\fitzpatrick\Categorized_AbbrvName\pe-de_61\pe-de_f2_2_7652138f.jpg,2,light_FST1_2,0,0,0.0024115408305078745
tu-sc_f4_69_bfce5419.jpg,C:\Users\Angad\Desktop\StemFellowship\data\raw\fitzpatrick\Categorized_AbbrvName\tu-sc_141\tu-sc_f4_69_bfce5419.jpg,4,medium_FST3_4,0,0,0.0013751350343227386
my-fu_f5_116_a468181a.jpg,C:\Users\Angad\Desktop\StemFellowship\data\raw\fitzpatrick\Categorized_AbbrvName\my-fu_182\my-fu_f5_116_a468181a.jpg,5,dark_FST5_6,1,1,0.5946609973907471
al-co-de_f1_140_292e08f1.jpg,C:\Users\Angad\Desktop\StemFellowship\data\raw\fitzpatrick\Categorized_AbbrvName\al-co-de_430\al-co-de_f1_140_292e08f1.jpg,1,light_FST1_2,0,0,1.8366383301327005e-05
po-ac_f3_40_34a35c06.jpg,C:\Users\Angad\Desktop\StemFellowship\data\raw\fitzpatrick\Categorized_AbbrvName\po-ac_183\po-ac_f3_40_34a35c06.jpg,3,medium_FST3_4,0,0,0.022019075229763985
ju-xa_f2_71_137ae8b3.jpg,C:\Users\Angad\Desktop\StemFellowship\data\raw\fitzpatrick\Categorized_AbbrvName\ju-xa_149\ju-xa_f2_71_137ae8b3.jpg,2,light_FST1_2,0,0,0.4986512064933777
fa-de_f2_11_35cc2bc4.jpg,C:\Users\Angad\Desktop\StemFellowship\data\raw\fitzpatrick\Categorized_AbbrvName\fa-de_66\fa-de_f2_11_35cc2bc4.jpg,2,light_FST1_2,0,0,0.015209054574370384
mi_f4_1_af7a076b.jpg,C:\Users\Angad\Desktop\StemFellowship\data\raw\fitzpatrick\Categorized_AbbrvName\mi_112\mi_f4_1_af7a076b.jpg,4,medium_FST3_4,0,0,0.0020658220164477825
rh_f2_63_9e61d55f.jpg,C:\Users\Angad\Desktop\StemFellowship\data\raw\fitzpatrick\Categorized_AbbrvName\rh_91\rh_f2_63_9e61d55f.jpg,2,light_FST1_2,0,1,0.9701091051101685
po-ac_f2_161_9f0676a9.jpg,C:\Users\Angad\Desktop\StemFellowship\data\raw\fitzpatrick\Categorized_AbbrvName\po-ac_183\po-ac_f2_161_9f0676a9.jpg,2,light_FST1_2,0,1,0.9050354361534119
ph_f3_212_e0edf844.jpg,C:\Users\Angad\Desktop\StemFellowship\data\raw\fitzpatrick\Categorized_AbbrvName\ph_348\ph_f3_212_e0edf844.jpg,3,medium_FST3_4,0,0,0.18656961619853973
al-co-de_f3_4_1eb2cf38.jpg,C:\Users\Angad\Desktop\StemFellowship\data\raw\fitzpatrick\Categorized_AbbrvName\al-co-de_430\al-co-de_f3_4_1eb2cf38.jpg,3,medium_FST3_4,0,0,0.006564283277839422
ro_f2_52_e8a6ed45.jpg,C:\Users\Angad\Desktop\StemFellowship\data\raw\fitzpatrick\Categorized_AbbrvName\ro_102\ro_f2_52_e8a6ed45.jpg,2,light_FST1_2,0,0,0.00011333397560520098
tu-sc_f3_115_9b3028fc.jpg,C:\Users\Angad\Desktop\StemFellowship\data\raw\fitzpatrick\Categorized_AbbrvName\tu-sc_141\tu-sc_f3_115_9b3028fc.jpg,3,medium_FST3_4,0,0,0.00013472915452439338
ac-vu_f2_14_a9ec397c.jpg,C:\Users\Angad\Desktop\StemFellowship\data\raw\fitzpatrick\Categorized_AbbrvName\ac-vu_335\ac-vu_f2_14_a9ec397c.jpg,2,light_FST1_2,0,0,0.025202676653862
lu-su_f1_86_ba55b846.jpg,C:\Users\Angad\Desktop\StemFellowship\data\raw\fitzpatrick\Categorized_AbbrvName\lu-su_111\lu-su_f1_86_ba55b846.jpg,1,light_FST1_2,0,1,0.7079694271087646
ti-bi_f1_54_8bf8d661.jpg,C:\Users\Angad\Desktop\StemFellowship\data\raw\fitzpatrick\Categorized_AbbrvName\ti-bi_73\ti-bi_f1_54_8bf8d661.jpg,1,light_FST1_2,0,0,0.20618802309036255
ba-ce-ca_f2_22_6323e7bf.jpg,C:\Users\Angad\Desktop\StemFellowship\data\raw\fitzpatrick\Categorized_AbbrvName\ba-ce-ca_468\ba-ce-ca_f2_22_6323e7bf.jpg,2,light_FST1_2,1,1,0.9964494705200195
lu-er_f2_133_7389540c.jpg,C:\Users\Angad\Desktop\StemFellowship\data\raw\fitzpatrick\Categorized_AbbrvName\lu-er_410\lu-er_f2_133_7389540c.jpg,2,light_FST1_2,0,0,0.18504168093204498
le-ma_f1_31_a3308a1b.jpg,C:\Users\Angad\Desktop\StemFellowship\data\raw\fitzpatrick\Categorized_AbbrvName\le-ma_83\le-ma_f1_31_a3308a1b.jpg,1,light_FST1_2,1,1,0.9546351432800293
co-ne_f3_26_feabe7af.jpg,C:\Users\Angad\Desktop\StemFellowship\data\raw\fitzpatrick\Categorized_AbbrvName\co-ne_68\co-ne_f3_26_feabe7af.jpg,3,medium_FST3_4,0,0,0.001319143921136856
ne-ne_f3_69_eb526a75.jpg,C:\Users\Angad\Desktop\StemFellowship\data\raw\fitzpatrick\Categorized_AbbrvName\ne-ne_86\ne-ne_f3_69_eb526a75.jpg,3,medium_FST3_4,0,0,0.05435662716627121
ac-ke_f2_96_00c67e6f.jpg,C:\Users\Angad\Desktop\StemFellowship\data\raw\fitzpatrick\Categorized_AbbrvName\ac-ke_175\ac-ke_f2_96_00c67e6f.jpg,2,light_FST1_2,1,1,0.7719886898994446
ac-en_f2_66_bc4ff5bc.jpg,C:\Users\Angad\Desktop\StemFellowship\data\raw\fitzpatrick\Categorized_AbbrvName\ac-en_92\ac-en_f2_66_bc4ff5bc.jpg,2,light_FST1_2,0,0,0.17118299007415771
fo_f3_190_569b53ef.jpg,C:\Users\Angad\Desktop\StemFellowship\data\raw\fitzpatrick\Categorized_AbbrvName\fo_342\fo_f3_190_569b53ef.jpg,3,medium_FST3_4,0,0,0.1429244428873062
ac-ni_f1_63_5cf8a22e.jpg,C:\Users\Angad\Desktop\StemFellowship\data\raw\fitzpatrick\Categorized_AbbrvName\ac-ni_92\ac-ni_f1_63_5cf8a22e.jpg,1,light_FST1_2,0,0,0.0018292911117896438
di-ac-po_f1_28_1075ebb3.jpg,C:\Users\Angad\Desktop\StemFellowship\data\raw\fitzpatrick\Categorized_AbbrvName\di-ac-po_60\di-ac-po_f1_28_1075ebb3.jpg,1,light_FST1_2,0,1,0.7163062691688538
ps_f3_170_28f22f0f.jpg,C:\Users\Angad\Desktop\StemFellowship\data\raw\fitzpatrick\Categorized_AbbrvName\ps_653\ps_f3_170_28f22f0f.jpg,3,medium_FST3_4,0,0,2.9142381663405104e-06
er-mu_f3_193_bb08399b.jpg,C:\Users\Angad\Desktop\StemFellowship\data\raw\fitzpatrick\Categorized_AbbrvName\er-mu_236\er-mu_f3_193_bb08399b.jpg,3,medium_FST3_4,0,0,0.011909101158380508
ha-ha-di_f2_142_c56f6112.jpg,C:\Users\Angad\Desktop\StemFellowship\data\raw\fitzpatrick\Categorized_AbbrvName\ha-ha-di_174\ha-ha-di_f2_142_c56f6112.jpg,2,light_FST1_2,0,0,0.002092742593958974
dr-er_f2_109_54cb7919.jpg,C:\Users\Angad\Desktop\StemFellowship\data\raw\fitzpatrick\Categorized_AbbrvName\dr-er_200\dr-er_f2_109_54cb7919.jpg,2,light_FST1_2,0,0,0.00017999693227466196
ac-vu_f3_123_c0d8acd9.jpg,C:\Users\Angad\Desktop\StemFellowship\data\raw\fitzpatrick\Categorized_AbbrvName\ac-vu_335\ac-vu_f3_123_c0d8acd9.jpg,3,medium_FST3_4,0,0,8.125793101498857e-05
su-da-sk_f6_52_25552e71.jpg,C:\Users\Angad\Desktop\StemFellowship\data\raw\fitzpatrick\Categorized_AbbrvName\su-da-sk_66\su-da-sk_f6_52_25552e71.jpg,6,dark_FST5_6,0,0,0.015207861550152302
dr-er_f2_146_34698b51.jpg,C:\Users\Angad\Desktop\StemFellowship\data\raw\fitzpatrick\Categorized_AbbrvName\dr-er_200\dr-er_f2_146_34698b51.jpg,2,light_FST1_2,0,0,0.00028274537180550396
ma-me_f2_43_400e3359.jpg,C:\Users\Angad\Desktop\StemFellowship\data\raw\fitzpatrick\Categorized_AbbrvName\ma-me_111\ma-me_f2_43_400e3359.jpg,2,light_FST1_2,1,1,0.998004138469696
li-pl_f4_216_09692af5.jpg,C:\Users\Angad\Desktop\StemFellowship\data\raw\fitzpatrick\Categorized_AbbrvName\li-pl_491\li-pl_f4_216_09692af5.jpg,4,medium_FST3_4,0,0,3.706056668306701e-05
st_f5_36_2eb6cf7b.jpg,C:\Users\Angad\Desktop\StemFellowship\data\raw\fitzpatrick\Categorized_AbbrvName\st_67\st_f5_36_2eb6cf7b.jpg,5,dark_FST5_6,0,0,0.017047187313437462
ps_f4_651_f1e37ba9.jpg,C:\Users\Angad\Desktop\StemFellowship\data\raw\fitzpatrick\Categorized_AbbrvName\ps_653\ps_f4_651_f1e37ba9.jpg,4,medium_FST3_4,0,0,0.0020214009564369917
su-sp-me-ss_f1_66_df0ccf61.jpg,C:\Users\Angad\Desktop\StemFellowship\data\raw\fitzpatrick\Categorized_AbbrvName\su-sp-me-ss_118\su-sp-me-ss_f1_66_df0ccf61.jpg,1,light_FST1_2,1,0,0.4821467995643616
eh-da-sy_f3_71_6d6e7598.jpg,C:\Users\Angad\Desktop\StemFellowship\data\raw\fitzpatrick\Categorized_AbbrvName\eh-da-sy_127\eh-da-sy_f3_71_6d6e7598.jpg,3,medium_FST3_4,0,0,0.006394377443939447
ac_f2_165_bc77d5bc.jpg,C:\Users\Angad\Desktop\StemFellowship\data\raw\fitzpatrick\Categorized_AbbrvName\ac_183\ac_f2_165_bc77d5bc.jpg,2,light_FST1_2,0,0,0.0003917460853699595
ke_f4_124_c91269ec.jpg,C:\Users\Angad\Desktop\StemFellowship\data\raw\fitzpatrick\Categorized_AbbrvName\ke_156\ke_f4_124_c91269ec.jpg,4,medium_FST3_4,0,0,0.0051002828404307365
fo_f2_233_5844c88a.jpg,C:\Users\Angad\Desktop\StemFellowship\data\raw\fitzpatrick\Categorized_AbbrvName\fo_342\fo_f2_233_5844c88a.jpg,2,light_FST1_2,0,0,0.0002865402784664184
sq-ce-ca_f3_515_1b9d4701.jpg,C:\Users\Angad\Desktop\StemFellowship\data\raw\fitzpatrick\Categorized_AbbrvName\sq-ce-ca_581\sq-ce-ca_f3_515_1b9d4701.jpg,3,medium_FST3_4,1,1,0.9999364614486694
ac_f2_25_2df4c602.jpg,C:\Users\Angad\Desktop\StemFellowship\data\raw\fitzpatrick\Categorized_AbbrvName\ac_183\ac_f2_25_2df4c602.jpg,2,light_FST1_2,0,0,6.446316547226161e-05
sq-ce-ca_f4_475_470f02ca.jpg,C:\Users\Angad\Desktop\StemFellowship\data\raw\fitzpatrick\Categorized_AbbrvName\sq-ce-ca_581\sq-ce-ca_f4_475_470f02ca.jpg,4,medium_FST3_4,1,1,0.9622272849082947
pi-ru-pi_f4_236_75c6e415.jpg,C:\Users\Angad\Desktop\StemFellowship\data\raw\fitzpatrick\Categorized_AbbrvName\pi-ru-pi_278\pi-ru-pi_f4_236_75c6e415.jpg,4,medium_FST3_4,0,0,0.0024656220339238644
gr-an_f2_12_6c00ee71.jpg,C:\Users\Angad\Desktop\StemFellowship\data\raw\fitzpatrick\Categorized_AbbrvName\gr-an_211\gr-an_f2_12_6c00ee71.jpg,2,light_FST1_2,0,0,0.0028084740042686462
la-ce-hi_f2_51_a99eb40e.jpg,C:\Users\Angad\Desktop\StemFellowship\data\raw\fitzpatrick\Categorized_AbbrvName\la-ce-hi_60\la-ce-hi_f2_51_a99eb40e.jpg,2,light_FST1_2,0,0,0.0013390221865847707
pr-no_f3_118_1663e755.jpg,C:\Users\Angad\Desktop\StemFellowship\data\raw\fitzpatrick\Categorized_AbbrvName\pr-no_170\pr-no_f3_118_1663e755.jpg,3,medium_FST3_4,0,0,0.0033913154620677233
sa_f5_216_2cbb9dcb.jpg,C:\Users\Angad\Desktop\StemFellowship\data\raw\fitzpatrick\Categorized_AbbrvName\sa_349\sa_f5_216_2cbb9dcb.jpg,5,dark_FST5_6,0,0,0.09459119290113449
ac-vu_f1_144_31147f5a.jpg,C:\Users\Angad\Desktop\StemFellowship\data\raw\fitzpatrick\Categorized_AbbrvName\ac-vu_335\ac-vu_f1_144_31147f5a.jpg,1,light_FST1_2,0,0,0.03619524464011192
al-co-de_f3_249_97be5a35.jpg,C:\Users\Angad\Desktop\StemFellowship\data\raw\fitzpatrick\Categorized_AbbrvName\al-co-de_430\al-co-de_f3_249_97be5a35.jpg,3,medium_FST3_4,0,0,0.003787502646446228
ly-di_f4_52_d828f8e7.jpg,C:\Users\Angad\Desktop\StemFellowship\data\raw\fitzpatrick\Categorized_AbbrvName\ly-di_129\ly-di_f4_52_d828f8e7.jpg,4,medium_FST3_4,0,0,0.000414313719375059
me_f1_21_0fc62c72.jpg,C:\Users\Angad\Desktop\StemFellowship\data\raw\fitzpatrick\Categorized_AbbrvName\me_261\me_f1_21_0fc62c72.jpg,1,light_FST1_2,1,0,0.1860140562057495
pr-no_f2_85_f7899b8f.jpg,C:\Users\Angad\Desktop\StemFellowship\data\raw\fitzpatrick\Categorized_AbbrvName\pr-no_170\pr-no_f2_85_f7899b8f.jpg,2,light_FST1_2,0,0,0.001482167630456388
li-si_f6_94_aeaaf519.jpg,C:\Users\Angad\Desktop\StemFellowship\data\raw\fitzpatrick\Categorized_AbbrvName\li-si_97\li-si_f6_94_aeaaf519.jpg,6,dark_FST5_6,0,0,0.0012761792168021202
me_f2_111_361528ca.jpg,C:\Users\Angad\Desktop\StemFellowship\data\raw\fitzpatrick\Categorized_AbbrvName\me_261\me_f2_111_361528ca.jpg,2,light_FST1_2,1,0,0.21776781976222992
sa_f2_17_894546a0.jpg,C:\Users\Angad\Desktop\StemFellowship\data\raw\fitzpatrick\Categorized_AbbrvName\sa_349\sa_f2_17_894546a0.jpg,2,light_FST1_2,0,0,0.09991520643234253
ps_f2_243_51e0562b.jpg,C:\Users\Angad\Desktop\StemFellowship\data\raw\fitzpatrick\Categorized_AbbrvName\ps_653\ps_f2_243_51e0562b.jpg,2,light_FST1_2,0,0,0.002227523596957326
me_f3_260_fb89d4fa.jpg,C:\Users\Angad\Desktop\StemFellowship\data\raw\fitzpatrick\Categorized_AbbrvName\me_261\me_f3_260_fb89d4fa.jpg,3,medium_FST3_4,1,1,0.9479761719703674
py-gr_f2_45_1f86593b.jpg,C:\Users\Angad\Desktop\StemFellowship\data\raw\fitzpatrick\Categorized_AbbrvName\py-gr_113\py-gr_f2_45_1f86593b.jpg,2,light_FST1_2,0,1,0.9330682158470154
my_f5_51_e439fd3b.jpg,C:\Users\Angad\Desktop\StemFellowship\data\raw\fitzpatrick\Categorized_AbbrvName\my_67\my_f5_51_e439fd3b.jpg,5,dark_FST5_6,0,0,0.0001598968228790909
ba-ce-ca_f3_411_8d8aaf80.jpg,C:\Users\Angad\Desktop\StemFellowship\data\raw\fitzpatrick\Categorized_AbbrvName\ba-ce-ca_468\ba-ce-ca_f3_411_8d8aaf80.jpg,3,medium_FST3_4,1,1,0.956748902797699
ur_f3_43_eceed388.jpg,C:\Users\Angad\Desktop\StemFellowship\data\raw\fitzpatrick\Categorized_AbbrvName\ur_151\ur_f3_43_eceed388.jpg,3,medium_FST3_4,0,0,0.0010587424039840698
me_f2_130_3d9906a7.jpg,C:\Users\Angad\Desktop\StemFellowship\data\raw\fitzpatrick\Categorized_AbbrvName\me_261\me_f2_130_3d9906a7.jpg,2,light_FST1_2,1,1,0.9659531712532043
ne-ex_f3_17_8f0a8ffc.jpg,C:\Users\Angad\Desktop\StemFellowship\data\raw\fitzpatrick\Categorized_AbbrvName\ne-ex_73\ne-ex_f3_17_8f0a8ffc.jpg,3,medium_FST3_4,0,0,0.0003268284781370312
ac-en_f4_88_516abe8e.jpg,C:\Users\Angad\Desktop\StemFellowship\data\raw\fitzpatrick\Categorized_AbbrvName\ac-en_92\ac-en_f4_88_516abe8e.jpg,4,medium_FST3_4,0,0,0.0003539524623192847
ac_f3_91_58f4166e.jpg,C:\Users\Angad\Desktop\StemFellowship\data\raw\fitzpatrick\Categorized_AbbrvName\ac_183\ac_f3_91_58f4166e.jpg,3,medium_FST3_4,0,0,0.00010723373998189345
st-jo-sy_f2_29_3c75b28c.jpg,C:\Users\Angad\Desktop\StemFellowship\data\raw\fitzpatrick\Categorized_AbbrvName\st-jo-sy_113\st-jo-sy_f2_29_3c75b28c.jpg,2,light_FST1_2,0,0,0.03486127406358719
py-gr_f2_4_01821684.jpg,C:\Users\Angad\Desktop\StemFellowship\data\raw\fitzpatrick\Categorized_AbbrvName\py-gr_113\py-gr_f2_4_01821684.jpg,2,light_FST1_2,0,0,0.035248104482889175
tu-sc_f5_23_daaca1a8.jpg,C:\Users\Angad\Desktop\StemFellowship\data\raw\fitzpatrick\Categorized_AbbrvName\tu-sc_141\tu-sc_f5_23_daaca1a8.jpg,5,dark_FST5_6,0,0,0.004738012328743935
ph_f2_295_19b4ae2a.jpg,C:\Users\Angad\Desktop\StemFellowship\data\raw\fitzpatrick\Categorized_AbbrvName\ph_348\ph_f2_295_19b4ae2a.jpg,2,light_FST1_2,0,0,0.0027246198151260614
ep-ne_f1_88_c440c425.jpg,C:\Users\Angad\Desktop\StemFellowship\data\raw\fitzpatrick\Categorized_AbbrvName\ep-ne_91\ep-ne_f1_88_c440c425.jpg,1,light_FST1_2,0,0,0.0023444602265954018
sq-ce-ca_f3_150_883c52ef.jpg,C:\Users\Angad\Desktop\StemFellowship\data\raw\fitzpatrick\Categorized_AbbrvName\sq-ce-ca_581\sq-ce-ca_f3_150_883c52ef.jpg,3,medium_FST3_4,1,1,0.9876399636268616
vi_f3_39_bdbf0178.jpg,C:\Users\Angad\Desktop\StemFellowship\data\raw\fitzpatrick\Categorized_AbbrvName\vi_166\vi_f3_39_bdbf0178.jpg,3,medium_FST3_4,0,0,0.00022995354083832353
sq-ce-ca_f2_165_680723c1.jpg,C:\Users\Angad\Desktop\StemFellowship\data\raw\fitzpatrick\Categorized_AbbrvName\sq-ce-ca_581\sq-ce-ca_f2_165_680723c1.jpg,2,light_FST1_2,1,1,0.8258365392684937
mi_f4_86_7738e7cc.jpg,C:\Users\Angad\Desktop\StemFellowship\data\raw\fitzpatrick\Categorized_AbbrvName\mi_112\mi_f4_86_7738e7cc.jpg,4,medium_FST3_4,0,0,0.0015211862046271563
ur_f2_89_6105d768.jpg,C:\Users\Angad\Desktop\StemFellowship\data\raw\fitzpatrick\Categorized_AbbrvName\ur_151\ur_f2_89_6105d768.jpg,2,light_FST1_2,0,0,0.0021673834417015314
pi-ro_f4_93_1ba38182.jpg,C:\Users\Angad\Desktop\StemFellowship\data\raw\fitzpatrick\Categorized_AbbrvName\pi-ro_193\pi-ro_f4_93_1ba38182.jpg,4,medium_FST3_4,0,0,0.0004389492969494313
tu_f3_24_2b73a8e3.jpg,C:\Users\Angad\Desktop\StemFellowship\data\raw\fitzpatrick\Categorized_AbbrvName\tu_152\tu_f3_24_2b73a8e3.jpg,3,medium_FST3_4,0,0,0.0010912191355600953
ha-ha-di_f1_74_c9d3818b.jpg,C:\Users\Angad\Desktop\StemFellowship\data\raw\fitzpatrick\Categorized_AbbrvName\ha-ha-di_174\ha-ha-di_f1_74_c9d3818b.jpg,1,light_FST1_2,0,0,0.002507128519937396
sy_f3_122_002f4ec0.jpg,C:\Users\Angad\Desktop\StemFellowship\data\raw\fitzpatrick\Categorized_AbbrvName\sy_127\sy_f3_122_002f4ec0.jpg,3,medium_FST3_4,0,0,0.004726204089820385
ep-bu_f3_36_1ccd8640.jpg,C:\Users\Angad\Desktop\StemFellowship\data\raw\fitzpatrick\Categorized_AbbrvName\ep-bu_70\ep-bu_f3_36_1ccd8640.jpg,3,medium_FST3_4,0,0,0.003243121551349759
lu-su_f2_58_d17c6fa6.jpg,C:\Users\Angad\Desktop\StemFellowship\data\raw\fitzpatrick\Categorized_AbbrvName\lu-su_111\lu-su_f2_58_d17c6fa6.jpg,2,light_FST1_2,0,0,0.0006654558819718659
fo_f4_79_44b0916f.jpg,C:\Users\Angad\Desktop\StemFellowship\data\raw\fitzpatrick\Categorized_AbbrvName\fo_342\fo_f4_79_44b0916f.jpg,4,medium_FST3_4,0,0,0.47772184014320374
gr-an_f3_63_471459be.jpg,C:\Users\Angad\Desktop\StemFellowship\data\raw\fitzpatrick\Categorized_AbbrvName\gr-an_211\gr-an_f3_63_471459be.jpg,3,medium_FST3_4,0,0,0.004759604576975107
me_f2_246_26ad865b.jpg,C:\Users\Angad\Desktop\StemFellowship\data\raw\fitzpatrick\Categorized_AbbrvName\me_261\me_f2_246_26ad865b.jpg,2,light_FST1_2,1,1,0.9837632179260254
pi-ro_f4_107_5e566d87.jpg,C:\Users\Angad\Desktop\StemFellowship\data\raw\fitzpatrick\Categorized_AbbrvName\pi-ro_193\pi-ro_f4_107_5e566d87.jpg,4,medium_FST3_4,0,0,0.0002431537868687883
sq-ce-ca_f2_85_d86cdae2.jpg,C:\Users\Angad\Desktop\StemFellowship\data\raw\fitzpatrick\Categorized_AbbrvName\sq-ce-ca_581\sq-ce-ca_f2_85_d86cdae2.jpg,2,light_FST1_2,1,0,0.31395018100738525
ac-ke_f1_142_08c31b99.jpg,C:\Users\Angad\Desktop\StemFellowship\data\raw\fitzpatrick\Categorized_AbbrvName\ac-ke_175\ac-ke_f1_142_08c31b99.jpg,1,light_FST1_2,1,0,0.46081215143203735
in-pi_f6_58_b39ec0cc.jpg,C:\Users\Angad\Desktop\StemFellowship\data\raw\fitzpatrick\Categorized_AbbrvName\in-pi_102\in-pi_f6_58_b39ec0cc.jpg,6,dark_FST5_6,0,0,0.0017947049345821142
sq-ce-ca_f3_537_859294df.jpg,C:\Users\Angad\Desktop\StemFellowship\data\raw\fitzpatrick\Categorized_AbbrvName\sq-ce-ca_581\sq-ce-ca_f3_537_859294df.jpg,3,medium_FST3_4,1,1,0.9947704672813416
sq-ce-ca_f5_240_87744122.jpg,C:\Users\Angad\Desktop\StemFellowship\data\raw\fitzpatrick\Categorized_AbbrvName\sq-ce-ca_581\sq-ce-ca_f5_240_87744122.jpg,5,dark_FST5_6,1,1,0.9720946550369263
li-am_f5_24_e4086751.jpg,C:\Users\Angad\Desktop\StemFellowship\data\raw\fitzpatrick\Categorized_AbbrvName\li-am_77\li-am_f5_24_e4086751.jpg,5,dark_FST5_6,0,0,0.013783632777631283
vi_f5_125_6fc453ff.jpg,C:\Users\Angad\Desktop\StemFellowship\data\raw\fitzpatrick\Categorized_AbbrvName\vi_166\vi_f5_125_6fc453ff.jpg,5,dark_FST5_6,0,0,0.06867802143096924
mu-cy_f2_4_f10d67d3.jpg,C:\Users\Angad\Desktop\StemFellowship\data\raw\fitzpatrick\Categorized_AbbrvName\mu-cy_79\mu-cy_f2_4_f10d67d3.jpg,2,light_FST1_2,0,0,0.2814346253871918
rh_f4_81_14060d17.jpg,C:\Users\Angad\Desktop\StemFellowship\data\raw\fitzpatrick\Categorized_AbbrvName\rh_91\rh_f4_81_14060d17.jpg,4,medium_FST3_4,0,0,0.0617644339799881
al-co-de_f1_159_e3d44940.jpg,C:\Users\Angad\Desktop\StemFellowship\data\raw\fitzpatrick\Categorized_AbbrvName\al-co-de_430\al-co-de_f1_159_e3d44940.jpg,1,light_FST1_2,0,0,0.01417563110589981
li-pl_f2_195_5143f85b.jpg,C:\Users\Angad\Desktop\StemFellowship\data\raw\fitzpatrick\Categorized_AbbrvName\li-pl_491\li-pl_f2_195_5143f85b.jpg,2,light_FST1_2,0,0,0.0037700082175433636
pu-ps_f2_30_65cf602e.jpg,C:\Users\Angad\Desktop\StemFellowship\data\raw\fitzpatrick\Categorized_AbbrvName\pu-ps_53\pu-ps_f2_30_65cf602e.jpg,2,light_FST1_2,0,0,0.000762459181714803
pi-ru-pi_f4_103_41bb7cbb.jpg,C:\Users\Angad\Desktop\StemFellowship\data\raw\fitzpatrick\Categorized_AbbrvName\pi-ru-pi_278\pi-ru-pi_f4_103_41bb7cbb.jpg,4,medium_FST3_4,0,0,0.00856435764580965
ps_f2_147_10dbea94.jpg,C:\Users\Angad\Desktop\StemFellowship\data\raw\fitzpatrick\Categorized_AbbrvName\ps_653\ps_f2_147_10dbea94.jpg,2,light_FST1_2,0,0,0.00023678895377088338
in-pi_f6_57_28bcdc21.jpg,C:\Users\Angad\Desktop\StemFellowship\data\raw\fitzpatrick\Categorized_AbbrvName\in-pi_102\in-pi_f6_57_28bcdc21.jpg,6,dark_FST5_6,0,0,0.002232286147773266
ju-xa_f2_34_2699fffc.jpg,C:\Users\Angad\Desktop\StemFellowship\data\raw\fitzpatrick\Categorized_AbbrvName\ju-xa_149\ju-xa_f2_34_2699fffc.jpg,2,light_FST1_2,0,0,0.004062423016875982
tu-sc_f3_20_cc8bc6b9.jpg,C:\Users\Angad\Desktop\StemFellowship\data\raw\fitzpatrick\Categorized_AbbrvName\tu-sc_141\tu-sc_f3_20_cc8bc6b9.jpg,3,medium_FST3_4,0,0,1.1887767868756782e-05
pi-ru-pi_f3_234_9996bf83.jpg,C:\Users\Angad\Desktop\StemFellowship\data\raw\fitzpatrick\Categorized_AbbrvName\pi-ru-pi_278\pi-ru-pi_f3_234_9996bf83.jpg,3,medium_FST3_4,0,0,1.2560934919747524e-05
ep-ne_f1_26_1a7f5be9.jpg,C:\Users\Angad\Desktop\StemFellowship\data\raw\fitzpatrick\Categorized_AbbrvName\ep-ne_91\ep-ne_f1_26_1a7f5be9.jpg,1,light_FST1_2,0,0,0.004178363364189863
al-co-de_f2_183_f7f29dba.jpg,C:\Users\Angad\Desktop\StemFellowship\data\raw\fitzpatrick\Categorized_AbbrvName\al-co-de_430\al-co-de_f2_183_f7f29dba.jpg,2,light_FST1_2,0,0,0.00014923013804946095
li-am_f4_61_42f4d928.jpg,C:\Users\Angad\Desktop\StemFellowship\data\raw\fitzpatrick\Categorized_AbbrvName\li-am_77\li-am_f4_61_42f4d928.jpg,4,medium_FST3_4,0,0,0.018229946494102478
lu-er_f1_37_115b193e.jpg,C:\Users\Angad\Desktop\StemFellowship\data\raw\fitzpatrick\Categorized_AbbrvName\lu-er_410\lu-er_f1_37_115b193e.jpg,1,light_FST1_2,0,0,0.028039172291755676
my-fu_f2_78_eeb17db2.jpg,C:\Users\Angad\Desktop\StemFellowship\data\raw\fitzpatrick\Categorized_AbbrvName\my-fu_182\my-fu_f2_78_eeb17db2.jpg,2,light_FST1_2,1,0,0.049106355756521225
sq-ce-ca_f3_409_ac6e3dc1.jpg,C:\Users\Angad\Desktop\StemFellowship\data\raw\fitzpatrick\Categorized_AbbrvName\sq-ce-ca_581\sq-ce-ca_f3_409_ac6e3dc1.jpg,3,medium_FST3_4,1,1,0.9900268316268921
sq-ce-ca_f4_251_82eed0a4.jpg,C:\Users\Angad\Desktop\StemFellowship\data\raw\fitzpatrick\Categorized_AbbrvName\sq-ce-ca_581\sq-ce-ca_f4_251_82eed0a4.jpg,4,medium_FST3_4,1,1,0.9997181296348572
ke-pi_f1_44_a2806e3e.jpg,C:\Users\Angad\Desktop\StemFellowship\data\raw\fitzpatrick\Categorized_AbbrvName\ke-pi_78\ke-pi_f1_44_a2806e3e.jpg,1,light_FST1_2,0,0,0.00025542324874550104
eh-da-sy_f1_100_0fa42092.jpg,C:\Users\Angad\Desktop\StemFellowship\data\raw\fitzpatrick\Categorized_AbbrvName\eh-da-sy_127\eh-da-sy_f1_100_0fa42092.jpg,1,light_FST1_2,0,0,0.001792475813999772
pi-ru-pi_f2_41_7e5c920d.jpg,C:\Users\Angad\Desktop\StemFellowship\data\raw\fitzpatrick\Categorized_AbbrvName\pi-ru-pi_278\pi-ru-pi_f2_41_7e5c920d.jpg,2,light_FST1_2,0,0,0.0007606067811138928
li-pl_f6_309_48dcccaa.jpg,C:\Users\Angad\Desktop\StemFellowship\data\raw\fitzpatrick\Categorized_AbbrvName\li-pl_491\li-pl_f6_309_48dcccaa.jpg,6,dark_FST5_6,0,0,0.003248354187235236
te_f2_63_6393ad9b.jpg,C:\Users\Angad\Desktop\StemFellowship\data\raw\fitzpatrick\Categorized_AbbrvName\te_126\te_f2_63_6393ad9b.jpg,2,light_FST1_2,0,1,0.9885030388832092
pi-ru-pi_f6_80_defefc3f.jpg,C:\Users\Angad\Desktop\StemFellowship\data\raw\fitzpatrick\Categorized_AbbrvName\pi-ru-pi_278\pi-ru-pi_f6_80_defefc3f.jpg,6,dark_FST5_6,0,0,0.001021095085889101
ps_f1_437_9bf25f5c.jpg,C:\Users\Angad\Desktop\StemFellowship\data\raw\fitzpatrick\Categorized_AbbrvName\ps_653\ps_f1_437_9bf25f5c.jpg,1,light_FST1_2,0,0,0.004971060901880264
ph_f1_73_376431b2.jpg,C:\Users\Angad\Desktop\StemFellowship\data\raw\fitzpatrick\Categorized_AbbrvName\ph_348\ph_f1_73_376431b2.jpg,1,light_FST1_2,0,0,0.00037113219150342047
pr-no_f4_27_4062f7d2.jpg,C:\Users\Angad\Desktop\StemFellowship\data\raw\fitzpatrick\Categorized_AbbrvName\pr-no_170\pr-no_f4_27_4062f7d2.jpg,4,medium_FST3_4,0,0,5.866567516932264e-05
er-no_f3_39_3c5b40c4.jpg,C:\Users\Angad\Desktop\StemFellowship\data\raw\fitzpatrick\Categorized_AbbrvName\er-no_81\er-no_f3_39_3c5b40c4.jpg,3,medium_FST3_4,0,0,0.0002180398878408596
lu-er_f2_223_27cdedf9.jpg,C:\Users\Angad\Desktop\StemFellowship\data\raw\fitzpatrick\Categorized_AbbrvName\lu-er_410\lu-er_f2_223_27cdedf9.jpg,2,light_FST1_2,0,0,0.01646474562585354
al-co-de_f4_148_7dec0f0d.jpg,C:\Users\Angad\Desktop\StemFellowship\data\raw\fitzpatrick\Categorized_AbbrvName\al-co-de_430\al-co-de_f4_148_7dec0f0d.jpg,4,medium_FST3_4,0,0,7.416346488753334e-05
gr-an_f2_141_80b773a6.jpg,C:\Users\Angad\Desktop\StemFellowship\data\raw\fitzpatrick\Categorized_AbbrvName\gr-an_211\gr-an_f2_141_80b773a6.jpg,2,light_FST1_2,0,0,0.05119317024946213
po_f4_54_9b54e9d0.jpg,C:\Users\Angad\Desktop\StemFellowship\data\raw\fitzpatrick\Categorized_AbbrvName\po_127\po_f4_54_9b54e9d0.jpg,4,medium_FST3_4,0,0,0.001251992187462747
ma-me_f1_90_4644f52d.jpg,C:\Users\Angad\Desktop\StemFellowship\data\raw\fitzpatrick\Categorized_AbbrvName\ma-me_111\ma-me_f1_90_4644f52d.jpg,1,light_FST1_2,1,0,0.21661996841430664
li-pl_f5_194_2ed32135.jpg,C:\Users\Angad\Desktop\StemFellowship\data\raw\fitzpatrick\Categorized_AbbrvName\li-pl_491\li-pl_f5_194_2ed32135.jpg,5,dark_FST5_6,0,0,0.022962462157011032
ac-vu_f2_39_1ee1dbcc.jpg,C:\Users\Angad\Desktop\StemFellowship\data\raw\fitzpatrick\Categorized_AbbrvName\ac-vu_335\ac-vu_f2_39_1ee1dbcc.jpg,2,light_FST1_2,0,0,0.00016643870912957937
mu_f1_15_90758162.jpg,C:\Users\Angad\Desktop\StemFellowship\data\raw\fitzpatrick\Categorized_AbbrvName\mu_92\mu_f1_15_90758162.jpg,1,light_FST1_2,0,0,0.05576791614294052
dy-ec_f2_5_a0107ef5.jpg,C:\Users\Angad\Desktop\StemFellowship\data\raw\fitzpatrick\Categorized_AbbrvName\dy-ec_83\dy-ec_f2_5_a0107ef5.jpg,2,light_FST1_2,0,0,0.01491637248545885
sy_f3_101_20f7ea1d.jpg,C:\Users\Angad\Desktop\StemFellowship\data\raw\fitzpatrick\Categorized_AbbrvName\sy_127\sy_f3_101_20f7ea1d.jpg,3,medium_FST3_4,0,0,0.0041401623748242855
ba-ce-ca_f3_280_68cd6c24.jpg,C:\Users\Angad\Desktop\StemFellowship\data\raw\fitzpatrick\Categorized_AbbrvName\ba-ce-ca_468\ba-ce-ca_f3_280_68cd6c24.jpg,3,medium_FST3_4,1,1,0.9987724423408508
ne-ex_f4_69_c5d96b5c.jpg,C:\Users\Angad\Desktop\StemFellowship\data\raw\fitzpatrick\Categorized_AbbrvName\ne-ex_73\ne-ex_f4_69_c5d96b5c.jpg,4,medium_FST3_4,0,0,0.0006815938395448029
fo_f2_228_603c4091.jpg,C:\Users\Angad\Desktop\StemFellowship\data\raw\fitzpatrick\Categorized_AbbrvName\fo_342\fo_f2_228_603c4091.jpg,2,light_FST1_2,0,0,0.3601509630680084
ju-xa_f3_15_67987d30.jpg,C:\Users\Angad\Desktop\StemFellowship\data\raw\fitzpatrick\Categorized_AbbrvName\ju-xa_149\ju-xa_f3_15_67987d30.jpg,3,medium_FST3_4,0,0,0.0024188212119042873
te_f2_74_18ada6cd.jpg,C:\Users\Angad\Desktop\StemFellowship\data\raw\fitzpatrick\Categorized_AbbrvName\te_126\te_f2_74_18ada6cd.jpg,2,light_FST1_2,0,0,0.009697663597762585
st-jo-sy_f1_81_dec1aaa9.jpg,C:\Users\Angad\Desktop\StemFellowship\data\raw\fitzpatrick\Categorized_AbbrvName\st-jo-sy_113\st-jo-sy_f1_81_dec1aaa9.jpg,1,light_FST1_2,0,0,0.30403390526771545
ph_f3_41_c7f4334a.jpg,C:\Users\Angad\Desktop\StemFellowship\data\raw\fitzpatrick\Categorized_AbbrvName\ph_348\ph_f3_41_c7f4334a.jpg,3,medium_FST3_4,0,0,0.0005969224730506539
st_f2_47_82085785.jpg,C:\Users\Angad\Desktop\StemFellowship\data\raw\fitzpatrick\Categorized_AbbrvName\st_67\st_f2_47_82085785.jpg,2,light_FST1_2,0,0,0.17738719284534454
su-da-sk_f2_33_3ac078fe.jpg,C:\Users\Angad\Desktop\StemFellowship\data\raw\fitzpatrick\Categorized_AbbrvName\su-da-sk_66\su-da-sk_f2_33_3ac078fe.jpg,2,light_FST1_2,0,1,0.7715365886688232
ps_f5_134_b3817950.jpg,C:\Users\Angad\Desktop\StemFellowship\data\raw\fitzpatrick\Categorized_AbbrvName\ps_653\ps_f5_134_b3817950.jpg,5,dark_FST5_6,0,0,0.003373726736754179
li-am_f1_18_e5a047e6.jpg,C:\Users\Angad\Desktop\StemFellowship\data\raw\fitzpatrick\Categorized_AbbrvName\li-am_77\li-am_f1_18_e5a047e6.jpg,1,light_FST1_2,0,0,0.0123131787404418
ur-pi_f1_31_09970715.jpg,C:\Users\Angad\Desktop\StemFellowship\data\raw\fitzpatrick\Categorized_AbbrvName\ur-pi_112\ur-pi_f1_31_09970715.jpg,1,light_FST1_2,0,0,0.00835247989743948
ps_f1_497_f0b7dce3.jpg,C:\Users\Angad\Desktop\StemFellowship\data\raw\fitzpatrick\Categorized_AbbrvName\ps_653\ps_f1_497_f0b7dce3.jpg,1,light_FST1_2,0,0,0.004139784723520279
mu_f1_29_e4ef1289.jpg,C:\Users\Angad\Desktop\StemFellowship\data\raw\fitzpatrick\Categorized_AbbrvName\mu_92\mu_f1_29_e4ef1289.jpg,1,light_FST1_2,0,0,0.07707662880420685
fi-er_f1_89_efcd8e4e.jpg,C:\Users\Angad\Desktop\StemFellowship\data\raw\fitzpatrick\Categorized_AbbrvName\fi-er_125\fi-er_f1_89_efcd8e4e.jpg,1,light_FST1_2,0,0,0.4453270733356476
co-ne_f1_37_3f226185.jpg,C:\Users\Angad\Desktop\StemFellowship\data\raw\fitzpatrick\Categorized_AbbrvName\co-ne_68\co-ne_f1_37_3f226185.jpg,1,light_FST1_2,0,0,0.046158984303474426
co-ne_f1_9_886e41a0.jpg,C:\Users\Angad\Desktop\StemFellowship\data\raw\fitzpatrick\Categorized_AbbrvName\co-ne_68\co-ne_f1_9_886e41a0.jpg,1,light_FST1_2,0,0,0.49533557891845703
ur_f4_131_0e1de076.jpg,C:\Users\Angad\Desktop\StemFellowship\data\raw\fitzpatrick\Categorized_AbbrvName\ur_151\ur_f4_131_0e1de076.jpg,4,medium_FST3_4,0,0,2.9593336876132526e-05
ba-ce-ca_f2_38_13135f44.jpg,C:\Users\Angad\Desktop\StemFellowship\data\raw\fitzpatrick\Categorized_AbbrvName\ba-ce-ca_468\ba-ce-ca_f2_38_13135f44.jpg,2,light_FST1_2,1,0,0.007670816965401173
vi_f3_113_ea3cab53.jpg,C:\Users\Angad\Desktop\StemFellowship\data\raw\fitzpatrick\Categorized_AbbrvName\vi_166\vi_f3_113_ea3cab53.jpg,3,medium_FST3_4,0,0,0.033765312284231186
sq-ce-ca_f4_494_fe0d0f2a.jpg,C:\Users\Angad\Desktop\StemFellowship\data\raw\fitzpatrick\Categorized_AbbrvName\sq-ce-ca_581\sq-ce-ca_f4_494_fe0d0f2a.jpg,4,medium_FST3_4,1,1,0.9988763928413391
ac-ni_f4_75_30abc31a.jpg,C:\Users\Angad\Desktop\StemFellowship\data\raw\fitzpatrick\Categorized_AbbrvName\ac-ni_92\ac-ni_f4_75_30abc31a.jpg,4,medium_FST3_4,0,0,0.0024769504088908434
sa_f2_120_7d9a72c8.jpg,C:\Users\Angad\Desktop\StemFellowship\data\raw\fitzpatrick\Categorized_AbbrvName\sa_349\sa_f2_120_7d9a72c8.jpg,2,light_FST1_2,0,0,0.05130239576101303
ka-sa_f2_4_fb41d70e.jpg,C:\Users\Angad\Desktop\StemFellowship\data\raw\fitzpatrick\Categorized_AbbrvName\ka-sa_156\ka-sa_f2_4_fb41d70e.jpg,2,light_FST1_2,1,0,0.11847978830337524
rh_f3_51_03e01dec.jpg,C:\Users\Angad\Desktop\StemFellowship\data\raw\fitzpatrick\Categorized_AbbrvName\rh_91\rh_f3_51_03e01dec.jpg,3,medium_FST3_4,0,0,0.0632324144244194
li-pl_f2_179_527e7b17.jpg,C:\Users\Angad\Desktop\StemFellowship\data\raw\fitzpatrick\Categorized_AbbrvName\li-pl_491\li-pl_f2_179_527e7b17.jpg,2,light_FST1_2,0,0,1.2667505870922469e-05
dr-er_f3_91_f2103a07.jpg,C:\Users\Angad\Desktop\StemFellowship\data\raw\fitzpatrick\Categorized_AbbrvName\dr-er_200\dr-er_f3_91_f2103a07.jpg,3,medium_FST3_4,0,0,0.00034524017246440053
er-no_f1_34_c8efdafa.jpg,C:\Users\Angad\Desktop\StemFellowship\data\raw\fitzpatrick\Categorized_AbbrvName\er-no_81\er-no_f1_34_c8efdafa.jpg,1,light_FST1_2,0,0,0.03368347883224487
ur_f1_69_fcb0ed3a.jpg,C:\Users\Angad\Desktop\StemFellowship\data\raw\fitzpatrick\Categorized_AbbrvName\ur_151\ur_f1_69_fcb0ed3a.jpg,1,light_FST1_2,0,0,0.02635175548493862
pa_f2_30_aba84409.jpg,C:\Users\Angad\Desktop\StemFellowship\data\raw\fitzpatrick\Categorized_AbbrvName\pa_59\pa_f2_30_aba84409.jpg,2,light_FST1_2,0,0,0.062301479279994965
na-co_f4_6_0eb1fedf.jpg,C:\Users\Angad\Desktop\StemFellowship\data\raw\fitzpatrick\Categorized_AbbrvName\na-co_73\na-co_f4_6_0eb1fedf.jpg,4,medium_FST3_4,0,0,5.421419700724073e-05
lu-su_f2_61_09038339.jpg,C:\Users\Angad\Desktop\StemFellowship\data\raw\fitzpatrick\Categorized_AbbrvName\lu-su_111\lu-su_f2_61_09038339.jpg,2,light_FST1_2,0,0,0.056325238198041916
pa_f2_12_10111927.jpg,C:\Users\Angad\Desktop\StemFellowship\data\raw\fitzpatrick\Categorized_AbbrvName\pa_59\pa_f2_12_10111927.jpg,2,light_FST1_2,0,0,0.03247225284576416
er-an-ce_f5_65_1d29d78b.jpg,C:\Users\Angad\Desktop\StemFellowship\data\raw\fitzpatrick\Categorized_AbbrvName\er-an-ce_88\er-an-ce_f5_65_1d29d78b.jpg,5,dark_FST5_6,0,0,5.743533620261587e-05
sa_f1_246_607cd59c.jpg,C:\Users\Angad\Desktop\StemFellowship\data\raw\fitzpatrick\Categorized_AbbrvName\sa_349\sa_f1_246_607cd59c.jpg,1,light_FST1_2,0,0,0.0331515297293663
mi_f2_7_09c8bec9.jpg,C:\Users\Angad\Desktop\StemFellowship\data\raw\fitzpatrick\Categorized_AbbrvName\mi_112\mi_f2_7_09c8bec9.jpg,2,light_FST1_2,0,0,0.0013810949167236686
me_f5_159_7041e0d8.jpg,C:\Users\Angad\Desktop\StemFellowship\data\raw\fitzpatrick\Categorized_AbbrvName\me_261\me_f5_159_7041e0d8.jpg,5,dark_FST5_6,1,1,0.8603788018226624
li-pl_f5_437_64d88a9a.jpg,C:\Users\Angad\Desktop\StemFellowship\data\raw\fitzpatrick\Categorized_AbbrvName\li-pl_491\li-pl_f5_437_64d88a9a.jpg,5,dark_FST5_6,0,0,0.00033988727955147624
ur_f4_20_d8d15a8b.jpg,C:\Users\Angad\Desktop\StemFellowship\data\raw\fitzpatrick\Categorized_AbbrvName\ur_151\ur_f4_20_d8d15a8b.jpg,4,medium_FST3_4,0,0,0.0009703614632599056
er-el-di_f4_9_4ec65f3a.jpg,C:\Users\Angad\Desktop\StemFellowship\data\raw\fitzpatrick\Categorized_AbbrvName\er-el-di_55\er-el-di_f4_9_4ec65f3a.jpg,4,medium_FST3_4,0,0,0.06959836930036545
po-ac_f1_27_c6d22f32.jpg,C:\Users\Angad\Desktop\StemFellowship\data\raw\fitzpatrick\Categorized_AbbrvName\po-ac_183\po-ac_f1_27_c6d22f32.jpg,1,light_FST1_2,0,1,0.9975144863128662
pi-ro_f4_173_33c1292c.jpg,C:\Users\Angad\Desktop\StemFellowship\data\raw\fitzpatrick\Categorized_AbbrvName\pi-ro_193\pi-ro_f4_173_33c1292c.jpg,4,medium_FST3_4,0,0,0.0016430574469268322
li-re_f3_1_4d5d67de.jpg,C:\Users\Angad\Desktop\StemFellowship\data\raw\fitzpatrick\Categorized_AbbrvName\li-re_60\li-re_f3_1_4d5d67de.jpg,3,medium_FST3_4,0,0,0.029444919899106026
le-ma_f2_15_abecb063.jpg,C:\Users\Angad\Desktop\StemFellowship\data\raw\fitzpatrick\Categorized_AbbrvName\le-ma_83\le-ma_f2_15_abecb063.jpg,2,light_FST1_2,1,1,0.9998575448989868
ac-au-bu-di-ge_f2_14_a57df0fb.jpg,C:\Users\Angad\Desktop\StemFellowship\data\raw\fitzpatrick\Categorized_AbbrvName\ac-au-bu-di-ge_67\ac-au-bu-di-ge_f2_14_a57df0fb.jpg,2,light_FST1_2,0,0,0.0039061419665813446
na-co_f1_1_8371f31b.jpg,C:\Users\Angad\Desktop\StemFellowship\data\raw\fitzpatrick\Categorized_AbbrvName\na-co_73\na-co_f1_1_8371f31b.jpg,1,light_FST1_2,0,0,0.0025735385715961456
pr-no_f4_31_8d47665d.jpg,C:\Users\Angad\Desktop\StemFellowship\data\raw\fitzpatrick\Categorized_AbbrvName\pr-no_170\pr-no_f4_31_8d47665d.jpg,4,medium_FST3_4,0,0,0.030441027134656906
sq-ce-ca_f3_317_3865048c.jpg,C:\Users\Angad\Desktop\StemFellowship\data\raw\fitzpatrick\Categorized_AbbrvName\sq-ce-ca_581\sq-ce-ca_f3_317_3865048c.jpg,3,medium_FST3_4,1,0,0.030981147661805153
dr-in-pi-ch_f4_32_2a9105cb.jpg,C:\Users\Angad\Desktop\StemFellowship\data\raw\fitzpatrick\Categorized_AbbrvName\dr-in-pi-ch_71\dr-in-pi-ch_f4_32_2a9105cb.jpg,4,medium_FST3_4,0,1,0.8385525345802307
eh-da-sy_f4_125_febd7138.jpg,C:\Users\Angad\Desktop\StemFellowship\data\raw\fitzpatrick\Categorized_AbbrvName\eh-da-sy_127\eh-da-sy_f4_125_febd7138.jpg,4,medium_FST3_4,0,0,0.0016811746172606945
pr-no_f2_6_1579faa0.jpg,C:\Users\Angad\Desktop\StemFellowship\data\raw\fitzpatrick\Categorized_AbbrvName\pr-no_170\pr-no_f2_6_1579faa0.jpg,2,light_FST1_2,0,0,0.0011034117778763175
ps_f1_127_e769e89a.jpg,C:\Users\Angad\Desktop\StemFellowship\data\raw\fitzpatrick\Categorized_AbbrvName\ps_653\ps_f1_127_e769e89a.jpg,1,light_FST1_2,0,0,0.013577696867287159
me_f2_211_ecd97fd3.jpg,C:\Users\Angad\Desktop\StemFellowship\data\raw\fitzpatrick\Categorized_AbbrvName\me_261\me_f2_211_ecd97fd3.jpg,2,light_FST1_2,1,1,0.9997625946998596
ba-ce-ca_f2_169_137e4409.jpg,C:\Users\Angad\Desktop\StemFellowship\data\raw\fitzpatrick\Categorized_AbbrvName\ba-ce-ca_468\ba-ce-ca_f2_169_137e4409.jpg,2,light_FST1_2,1,1,0.5419106483459473
se-de_f2_36_33d3676d.jpg,C:\Users\Angad\Desktop\StemFellowship\data\raw\fitzpatrick\Categorized_AbbrvName\se-de_126\se-de_f2_36_33d3676d.jpg,2,light_FST1_2,0,0,0.010204809717833996
da-di_f4_14_f3d7104e.jpg,C:\Users\Angad\Desktop\StemFellowship\data\raw\fitzpatrick\Categorized_AbbrvName\da-di_153\da-di_f4_14_f3d7104e.jpg,4,medium_FST3_4,0,0,0.0007219434482976794
gr-py_f3_13_c447c881.jpg,C:\Users\Angad\Desktop\StemFellowship\data\raw\fitzpatrick\Categorized_AbbrvName\gr-py_75\gr-py_f3_13_c447c881.jpg,3,medium_FST3_4,0,1,0.5701740980148315
ec_f5_203_5b63fb8b.jpg,C:\Users\Angad\Desktop\StemFellowship\data\raw\fitzpatrick\Categorized_AbbrvName\ec_204\ec_f5_203_5b63fb8b.jpg,5,dark_FST5_6,0,0,0.025079946964979172
er-mu_f2_29_e9d155da.jpg,C:\Users\Angad\Desktop\StemFellowship\data\raw\fitzpatrick\Categorized_AbbrvName\er-mu_236\er-mu_f2_29_e9d155da.jpg,2,light_FST1_2,0,0,0.042437613010406494
lu-er_f1_291_62d97b55.jpg,C:\Users\Angad\Desktop\StemFellowship\data\raw\fitzpatrick\Categorized_AbbrvName\lu-er_410\lu-er_f1_291_62d97b55.jpg,1,light_FST1_2,0,0,0.07113098353147507
sa_f3_173_a630f346.jpg,C:\Users\Angad\Desktop\StemFellowship\data\raw\fitzpatrick\Categorized_AbbrvName\sa_349\sa_f3_173_a630f346.jpg,3,medium_FST3_4,0,0,0.00015529508527833968
sa_f4_239_dfff78bb.jpg,C:\Users\Angad\Desktop\StemFellowship\data\raw\fitzpatrick\Categorized_AbbrvName\sa_349\sa_f4_239_dfff78bb.jpg,4,medium_FST3_4,0,0,0.15365181863307953
me_f2_52_8acc8d28.jpg,C:\Users\Angad\Desktop\StemFellowship\data\raw\fitzpatrick\Categorized_AbbrvName\me_261\me_f2_52_8acc8d28.jpg,2,light_FST1_2,1,0,0.14971499145030975
lu-er_f3_255_b2f3902a.jpg,C:\Users\Angad\Desktop\StemFellowship\data\raw\fitzpatrick\Categorized_AbbrvName\lu-er_410\lu-er_f3_255_b2f3902a.jpg,3,medium_FST3_4,0,0,0.0001812007831176743
me_f1_16_c12375fa.jpg,C:\Users\Angad\Desktop\StemFellowship\data\raw\fitzpatrick\Categorized_AbbrvName\me_261\me_f1_16_c12375fa.jpg,1,light_FST1_2,1,0,0.0020885446574538946
na-co_f4_5_ad297361.jpg,C:\Users\Angad\Desktop\StemFellowship\data\raw\fitzpatrick\Categorized_AbbrvName\na-co_73\na-co_f4_5_ad297361.jpg,4,medium_FST3_4,0,0,0.00046696580830030143
er-no_f4_77_940daf07.jpg,C:\Users\Angad\Desktop\StemFellowship\data\raw\fitzpatrick\Categorized_AbbrvName\er-no_81\er-no_f4_77_940daf07.jpg,4,medium_FST3_4,0,0,0.00044685471220873296
pi-ro_f3_154_aba1cb1a.jpg,C:\Users\Angad\Desktop\StemFellowship\data\raw\fitzpatrick\Categorized_AbbrvName\pi-ro_193\pi-ro_f3_154_aba1cb1a.jpg,3,medium_FST3_4,0,0,0.10447824001312256
ac-vu_f3_150_a27390d7.jpg,C:\Users\Angad\Desktop\StemFellowship\data\raw\fitzpatrick\Categorized_AbbrvName\ac-vu_335\ac-vu_f3_150_a27390d7.jpg,3,medium_FST3_4,0,0,6.375771772582084e-05
ac-ke_f2_97_9b710ed7.jpg,C:\Users\Angad\Desktop\StemFellowship\data\raw\fitzpatrick\Categorized_AbbrvName\ac-ke_175\ac-ke_f2_97_9b710ed7.jpg,2,light_FST1_2,1,0,0.012535844929516315
dr-in-pi-ch_f4_52_f48fdfe2.jpg,C:\Users\Angad\Desktop\StemFellowship\data\raw\fitzpatrick\Categorized_AbbrvName\dr-in-pi-ch_71\dr-in-pi-ch_f4_52_f48fdfe2.jpg,4,medium_FST3_4,0,0,0.00024442755966447294
li-am_f2_36_ad9d4341.jpg,C:\Users\Angad\Desktop\StemFellowship\data\raw\fitzpatrick\Categorized_AbbrvName\li-am_77\li-am_f2_36_ad9d4341.jpg,2,light_FST1_2,0,0,0.04251309111714363
pi-li-ch_f4_32_7247b87e.jpg,C:\Users\Angad\Desktop\StemFellowship\data\raw\fitzpatrick\Categorized_AbbrvName\pi-li-ch_73\pi-li-ch_f4_32_7247b87e.jpg,4,medium_FST3_4,0,0,0.004257676657289267
tu-sc_f3_31_5b30db09.jpg,C:\Users\Angad\Desktop\StemFellowship\data\raw\fitzpatrick\Categorized_AbbrvName\tu-sc_141\tu-sc_f3_31_5b30db09.jpg,3,medium_FST3_4,0,0,0.2359316647052765
ac-ke_f2_144_6d8103fe.jpg,C:\Users\Angad\Desktop\StemFellowship\data\raw\fitzpatrick\Categorized_AbbrvName\ac-ke_175\ac-ke_f2_144_6d8103fe.jpg,2,light_FST1_2,1,1,0.9908897280693054
li-pl_f2_42_15dcadb8.jpg,C:\Users\Angad\Desktop\StemFellowship\data\raw\fitzpatrick\Categorized_AbbrvName\li-pl_491\li-pl_f2_42_15dcadb8.jpg,2,light_FST1_2,0,0,0.04742979630827904
ba-ce-ca_f1_32_8762fce8.jpg,C:\Users\Angad\Desktop\StemFellowship\data\raw\fitzpatrick\Categorized_AbbrvName\ba-ce-ca_468\ba-ce-ca_f1_32_8762fce8.jpg,1,light_FST1_2,1,1,0.9245786666870117
al-co-de_f1_281_5aea66be.jpg,C:\Users\Angad\Desktop\StemFellowship\data\raw\fitzpatrick\Categorized_AbbrvName\al-co-de_430\al-co-de_f1_281_5aea66be.jpg,1,light_FST1_2,0,0,0.0031150970607995987
ne-in_f4_111_221bd884.jpg,C:\Users\Angad\Desktop\StemFellowship\data\raw\fitzpatrick\Categorized_AbbrvName\ne-in_260\ne-in_f4_111_221bd884.jpg,4,medium_FST3_4,0,0,0.004575625527650118
ba-ce-ca_f3_331_ee55ddd3.jpg,C:\Users\Angad\Desktop\StemFellowship\data\raw\fitzpatrick\Categorized_AbbrvName\ba-ce-ca_468\ba-ce-ca_f3_331_ee55ddd3.jpg,3,medium_FST3_4,1,1,0.9650561809539795
pi-li-ch_f2_63_0dcc2e03.jpg,C:\Users\Angad\Desktop\StemFellowship\data\raw\fitzpatrick\Categorized_AbbrvName\pi-li-ch_73\pi-li-ch_f2_63_0dcc2e03.jpg,2,light_FST1_2,0,0,0.005954308435320854
pi-ru-pi_f2_51_83d4cbbe.jpg,C:\Users\Angad\Desktop\StemFellowship\data\raw\fitzpatrick\Categorized_AbbrvName\pi-ru-pi_278\pi-ru-pi_f2_51_83d4cbbe.jpg,2,light_FST1_2,0,0,0.03255871310830116
ec_f1_4_e4b2d2e8.jpg,C:\Users\Angad\Desktop\StemFellowship\data\raw\fitzpatrick\Categorized_AbbrvName\ec_204\ec_f1_4_e4b2d2e8.jpg,1,light_FST1_2,0,0,0.010407847352325916
sa_f2_319_74348b30.jpg,C:\Users\Angad\Desktop\StemFellowship\data\raw\fitzpatrick\Categorized_AbbrvName\sa_349\sa_f2_319_74348b30.jpg,2,light_FST1_2,0,0,0.00024269333516713232
in-pi_f4_101_f785ce91.jpg,C:\Users\Angad\Desktop\StemFellowship\data\raw\fitzpatrick\Categorized_AbbrvName\in-pi_102\in-pi_f4_101_f785ce91.jpg,4,medium_FST3_4,0,0,0.0021417029201984406
sq-ce-ca_f1_19_a49abcfa.jpg,C:\Users\Angad\Desktop\StemFellowship\data\raw\fitzpatrick\Categorized_AbbrvName\sq-ce-ca_581\sq-ce-ca_f1_19_a49abcfa.jpg,1,light_FST1_2,1,0,0.027957702055573463
pi_f2_48_5d397d83.jpg,C:\Users\Angad\Desktop\StemFellowship\data\raw\fitzpatrick\Categorized_AbbrvName\pi_53\pi_f2_48_5d397d83.jpg,2,light_FST1_2,0,0,0.1809670776128769
st-jo-sy_f4_100_eac455b3.jpg,C:\Users\Angad\Desktop\StemFellowship\data\raw\fitzpatrick\Categorized_AbbrvName\st-jo-sy_113\st-jo-sy_f4_100_eac455b3.jpg,4,medium_FST3_4,0,0,4.8178666474996135e-05
ti-bi_f1_42_6c81cf6f.jpg,C:\Users\Angad\Desktop\StemFellowship\data\raw\fitzpatrick\Categorized_AbbrvName\ti-bi_73\ti-bi_f1_42_6c81cf6f.jpg,1,light_FST1_2,0,0,0.010806117206811905
ne-de_f6_259_bebb3f7a.jpg,C:\Users\Angad\Desktop\StemFellowship\data\raw\fitzpatrick\Categorized_AbbrvName\ne-de_361\ne-de_f6_259_bebb3f7a.jpg,6,dark_FST5_6,0,0,0.012378262355923653
er-mu_f1_148_96e84d9e.jpg,C:\Users\Angad\Desktop\StemFellowship\data\raw\fitzpatrick\Categorized_AbbrvName\er-mu_236\er-mu_f1_148_96e84d9e.jpg,1,light_FST1_2,0,0,0.002032889984548092
ph_f2_32_d73e2304.jpg,C:\Users\Angad\Desktop\StemFellowship\data\raw\fitzpatrick\Categorized_AbbrvName\ph_348\ph_f2_32_d73e2304.jpg,2,light_FST1_2,0,0,0.3959435522556305
ke-pi_f3_68_c02f6f91.jpg,C:\Users\Angad\Desktop\StemFellowship\data\raw\fitzpatrick\Categorized_AbbrvName\ke-pi_78\ke-pi_f3_68_c02f6f91.jpg,3,medium_FST3_4,0,0,0.0710868313908577
ph_f1_106_5a857fe5.jpg,C:\Users\Angad\Desktop\StemFellowship\data\raw\fitzpatrick\Categorized_AbbrvName\ph_348\ph_f1_106_5a857fe5.jpg,1,light_FST1_2,0,0,0.00044066025293432176
dr-er_f4_65_3052864c.jpg,C:\Users\Angad\Desktop\StemFellowship\data\raw\fitzpatrick\Categorized_AbbrvName\dr-er_200\dr-er_f4_65_3052864c.jpg,4,medium_FST3_4,0,0,0.016536332666873932
ke_f4_23_6c5c632c.jpg,C:\Users\Angad\Desktop\StemFellowship\data\raw\fitzpatrick\Categorized_AbbrvName\ke_156\ke_f4_23_6c5c632c.jpg,4,medium_FST3_4,0,0,0.23139946162700653
sa_f1_114_5a4d3c91.jpg,C:\Users\Angad\Desktop\StemFellowship\data\raw\fitzpatrick\Categorized_AbbrvName\sa_349\sa_f1_114_5a4d3c91.jpg,1,light_FST1_2,0,0,0.01602337136864662
my-fu_f1_37_d3115c9e.jpg,C:\Users\Angad\Desktop\StemFellowship\data\raw\fitzpatrick\Categorized_AbbrvName\my-fu_182\my-fu_f1_37_d3115c9e.jpg,1,light_FST1_2,1,0,0.0013262552674859762
xe-pi_f3_3_d23c21f2.jpg,C:\Users\Angad\Desktop\StemFellowship\data\raw\fitzpatrick\Categorized_AbbrvName\xe-pi_81\xe-pi_f3_3_d23c21f2.jpg,3,medium_FST3_4,0,0,0.0007570959278382361
dr-in-pi-ch_f3_6_c8153835.jpg,C:\Users\Angad\Desktop\StemFellowship\data\raw\fitzpatrick\Categorized_AbbrvName\dr-in-pi-ch_71\dr-in-pi-ch_f3_6_c8153835.jpg,3,medium_FST3_4,0,1,0.999213695526123
ly-di_f2_18_d85bab15.jpg,C:\Users\Angad\Desktop\StemFellowship\data\raw\fitzpatrick\Categorized_AbbrvName\ly-di_129\ly-di_f2_18_d85bab15.jpg,2,light_FST1_2,0,0,0.001235348405316472
ne-ne_f2_66_e5ca79ad.jpg,C:\Users\Angad\Desktop\StemFellowship\data\raw\fitzpatrick\Categorized_AbbrvName\ne-ne_86\ne-ne_f2_66_e5ca79ad.jpg,2,light_FST1_2,0,1,0.8883854746818542
sa_f2_97_2e0948c4.jpg,C:\Users\Angad\Desktop\StemFellowship\data\raw\fitzpatrick\Categorized_AbbrvName\sa_349\sa_f2_97_2e0948c4.jpg,2,light_FST1_2,0,0,0.005394777283072472
co-ne_f3_63_c2ad4097.jpg,C:\Users\Angad\Desktop\StemFellowship\data\raw\fitzpatrick\Categorized_AbbrvName\co-ne_68\co-ne_f3_63_c2ad4097.jpg,3,medium_FST3_4,0,1,0.5015414357185364
al-co-de_f2_169_4db02ddb.jpg,C:\Users\Angad\Desktop\StemFellowship\data\raw\fitzpatrick\Categorized_AbbrvName\al-co-de_430\al-co-de_f2_169_4db02ddb.jpg,2,light_FST1_2,0,0,0.09735846519470215
in-pi_f2_85_7d9dfa6e.jpg,C:\Users\Angad\Desktop\StemFellowship\data\raw\fitzpatrick\Categorized_AbbrvName\in-pi_102\in-pi_f2_85_7d9dfa6e.jpg,2,light_FST1_2,0,0,0.040582168847322464
er-mu_f5_63_760b3c1c.jpg,C:\Users\Angad\Desktop\StemFellowship\data\raw\fitzpatrick\Categorized_AbbrvName\er-mu_236\er-mu_f5_63_760b3c1c.jpg,5,dark_FST5_6,0,0,0.03581380844116211
se-ke_f1_1_a2abd32b.jpg,C:\Users\Angad\Desktop\StemFellowship\data\raw\fitzpatrick\Categorized_AbbrvName\se-ke_69\se-ke_f1_1_a2abd32b.jpg,1,light_FST1_2,0,0,0.07927604764699936
ac-ke_f2_125_3120a03a.jpg,C:\Users\Angad\Desktop\StemFellowship\data\raw\fitzpatrick\Categorized_AbbrvName\ac-ke_175\ac-ke_f2_125_3120a03a.jpg,2,light_FST1_2,1,1,0.8620433807373047
tu-sc_f4_22_a0dee054.jpg,C:\Users\Angad\Desktop\StemFellowship\data\raw\fitzpatrick\Categorized_AbbrvName\tu-sc_141\tu-sc_f4_22_a0dee054.jpg,4,medium_FST3_4,0,0,0.0018429820192977786
ne-in_f3_108_7b2f8fbb.jpg,C:\Users\Angad\Desktop\StemFellowship\data\raw\fitzpatrick\Categorized_AbbrvName\ne-in_260\ne-in_f3_108_7b2f8fbb.jpg,3,medium_FST3_4,0,0,0.000507100485265255
pa_f1_50_fb940bdf.jpg,C:\Users\Angad\Desktop\StemFellowship\data\raw\fitzpatrick\Categorized_AbbrvName\pa_59\pa_f1_50_fb940bdf.jpg,1,light_FST1_2,0,0,0.06530245393514633
ne-in_f2_204_a34fb93d.jpg,C:\Users\Angad\Desktop\StemFellowship\data\raw\fitzpatrick\Categorized_AbbrvName\ne-in_260\ne-in_f2_204_a34fb93d.jpg,2,light_FST1_2,0,0,0.00015397735114675015
ac-vu_f1_183_cdf5a7c2.jpg,C:\Users\Angad\Desktop\StemFellowship\data\raw\fitzpatrick\Categorized_AbbrvName\ac-vu_335\ac-vu_f1_183_cdf5a7c2.jpg,1,light_FST1_2,0,0,0.0006261595990508795
rh_f2_69_a7527d6d.jpg,C:\Users\Angad\Desktop\StemFellowship\data\raw\fitzpatrick\Categorized_AbbrvName\rh_91\rh_f2_69_a7527d6d.jpg,2,light_FST1_2,0,0,0.00017070879403036088
sq-ce-ca_f2_430_44db8ec0.jpg,C:\Users\Angad\Desktop\StemFellowship\data\raw\fitzpatrick\Categorized_AbbrvName\sq-ce-ca_581\sq-ce-ca_f2_430_44db8ec0.jpg,2,light_FST1_2,1,1,0.9948006868362427
ne-ex_f4_59_854a56f4.jpg,C:\Users\Angad\Desktop\StemFellowship\data\raw\fitzpatrick\Categorized_AbbrvName\ne-ex_73\ne-ex_f4_59_854a56f4.jpg,4,medium_FST3_4,0,0,0.005081282928586006
xe-pi_f2_28_9e6c5826.jpg,C:\Users\Angad\Desktop\StemFellowship\data\raw\fitzpatrick\Categorized_AbbrvName\xe-pi_81\xe-pi_f2_28_9e6c5826.jpg,2,light_FST1_2,0,0,0.0002888817398343235
ne-li_f5_32_2a4e0ade.jpg,C:\Users\Angad\Desktop\StemFellowship\data\raw\fitzpatrick\Categorized_AbbrvName\ne-li_123\ne-li_f5_32_2a4e0ade.jpg,5,dark_FST5_6,0,0,0.0011965875746682286
su-sp-me-ss_f1_51_ee0ca091.jpg,C:\Users\Angad\Desktop\StemFellowship\data\raw\fitzpatrick\Categorized_AbbrvName\su-sp-me-ss_118\su-sp-me-ss_f1_51_ee0ca091.jpg,1,light_FST1_2,1,0,0.11328659951686859
pr-no_f4_156_bbca2441.jpg,C:\Users\Angad\Desktop\StemFellowship\data\raw\fitzpatrick\Categorized_AbbrvName\pr-no_170\pr-no_f4_156_bbca2441.jpg,4,medium_FST3_4,0,0,0.27275845408439636
ac-au-bu-di-ge_f2_6_3231de20.jpg,C:\Users\Angad\Desktop\StemFellowship\data\raw\fitzpatrick\Categorized_AbbrvName\ac-au-bu-di-ge_67\ac-au-bu-di-ge_f2_6_3231de20.jpg,2,light_FST1_2,0,1,0.8670377135276794
ps_f1_460_cbe88539.jpg,C:\Users\Angad\Desktop\StemFellowship\data\raw\fitzpatrick\Categorized_AbbrvName\ps_653\ps_f1_460_cbe88539.jpg,1,light_FST1_2,0,0,0.0008506138692609966
ph_f3_265_f88868c5.jpg,C:\Users\Angad\Desktop\StemFellowship\data\raw\fitzpatrick\Categorized_AbbrvName\ph_348\ph_f3_265_f88868c5.jpg,3,medium_FST3_4,0,0,0.0008609076030552387
te_f1_28_02c35a23.jpg,C:\Users\Angad\Desktop\StemFellowship\data\raw\fitzpatrick\Categorized_AbbrvName\te_126\te_f1_28_02c35a23.jpg,1,light_FST1_2,0,0,0.017159368842840195
po-ac_f4_178_104f0948.jpg,C:\Users\Angad\Desktop\StemFellowship\data\raw\fitzpatrick\Categorized_AbbrvName\po-ac_183\po-ac_f4_178_104f0948.jpg,4,medium_FST3_4,0,1,0.6977913975715637
li-pl_f2_196_83f1bbf8.jpg,C:\Users\Angad\Desktop\StemFellowship\data\raw\fitzpatrick\Categorized_AbbrvName\li-pl_491\li-pl_f2_196_83f1bbf8.jpg,2,light_FST1_2,0,0,0.0013456682208925486
ka-sa_f6_8_4f56807f.jpg,C:\Users\Angad\Desktop\StemFellowship\data\raw\fitzpatrick\Categorized_AbbrvName\ka-sa_156\ka-sa_f6_8_4f56807f.jpg,6,dark_FST5_6,1,0,0.003641505027189851
sa_f5_168_ea844fcd.jpg,C:\Users\Angad\Desktop\StemFellowship\data\raw\fitzpatrick\Categorized_AbbrvName\sa_349\sa_f5_168_ea844fcd.jpg,5,dark_FST5_6,0,0,0.001205573556944728
my-fu_f3_125_8d4f1262.jpg,C:\Users\Angad\Desktop\StemFellowship\data\raw\fitzpatrick\Categorized_AbbrvName\my-fu_182\my-fu_f3_125_8d4f1262.jpg,3,medium_FST3_4,1,0,0.03310447186231613
ac-vu_f4_311_1a95a095.jpg,C:\Users\Angad\Desktop\StemFellowship\data\raw\fitzpatrick\Categorized_AbbrvName\ac-vu_335\ac-vu_f4_311_1a95a095.jpg,4,medium_FST3_4,0,0,0.02368996851146221
rh_f2_55_dc58f68a.jpg,C:\Users\Angad\Desktop\StemFellowship\data\raw\fitzpatrick\Categorized_AbbrvName\rh_91\rh_f2_55_dc58f68a.jpg,2,light_FST1_2,0,0,8.19048800622113e-05
st_f2_23_849ae625.jpg,C:\Users\Angad\Desktop\StemFellowship\data\raw\fitzpatrick\Categorized_AbbrvName\st_67\st_f2_23_849ae625.jpg,2,light_FST1_2,0,0,0.0013004352804273367
ps_f5_555_e672dac0.jpg,C:\Users\Angad\Desktop\StemFellowship\data\raw\fitzpatrick\Categorized_AbbrvName\ps_653\ps_f5_555_e672dac0.jpg,5,dark_FST5_6,0,0,0.0025565228424966335
ba-ce-ca_f1_69_6e923b13.jpg,C:\Users\Angad\Desktop\StemFellowship\data\raw\fitzpatrick\Categorized_AbbrvName\ba-ce-ca_468\ba-ce-ca_f1_69_6e923b13.jpg,1,light_FST1_2,1,1,0.7827997207641602
li-re_f1_18_09f1ad93.jpg,C:\Users\Angad\Desktop\StemFellowship\data\raw\fitzpatrick\Categorized_AbbrvName\li-re_60\li-re_f1_18_09f1ad93.jpg,1,light_FST1_2,0,0,0.031083853915333748
al-co-de_f4_14_d2aee140.jpg,C:\Users\Angad\Desktop\StemFellowship\data\raw\fitzpatrick\Categorized_AbbrvName\al-co-de_430\al-co-de_f4_14_d2aee140.jpg,4,medium_FST3_4,0,0,0.024518126621842384
ca-cu_f2_33_24aa6644.jpg,C:\Users\Angad\Desktop\StemFellowship\data\raw\fitzpatrick\Categorized_AbbrvName\ca-cu_80\ca-cu_f2_33_24aa6644.jpg,2,light_FST1_2,0,0,0.002146727405488491
mi_f3_15_05db6170.jpg,C:\Users\Angad\Desktop\StemFellowship\data\raw\fitzpatrick\Categorized_AbbrvName\mi_112\mi_f3_15_05db6170.jpg,3,medium_FST3_4,0,0,0.10884162783622742
fi-er_f4_29_3940c79b.jpg,C:\Users\Angad\Desktop\StemFellowship\data\raw\fitzpatrick\Categorized_AbbrvName\fi-er_125\fi-er_f4_29_3940c79b.jpg,4,medium_FST3_4,0,0,0.00883426796644926
my-fu_f5_153_c69b810b.jpg,C:\Users\Angad\Desktop\StemFellowship\data\raw\fitzpatrick\Categorized_AbbrvName\my-fu_182\my-fu_f5_153_c69b810b.jpg,5,dark_FST5_6,1,0,0.11305152624845505
ch_f2_8_69c7eed8.jpg,C:\Users\Angad\Desktop\StemFellowship\data\raw\fitzpatrick\Categorized_AbbrvName\ch_106\ch_f2_8_69c7eed8.jpg,2,light_FST1_2,0,0,0.0037863408215343952
fi-er_f3_40_63281a7a.jpg,C:\Users\Angad\Desktop\StemFellowship\data\raw\fitzpatrick\Categorized_AbbrvName\fi-er_125\fi-er_f3_40_63281a7a.jpg,3,medium_FST3_4,0,0,0.0009424292366020381
fo_f4_56_3ef19b91.jpg,C:\Users\Angad\Desktop\StemFellowship\data\raw\fitzpatrick\Categorized_AbbrvName\fo_342\fo_f4_56_3ef19b91.jpg,4,medium_FST3_4,0,0,0.008254006505012512
gr-an_f5_16_0c669533.jpg,C:\Users\Angad\Desktop\StemFellowship\data\raw\fitzpatrick\Categorized_AbbrvName\gr-an_211\gr-an_f5_16_0c669533.jpg,5,dark_FST5_6,0,0,0.0032396058086305857
al-co-de_f1_153_be67c494.jpg,C:\Users\Angad\Desktop\StemFellowship\data\raw\fitzpatrick\Categorized_AbbrvName\al-co-de_430\al-co-de_f1_153_be67c494.jpg,1,light_FST1_2,0,0,0.02441747859120369
te_f5_87_c6e89b36.jpg,C:\Users\Angad\Desktop\StemFellowship\data\raw\fitzpatrick\Categorized_AbbrvName\te_126\te_f5_87_c6e89b36.jpg,5,dark_FST5_6,0,0,0.00012166677333880216
di-ac-po_f1_22_764643fd.jpg,C:\Users\Angad\Desktop\StemFellowship\data\raw\fitzpatrick\Categorized_AbbrvName\di-ac-po_60\di-ac-po_f1_22_764643fd.jpg,1,light_FST1_2,0,0,0.016896914690732956
ne-de_f2_229_ddec86c2.jpg,C:\Users\Angad\Desktop\StemFellowship\data\raw\fitzpatrick\Categorized_AbbrvName\ne-de_361\ne-de_f2_229_ddec86c2.jpg,2,light_FST1_2,0,0,0.0022409704979509115
dr-er_f1_188_936e6de4.jpg,C:\Users\Angad\Desktop\StemFellowship\data\raw\fitzpatrick\Categorized_AbbrvName\dr-er_200\dr-er_f1_188_936e6de4.jpg,1,light_FST1_2,0,0,0.0012654646998271346
su-da-sk_f3_18_ca60549b.jpg,C:\Users\Angad\Desktop\StemFellowship\data\raw\fitzpatrick\Categorized_AbbrvName\su-da-sk_66\su-da-sk_f3_18_ca60549b.jpg,3,medium_FST3_4,0,0,0.0701538696885109
ju-xa_f1_58_13a401b5.jpg,C:\Users\Angad\Desktop\StemFellowship\data\raw\fitzpatrick\Categorized_AbbrvName\ju-xa_149\ju-xa_f1_58_13a401b5.jpg,1,light_FST1_2,0,1,0.8861221075057983
ju-xa_f1_86_d867eadb.jpg,C:\Users\Angad\Desktop\StemFellowship\data\raw\fitzpatrick\Categorized_AbbrvName\ju-xa_149\ju-xa_f1_86_d867eadb.jpg,1,light_FST1_2,0,0,0.00046147985267452896
ep-bu_f5_15_2fc7bad2.jpg,C:\Users\Angad\Desktop\StemFellowship\data\raw\fitzpatrick\Categorized_AbbrvName\ep-bu_70\ep-bu_f5_15_2fc7bad2.jpg,5,dark_FST5_6,0,0,0.005675286985933781
lu-er_f3_160_38c3ad9c.jpg,C:\Users\Angad\Desktop\StemFellowship\data\raw\fitzpatrick\Categorized_AbbrvName\lu-er_410\lu-er_f3_160_38c3ad9c.jpg,3,medium_FST3_4,0,0,0.24277274310588837
li-pl_f2_233_4707a98a.jpg,C:\Users\Angad\Desktop\StemFellowship\data\raw\fitzpatrick\Categorized_AbbrvName\li-pl_491\li-pl_f2_233_4707a98a.jpg,2,light_FST1_2,0,0,8.913437341107056e-05
ba-ce-ca_f2_57_46cfd1a7.jpg,C:\Users\Angad\Desktop\StemFellowship\data\raw\fitzpatrick\Categorized_AbbrvName\ba-ce-ca_468\ba-ce-ca_f2_57_46cfd1a7.jpg,2,light_FST1_2,1,0,0.00852825678884983
ke_f6_136_442f91c9.jpg,C:\Users\Angad\Desktop\StemFellowship\data\raw\fitzpatrick\Categorized_AbbrvName\ke_156\ke_f6_136_442f91c9.jpg,6,dark_FST5_6,0,0,0.0006201149080879986
ep-bu_f6_53_1d8f3174.jpg,C:\Users\Angad\Desktop\StemFellowship\data\raw\fitzpatrick\Categorized_AbbrvName\ep-bu_70\ep-bu_f6_53_1d8f3174.jpg,6,dark_FST5_6,0,0,0.0010557153727859259
al-co-de_f2_27_d56ed12b.jpg,C:\Users\Angad\Desktop\StemFellowship\data\raw\fitzpatrick\Categorized_AbbrvName\al-co-de_430\al-co-de_f2_27_d56ed12b.jpg,2,light_FST1_2,0,0,0.008031454868614674
dy-ec_f2_71_ff02c1d8.jpg,C:\Users\Angad\Desktop\StemFellowship\data\raw\fitzpatrick\Categorized_AbbrvName\dy-ec_83\dy-ec_f2_71_ff02c1d8.jpg,2,light_FST1_2,0,0,0.0003482631000224501
ha-ha-di_f1_154_9b518b58.jpg,C:\Users\Angad\Desktop\StemFellowship\data\raw\fitzpatrick\Categorized_AbbrvName\ha-ha-di_174\ha-ha-di_f1_154_9b518b58.jpg,1,light_FST1_2,0,0,0.0019955243915319443
ti-bi_f2_65_0b40c010.jpg,C:\Users\Angad\Desktop\StemFellowship\data\raw\fitzpatrick\Categorized_AbbrvName\ti-bi_73\ti-bi_f2_65_0b40c010.jpg,2,light_FST1_2,0,0,8.001258538570255e-05
ps_f4_148_38390744.jpg,C:\Users\Angad\Desktop\StemFellowship\data\raw\fitzpatrick\Categorized_AbbrvName\ps_653\ps_f4_148_38390744.jpg,4,medium_FST3_4,0,0,8.899754902813584e-05
ac-ke_f4_147_ff16b28c.jpg,C:\Users\Angad\Desktop\StemFellowship\data\raw\fitzpatrick\Categorized_AbbrvName\ac-ke_175\ac-ke_f4_147_ff16b28c.jpg,4,medium_FST3_4,1,0,0.00037319885450415313
sa_f5_183_39655253.jpg,C:\Users\Angad\Desktop\StemFellowship\data\raw\fitzpatrick\Categorized_AbbrvName\sa_349\sa_f5_183_39655253.jpg,5,dark_FST5_6,0,0,0.00013140578812453896
ur_f2_120_89e3fe17.jpg,C:\Users\Angad\Desktop\StemFellowship\data\raw\fitzpatrick\Categorized_AbbrvName\ur_151\ur_f2_120_89e3fe17.jpg,2,light_FST1_2,0,0,0.0013807452050969005
ba-ce-ca_f1_211_6eab9709.jpg,C:\Users\Angad\Desktop\StemFellowship\data\raw\fitzpatrick\Categorized_AbbrvName\ba-ce-ca_468\ba-ce-ca_f1_211_6eab9709.jpg,1,light_FST1_2,1,1,0.9988338351249695
ke_f3_149_2426c7f4.jpg,C:\Users\Angad\Desktop\StemFellowship\data\raw\fitzpatrick\Categorized_AbbrvName\ke_156\ke_f3_149_2426c7f4.jpg,3,medium_FST3_4,0,0,0.011611943133175373
la-ce-hi_f1_29_d7da1544.jpg,C:\Users\Angad\Desktop\StemFellowship\data\raw\fitzpatrick\Categorized_AbbrvName\la-ce-hi_60\la-ce-hi_f1_29_d7da1544.jpg,1,light_FST1_2,0,0,0.08519450575113297
ly_f2_29_c1ea1a8f.jpg,C:\Users\Angad\Desktop\StemFellowship\data\raw\fitzpatrick\Categorized_AbbrvName\ly_100\ly_f2_29_c1ea1a8f.jpg,2,light_FST1_2,0,1,0.9989933371543884
sy_f6_66_aee8bcbe.jpg,C:\Users\Angad\Desktop\StemFellowship\data\raw\fitzpatrick\Categorized_AbbrvName\sy_127\sy_f6_66_aee8bcbe.jpg,6,dark_FST5_6,0,0,0.0004077509220223874
fo_f2_334_953e8df2.jpg,C:\Users\Angad\Desktop\StemFellowship\data\raw\fitzpatrick\Categorized_AbbrvName\fo_342\fo_f2_334_953e8df2.jpg,2,light_FST1_2,0,0,0.0004272490041330457
po-ac_f3_115_63fa1657.jpg,C:\Users\Angad\Desktop\StemFellowship\data\raw\fitzpatrick\Categorized_AbbrvName\po-ac_183\po-ac_f3_115_63fa1657.jpg,3,medium_FST3_4,0,0,0.04251246899366379
po_f3_45_1866ede2.jpg,C:\Users\Angad\Desktop\StemFellowship\data\raw\fitzpatrick\Categorized_AbbrvName\po_127\po_f3_45_1866ede2.jpg,3,medium_FST3_4,0,0,0.0475386418402195
mu-cy_f1_3_7a6e02f2.jpg,C:\Users\Angad\Desktop\StemFellowship\data\raw\fitzpatrick\Categorized_AbbrvName\mu-cy_79\mu-cy_f1_3_7a6e02f2.jpg,1,light_FST1_2,0,0,0.005931055173277855
mi_f4_79_8bafe3c0.jpg,C:\Users\Angad\Desktop\StemFellowship\data\raw\fitzpatrick\Categorized_AbbrvName\mi_112\mi_f4_79_8bafe3c0.jpg,4,medium_FST3_4,0,0,0.00010922907677013427
pi-ro_f2_78_9143f8be.jpg,C:\Users\Angad\Desktop\StemFellowship\data\raw\fitzpatrick\Categorized_AbbrvName\pi-ro_193\pi-ro_f2_78_9143f8be.jpg,2,light_FST1_2,0,0,0.013480001129209995
pr-no_f3_137_4abb58ed.jpg,C:\Users\Angad\Desktop\StemFellowship\data\raw\fitzpatrick\Categorized_AbbrvName\pr-no_170\pr-no_f3_137_4abb58ed.jpg,3,medium_FST3_4,0,0,0.2317393571138382
ac-en_f3_18_b9cc3c43.jpg,C:\Users\Angad\Desktop\StemFellowship\data\raw\fitzpatrick\Categorized_AbbrvName\ac-en_92\ac-en_f3_18_b9cc3c43.jpg,3,medium_FST3_4,0,0,0.000707944855093956
rh_f2_18_8e2c335f.jpg,C:\Users\Angad\Desktop\StemFellowship\data\raw\fitzpatrick\Categorized_AbbrvName\rh_91\rh_f2_18_8e2c335f.jpg,2,light_FST1_2,0,0,0.01120906975120306
ic-vu_f2_18_5ff2976f.jpg,C:\Users\Angad\Desktop\StemFellowship\data\raw\fitzpatrick\Categorized_AbbrvName\ic-vu_65\ic-vu_f2_18_5ff2976f.jpg,2,light_FST1_2,0,0,0.00019850514945574105
po-ac_f2_42_8618dfb5.jpg,C:\Users\Angad\Desktop\StemFellowship\data\raw\fitzpatrick\Categorized_AbbrvName\po-ac_183\po-ac_f2_42_8618dfb5.jpg,2,light_FST1_2,0,1,0.7710340023040771
ka-sa_f2_28_8b184798.jpg,C:\Users\Angad\Desktop\StemFellowship\data\raw\fitzpatrick\Categorized_AbbrvName\ka-sa_156\ka-sa_f2_28_8b184798.jpg,2,light_FST1_2,1,1,0.9975113868713379
lu-su_f4_36_8fe27767.jpg,C:\Users\Angad\Desktop\StemFellowship\data\raw\fitzpatrick\Categorized_AbbrvName\lu-su_111\lu-su_f4_36_8fe27767.jpg,4,medium_FST3_4,0,0,0.001434688805602491
be-di_f4_28_94ac3ca4.jpg,C:\Users\Angad\Desktop\StemFellowship\data\raw\fitzpatrick\Categorized_AbbrvName\be-di_63\be-di_f4_28_94ac3ca4.jpg,4,medium_FST3_4,0,0,0.00032417057082057
lu-er_f2_103_843f0a71.jpg,C:\Users\Angad\Desktop\StemFellowship\data\raw\fitzpatrick\Categorized_AbbrvName\lu-er_410\lu-er_f2_103_843f0a71.jpg,2,light_FST1_2,0,0,0.00011331344285281375
pr-no_f4_54_fec1fe14.jpg,C:\Users\Angad\Desktop\StemFellowship\data\raw\fitzpatrick\Categorized_AbbrvName\pr-no_170\pr-no_f4_54_fec1fe14.jpg,4,medium_FST3_4,0,0,0.0004981036181561649
ac-vu_f3_99_bf1d4737.jpg,C:\Users\Angad\Desktop\StemFellowship\data\raw\fitzpatrick\Categorized_AbbrvName\ac-vu_335\ac-vu_f3_99_bf1d4737.jpg,3,medium_FST3_4,0,0,3.837492477032356e-05
gr-py_f5_15_6de447a4.jpg,C:\Users\Angad\Desktop\StemFellowship\data\raw\fitzpatrick\Categorized_AbbrvName\gr-py_75\gr-py_f5_15_6de447a4.jpg,5,dark_FST5_6,0,0,0.003794881049543619
me_f4_251_65f7b7df.jpg,C:\Users\Angad\Desktop\StemFellowship\data\raw\fitzpatrick\Categorized_AbbrvName\me_261\me_f4_251_65f7b7df.jpg,4,medium_FST3_4,1,1,0.9308115839958191
ju-xa_f2_13_22419a95.jpg,C:\Users\Angad\Desktop\StemFellowship\data\raw\fitzpatrick\Categorized_AbbrvName\ju-xa_149\ju-xa_f2_13_22419a95.jpg,2,light_FST1_2,0,0,0.03277602419257164
li-pl_f2_211_2015cf62.jpg,C:\Users\Angad\Desktop\StemFellowship\data\raw\fitzpatrick\Categorized_AbbrvName\li-pl_491\li-pl_f2_211_2015cf62.jpg,2,light_FST1_2,0,0,0.2861727774143219
pu-ps_f1_40_b4faaa44.jpg,C:\Users\Angad\Desktop\StemFellowship\data\raw\fitzpatrick\Categorized_AbbrvName\pu-ps_53\pu-ps_f1_40_b4faaa44.jpg,1,light_FST1_2,0,0,0.03623800352215767
al-co-de_f2_299_681fa389.jpg,C:\Users\Angad\Desktop\StemFellowship\data\raw\fitzpatrick\Categorized_AbbrvName\al-co-de_430\al-co-de_f2_299_681fa389.jpg,2,light_FST1_2,0,0,0.002956998534500599
ha-ha-di_f3_117_fbeb40ea.jpg,C:\Users\Angad\Desktop\StemFellowship\data\raw\fitzpatrick\Categorized_AbbrvName\ha-ha-di_174\ha-ha-di_f3_117_fbeb40ea.jpg,3,medium_FST3_4,0,0,0.020812025293707848
pi-ro_f3_171_754da997.jpg,C:\Users\Angad\Desktop\StemFellowship\data\raw\fitzpatrick\Categorized_AbbrvName\pi-ro_193\pi-ro_f3_171_754da997.jpg,3,medium_FST3_4,0,0,1.4610232938139234e-05
li-pl_f3_299_89327e79.jpg,C:\Users\Angad\Desktop\StemFellowship\data\raw\fitzpatrick\Categorized_AbbrvName\li-pl_491\li-pl_f3_299_89327e79.jpg,3,medium_FST3_4,0,0,0.026309598237276077
fo_f2_108_feb0fe90.jpg,C:\Users\Angad\Desktop\StemFellowship\data\raw\fitzpatrick\Categorized_AbbrvName\fo_342\fo_f2_108_feb0fe90.jpg,2,light_FST1_2,0,0,0.0018495128024369478
fo_f3_9_bc587919.jpg,C:\Users\Angad\Desktop\StemFellowship\data\raw\fitzpatrick\Categorized_AbbrvName\fo_342\fo_f3_9_bc587919.jpg,3,medium_FST3_4,0,0,0.019318535923957825
me_f3_27_64c07aac.jpg,C:\Users\Angad\Desktop\StemFellowship\data\raw\fitzpatrick\Categorized_AbbrvName\me_261\me_f3_27_64c07aac.jpg,3,medium_FST3_4,1,1,0.6998652219772339
gr-an_f5_194_9f299d63.jpg,C:\Users\Angad\Desktop\StemFellowship\data\raw\fitzpatrick\Categorized_AbbrvName\gr-an_211\gr-an_f5_194_9f299d63.jpg,5,dark_FST5_6,0,0,0.010266955010592937
al-co-de_f2_34_ba54c4b5.jpg,C:\Users\Angad\Desktop\StemFellowship\data\raw\fitzpatrick\Categorized_AbbrvName\al-co-de_430\al-co-de_f2_34_ba54c4b5.jpg,2,light_FST1_2,0,0,0.010583448223769665
vi_f5_130_595f2c50.jpg,C:\Users\Angad\Desktop\StemFellowship\data\raw\fitzpatrick\Categorized_AbbrvName\vi_166\vi_f5_130_595f2c50.jpg,5,dark_FST5_6,0,0,0.0009568065870553255
sq-ce-ca_f3_161_ef5f848d.jpg,C:\Users\Angad\Desktop\StemFellowship\data\raw\fitzpatrick\Categorized_AbbrvName\sq-ce-ca_581\sq-ce-ca_f3_161_ef5f848d.jpg,3,medium_FST3_4,1,0,0.2638849914073944
ne-de_f2_266_f55a29c5.jpg,C:\Users\Angad\Desktop\StemFellowship\data\raw\fitzpatrick\Categorized_AbbrvName\ne-de_361\ne-de_f2_266_f55a29c5.jpg,2,light_FST1_2,0,0,0.0015810687327757478
er-an-ce_f2_41_c6f03775.jpg,C:\Users\Angad\Desktop\StemFellowship\data\raw\fitzpatrick\Categorized_AbbrvName\er-an-ce_88\er-an-ce_f2_41_c6f03775.jpg,2,light_FST1_2,0,0,0.0913313776254654
ba-ce-ca_f1_0_d2c77aa8.jpg,C:\Users\Angad\Desktop\StemFellowship\data\raw\fitzpatrick\Categorized_AbbrvName\ba-ce-ca_468\ba-ce-ca_f1_0_d2c77aa8.jpg,1,light_FST1_2,1,0,0.057814229279756546
li-si_f3_11_f97fc452.jpg,C:\Users\Angad\Desktop\StemFellowship\data\raw\fitzpatrick\Categorized_AbbrvName\li-si_97\li-si_f3_11_f97fc452.jpg,3,medium_FST3_4,0,0,0.0007189884199760854
er-an-ce_f2_22_52b25d02.jpg,C:\Users\Angad\Desktop\StemFellowship\data\raw\fitzpatrick\Categorized_AbbrvName\er-an-ce_88\er-an-ce_f2_22_52b25d02.jpg,2,light_FST1_2,0,0,0.003218712517991662
ma-me_f2_9_3463d25c.jpg,C:\Users\Angad\Desktop\StemFellowship\data\raw\fitzpatrick\Categorized_AbbrvName\ma-me_111\ma-me_f2_9_3463d25c.jpg,2,light_FST1_2,1,1,0.8691679835319519
li-pl_f4_296_3d260ca5.jpg,C:\Users\Angad\Desktop\StemFellowship\data\raw\fitzpatrick\Categorized_AbbrvName\li-pl_491\li-pl_f4_296_3d260ca5.jpg,4,medium_FST3_4,0,0,0.015086352825164795
sa_f1_254_1027d718.jpg,C:\Users\Angad\Desktop\StemFellowship\data\raw\fitzpatrick\Categorized_AbbrvName\sa_349\sa_f1_254_1027d718.jpg,1,light_FST1_2,0,0,3.8406666135415435e-05
ps_f2_348_84b44e09.jpg,C:\Users\Angad\Desktop\StemFellowship\data\raw\fitzpatrick\Categorized_AbbrvName\ps_653\ps_f2_348_84b44e09.jpg,2,light_FST1_2,0,0,4.226357123116031e-05
ps_f5_575_8a975ed7.jpg,C:\Users\Angad\Desktop\StemFellowship\data\raw\fitzpatrick\Categorized_AbbrvName\ps_653\ps_f5_575_8a975ed7.jpg,5,dark_FST5_6,0,0,0.0019451744155958295
su-da-sk_f2_40_59840f42.jpg,C:\Users\Angad\Desktop\StemFellowship\data\raw\fitzpatrick\Categorized_AbbrvName\su-da-sk_66\su-da-sk_f2_40_59840f42.jpg,2,light_FST1_2,0,0,0.00046092760749161243
ph_f3_219_8ba7bd82.jpg,C:\Users\Angad\Desktop\StemFellowship\data\raw\fitzpatrick\Categorized_AbbrvName\ph_348\ph_f3_219_8ba7bd82.jpg,3,medium_FST3_4,0,0,5.1197598622820806e-06
ec_f2_59_37f6c602.jpg,C:\Users\Angad\Desktop\StemFellowship\data\raw\fitzpatrick\Categorized_AbbrvName\ec_204\ec_f2_59_37f6c602.jpg,2,light_FST1_2,0,0,0.0016468523535877466
ac-ke_f3_164_6c17d9fb.jpg,C:\Users\Angad\Desktop\StemFellowship\data\raw\fitzpatrick\Categorized_AbbrvName\ac-ke_175\ac-ke_f3_164_6c17d9fb.jpg,3,medium_FST3_4,1,0,0.01967124082148075
dy-ec_f2_76_50153c30.jpg,C:\Users\Angad\Desktop\StemFellowship\data\raw\fitzpatrick\Categorized_AbbrvName\dy-ec_83\dy-ec_f2_76_50153c30.jpg,2,light_FST1_2,0,0,0.00536732142791152
te_f2_53_0869487b.jpg,C:\Users\Angad\Desktop\StemFellowship\data\raw\fitzpatrick\Categorized_AbbrvName\te_126\te_f2_53_0869487b.jpg,2,light_FST1_2,0,0,0.00038322550244629383
ka-sa_f3_85_645b2410.jpg,C:\Users\Angad\Desktop\StemFellowship\data\raw\fitzpatrick\Categorized_AbbrvName\ka-sa_156\ka-sa_f3_85_645b2410.jpg,3,medium_FST3_4,1,0,0.17200517654418945
me_f2_86_2ddc13cb.jpg,C:\Users\Angad\Desktop\StemFellowship\data\raw\fitzpatrick\Categorized_AbbrvName\me_261\me_f2_86_2ddc13cb.jpg,2,light_FST1_2,1,1,0.9902539849281311
pi-ro_f2_51_09743276.jpg,C:\Users\Angad\Desktop\StemFellowship\data\raw\fitzpatrick\Categorized_AbbrvName\pi-ro_193\pi-ro_f2_51_09743276.jpg,2,light_FST1_2,0,0,0.023890085518360138
ac-ke_f2_93_b565d1fa.jpg,C:\Users\Angad\Desktop\StemFellowship\data\raw\fitzpatrick\Categorized_AbbrvName\ac-ke_175\ac-ke_f2_93_b565d1fa.jpg,2,light_FST1_2,1,1,0.9985501170158386
ch_f4_89_db3d7895.jpg,C:\Users\Angad\Desktop\StemFellowship\data\raw\fitzpatrick\Categorized_AbbrvName\ch_106\ch_f4_89_db3d7895.jpg,4,medium_FST3_4,0,0,5.975700696581043e-05
ac-ni_f4_15_bebaf507.jpg,C:\Users\Angad\Desktop\StemFellowship\data\raw\fitzpatrick\Categorized_AbbrvName\ac-ni_92\ac-ni_f4_15_bebaf507.jpg,4,medium_FST3_4,0,0,0.0006746851140633225
ba-ce-ca_f4_404_998ab155.jpg,C:\Users\Angad\Desktop\StemFellowship\data\raw\fitzpatrick\Categorized_AbbrvName\ba-ce-ca_468\ba-ce-ca_f4_404_998ab155.jpg,4,medium_FST3_4,1,1,0.9990326166152954
dr-in-pi-ch_f4_26_246903f8.jpg,C:\Users\Angad\Desktop\StemFellowship\data\raw\fitzpatrick\Categorized_AbbrvName\dr-in-pi-ch_71\dr-in-pi-ch_f4_26_246903f8.jpg,4,medium_FST3_4,0,0,0.002047871705144644
ps_f5_595_a09323de.jpg,C:\Users\Angad\Desktop\StemFellowship\data\raw\fitzpatrick\Categorized_AbbrvName\ps_653\ps_f5_595_a09323de.jpg,5,dark_FST5_6,0,0,0.0020151648204773664
rh_f5_89_7be62f84.jpg,C:\Users\Angad\Desktop\StemFellowship\data\raw\fitzpatrick\Categorized_AbbrvName\rh_91\rh_f5_89_7be62f84.jpg,5,dark_FST5_6,0,0,0.001928372192196548
fa-de_f2_15_2cdded67.jpg,C:\Users\Angad\Desktop\StemFellowship\data\raw\fitzpatrick\Categorized_AbbrvName\fa-de_66\fa-de_f2_15_2cdded67.jpg,2,light_FST1_2,0,0,0.001463990774936974
gr-an_f3_95_53902b69.jpg,C:\Users\Angad\Desktop\StemFellowship\data\raw\fitzpatrick\Categorized_AbbrvName\gr-an_211\gr-an_f3_95_53902b69.jpg,3,medium_FST3_4,0,1,0.6622481346130371
fo-sp_f4_95_cae259ae.jpg,C:\Users\Angad\Desktop\StemFellowship\data\raw\fitzpatrick\Categorized_AbbrvName\fo-sp_100\fo-sp_f4_95_cae259ae.jpg,4,medium_FST3_4,0,0,0.00036898342659696937
py-gr_f2_80_d6fc57f3.jpg,C:\Users\Angad\Desktop\StemFellowship\data\raw\fitzpatrick\Categorized_AbbrvName\py-gr_113\py-gr_f2_80_d6fc57f3.jpg,2,light_FST1_2,0,0,0.3962542712688446
ac-vu_f2_298_07a62c58.jpg,C:\Users\Angad\Desktop\StemFellowship\data\raw\fitzpatrick\Categorized_AbbrvName\ac-vu_335\ac-vu_f2_298_07a62c58.jpg,2,light_FST1_2,0,0,0.00022073469881433994
sq-ce-ca_f3_525_2dc34fb7.jpg,C:\Users\Angad\Desktop\StemFellowship\data\raw\fitzpatrick\Categorized_AbbrvName\sq-ce-ca_581\sq-ce-ca_f3_525_2dc34fb7.jpg,3,medium_FST3_4,1,0,0.002508997917175293
pa_f1_6_d55f94ee.jpg,C:\Users\Angad\Desktop\StemFellowship\data\raw\fitzpatrick\Categorized_AbbrvName\pa_59\pa_f1_6_d55f94ee.jpg,1,light_FST1_2,0,0,0.02468993328511715
ac_f1_32_82a3899c.jpg,C:\Users\Angad\Desktop\StemFellowship\data\raw\fitzpatrick\Categorized_AbbrvName\ac_183\ac_f1_32_82a3899c.jpg,1,light_FST1_2,0,0,0.014536391943693161
ba-ce-ca_f3_395_61dc5a89.jpg,C:\Users\Angad\Desktop\StemFellowship\data\raw\fitzpatrick\Categorized_AbbrvName\ba-ce-ca_468\ba-ce-ca_f3_395_61dc5a89.jpg,3,medium_FST3_4,1,1,0.9350622296333313
li-si_f6_47_04379559.jpg,C:\Users\Angad\Desktop\StemFellowship\data\raw\fitzpatrick\Categorized_AbbrvName\li-si_97\li-si_f6_47_04379559.jpg,6,dark_FST5_6,0,0,0.0005070862243883312
fo_f2_338_803b6ec7.jpg,C:\Users\Angad\Desktop\StemFellowship\data\raw\fitzpatrick\Categorized_AbbrvName\fo_342\fo_f2_338_803b6ec7.jpg,2,light_FST1_2,0,0,0.1288139969110489
ac-ke_f4_28_ba662524.jpg,C:\Users\Angad\Desktop\StemFellowship\data\raw\fitzpatrick\Categorized_AbbrvName\ac-ke_175\ac-ke_f4_28_ba662524.jpg,4,medium_FST3_4,1,1,0.9957942962646484
ne-li_f2_58_d336ff21.jpg,C:\Users\Angad\Desktop\StemFellowship\data\raw\fitzpatrick\Categorized_AbbrvName\ne-li_123\ne-li_f2_58_d336ff21.jpg,2,light_FST1_2,0,0,0.19481314718723297
ne-de_f1_80_f1b9d7f3.jpg,C:\Users\Angad\Desktop\StemFellowship\data\raw\fitzpatrick\Categorized_AbbrvName\ne-de_361\ne-de_f1_80_f1b9d7f3.jpg,1,light_FST1_2,0,1,0.5866079926490784
ch_f2_5_52d835b9.jpg,C:\Users\Angad\Desktop\StemFellowship\data\raw\fitzpatrick\Categorized_AbbrvName\ch_106\ch_f2_5_52d835b9.jpg,2,light_FST1_2,0,0,0.001734608318656683
gr-an_f1_107_fa13dce3.jpg,C:\Users\Angad\Desktop\StemFellowship\data\raw\fitzpatrick\Categorized_AbbrvName\gr-an_211\gr-an_f1_107_fa13dce3.jpg,1,light_FST1_2,0,0,0.0532592236995697
sq-ce-ca_f2_418_3368f86f.jpg,C:\Users\Angad\Desktop\StemFellowship\data\raw\fitzpatrick\Categorized_AbbrvName\sq-ce-ca_581\sq-ce-ca_f2_418_3368f86f.jpg,2,light_FST1_2,1,0,0.0010598893277347088
le-ma_f2_12_54023705.jpg,C:\Users\Angad\Desktop\StemFellowship\data\raw\fitzpatrick\Categorized_AbbrvName\le-ma_83\le-ma_f2_12_54023705.jpg,2,light_FST1_2,1,1,0.9693251848220825
dr-er_f3_179_1fc78964.jpg,C:\Users\Angad\Desktop\StemFellowship\data\raw\fitzpatrick\Categorized_AbbrvName\dr-er_200\dr-er_f3_179_1fc78964.jpg,3,medium_FST3_4,0,0,0.004744409583508968
ne-ne_f2_14_41c04ddd.jpg,C:\Users\Angad\Desktop\StemFellowship\data\raw\fitzpatrick\Categorized_AbbrvName\ne-ne_86\ne-ne_f2_14_41c04ddd.jpg,2,light_FST1_2,0,1,0.719065248966217
sq-ce-ca_f2_523_fb286549.jpg,C:\Users\Angad\Desktop\StemFellowship\data\raw\fitzpatrick\Categorized_AbbrvName\sq-ce-ca_581\sq-ce-ca_f2_523_fb286549.jpg,2,light_FST1_2,1,1,0.9681283831596375
ic-vu_f1_13_a104b6ea.jpg,C:\Users\Angad\Desktop\StemFellowship\data\raw\fitzpatrick\Categorized_AbbrvName\ic-vu_65\ic-vu_f1_13_a104b6ea.jpg,1,light_FST1_2,0,0,0.00606369785964489
pu-ps_f4_23_4c3cad1a.jpg,C:\Users\Angad\Desktop\StemFellowship\data\raw\fitzpatrick\Categorized_AbbrvName\pu-ps_53\pu-ps_f4_23_4c3cad1a.jpg,4,medium_FST3_4,0,0,4.075282504345523e-06
ro_f2_79_a1b3c793.jpg,C:\Users\Angad\Desktop\StemFellowship\data\raw\fitzpatrick\Categorized_AbbrvName\ro_102\ro_f2_79_a1b3c793.jpg,2,light_FST1_2,0,0,0.00023808976402506232
ac-ke_f3_77_9b038a69.jpg,C:\Users\Angad\Desktop\StemFellowship\data\raw\fitzpatrick\Categorized_AbbrvName\ac-ke_175\ac-ke_f3_77_9b038a69.jpg,3,medium_FST3_4,1,0,0.21872282028198242
ac-vu_f2_38_3f982d9b.jpg,C:\Users\Angad\Desktop\StemFellowship\data\raw\fitzpatrick\Categorized_AbbrvName\ac-vu_335\ac-vu_f2_38_3f982d9b.jpg,2,light_FST1_2,0,0,0.0002448434242978692
lu-er_f5_393_7db5f2a0.jpg,C:\Users\Angad\Desktop\StemFellowship\data\raw\fitzpatrick\Categorized_AbbrvName\lu-er_410\lu-er_f5_393_7db5f2a0.jpg,5,dark_FST5_6,0,0,0.000258163403486833
er-mu_f2_42_6dd6c482.jpg,C:\Users\Angad\Desktop\StemFellowship\data\raw\fitzpatrick\Categorized_AbbrvName\er-mu_236\er-mu_f2_42_6dd6c482.jpg,2,light_FST1_2,0,0,0.0001959584915312007
ac-ni_f3_6_6216376e.jpg,C:\Users\Angad\Desktop\StemFellowship\data\raw\fitzpatrick\Categorized_AbbrvName\ac-ni_92\ac-ni_f3_6_6216376e.jpg,3,medium_FST3_4,0,0,0.02288193441927433
ph_f2_215_d37f6e14.jpg,C:\Users\Angad\Desktop\StemFellowship\data\raw\fitzpatrick\Categorized_AbbrvName\ph_348\ph_f2_215_d37f6e14.jpg,2,light_FST1_2,0,0,3.933875996153802e-05
po-ac_f4_34_78643b37.jpg,C:\Users\Angad\Desktop\StemFellowship\data\raw\fitzpatrick\Categorized_AbbrvName\po-ac_183\po-ac_f4_34_78643b37.jpg,4,medium_FST3_4,0,0,3.058151196455583e-05
my_f4_60_b015f166.jpg,C:\Users\Angad\Desktop\StemFellowship\data\raw\fitzpatrick\Categorized_AbbrvName\my_67\my_f4_60_b015f166.jpg,4,medium_FST3_4,0,0,0.0006960770697332919
ne-de_f2_89_26209329.jpg,C:\Users\Angad\Desktop\StemFellowship\data\raw\fitzpatrick\Categorized_AbbrvName\ne-de_361\ne-de_f2_89_26209329.jpg,2,light_FST1_2,0,1,0.6480101346969604
fo_f1_212_de6cf231.jpg,C:\Users\Angad\Desktop\StemFellowship\data\raw\fitzpatrick\Categorized_AbbrvName\fo_342\fo_f1_212_de6cf231.jpg,1,light_FST1_2,0,0,0.2565983831882477
sq-ce-ca_f3_355_d10f7d68.jpg,C:\Users\Angad\Desktop\StemFellowship\data\raw\fitzpatrick\Categorized_AbbrvName\sq-ce-ca_581\sq-ce-ca_f3_355_d10f7d68.jpg,3,medium_FST3_4,1,0,0.01928078755736351
dr-er_f1_145_5f636a0f.jpg,C:\Users\Angad\Desktop\StemFellowship\data\raw\fitzpatrick\Categorized_AbbrvName\dr-er_200\dr-er_f1_145_5f636a0f.jpg,1,light_FST1_2,0,0,0.000537187559530139
gr-an_f4_34_f99170b7.jpg,C:\Users\Angad\Desktop\StemFellowship\data\raw\fitzpatrick\Categorized_AbbrvName\gr-an_211\gr-an_f4_34_f99170b7.jpg,4,medium_FST3_4,0,0,0.0006399768753908575
er-mu_f4_88_5478da67.jpg,C:\Users\Angad\Desktop\StemFellowship\data\raw\fitzpatrick\Categorized_AbbrvName\er-mu_236\er-mu_f4_88_5478da67.jpg,4,medium_FST3_4,0,0,0.001808556611649692
ba-ce-ca_f5_284_9255b18c.jpg,C:\Users\Angad\Desktop\StemFellowship\data\raw\fitzpatrick\Categorized_AbbrvName\ba-ce-ca_468\ba-ce-ca_f5_284_9255b18c.jpg,5,dark_FST5_6,1,1,0.9991568326950073
ps_f1_157_4e750ecc.jpg,C:\Users\Angad\Desktop\StemFellowship\data\raw\fitzpatrick\Categorized_AbbrvName\ps_653\ps_f1_157_4e750ecc.jpg,1,light_FST1_2,0,0,0.2977965176105499
ac-en_f3_54_688c174c.jpg,C:\Users\Angad\Desktop\StemFellowship\data\raw\fitzpatrick\Categorized_AbbrvName\ac-en_92\ac-en_f3_54_688c174c.jpg,3,medium_FST3_4,0,0,7.049203122733161e-05
ba-ce-ca_f3_361_019fde7f.jpg,C:\Users\Angad\Desktop\StemFellowship\data\raw\fitzpatrick\Categorized_AbbrvName\ba-ce-ca_468\ba-ce-ca_f3_361_019fde7f.jpg,3,medium_FST3_4,1,1,0.9999321699142456
ac-au-bu-di-ge_f3_52_6d447cdf.jpg,C:\Users\Angad\Desktop\StemFellowship\data\raw\fitzpatrick\Categorized_AbbrvName\ac-au-bu-di-ge_67\ac-au-bu-di-ge_f3_52_6d447cdf.jpg,3,medium_FST3_4,0,1,0.9770277738571167
sq-ce-ca_f6_497_6dd76797.jpg,C:\Users\Angad\Desktop\StemFellowship\data\raw\fitzpatrick\Categorized_AbbrvName\sq-ce-ca_581\sq-ce-ca_f6_497_6dd76797.jpg,6,dark_FST5_6,1,0,0.19881854951381683
ro_f3_65_22946b54.jpg,C:\Users\Angad\Desktop\StemFellowship\data\raw\fitzpatrick\Categorized_AbbrvName\ro_102\ro_f3_65_22946b54.jpg,3,medium_FST3_4,0,0,0.055023904889822006
ac-en_f4_84_cdc6a1f7.jpg,C:\Users\Angad\Desktop\StemFellowship\data\raw\fitzpatrick\Categorized_AbbrvName\ac-en_92\ac-en_f4_84_cdc6a1f7.jpg,4,medium_FST3_4,0,0,0.0005472226184792817
sa_f4_147_e36e995b.jpg,C:\Users\Angad\Desktop\StemFellowship\data\raw\fitzpatrick\Categorized_AbbrvName\sa_349\sa_f4_147_e36e995b.jpg,4,medium_FST3_4,0,0,0.02211906388401985
ps_f2_646_21a75633.jpg,C:\Users\Angad\Desktop\StemFellowship\data\raw\fitzpatrick\Categorized_AbbrvName\ps_653\ps_f2_646_21a75633.jpg,2,light_FST1_2,0,0,0.3568739593029022
se-ke_f2_45_3c066c14.jpg,C:\Users\Angad\Desktop\StemFellowship\data\raw\fitzpatrick\Categorized_AbbrvName\se-ke_69\se-ke_f2_45_3c066c14.jpg,2,light_FST1_2,0,0,0.12030743062496185
eh-da-sy_f3_19_f593b870.jpg,C:\Users\Angad\Desktop\StemFellowship\data\raw\fitzpatrick\Categorized_AbbrvName\eh-da-sy_127\eh-da-sy_f3_19_f593b870.jpg,3,medium_FST3_4,0,0,0.0006960707833059132
da-di_f5_102_c44cd54c.jpg,C:\Users\Angad\Desktop\StemFellowship\data\raw\fitzpatrick\Categorized_AbbrvName\da-di_153\da-di_f5_102_c44cd54c.jpg,5,dark_FST5_6,0,0,0.014116943813860416
ne-ne_f1_5_aa1951a8.jpg,C:\Users\Angad\Desktop\StemFellowship\data\raw\fitzpatrick\Categorized_AbbrvName\ne-ne_86\ne-ne_f1_5_aa1951a8.jpg,1,light_FST1_2,0,1,0.9886264204978943
ac-ke_f2_4_55e268bf.jpg,C:\Users\Angad\Desktop\StemFellowship\data\raw\fitzpatrick\Categorized_AbbrvName\ac-ke_175\ac-ke_f2_4_55e268bf.jpg,2,light_FST1_2,1,0,0.23902875185012817
da-di_f3_127_a54bf7ab.jpg,C:\Users\Angad\Desktop\StemFellowship\data\raw\fitzpatrick\Categorized_AbbrvName\da-di_153\da-di_f3_127_a54bf7ab.jpg,3,medium_FST3_4,0,0,0.0003495238779578358
lu-er_f2_167_6e945731.jpg,C:\Users\Angad\Desktop\StemFellowship\data\raw\fitzpatrick\Categorized_AbbrvName\lu-er_410\lu-er_f2_167_6e945731.jpg,2,light_FST1_2,0,0,0.001212557777762413
sq-ce-ca_f2_466_597405f8.jpg,C:\Users\Angad\Desktop\StemFellowship\data\raw\fitzpatrick\Categorized_AbbrvName\sq-ce-ca_581\sq-ce-ca_f2_466_597405f8.jpg,2,light_FST1_2,1,1,0.5934332013130188
fo_f5_224_50c825e6.jpg,C:\Users\Angad\Desktop\StemFellowship\data\raw\fitzpatrick\Categorized_AbbrvName\fo_342\fo_f5_224_50c825e6.jpg,5,dark_FST5_6,0,0,0.0008636132115498185
sy_f3_121_3db45506.jpg,C:\Users\Angad\Desktop\StemFellowship\data\raw\fitzpatrick\Categorized_AbbrvName\sy_127\sy_f3_121_3db45506.jpg,3,medium_FST3_4,0,0,0.03736911341547966
ac-ke_f2_29_44aefdc6.jpg,C:\Users\Angad\Desktop\StemFellowship\data\raw\fitzpatrick\Categorized_AbbrvName\ac-ke_175\ac-ke_f2_29_44aefdc6.jpg,2,light_FST1_2,1,0,0.3149280548095703
sq-ce-ca_f4_242_dae64acd.jpg,C:\Users\Angad\Desktop\StemFellowship\data\raw\fitzpatrick\Categorized_AbbrvName\sq-ce-ca_581\sq-ce-ca_f4_242_dae64acd.jpg,4,medium_FST3_4,1,0,0.009457497857511044
al-co-de_f2_257_34d759d6.jpg,C:\Users\Angad\Desktop\StemFellowship\data\raw\fitzpatrick\Categorized_AbbrvName\al-co-de_430\al-co-de_f2_257_34d759d6.jpg,2,light_FST1_2,0,0,0.0004259261768311262
te_f2_114_e96aa1f6.jpg,C:\Users\Angad\Desktop\StemFellowship\data\raw\fitzpatrick\Categorized_AbbrvName\te_126\te_f2_114_e96aa1f6.jpg,2,light_FST1_2,0,0,0.004206045065075159
ac-ni_f4_70_a3f45c39.jpg,C:\Users\Angad\Desktop\StemFellowship\data\raw\fitzpatrick\Categorized_AbbrvName\ac-ni_92\ac-ni_f4_70_a3f45c39.jpg,4,medium_FST3_4,0,0,0.03487808629870415
ne-ex_f1_44_c5431b78.jpg,C:\Users\Angad\Desktop\StemFellowship\data\raw\fitzpatrick\Categorized_AbbrvName\ne-ex_73\ne-ex_f1_44_c5431b78.jpg,1,light_FST1_2,0,0,7.394046861008974e-06
pi-ro_f4_129_674c54b5.jpg,C:\Users\Angad\Desktop\StemFellowship\data\raw\fitzpatrick\Categorized_AbbrvName\pi-ro_193\pi-ro_f4_129_674c54b5.jpg,4,medium_FST3_4,0,0,9.352125198347494e-05
pe-li_f1_137_6ff1583f.jpg,C:\Users\Angad\Desktop\StemFellowship\data\raw\fitzpatrick\Categorized_AbbrvName\pe-li_151\pe-li_f1_137_6ff1583f.jpg,1,light_FST1_2,0,0,0.1471671760082245
ac_f2_20_c2c7aed8.jpg,C:\Users\Angad\Desktop\StemFellowship\data\raw\fitzpatrick\Categorized_AbbrvName\ac_183\ac_f2_20_c2c7aed8.jpg,2,light_FST1_2,0,0,0.04462992027401924
se-ke_f3_38_1f0af24c.jpg,C:\Users\Angad\Desktop\StemFellowship\data\raw\fitzpatrick\Categorized_AbbrvName\se-ke_69\se-ke_f3_38_1f0af24c.jpg,3,medium_FST3_4,0,0,0.0012294574407860637
gr-an_f1_70_f81b527a.jpg,C:\Users\Angad\Desktop\StemFellowship\data\raw\fitzpatrick\Categorized_AbbrvName\gr-an_211\gr-an_f1_70_f81b527a.jpg,1,light_FST1_2,0,0,0.343914657831192
ch_f3_77_55da8d52.jpg,C:\Users\Angad\Desktop\StemFellowship\data\raw\fitzpatrick\Categorized_AbbrvName\ch_106\ch_f3_77_55da8d52.jpg,3,medium_FST3_4,0,0,0.0001647074386710301
lu-er_f1_18_9426f7bc.jpg,C:\Users\Angad\Desktop\StemFellowship\data\raw\fitzpatrick\Categorized_AbbrvName\lu-er_410\lu-er_f1_18_9426f7bc.jpg,1,light_FST1_2,0,0,0.018398141488432884
ly_f6_28_64222f33.jpg,C:\Users\Angad\Desktop\StemFellowship\data\raw\fitzpatrick\Categorized_AbbrvName\ly_100\ly_f6_28_64222f33.jpg,6,dark_FST5_6,0,0,0.0016857520677149296
pi-ro_f3_25_9fdc1b6c.jpg,C:\Users\Angad\Desktop\StemFellowship\data\raw\fitzpatrick\Categorized_AbbrvName\pi-ro_193\pi-ro_f3_25_9fdc1b6c.jpg,3,medium_FST3_4,0,0,0.0010266589233651757
sa_f3_324_8bfaed09.jpg,C:\Users\Angad\Desktop\StemFellowship\data\raw\fitzpatrick\Categorized_AbbrvName\sa_349\sa_f3_324_8bfaed09.jpg,3,medium_FST3_4,0,0,0.014142815954983234
ly_f1_42_e18dc15a.jpg,C:\Users\Angad\Desktop\StemFellowship\data\raw\fitzpatrick\Categorized_AbbrvName\ly_100\ly_f1_42_e18dc15a.jpg,1,light_FST1_2,0,0,0.007108456455171108
su-sp-me-ss_f1_95_3cc5bf09.jpg,C:\Users\Angad\Desktop\StemFellowship\data\raw\fitzpatrick\Categorized_AbbrvName\su-sp-me-ss_118\su-sp-me-ss_f1_95_3cc5bf09.jpg,1,light_FST1_2,1,1,0.9998925924301147
sy_f5_3_b53a5cc3.jpg,C:\Users\Angad\Desktop\StemFellowship\data\raw\fitzpatrick\Categorized_AbbrvName\sy_127\sy_f5_3_b53a5cc3.jpg,5,dark_FST5_6,0,0,5.047073159403226e-07
ic-vu_f2_25_53c8d702.jpg,C:\Users\Angad\Desktop\StemFellowship\data\raw\fitzpatrick\Categorized_AbbrvName\ic-vu_65\ic-vu_f2_25_53c8d702.jpg,2,light_FST1_2,0,0,0.00024454621598124504
me_f3_178_68528c33.jpg,C:\Users\Angad\Desktop\StemFellowship\data\raw\fitzpatrick\Categorized_AbbrvName\me_261\me_f3_178_68528c33.jpg,3,medium_FST3_4,1,1,0.9999260902404785
ac-en_f2_51_67e24fba.jpg,C:\Users\Angad\Desktop\StemFellowship\data\raw\fitzpatrick\Categorized_AbbrvName\ac-en_92\ac-en_f2_51_67e24fba.jpg,2,light_FST1_2,0,0,0.04178120195865631
ps_f3_391_095b1236.jpg,C:\Users\Angad\Desktop\StemFellowship\data\raw\fitzpatrick\Categorized_AbbrvName\ps_653\ps_f3_391_095b1236.jpg,3,medium_FST3_4,0,0,0.002165238605812192
su-sp-me-ss_f5_101_58005ed7.jpg,C:\Users\Angad\Desktop\StemFellowship\data\raw\fitzpatrick\Categorized_AbbrvName\su-sp-me-ss_118\su-sp-me-ss_f5_101_58005ed7.jpg,5,dark_FST5_6,1,0,0.030807452276349068
ac-vu_f2_229_3b766f1a.jpg,C:\Users\Angad\Desktop\StemFellowship\data\raw\fitzpatrick\Categorized_AbbrvName\ac-vu_335\ac-vu_f2_229_3b766f1a.jpg,2,light_FST1_2,0,0,4.38004826719407e-05
lu-er_f4_179_847fcdad.jpg,C:\Users\Angad\Desktop\StemFellowship\data\raw\fitzpatrick\Categorized_AbbrvName\lu-er_410\lu-er_f4_179_847fcdad.jpg,4,medium_FST3_4,0,0,0.0008288997923955321
sa_f6_219_e042428c.jpg,C:\Users\Angad\Desktop\StemFellowship\data\raw\fitzpatrick\Categorized_AbbrvName\sa_349\sa_f6_219_e042428c.jpg,6,dark_FST5_6,0,0,0.01950373500585556
fi-er_f3_21_ae608b81.jpg,C:\Users\Angad\Desktop\StemFellowship\data\raw\fitzpatrick\Categorized_AbbrvName\fi-er_125\fi-er_f3_21_ae608b81.jpg,3,medium_FST3_4,0,1,0.5135367512702942
ac-vu_f1_157_502e9a66.jpg,C:\Users\Angad\Desktop\StemFellowship\data\raw\fitzpatrick\Categorized_AbbrvName\ac-vu_335\ac-vu_f1_157_502e9a66.jpg,1,light_FST1_2,0,0,0.0006028819479979575
ke_f1_132_c45e1a65.jpg,C:\Users\Angad\Desktop\StemFellowship\data\raw\fitzpatrick\Categorized_AbbrvName\ke_156\ke_f1_132_c45e1a65.jpg,1,light_FST1_2,0,0,0.0031227830331772566
ps_f2_282_6f7688a8.jpg,C:\Users\Angad\Desktop\StemFellowship\data\raw\fitzpatrick\Categorized_AbbrvName\ps_653\ps_f2_282_6f7688a8.jpg,2,light_FST1_2,0,0,0.027467479929327965
da-di_f3_147_14c2b85d.jpg,C:\Users\Angad\Desktop\StemFellowship\data\raw\fitzpatrick\Categorized_AbbrvName\da-di_153\da-di_f3_147_14c2b85d.jpg,3,medium_FST3_4,0,0,0.13242103159427643
sq-ce-ca_f1_339_5c4f07ca.jpg,C:\Users\Angad\Desktop\StemFellowship\data\raw\fitzpatrick\Categorized_AbbrvName\sq-ce-ca_581\sq-ce-ca_f1_339_5c4f07ca.jpg,1,light_FST1_2,1,1,0.9794571995735168
pe-de_f3_50_5e11a765.jpg,C:\Users\Angad\Desktop\StemFellowship\data\raw\fitzpatrick\Categorized_AbbrvName\pe-de_61\pe-de_f3_50_5e11a765.jpg,3,medium_FST3_4,0,0,0.010134338401257992
eh-da-sy_f5_21_74543e57.jpg,C:\Users\Angad\Desktop\StemFellowship\data\raw\fitzpatrick\Categorized_AbbrvName\eh-da-sy_127\eh-da-sy_f5_21_74543e57.jpg,5,dark_FST5_6,0,0,4.142983380006626e-05
fo_f2_97_0f0677bf.jpg,C:\Users\Angad\Desktop\StemFellowship\data\raw\fitzpatrick\Categorized_AbbrvName\fo_342\fo_f2_97_0f0677bf.jpg,2,light_FST1_2,0,0,0.00040493771666660905
lu-su_f2_64_e250052c.jpg,C:\Users\Angad\Desktop\StemFellowship\data\raw\fitzpatrick\Categorized_AbbrvName\lu-su_111\lu-su_f2_64_e250052c.jpg,2,light_FST1_2,0,0,0.002024242654442787
tu_f1_104_77a394e9.jpg,C:\Users\Angad\Desktop\StemFellowship\data\raw\fitzpatrick\Categorized_AbbrvName\tu_152\tu_f1_104_77a394e9.jpg,1,light_FST1_2,0,0,0.00031635304912924767
po-wi-st_f3_47_a3535987.jpg,C:\Users\Angad\Desktop\StemFellowship\data\raw\fitzpatrick\Categorized_AbbrvName\po-wi-st_59\po-wi-st_f3_47_a3535987.jpg,3,medium_FST3_4,0,0,3.2784453651402146e-05
fo_f2_124_f484557c.jpg,C:\Users\Angad\Desktop\StemFellowship\data\raw\fitzpatrick\Categorized_AbbrvName\fo_342\fo_f2_124_f484557c.jpg,2,light_FST1_2,0,0,0.01995142363011837
fo_f2_46_f5a3403a.jpg,C:\Users\Angad\Desktop\StemFellowship\data\raw\fitzpatrick\Categorized_AbbrvName\fo_342\fo_f2_46_f5a3403a.jpg,2,light_FST1_2,0,0,0.1036471351981163
lu-er_f2_67_54edd4d0.jpg,C:\Users\Angad\Desktop\StemFellowship\data\raw\fitzpatrick\Categorized_AbbrvName\lu-er_410\lu-er_f2_67_54edd4d0.jpg,2,light_FST1_2,0,0,0.00670278025791049
ac-vu_f2_232_29bb3a16.jpg,C:\Users\Angad\Desktop\StemFellowship\data\raw\fitzpatrick\Categorized_AbbrvName\ac-vu_335\ac-vu_f2_232_29bb3a16.jpg,2,light_FST1_2,0,0,0.0030042200814932585
so-cy-ba-ce-ca_f1_11_c44f4420.jpg,C:\Users\Angad\Desktop\StemFellowship\data\raw\fitzpatrick\Categorized_AbbrvName\so-cy-ba-ce-ca_66\so-cy-ba-ce-ca_f1_11_c44f4420.jpg,1,light_FST1_2,1,1,0.7346236109733582
ur_f1_72_c9520239.jpg,C:\Users\Angad\Desktop\StemFellowship\data\raw\fitzpatrick\Categorized_AbbrvName\ur_151\ur_f1_72_c9520239.jpg,1,light_FST1_2,0,0,2.6503834305913188e-05
er-an-ce_f1_31_5245c8d9.jpg,C:\Users\Angad\Desktop\StemFellowship\data\raw\fitzpatrick\Categorized_AbbrvName\er-an-ce_88\er-an-ce_f1_31_5245c8d9.jpg,1,light_FST1_2,0,0,0.03550851717591286
le-ma_f1_2_45005e10.jpg,C:\Users\Angad\Desktop\StemFellowship\data\raw\fitzpatrick\Categorized_AbbrvName\le-ma_83\le-ma_f1_2_45005e10.jpg,1,light_FST1_2,1,1,0.9997624754905701
ec_f2_52_86cd7e56.jpg,C:\Users\Angad\Desktop\StemFellowship\data\raw\fitzpatrick\Categorized_AbbrvName\ec_204\ec_f2_52_86cd7e56.jpg,2,light_FST1_2,0,0,0.0010373934637755156
ec_f2_106_dcaccc50.jpg,C:\Users\Angad\Desktop\StemFellowship\data\raw\fitzpatrick\Categorized_AbbrvName\ec_204\ec_f2_106_dcaccc50.jpg,2,light_FST1_2,0,0,0.027105556800961494
po-ac_f3_14_9cf66703.jpg,C:\Users\Angad\Desktop\StemFellowship\data\raw\fitzpatrick\Categorized_AbbrvName\po-ac_183\po-ac_f3_14_9cf66703.jpg,3,medium_FST3_4,0,1,0.9825538992881775
ps_f2_281_2b35207e.jpg,C:\Users\Angad\Desktop\StemFellowship\data\raw\fitzpatrick\Categorized_AbbrvName\ps_653\ps_f2_281_2b35207e.jpg,2,light_FST1_2,0,0,0.011876790784299374
dr-er_f2_130_74d0b28d.jpg,C:\Users\Angad\Desktop\StemFellowship\data\raw\fitzpatrick\Categorized_AbbrvName\dr-er_200\dr-er_f2_130_74d0b28d.jpg,2,light_FST1_2,0,0,0.47358620166778564
dr-er_f6_83_ed566a3b.jpg,C:\Users\Angad\Desktop\StemFellowship\data\raw\fitzpatrick\Categorized_AbbrvName\dr-er_200\dr-er_f6_83_ed566a3b.jpg,6,dark_FST5_6,0,0,0.004394495394080877
ka-sa_f3_55_411f9076.jpg,C:\Users\Angad\Desktop\StemFellowship\data\raw\fitzpatrick\Categorized_AbbrvName\ka-sa_156\ka-sa_f3_55_411f9076.jpg,3,medium_FST3_4,1,0,0.20050111413002014
ac-en_f2_35_f26a8582.jpg,C:\Users\Angad\Desktop\StemFellowship\data\raw\fitzpatrick\Categorized_AbbrvName\ac-en_92\ac-en_f2_35_f26a8582.jpg,2,light_FST1_2,0,0,0.004518704954534769
ph_f2_81_848015a8.jpg,C:\Users\Angad\Desktop\StemFellowship\data\raw\fitzpatrick\Categorized_AbbrvName\ph_348\ph_f2_81_848015a8.jpg,2,light_FST1_2,0,0,8.726792293600738e-05
na-co_f1_72_8342209d.jpg,C:\Users\Angad\Desktop\StemFellowship\data\raw\fitzpatrick\Categorized_AbbrvName\na-co_73\na-co_f1_72_8342209d.jpg,1,light_FST1_2,0,1,0.9598913788795471
pi-ro_f2_27_661ed630.jpg,C:\Users\Angad\Desktop\StemFellowship\data\raw\fitzpatrick\Categorized_AbbrvName\pi-ro_193\pi-ro_f2_27_661ed630.jpg,2,light_FST1_2,0,0,0.0022091034334152937
mu_f3_85_519a182a.jpg,C:\Users\Angad\Desktop\StemFellowship\data\raw\fitzpatrick\Categorized_AbbrvName\mu_92\mu_f3_85_519a182a.jpg,3,medium_FST3_4,0,0,0.039336979389190674
co-ne_f2_41_cca5d4ac.jpg,C:\Users\Angad\Desktop\StemFellowship\data\raw\fitzpatrick\Categorized_AbbrvName\co-ne_68\co-ne_f2_41_cca5d4ac.jpg,2,light_FST1_2,0,0,0.002877315040677786
vi_f4_157_061a1232.jpg,C:\Users\Angad\Desktop\StemFellowship\data\raw\fitzpatrick\Categorized_AbbrvName\vi_166\vi_f4_157_061a1232.jpg,4,medium_FST3_4,0,1,0.8230693936347961
ba-ce-ca_f2_139_861205f5.jpg,C:\Users\Angad\Desktop\StemFellowship\data\raw\fitzpatrick\Categorized_AbbrvName\ba-ce-ca_468\ba-ce-ca_f2_139_861205f5.jpg,2,light_FST1_2,1,1,0.8321855068206787
pi-cy_f4_77_3a1577a8.jpg,C:\Users\Angad\Desktop\StemFellowship\data\raw\fitzpatrick\Categorized_AbbrvName\pi-cy_93\pi-cy_f4_77_3a1577a8.jpg,4,medium_FST3_4,0,0,0.07772618532180786
st-jo-sy_f1_105_4e376bd8.jpg,C:\Users\Angad\Desktop\StemFellowship\data\raw\fitzpatrick\Categorized_AbbrvName\st-jo-sy_113\st-jo-sy_f1_105_4e376bd8.jpg,1,light_FST1_2,0,0,0.0012060134904459119
ac-ke_f2_20_3b843066.jpg,C:\Users\Angad\Desktop\StemFellowship\data\raw\fitzpatrick\Categorized_AbbrvName\ac-ke_175\ac-ke_f2_20_3b843066.jpg,2,light_FST1_2,1,1,0.7553606033325195
my-fu_f6_3_b580a075.jpg,C:\Users\Angad\Desktop\StemFellowship\data\raw\fitzpatrick\Categorized_AbbrvName\my-fu_182\my-fu_f6_3_b580a075.jpg,6,dark_FST5_6,1,0,8.837435598252341e-05
vi_f5_133_d6bdb8c6.jpg,C:\Users\Angad\Desktop\StemFellowship\data\raw\fitzpatrick\Categorized_AbbrvName\vi_166\vi_f5_133_d6bdb8c6.jpg,5,dark_FST5_6,0,0,2.502467941667419e-05
li-pl_f2_237_85db83be.jpg,C:\Users\Angad\Desktop\StemFellowship\data\raw\fitzpatrick\Categorized_AbbrvName\li-pl_491\li-pl_f2_237_85db83be.jpg,2,light_FST1_2,0,0,0.026996685191988945
ba-ce-ca-mo_f1_31_12fee8f8.jpg,C:\Users\Angad\Desktop\StemFellowship\data\raw\fitzpatrick\Categorized_AbbrvName\ba-ce-ca-mo_62\ba-ce-ca-mo_f1_31_12fee8f8.jpg,1,light_FST1_2,1,0,0.4735795855522156
li-pl_f5_343_553a4c38.jpg,C:\Users\Angad\Desktop\StemFellowship\data\raw\fitzpatrick\Categorized_AbbrvName\li-pl_491\li-pl_f5_343_553a4c38.jpg,5,dark_FST5_6,0,0,0.010025711730122566
my-fu_f2_16_c981272f.jpg,C:\Users\Angad\Desktop\StemFellowship\data\raw\fitzpatrick\Categorized_AbbrvName\my-fu_182\my-fu_f2_16_c981272f.jpg,2,light_FST1_2,1,1,0.9874445199966431
gr-py_f4_14_52267322.jpg,C:\Users\Angad\Desktop\StemFellowship\data\raw\fitzpatrick\Categorized_AbbrvName\gr-py_75\gr-py_f4_14_52267322.jpg,4,medium_FST3_4,0,0,0.0032364600338041782
ba-ce-ca_f3_72_9f3e74ee.jpg,C:\Users\Angad\Desktop\StemFellowship\data\raw\fitzpatrick\Categorized_AbbrvName\ba-ce-ca_468\ba-ce-ca_f3_72_9f3e74ee.jpg,3,medium_FST3_4,1,1,0.9921886920928955
ph_f4_16_85c0d757.jpg,C:\Users\Angad\Desktop\StemFellowship\data\raw\fitzpatrick\Categorized_AbbrvName\ph_348\ph_f4_16_85c0d757.jpg,4,medium_FST3_4,0,0,1.2881118891527876e-05
ur-pi_f1_79_0f674cde.jpg,C:\Users\Angad\Desktop\StemFellowship\data\raw\fitzpatrick\Categorized_AbbrvName\ur-pi_112\ur-pi_f1_79_0f674cde.jpg,1,light_FST1_2,0,0,0.0006665857508778572
fo-sp_f4_92_bcee3f63.jpg,C:\Users\Angad\Desktop\StemFellowship\data\raw\fitzpatrick\Categorized_AbbrvName\fo-sp_100\fo-sp_f4_92_bcee3f63.jpg,4,medium_FST3_4,0,0,0.0013240743428468704
ma-me_f3_97_2cd4cd28.jpg,C:\Users\Angad\Desktop\StemFellowship\data\raw\fitzpatrick\Categorized_AbbrvName\ma-me_111\ma-me_f3_97_2cd4cd28.jpg,3,medium_FST3_4,1,1,0.9739288687705994
er-an-ce_f2_49_eaf7cc49.jpg,C:\Users\Angad\Desktop\StemFellowship\data\raw\fitzpatrick\Categorized_AbbrvName\er-an-ce_88\er-an-ce_f2_49_eaf7cc49.jpg,2,light_FST1_2,0,0,0.012368997558951378
ne-in_f4_35_5e752b37.jpg,C:\Users\Angad\Desktop\StemFellowship\data\raw\fitzpatrick\Categorized_AbbrvName\ne-in_260\ne-in_f4_35_5e752b37.jpg,4,medium_FST3_4,0,0,0.0008637090213596821
lu-er_f2_301_dafd1b7a.jpg,C:\Users\Angad\Desktop\StemFellowship\data\raw\fitzpatrick\Categorized_AbbrvName\lu-er_410\lu-er_f2_301_dafd1b7a.jpg,2,light_FST1_2,0,0,0.0003380635171197355
sy_f3_65_9be0f8e4.jpg,C:\Users\Angad\Desktop\StemFellowship\data\raw\fitzpatrick\Categorized_AbbrvName\sy_127\sy_f3_65_9be0f8e4.jpg,3,medium_FST3_4,0,0,1.3463083632814232e-05
te_f2_56_e52b7a2a.jpg,C:\Users\Angad\Desktop\StemFellowship\data\raw\fitzpatrick\Categorized_AbbrvName\te_126\te_f2_56_e52b7a2a.jpg,2,light_FST1_2,0,0,0.0010308630298823118
ca-cu_f6_73_434205c8.jpg,C:\Users\Angad\Desktop\StemFellowship\data\raw\fitzpatrick\Categorized_AbbrvName\ca-cu_80\ca-cu_f6_73_434205c8.jpg,6,dark_FST5_6,0,0,0.049321066588163376
le-ma_f4_71_80203c8b.jpg,C:\Users\Angad\Desktop\StemFellowship\data\raw\fitzpatrick\Categorized_AbbrvName\le-ma_83\le-ma_f4_71_80203c8b.jpg,4,medium_FST3_4,1,1,0.9774208664894104
ju-xa_f2_96_6a6695fc.jpg,C:\Users\Angad\Desktop\StemFellowship\data\raw\fitzpatrick\Categorized_AbbrvName\ju-xa_149\ju-xa_f2_96_6a6695fc.jpg,2,light_FST1_2,0,0,0.0009532505646348
ka-sa_f6_41_be14688e.jpg,C:\Users\Angad\Desktop\StemFellowship\data\raw\fitzpatrick\Categorized_AbbrvName\ka-sa_156\ka-sa_f6_41_be14688e.jpg,6,dark_FST5_6,1,0,0.1389082968235016
xa_f3_2_8c28b566.jpg,C:\Users\Angad\Desktop\StemFellowship\data\raw\fitzpatrick\Categorized_AbbrvName\xa_53\xa_f3_2_8c28b566.jpg,3,medium_FST3_4,0,0,0.00010511776781640947
er-el-di_f2_0_8fdb7ba5.jpg,C:\Users\Angad\Desktop\StemFellowship\data\raw\fitzpatrick\Categorized_AbbrvName\er-el-di_55\er-el-di_f2_0_8fdb7ba5.jpg,2,light_FST1_2,0,0,0.0016057105967774987
ne-in_f2_71_195973a8.jpg,C:\Users\Angad\Desktop\StemFellowship\data\raw\fitzpatrick\Categorized_AbbrvName\ne-in_260\ne-in_f2_71_195973a8.jpg,2,light_FST1_2,0,0,0.0393001027405262
eh-da-sy_f3_91_9952c884.jpg,C:\Users\Angad\Desktop\StemFellowship\data\raw\fitzpatrick\Categorized_AbbrvName\eh-da-sy_127\eh-da-sy_f3_91_9952c884.jpg,3,medium_FST3_4,0,0,0.0012844946468248963
ep-ne_f2_84_cbb929b7.jpg,C:\Users\Angad\Desktop\StemFellowship\data\raw\fitzpatrick\Categorized_AbbrvName\ep-ne_91\ep-ne_f2_84_cbb929b7.jpg,2,light_FST1_2,0,0,0.28556767106056213
pi-ro_f5_135_72f10ad8.jpg,C:\Users\Angad\Desktop\StemFellowship\data\raw\fitzpatrick\Categorized_AbbrvName\pi-ro_193\pi-ro_f5_135_72f10ad8.jpg,5,dark_FST5_6,0,0,9.407248580828309e-05
in-pi_f4_36_eefdf8cd.jpg,C:\Users\Angad\Desktop\StemFellowship\data\raw\fitzpatrick\Categorized_AbbrvName\in-pi_102\in-pi_f4_36_eefdf8cd.jpg,4,medium_FST3_4,0,0,0.0004394835268612951
ly-di_f3_90_91c02a03.jpg,C:\Users\Angad\Desktop\StemFellowship\data\raw\fitzpatrick\Categorized_AbbrvName\ly-di_129\ly-di_f3_90_91c02a03.jpg,3,medium_FST3_4,0,0,0.008664771914482117
ha-ha-di_f2_58_911715df.jpg,C:\Users\Angad\Desktop\StemFellowship\data\raw\fitzpatrick\Categorized_AbbrvName\ha-ha-di_174\ha-ha-di_f2_58_911715df.jpg,2,light_FST1_2,0,0,0.0026384310331195593
ha-ha-di_f2_28_d0ced9e5.jpg,C:\Users\Angad\Desktop\StemFellowship\data\raw\fitzpatrick\Categorized_AbbrvName\ha-ha-di_174\ha-ha-di_f2_28_d0ced9e5.jpg,2,light_FST1_2,0,0,0.02265188656747341
ne-in_f3_197_fa6ca6c8.jpg,C:\Users\Angad\Desktop\StemFellowship\data\raw\fitzpatrick\Categorized_AbbrvName\ne-in_260\ne-in_f3_197_fa6ca6c8.jpg,3,medium_FST3_4,0,0,0.003285416401922703
ur-pi_f2_15_e874b7a7.jpg,C:\Users\Angad\Desktop\StemFellowship\data\raw\fitzpatrick\Categorized_AbbrvName\ur-pi_112\ur-pi_f2_15_e874b7a7.jpg,2,light_FST1_2,0,0,0.00014332449063658714
pi-ro_f2_110_4bc382e6.jpg,C:\Users\Angad\Desktop\StemFellowship\data\raw\fitzpatrick\Categorized_AbbrvName\pi-ro_193\pi-ro_f2_110_4bc382e6.jpg,2,light_FST1_2,0,0,0.0003932761319447309
ba-ce-ca_f2_82_f576c38e.jpg,C:\Users\Angad\Desktop\StemFellowship\data\raw\fitzpatrick\Categorized_AbbrvName\ba-ce-ca_468\ba-ce-ca_f2_82_f576c38e.jpg,2,light_FST1_2,1,1,0.9990498423576355
se-de_f1_20_22ab1ad4.jpg,C:\Users\Angad\Desktop\StemFellowship\data\raw\fitzpatrick\Categorized_AbbrvName\se-de_126\se-de_f1_20_22ab1ad4.jpg,1,light_FST1_2,0,0,0.0030079041607677937
pu-ps_f1_48_9e03d302.jpg,C:\Users\Angad\Desktop\StemFellowship\data\raw\fitzpatrick\Categorized_AbbrvName\pu-ps_53\pu-ps_f1_48_9e03d302.jpg,1,light_FST1_2,0,0,0.0012653423473238945
ne-in_f1_14_10cb8fd5.jpg,C:\Users\Angad\Desktop\StemFellowship\data\raw\fitzpatrick\Categorized_AbbrvName\ne-in_260\ne-in_f1_14_10cb8fd5.jpg,1,light_FST1_2,0,0,0.006766801699995995
al-co-de_f4_133_2a258761.jpg,C:\Users\Angad\Desktop\StemFellowship\data\raw\fitzpatrick\Categorized_AbbrvName\al-co-de_430\al-co-de_f4_133_2a258761.jpg,4,medium_FST3_4,0,0,0.34355783462524414
er-no_f1_26_829edfa1.jpg,C:\Users\Angad\Desktop\StemFellowship\data\raw\fitzpatrick\Categorized_AbbrvName\er-no_81\er-no_f1_26_829edfa1.jpg,1,light_FST1_2,0,0,0.002251934027299285
dr-in-pi-ch_f4_57_ad82e42d.jpg,C:\Users\Angad\Desktop\StemFellowship\data\raw\fitzpatrick\Categorized_AbbrvName\dr-in-pi-ch_71\dr-in-pi-ch_f4_57_ad82e42d.jpg,4,medium_FST3_4,0,0,0.0028283707797527313
ep-bu_f1_24_e7827073.jpg,C:\Users\Angad\Desktop\StemFellowship\data\raw\fitzpatrick\Categorized_AbbrvName\ep-bu_70\ep-bu_f1_24_e7827073.jpg,1,light_FST1_2,0,0,0.009526138193905354
pi-ro_f3_22_b1a49944.jpg,C:\Users\Angad\Desktop\StemFellowship\data\raw\fitzpatrick\Categorized_AbbrvName\pi-ro_193\pi-ro_f3_22_b1a49944.jpg,3,medium_FST3_4,0,0,6.229310383787379e-05
po_f3_56_91258044.jpg,C:\Users\Angad\Desktop\StemFellowship\data\raw\fitzpatrick\Categorized_AbbrvName\po_127\po_f3_56_91258044.jpg,3,medium_FST3_4,0,0,0.006282119546085596
ju-xa_f4_7_32170ab2.jpg,C:\Users\Angad\Desktop\StemFellowship\data\raw\fitzpatrick\Categorized_AbbrvName\ju-xa_149\ju-xa_f4_7_32170ab2.jpg,4,medium_FST3_4,0,1,0.8245513439178467
ph_f1_29_6f093d06.jpg,C:\Users\Angad\Desktop\StemFellowship\data\raw\fitzpatrick\Categorized_AbbrvName\ph_348\ph_f1_29_6f093d06.jpg,1,light_FST1_2,0,0,0.0810653418302536
la-ce-hi_f2_9_b34922b3.jpg,C:\Users\Angad\Desktop\StemFellowship\data\raw\fitzpatrick\Categorized_AbbrvName\la-ce-hi_60\la-ce-hi_f2_9_b34922b3.jpg,2,light_FST1_2,0,0,8.282081398647279e-05
ba-ce-ca_f4_326_aba2c3ec.jpg,C:\Users\Angad\Desktop\StemFellowship\data\raw\fitzpatrick\Categorized_AbbrvName\ba-ce-ca_468\ba-ce-ca_f4_326_aba2c3ec.jpg,4,medium_FST3_4,1,1,0.9291248321533203
st-ed_f5_18_3ad2e6f5.jpg,C:\Users\Angad\Desktop\StemFellowship\data\raw\fitzpatrick\Categorized_AbbrvName\st-ed_69\st-ed_f5_18_3ad2e6f5.jpg,5,dark_FST5_6,0,0,0.1396114081144333
li-pl_f3_434_ec1d0ea2.jpg,C:\Users\Angad\Desktop\StemFellowship\data\raw\fitzpatrick\Categorized_AbbrvName\li-pl_491\li-pl_f3_434_ec1d0ea2.jpg,3,medium_FST3_4,0,0,0.0202060304582119
ka-sa_f3_103_2c79733c.jpg,C:\Users\Angad\Desktop\StemFellowship\data\raw\fitzpatrick\Categorized_AbbrvName\ka-sa_156\ka-sa_f3_103_2c79733c.jpg,3,medium_FST3_4,1,1,0.769300639629364
ph_f1_5_c014669f.jpg,C:\Users\Angad\Desktop\StemFellowship\data\raw\fitzpatrick\Categorized_AbbrvName\ph_348\ph_f1_5_c014669f.jpg,1,light_FST1_2,0,0,0.004257507156580687
st_f2_14_26783aea.jpg,C:\Users\Angad\Desktop\StemFellowship\data\raw\fitzpatrick\Categorized_AbbrvName\st_67\st_f2_14_26783aea.jpg,2,light_FST1_2,0,1,0.679865837097168
fo-sp_f2_3_3f7aaf6d.jpg,C:\Users\Angad\Desktop\StemFellowship\data\raw\fitzpatrick\Categorized_AbbrvName\fo-sp_100\fo-sp_f2_3_3f7aaf6d.jpg,2,light_FST1_2,0,0,0.03583106771111488
tu_f2_138_fc3b5ed9.jpg,C:\Users\Angad\Desktop\StemFellowship\data\raw\fitzpatrick\Categorized_AbbrvName\tu_152\tu_f2_138_fc3b5ed9.jpg,2,light_FST1_2,0,0,0.21385601162910461
er-mu_f1_18_de2514c9.jpg,C:\Users\Angad\Desktop\StemFellowship\data\raw\fitzpatrick\Categorized_AbbrvName\er-mu_236\er-mu_f1_18_de2514c9.jpg,1,light_FST1_2,0,0,0.002756661269813776
ti-bi_f2_46_807e7342.jpg,C:\Users\Angad\Desktop\StemFellowship\data\raw\fitzpatrick\Categorized_AbbrvName\ti-bi_73\ti-bi_f2_46_807e7342.jpg,2,light_FST1_2,0,0,0.039655961096286774
pi-ro_f3_182_5fa19ac2.jpg,C:\Users\Angad\Desktop\StemFellowship\data\raw\fitzpatrick\Categorized_AbbrvName\pi-ro_193\pi-ro_f3_182_5fa19ac2.jpg,3,medium_FST3_4,0,0,7.599696255056188e-05
ph_f3_225_f563950a.jpg,C:\Users\Angad\Desktop\StemFellowship\data\raw\fitzpatrick\Categorized_AbbrvName\ph_348\ph_f3_225_f563950a.jpg,3,medium_FST3_4,0,0,0.0035212039947509766
gr-an_f1_151_83c0726e.jpg,C:\Users\Angad\Desktop\StemFellowship\data\raw\fitzpatrick\Categorized_AbbrvName\gr-an_211\gr-an_f1_151_83c0726e.jpg,1,light_FST1_2,0,0,0.024698320776224136
sq-ce-ca_f1_474_f7e7fb15.jpg,C:\Users\Angad\Desktop\StemFellowship\data\raw\fitzpatrick\Categorized_AbbrvName\sq-ce-ca_581\sq-ce-ca_f1_474_f7e7fb15.jpg,1,light_FST1_2,1,1,0.9315891265869141
pi-ru-pi_f4_129_3fcf0077.jpg,C:\Users\Angad\Desktop\StemFellowship\data\raw\fitzpatrick\Categorized_AbbrvName\pi-ru-pi_278\pi-ru-pi_f4_129_3fcf0077.jpg,4,medium_FST3_4,0,0,0.048286475241184235
ps_f2_178_4603fefb.jpg,C:\Users\Angad\Desktop\StemFellowship\data\raw\fitzpatrick\Categorized_AbbrvName\ps_653\ps_f2_178_4603fefb.jpg,2,light_FST1_2,0,0,0.005830666050314903
po_f3_82_b2dfc106.jpg,C:\Users\Angad\Desktop\StemFellowship\data\raw\fitzpatrick\Categorized_AbbrvName\po_127\po_f3_82_b2dfc106.jpg,3,medium_FST3_4,0,0,0.03965676203370094
pa_f4_45_a33ce0b9.jpg,C:\Users\Angad\Desktop\StemFellowship\data\raw\fitzpatrick\Categorized_AbbrvName\pa_59\pa_f4_45_a33ce0b9.jpg,4,medium_FST3_4,0,0,2.7950000003329478e-05
tu-sc_f2_45_024df410.jpg,C:\Users\Angad\Desktop\StemFellowship\data\raw\fitzpatrick\Categorized_AbbrvName\tu-sc_141\tu-sc_f2_45_024df410.jpg,2,light_FST1_2,0,0,0.0014551598578691483
ec_f3_178_c24bf40a.jpg,C:\Users\Angad\Desktop\StemFellowship\data\raw\fitzpatrick\Categorized_AbbrvName\ec_204\ec_f3_178_c24bf40a.jpg,3,medium_FST3_4,0,0,0.0006695655174553394
pe-li_f3_97_94678fff.jpg,C:\Users\Angad\Desktop\StemFellowship\data\raw\fitzpatrick\Categorized_AbbrvName\pe-li_151\pe-li_f3_97_94678fff.jpg,3,medium_FST3_4,0,0,1.1462872862466611e-05
la-ce-hi_f1_23_8361c316.jpg,C:\Users\Angad\Desktop\StemFellowship\data\raw\fitzpatrick\Categorized_AbbrvName\la-ce-hi_60\la-ce-hi_f1_23_8361c316.jpg,1,light_FST1_2,0,0,0.0374801941215992
ke_f1_44_32cf32ea.jpg,C:\Users\Angad\Desktop\StemFellowship\data\raw\fitzpatrick\Categorized_AbbrvName\ke_156\ke_f1_44_32cf32ea.jpg,1,light_FST1_2,0,0,0.0478934720158577
py-gr_f5_43_be8b6845.jpg,C:\Users\Angad\Desktop\StemFellowship\data\raw\fitzpatrick\Categorized_AbbrvName\py-gr_113\py-gr_f5_43_be8b6845.jpg,5,dark_FST5_6,0,0,0.16455698013305664
lu-er_f2_79_51cf65ee.jpg,C:\Users\Angad\Desktop\StemFellowship\data\raw\fitzpatrick\Categorized_AbbrvName\lu-er_410\lu-er_f2_79_51cf65ee.jpg,2,light_FST1_2,0,0,0.1302739679813385
ke-pi_f5_48_96648076.jpg,C:\Users\Angad\Desktop\StemFellowship\data\raw\fitzpatrick\Categorized_AbbrvName\ke-pi_78\ke-pi_f5_48_96648076.jpg,5,dark_FST5_6,0,0,0.00010484767699381337
me_f3_253_4695bfda.jpg,C:\Users\Angad\Desktop\StemFellowship\data\raw\fitzpatrick\Categorized_AbbrvName\me_261\me_f3_253_4695bfda.jpg,3,medium_FST3_4,1,1,0.9994105100631714
ne-de_f3_64_07c56513.jpg,C:\Users\Angad\Desktop\StemFellowship\data\raw\fitzpatrick\Categorized_AbbrvName\ne-de_361\ne-de_f3_64_07c56513.jpg,3,medium_FST3_4,0,0,0.1314297318458557
my-fu_f1_175_ac684a3d.jpg,C:\Users\Angad\Desktop\StemFellowship\data\raw\fitzpatrick\Categorized_AbbrvName\my-fu_182\my-fu_f1_175_ac684a3d.jpg,1,light_FST1_2,1,1,0.5361259579658508
pi_f3_31_6275c16e.jpg,C:\Users\Angad\Desktop\StemFellowship\data\raw\fitzpatrick\Categorized_AbbrvName\pi_53\pi_f3_31_6275c16e.jpg,3,medium_FST3_4,0,0,0.008351200260221958
fo_f4_72_bb197293.jpg,C:\Users\Angad\Desktop\StemFellowship\data\raw\fitzpatrick\Categorized_AbbrvName\fo_342\fo_f4_72_bb197293.jpg,4,medium_FST3_4,0,0,0.0002608063514344394
sq-ce-ca_f2_241_ef876492.jpg,C:\Users\Angad\Desktop\StemFellowship\data\raw\fitzpatrick\Categorized_AbbrvName\sq-ce-ca_581\sq-ce-ca_f2_241_ef876492.jpg,2,light_FST1_2,1,1,0.9343081116676331
pi-ru-pi_f5_113_528e8095.jpg,C:\Users\Angad\Desktop\StemFellowship\data\raw\fitzpatrick\Categorized_AbbrvName\pi-ru-pi_278\pi-ru-pi_f5_113_528e8095.jpg,5,dark_FST5_6,0,0,0.00490278284996748
ba-ce-ca_f2_63_badbfab4.jpg,C:\Users\Angad\Desktop\StemFellowship\data\raw\fitzpatrick\Categorized_AbbrvName\ba-ce-ca_468\ba-ce-ca_f2_63_badbfab4.jpg,2,light_FST1_2,1,1,0.8829730749130249
ps_f1_283_7215ee9b.jpg,C:\Users\Angad\Desktop\StemFellowship\data\raw\fitzpatrick\Categorized_AbbrvName\ps_653\ps_f1_283_7215ee9b.jpg,1,light_FST1_2,0,0,0.002517655258998275
ne-de_f2_39_8b55e41b.jpg,C:\Users\Angad\Desktop\StemFellowship\data\raw\fitzpatrick\Categorized_AbbrvName\ne-de_361\ne-de_f2_39_8b55e41b.jpg,2,light_FST1_2,0,1,0.9032524824142456
ps_f4_556_b33df4d9.jpg,C:\Users\Angad\Desktop\StemFellowship\data\raw\fitzpatrick\Categorized_AbbrvName\ps_653\ps_f4_556_b33df4d9.jpg,4,medium_FST3_4,0,0,0.0029462999664247036
ne-ex_f3_58_42f803e6.jpg,C:\Users\Angad\Desktop\StemFellowship\data\raw\fitzpatrick\Categorized_AbbrvName\ne-ex_73\ne-ex_f3_58_42f803e6.jpg,3,medium_FST3_4,0,0,0.0015257587656378746
ac_f1_127_f65b54cd.jpg,C:\Users\Angad\Desktop\StemFellowship\data\raw\fitzpatrick\Categorized_AbbrvName\ac_183\ac_f1_127_f65b54cd.jpg,1,light_FST1_2,0,0,0.000197733286768198
lu-er_f4_390_5348d2e6.jpg,C:\Users\Angad\Desktop\StemFellowship\data\raw\fitzpatrick\Categorized_AbbrvName\lu-er_410\lu-er_f4_390_5348d2e6.jpg,4,medium_FST3_4,0,0,0.002550622448325157
py-gr_f2_48_a7a5cd82.jpg,C:\Users\Angad\Desktop\StemFellowship\data\raw\fitzpatrick\Categorized_AbbrvName\py-gr_113\py-gr_f2_48_a7a5cd82.jpg,2,light_FST1_2,0,1,0.9552677273750305
po_f5_59_659f58e8.jpg,C:\Users\Angad\Desktop\StemFellowship\data\raw\fitzpatrick\Categorized_AbbrvName\po_127\po_f5_59_659f58e8.jpg,5,dark_FST5_6,0,1,0.9804012179374695
ps_f2_25_ecfbdbcc.jpg,C:\Users\Angad\Desktop\StemFellowship\data\raw\fitzpatrick\Categorized_AbbrvName\ps_653\ps_f2_25_ecfbdbcc.jpg,2,light_FST1_2,0,1,0.6489734053611755
ur_f3_17_2fbb5c92.jpg,C:\Users\Angad\Desktop\StemFellowship\data\raw\fitzpatrick\Categorized_AbbrvName\ur_151\ur_f3_17_2fbb5c92.jpg,3,medium_FST3_4,0,0,0.0005579872522503138
ph_f2_127_2f127e14.jpg,C:\Users\Angad\Desktop\StemFellowship\data\raw\fitzpatrick\Categorized_AbbrvName\ph_348\ph_f2_127_2f127e14.jpg,2,light_FST1_2,0,0,0.0009276973432861269
st-jo-sy_f1_95_e3c9c1bd.jpg,C:\Users\Angad\Desktop\StemFellowship\data\raw\fitzpatrick\Categorized_AbbrvName\st-jo-sy_113\st-jo-sy_f1_95_e3c9c1bd.jpg,1,light_FST1_2,0,0,0.0020646289922297
in-pi_f2_91_3e55320f.jpg,C:\Users\Angad\Desktop\StemFellowship\data\raw\fitzpatrick\Categorized_AbbrvName\in-pi_102\in-pi_f2_91_3e55320f.jpg,2,light_FST1_2,0,0,0.008107446134090424
pe-li_f1_149_ac777801.jpg,C:\Users\Angad\Desktop\StemFellowship\data\raw\fitzpatrick\Categorized_AbbrvName\pe-li_151\pe-li_f1_149_ac777801.jpg,1,light_FST1_2,0,0,0.0021623405627906322
lu-su_f2_15_438a1bfa.jpg,C:\Users\Angad\Desktop\StemFellowship\data\raw\fitzpatrick\Categorized_AbbrvName\lu-su_111\lu-su_f2_15_438a1bfa.jpg,2,light_FST1_2,0,0,0.002064281143248081
li-si_f1_60_ac2e6a82.jpg,C:\Users\Angad\Desktop\StemFellowship\data\raw\fitzpatrick\Categorized_AbbrvName\li-si_97\li-si_f1_60_ac2e6a82.jpg,1,light_FST1_2,0,0,0.05068882182240486
lu-er_f4_380_e152ce17.jpg,C:\Users\Angad\Desktop\StemFellowship\data\raw\fitzpatrick\Categorized_AbbrvName\lu-er_410\lu-er_f4_380_e152ce17.jpg,4,medium_FST3_4,0,0,0.0024878240656107664
sa_f4_71_50c2273f.jpg,C:\Users\Angad\Desktop\StemFellowship\data\raw\fitzpatrick\Categorized_AbbrvName\sa_349\sa_f4_71_50c2273f.jpg,4,medium_FST3_4,0,0,0.0002525296004023403
ps_f3_359_c5af9001.jpg,C:\Users\Angad\Desktop\StemFellowship\data\raw\fitzpatrick\Categorized_AbbrvName\ps_653\ps_f3_359_c5af9001.jpg,3,medium_FST3_4,0,1,0.7642179727554321
co-ne_f1_10_8169683a.jpg,C:\Users\Angad\Desktop\StemFellowship\data\raw\fitzpatrick\Categorized_AbbrvName\co-ne_68\co-ne_f1_10_8169683a.jpg,1,light_FST1_2,0,0,0.000640294689219445
sq-ce-ca_f2_44_c2ef361b.jpg,C:\Users\Angad\Desktop\StemFellowship\data\raw\fitzpatrick\Categorized_AbbrvName\sq-ce-ca_581\sq-ce-ca_f2_44_c2ef361b.jpg,2,light_FST1_2,1,1,0.990912914276123
ur_f2_97_3acd23bc.jpg,C:\Users\Angad\Desktop\StemFellowship\data\raw\fitzpatrick\Categorized_AbbrvName\ur_151\ur_f2_97_3acd23bc.jpg,2,light_FST1_2,0,0,0.0003957224835176021
ac-au-bu-di-ge_f1_42_b1e146e2.jpg,C:\Users\Angad\Desktop\StemFellowship\data\raw\fitzpatrick\Categorized_AbbrvName\ac-au-bu-di-ge_67\ac-au-bu-di-ge_f1_42_b1e146e2.jpg,1,light_FST1_2,0,0,0.005784462671726942
ps_f3_511_b457eadc.jpg,C:\Users\Angad\Desktop\StemFellowship\data\raw\fitzpatrick\Categorized_AbbrvName\ps_653\ps_f3_511_b457eadc.jpg,3,medium_FST3_4,0,0,0.012296268716454506
ac-au-bu-di-ge_f3_58_01506c81.jpg,C:\Users\Angad\Desktop\StemFellowship\data\raw\fitzpatrick\Categorized_AbbrvName\ac-au-bu-di-ge_67\ac-au-bu-di-ge_f3_58_01506c81.jpg,3,medium_FST3_4,0,0,0.0013062241487205029
ke_f4_137_d1cd51f1.jpg,C:\Users\Angad\Desktop\StemFellowship\data\raw\fitzpatrick\Categorized_AbbrvName\ke_156\ke_f4_137_d1cd51f1.jpg,4,medium_FST3_4,0,0,0.00584364403039217
ps_f4_475_0be7804d.jpg,C:\Users\Angad\Desktop\StemFellowship\data\raw\fitzpatrick\Categorized_AbbrvName\ps_653\ps_f4_475_0be7804d.jpg,4,medium_FST3_4,0,0,0.21875306963920593
ec_f1_67_f15bc382.jpg,C:\Users\Angad\Desktop\StemFellowship\data\raw\fitzpatrick\Categorized_AbbrvName\ec_204\ec_f1_67_f15bc382.jpg,1,light_FST1_2,0,0,0.0624946728348732
in-pi_f3_2_3c79c343.jpg,C:\Users\Angad\Desktop\StemFellowship\data\raw\fitzpatrick\Categorized_AbbrvName\in-pi_102\in-pi_f3_2_3c79c343.jpg,3,medium_FST3_4,0,0,0.008504388853907585
se-ke_f1_60_46d63b65.jpg,C:\Users\Angad\Desktop\StemFellowship\data\raw\fitzpatrick\Categorized_AbbrvName\se-ke_69\se-ke_f1_60_46d63b65.jpg,1,light_FST1_2,0,1,0.6107754707336426
sq-ce-ca_f1_119_8e78549a.jpg,C:\Users\Angad\Desktop\StemFellowship\data\raw\fitzpatrick\Categorized_AbbrvName\sq-ce-ca_581\sq-ce-ca_f1_119_8e78549a.jpg,1,light_FST1_2,1,1,0.9067902565002441
ps_f5_633_e0ccb5e5.jpg,C:\Users\Angad\Desktop\StemFellowship\data\raw\fitzpatrick\Categorized_AbbrvName\ps_653\ps_f5_633_e0ccb5e5.jpg,5,dark_FST5_6,0,0,0.002243222203105688
ne-in_f3_153_182c8a53.jpg,C:\Users\Angad\Desktop\StemFellowship\data\raw\fitzpatrick\Categorized_AbbrvName\ne-in_260\ne-in_f3_153_182c8a53.jpg,3,medium_FST3_4,0,0,0.0012842658907175064
vi_f5_119_6aa839fc.jpg,C:\Users\Angad\Desktop\StemFellowship\data\raw\fitzpatrick\Categorized_AbbrvName\vi_166\vi_f5_119_6aa839fc.jpg,5,dark_FST5_6,0,0,0.1105392724275589
la-ce-hi_f1_54_f3609b75.jpg,C:\Users\Angad\Desktop\StemFellowship\data\raw\fitzpatrick\Categorized_AbbrvName\la-ce-hi_60\la-ce-hi_f1_54_f3609b75.jpg,1,light_FST1_2,0,1,0.9084450602531433
in-pi_f3_75_fac177c1.jpg,C:\Users\Angad\Desktop\StemFellowship\data\raw\fitzpatrick\Categorized_AbbrvName\in-pi_102\in-pi_f3_75_fac177c1.jpg,3,medium_FST3_4,0,0,0.00032532261684536934
fo_f2_48_ffbe4f79.jpg,C:\Users\Angad\Desktop\StemFellowship\data\raw\fitzpatrick\Categorized_AbbrvName\fo_342\fo_f2_48_ffbe4f79.jpg,2,light_FST1_2,0,0,0.000297601887723431
lu-er_f2_184_3b4bde58.jpg,C:\Users\Angad\Desktop\StemFellowship\data\raw\fitzpatrick\Categorized_AbbrvName\lu-er_410\lu-er_f2_184_3b4bde58.jpg,2,light_FST1_2,0,0,0.3517189919948578
li-si_f2_52_44bc5141.jpg,C:\Users\Angad\Desktop\StemFellowship\data\raw\fitzpatrick\Categorized_AbbrvName\li-si_97\li-si_f2_52_44bc5141.jpg,2,light_FST1_2,0,1,0.9805452823638916
ec_f3_197_211086e0.jpg,C:\Users\Angad\Desktop\StemFellowship\data\raw\fitzpatrick\Categorized_AbbrvName\ec_204\ec_f3_197_211086e0.jpg,3,medium_FST3_4,0,0,0.06252700835466385
in-pi_f2_20_dcf5d5da.jpg,C:\Users\Angad\Desktop\StemFellowship\data\raw\fitzpatrick\Categorized_AbbrvName\in-pi_102\in-pi_f2_20_dcf5d5da.jpg,2,light_FST1_2,0,0,0.0004206041048746556
ne-li_f4_1_8438db40.jpg,C:\Users\Angad\Desktop\StemFellowship\data\raw\fitzpatrick\Categorized_AbbrvName\ne-li_123\ne-li_f4_1_8438db40.jpg,4,medium_FST3_4,0,0,0.000504038471262902
ne-in_f2_51_5ef1455e.jpg,C:\Users\Angad\Desktop\StemFellowship\data\raw\fitzpatrick\Categorized_AbbrvName\ne-in_260\ne-in_f2_51_5ef1455e.jpg,2,light_FST1_2,0,0,0.0010721244616433978
er-mu_f5_142_dc7daff6.jpg,C:\Users\Angad\Desktop\StemFellowship\data\raw\fitzpatrick\Categorized_AbbrvName\er-mu_236\er-mu_f5_142_dc7daff6.jpg,5,dark_FST5_6,0,0,0.0035181220155209303
dr-in-pi-ch_f6_33_dc9e6073.jpg,C:\Users\Angad\Desktop\StemFellowship\data\raw\fitzpatrick\Categorized_AbbrvName\dr-in-pi-ch_71\dr-in-pi-ch_f6_33_dc9e6073.jpg,6,dark_FST5_6,0,0,0.008807932026684284
pe-de_f2_43_6862ef7f.jpg,C:\Users\Angad\Desktop\StemFellowship\data\raw\fitzpatrick\Categorized_AbbrvName\pe-de_61\pe-de_f2_43_6862ef7f.jpg,2,light_FST1_2,0,0,7.375342102022842e-05
se-de_f1_54_8c146796.jpg,C:\Users\Angad\Desktop\StemFellowship\data\raw\fitzpatrick\Categorized_AbbrvName\se-de_126\se-de_f1_54_8c146796.jpg,1,light_FST1_2,0,0,0.0002686746302060783
gr-an_f2_0_9dc73230.jpg,C:\Users\Angad\Desktop\StemFellowship\data\raw\fitzpatrick\Categorized_AbbrvName\gr-an_211\gr-an_f2_0_9dc73230.jpg,2,light_FST1_2,0,0,0.03483167290687561
ps_f6_367_b6f9c924.jpg,C:\Users\Angad\Desktop\StemFellowship\data\raw\fitzpatrick\Categorized_AbbrvName\ps_653\ps_f6_367_b6f9c924.jpg,6,dark_FST5_6,0,0,0.1693059653043747
ne-in_f3_32_c07cacc0.jpg,C:\Users\Angad\Desktop\StemFellowship\data\raw\fitzpatrick\Categorized_AbbrvName\ne-in_260\ne-in_f3_32_c07cacc0.jpg,3,medium_FST3_4,0,0,0.0002375580370426178
fo_f3_313_728f4e10.jpg,C:\Users\Angad\Desktop\StemFellowship\data\raw\fitzpatrick\Categorized_AbbrvName\fo_342\fo_f3_313_728f4e10.jpg,3,medium_FST3_4,0,0,0.000345781707437709
ur-pi_f1_87_9631fcf4.jpg,C:\Users\Angad\Desktop\StemFellowship\data\raw\fitzpatrick\Categorized_AbbrvName\ur-pi_112\ur-pi_f1_87_9631fcf4.jpg,1,light_FST1_2,0,0,5.130616409587674e-05
fi-er_f4_22_c20e5d95.jpg,C:\Users\Angad\Desktop\StemFellowship\data\raw\fitzpatrick\Categorized_AbbrvName\fi-er_125\fi-er_f4_22_c20e5d95.jpg,4,medium_FST3_4,0,0,0.12234452366828918
fo_f2_24_13e27cd3.jpg,C:\Users\Angad\Desktop\StemFellowship\data\raw\fitzpatrick\Categorized_AbbrvName\fo_342\fo_f2_24_13e27cd3.jpg,2,light_FST1_2,0,0,0.009210757911205292
ne-ne_f2_22_870cd24c.jpg,C:\Users\Angad\Desktop\StemFellowship\data\raw\fitzpatrick\Categorized_AbbrvName\ne-ne_86\ne-ne_f2_22_870cd24c.jpg,2,light_FST1_2,0,0,0.055358611047267914
po-ac_f3_181_29818f25.jpg,C:\Users\Angad\Desktop\StemFellowship\data\raw\fitzpatrick\Categorized_AbbrvName\po-ac_183\po-ac_f3_181_29818f25.jpg,3,medium_FST3_4,0,0,0.4204148054122925
dr-er_f2_150_91f03ff7.jpg,C:\Users\Angad\Desktop\StemFellowship\data\raw\fitzpatrick\Categorized_AbbrvName\dr-er_200\dr-er_f2_150_91f03ff7.jpg,2,light_FST1_2,0,0,3.5588036553235725e-05
ph_f3_46_344a8714.jpg,C:\Users\Angad\Desktop\StemFellowship\data\raw\fitzpatrick\Categorized_AbbrvName\ph_348\ph_f3_46_344a8714.jpg,3,medium_FST3_4,0,0,0.0008783750818111002
ch_f2_59_29976dbd.jpg,C:\Users\Angad\Desktop\StemFellowship\data\raw\fitzpatrick\Categorized_AbbrvName\ch_106\ch_f2_59_29976dbd.jpg,2,light_FST1_2,0,0,0.001334174070507288
sy_f4_25_764e922a.jpg,C:\Users\Angad\Desktop\StemFellowship\data\raw\fitzpatrick\Categorized_AbbrvName\sy_127\sy_f4_25_764e922a.jpg,4,medium_FST3_4,0,0,0.00013554134056903422
da-di_f5_145_67997e7a.jpg,C:\Users\Angad\Desktop\StemFellowship\data\raw\fitzpatrick\Categorized_AbbrvName\da-di_153\da-di_f5_145_67997e7a.jpg,5,dark_FST5_6,0,0,0.00013970946019981056
me_f2_123_59c60187.jpg,C:\Users\Angad\Desktop\StemFellowship\data\raw\fitzpatrick\Categorized_AbbrvName\me_261\me_f2_123_59c60187.jpg,2,light_FST1_2,1,1,0.9987142086029053
ph_f4_17_9f670a54.jpg,C:\Users\Angad\Desktop\StemFellowship\data\raw\fitzpatrick\Categorized_AbbrvName\ph_348\ph_f4_17_9f670a54.jpg,4,medium_FST3_4,0,0,5.558908014791086e-05
pe-de_f2_58_33c91196.jpg,C:\Users\Angad\Desktop\StemFellowship\data\raw\fitzpatrick\Categorized_AbbrvName\pe-de_61\pe-de_f2_58_33c91196.jpg,2,light_FST1_2,0,0,0.0007716034888289869
sy_f3_64_972927af.jpg,C:\Users\Angad\Desktop\StemFellowship\data\raw\fitzpatrick\Categorized_AbbrvName\sy_127\sy_f3_64_972927af.jpg,3,medium_FST3_4,0,0,0.002195736626163125
pi-ru-pi_f3_197_001b1edd.jpg,C:\Users\Angad\Desktop\StemFellowship\data\raw\fitzpatrick\Categorized_AbbrvName\pi-ru-pi_278\pi-ru-pi_f3_197_001b1edd.jpg,3,medium_FST3_4,0,0,0.4083225429058075
ba-ce-ca_f2_263_f420eb73.jpg,C:\Users\Angad\Desktop\StemFellowship\data\raw\fitzpatrick\Categorized_AbbrvName\ba-ce-ca_468\ba-ce-ca_f2_263_f420eb73.jpg,2,light_FST1_2,1,0,0.016511373221874237
me_f1_140_85bfb732.jpg,C:\Users\Angad\Desktop\StemFellowship\data\raw\fitzpatrick\Categorized_AbbrvName\me_261\me_f1_140_85bfb732.jpg,1,light_FST1_2,1,1,0.9998289346694946
sa_f3_316_28eb8c02.jpg,C:\Users\Angad\Desktop\StemFellowship\data\raw\fitzpatrick\Categorized_AbbrvName\sa_349\sa_f3_316_28eb8c02.jpg,3,medium_FST3_4,0,0,1.1269371498201508e-05
pi-cy_f3_9_3f5d673d.jpg,C:\Users\Angad\Desktop\StemFellowship\data\raw\fitzpatrick\Categorized_AbbrvName\pi-cy_93\pi-cy_f3_9_3f5d673d.jpg,3,medium_FST3_4,0,1,0.6751717329025269
ep-bu_f5_3_2fa39d64.jpg,C:\Users\Angad\Desktop\StemFellowship\data\raw\fitzpatrick\Categorized_AbbrvName\ep-bu_70\ep-bu_f5_3_2fa39d64.jpg,5,dark_FST5_6,0,0,0.0006498827133327723
fo_f4_248_441be9cb.jpg,C:\Users\Angad\Desktop\StemFellowship\data\raw\fitzpatrick\Categorized_AbbrvName\fo_342\fo_f4_248_441be9cb.jpg,4,medium_FST3_4,0,0,0.000830202829092741
ac_f3_119_5e39496a.jpg,C:\Users\Angad\Desktop\StemFellowship\data\raw\fitzpatrick\Categorized_AbbrvName\ac_183\ac_f3_119_5e39496a.jpg,3,medium_FST3_4,0,0,0.0023841485381126404
ka-sa_f3_15_860fa241.jpg,C:\Users\Angad\Desktop\StemFellowship\data\raw\fitzpatrick\Categorized_AbbrvName\ka-sa_156\ka-sa_f3_15_860fa241.jpg,3,medium_FST3_4,1,1,0.9853439927101135
da-di_f5_126_1fe42da5.jpg,C:\Users\Angad\Desktop\StemFellowship\data\raw\fitzpatrick\Categorized_AbbrvName\da-di_153\da-di_f5_126_1fe42da5.jpg,5,dark_FST5_6,0,0,0.0009311953326687217
ne-ex_f3_67_999914e8.jpg,C:\Users\Angad\Desktop\StemFellowship\data\raw\fitzpatrick\Categorized_AbbrvName\ne-ex_73\ne-ex_f3_67_999914e8.jpg,3,medium_FST3_4,0,0,0.015299895778298378
pi-li-ch_f2_53_3239c265.jpg,C:\Users\Angad\Desktop\StemFellowship\data\raw\fitzpatrick\Categorized_AbbrvName\pi-li-ch_73\pi-li-ch_f2_53_3239c265.jpg,2,light_FST1_2,0,0,0.0037331953644752502
ne-de_f4_276_2c8d7482.jpg,C:\Users\Angad\Desktop\StemFellowship\data\raw\fitzpatrick\Categorized_AbbrvName\ne-de_361\ne-de_f4_276_2c8d7482.jpg,4,medium_FST3_4,0,0,0.0004254556552041322
tu-sc_f3_121_3f10e22d.jpg,C:\Users\Angad\Desktop\StemFellowship\data\raw\fitzpatrick\Categorized_AbbrvName\tu-sc_141\tu-sc_f3_121_3f10e22d.jpg,3,medium_FST3_4,0,0,0.002145448001101613
ec_f2_158_b2cc009b.jpg,C:\Users\Angad\Desktop\StemFellowship\data\raw\fitzpatrick\Categorized_AbbrvName\ec_204\ec_f2_158_b2cc009b.jpg,2,light_FST1_2,0,0,0.0006080614984966815
su-sp-me-ss_f2_88_cba6bd5b.jpg,C:\Users\Angad\Desktop\StemFellowship\data\raw\fitzpatrick\Categorized_AbbrvName\su-sp-me-ss_118\su-sp-me-ss_f2_88_cba6bd5b.jpg,2,light_FST1_2,1,1,0.8106334209442139
po_f5_123_4927681b.jpg,C:\Users\Angad\Desktop\StemFellowship\data\raw\fitzpatrick\Categorized_AbbrvName\po_127\po_f5_123_4927681b.jpg,5,dark_FST5_6,0,0,0.045647069811820984
ba-ce-ca_f5_343_032b3adb.jpg,C:\Users\Angad\Desktop\StemFellowship\data\raw\fitzpatrick\Categorized_AbbrvName\ba-ce-ca_468\ba-ce-ca_f5_343_032b3adb.jpg,5,dark_FST5_6,1,1,0.9998914003372192
hi_f4_78_f356bce5.jpg,C:\Users\Angad\Desktop\StemFellowship\data\raw\fitzpatrick\Categorized_AbbrvName\hi_90\hi_f4_78_f356bce5.jpg,4,medium_FST3_4,0,0,0.0027919632848352194
dy-ec_f6_81_e545c822.jpg,C:\Users\Angad\Desktop\StemFellowship\data\raw\fitzpatrick\Categorized_AbbrvName\dy-ec_83\dy-ec_f6_81_e545c822.jpg,6,dark_FST5_6,0,0,0.0002712376299314201
ec_f1_13_ebd49c44.jpg,C:\Users\Angad\Desktop\StemFellowship\data\raw\fitzpatrick\Categorized_AbbrvName\ec_204\ec_f1_13_ebd49c44.jpg,1,light_FST1_2,0,0,0.0010675503872334957
sq-ce-ca_f1_69_26108459.jpg,C:\Users\Angad\Desktop\StemFellowship\data\raw\fitzpatrick\Categorized_AbbrvName\sq-ce-ca_581\sq-ce-ca_f1_69_26108459.jpg,1,light_FST1_2,1,0,0.005499769933521748
po-ac_f4_12_eb9e3bbb.jpg,C:\Users\Angad\Desktop\StemFellowship\data\raw\fitzpatrick\Categorized_AbbrvName\po-ac_183\po-ac_f4_12_eb9e3bbb.jpg,4,medium_FST3_4,0,1,0.888286292552948
ur_f1_34_0455b31f.jpg,C:\Users\Angad\Desktop\StemFellowship\data\raw\fitzpatrick\Categorized_AbbrvName\ur_151\ur_f1_34_0455b31f.jpg,1,light_FST1_2,0,0,0.017849456518888474
ju-xa_f4_144_3b52518f.jpg,C:\Users\Angad\Desktop\StemFellowship\data\raw\fitzpatrick\Categorized_AbbrvName\ju-xa_149\ju-xa_f4_144_3b52518f.jpg,4,medium_FST3_4,0,0,0.058843255043029785
sa_f3_262_5ed67af6.jpg,C:\Users\Angad\Desktop\StemFellowship\data\raw\fitzpatrick\Categorized_AbbrvName\sa_349\sa_f3_262_5ed67af6.jpg,3,medium_FST3_4,0,0,0.0003208410635124892
gr-an_f4_193_add35647.jpg,C:\Users\Angad\Desktop\StemFellowship\data\raw\fitzpatrick\Categorized_AbbrvName\gr-an_211\gr-an_f4_193_add35647.jpg,4,medium_FST3_4,0,0,0.0016355919651687145
hi_f2_44_b76000db.jpg,C:\Users\Angad\Desktop\StemFellowship\data\raw\fitzpatrick\Categorized_AbbrvName\hi_90\hi_f2_44_b76000db.jpg,2,light_FST1_2,0,0,0.001667803735472262
fo-sp_f2_0_f3189064.jpg,C:\Users\Angad\Desktop\StemFellowship\data\raw\fitzpatrick\Categorized_AbbrvName\fo-sp_100\fo-sp_f2_0_f3189064.jpg,2,light_FST1_2,0,0,0.0034590763971209526
pe-li_f2_100_e449ddb6.jpg,C:\Users\Angad\Desktop\StemFellowship\data\raw\fitzpatrick\Categorized_AbbrvName\pe-li_151\pe-li_f2_100_e449ddb6.jpg,2,light_FST1_2,0,0,0.008444640785455704
pi-ro_f4_49_a837e01a.jpg,C:\Users\Angad\Desktop\StemFellowship\data\raw\fitzpatrick\Categorized_AbbrvName\pi-ro_193\pi-ro_f4_49_a837e01a.jpg,4,medium_FST3_4,0,0,0.0004105883708689362
er-mu_f4_17_1222dd7e.jpg,C:\Users\Angad\Desktop\StemFellowship\data\raw\fitzpatrick\Categorized_AbbrvName\er-mu_236\er-mu_f4_17_1222dd7e.jpg,4,medium_FST3_4,0,0,0.31469741463661194
ne-li_f3_10_f4b9c2fa.jpg,C:\Users\Angad\Desktop\StemFellowship\data\raw\fitzpatrick\Categorized_AbbrvName\ne-li_123\ne-li_f3_10_f4b9c2fa.jpg,3,medium_FST3_4,0,0,0.03212209418416023
tu_f2_6_5f12eae6.jpg,C:\Users\Angad\Desktop\StemFellowship\data\raw\fitzpatrick\Categorized_AbbrvName\tu_152\tu_f2_6_5f12eae6.jpg,2,light_FST1_2,0,0,0.2699505686759949
dr-er_f2_24_0c030c00.jpg,C:\Users\Angad\Desktop\StemFellowship\data\raw\fitzpatrick\Categorized_AbbrvName\dr-er_200\dr-er_f2_24_0c030c00.jpg,2,light_FST1_2,0,0,0.0026361607015132904
ka-sa_f3_78_d882dc1a.jpg,C:\Users\Angad\Desktop\StemFellowship\data\raw\fitzpatrick\Categorized_AbbrvName\ka-sa_156\ka-sa_f3_78_d882dc1a.jpg,3,medium_FST3_4,1,0,0.12813538312911987
pu-ps_f5_7_c44faf32.jpg,C:\Users\Angad\Desktop\StemFellowship\data\raw\fitzpatrick\Categorized_AbbrvName\pu-ps_53\pu-ps_f5_7_c44faf32.jpg,5,dark_FST5_6,0,0,0.0007218625978566706
ac-ke_f4_172_4caae357.jpg,C:\Users\Angad\Desktop\StemFellowship\data\raw\fitzpatrick\Categorized_AbbrvName\ac-ke_175\ac-ke_f4_172_4caae357.jpg,4,medium_FST3_4,1,1,0.9710381031036377
li-am_f2_46_2eedc599.jpg,C:\Users\Angad\Desktop\StemFellowship\data\raw\fitzpatrick\Categorized_AbbrvName\li-am_77\li-am_f2_46_2eedc599.jpg,2,light_FST1_2,0,0,0.017853863537311554
ba-ce-ca_f5_315_915d7fa3.jpg,C:\Users\Angad\Desktop\StemFellowship\data\raw\fitzpatrick\Categorized_AbbrvName\ba-ce-ca_468\ba-ce-ca_f5_315_915d7fa3.jpg,5,dark_FST5_6,1,1,0.9937855005264282
fi-er_f3_18_294ac8f3.jpg,C:\Users\Angad\Desktop\StemFellowship\data\raw\fitzpatrick\Categorized_AbbrvName\fi-er_125\fi-er_f3_18_294ac8f3.jpg,3,medium_FST3_4,0,0,0.10471499711275101
ac-ke_f3_160_093fcc49.jpg,C:\Users\Angad\Desktop\StemFellowship\data\raw\fitzpatrick\Categorized_AbbrvName\ac-ke_175\ac-ke_f3_160_093fcc49.jpg,3,medium_FST3_4,1,0,0.062254730612039566
ne-in_f2_252_4b64f603.jpg,C:\Users\Angad\Desktop\StemFellowship\data\raw\fitzpatrick\Categorized_AbbrvName\ne-in_260\ne-in_f2_252_4b64f603.jpg,2,light_FST1_2,0,0,0.0025929813273251057
eh-da-sy_f3_73_1c230599.jpg,C:\Users\Angad\Desktop\StemFellowship\data\raw\fitzpatrick\Categorized_AbbrvName\eh-da-sy_127\eh-da-sy_f3_73_1c230599.jpg,3,medium_FST3_4,0,0,0.00012944036279805005
fo-sp_f5_31_3954d049.jpg,C:\Users\Angad\Desktop\StemFellowship\data\raw\fitzpatrick\Categorized_AbbrvName\fo-sp_100\fo-sp_f5_31_3954d049.jpg,5,dark_FST5_6,0,0,0.0009814799996092916
li-si_f6_95_ca3f8fb8.jpg,C:\Users\Angad\Desktop\StemFellowship\data\raw\fitzpatrick\Categorized_AbbrvName\li-si_97\li-si_f6_95_ca3f8fb8.jpg,6,dark_FST5_6,0,0,0.0011529674520716071
ly-di_f1_15_257785e2.jpg,C:\Users\Angad\Desktop\StemFellowship\data\raw\fitzpatrick\Categorized_AbbrvName\ly-di_129\ly-di_f1_15_257785e2.jpg,1,light_FST1_2,0,0,0.010191727429628372
gr-py_f1_11_8bad7346.jpg,C:\Users\Angad\Desktop\StemFellowship\data\raw\fitzpatrick\Categorized_AbbrvName\gr-py_75\gr-py_f1_11_8bad7346.jpg,1,light_FST1_2,0,1,0.8528006076812744
eh-da-sy_f4_68_da0147ea.jpg,C:\Users\Angad\Desktop\StemFellowship\data\raw\fitzpatrick\Categorized_AbbrvName\eh-da-sy_127\eh-da-sy_f4_68_da0147ea.jpg,4,medium_FST3_4,0,0,0.0010181874968111515
pr-no_f5_149_6659ec02.jpg,C:\Users\Angad\Desktop\StemFellowship\data\raw\fitzpatrick\Categorized_AbbrvName\pr-no_170\pr-no_f5_149_6659ec02.jpg,5,dark_FST5_6,0,0,0.0033711944706737995
hi_f4_88_b1bf4a41.jpg,C:\Users\Angad\Desktop\StemFellowship\data\raw\fitzpatrick\Categorized_AbbrvName\hi_90\hi_f4_88_b1bf4a41.jpg,4,medium_FST3_4,0,0,0.0011925590224564075
ep-ne_f1_37_883073ce.jpg,C:\Users\Angad\Desktop\StemFellowship\data\raw\fitzpatrick\Categorized_AbbrvName\ep-ne_91\ep-ne_f1_37_883073ce.jpg,1,light_FST1_2,0,0,0.0003357328532729298
ac-au-bu-di-ge_f1_27_ec8e57d5.jpg,C:\Users\Angad\Desktop\StemFellowship\data\raw\fitzpatrick\Categorized_AbbrvName\ac-au-bu-di-ge_67\ac-au-bu-di-ge_f1_27_ec8e57d5.jpg,1,light_FST1_2,0,0,0.004546549636870623
ne-li_f3_8_26aa34a8.jpg,C:\Users\Angad\Desktop\StemFellowship\data\raw\fitzpatrick\Categorized_AbbrvName\ne-li_123\ne-li_f3_8_26aa34a8.jpg,3,medium_FST3_4,0,0,0.00021134098642505705
sa_f3_121_eb4cbb5b.jpg,C:\Users\Angad\Desktop\StemFellowship\data\raw\fitzpatrick\Categorized_AbbrvName\sa_349\sa_f3_121_eb4cbb5b.jpg,3,medium_FST3_4,0,0,0.04137927293777466
al-co-de_f3_373_b70c026a.jpg,C:\Users\Angad\Desktop\StemFellowship\data\raw\fitzpatrick\Categorized_AbbrvName\al-co-de_430\al-co-de_f3_373_b70c026a.jpg,3,medium_FST3_4,0,0,0.0012806112645193934
ur_f4_59_9b3dd1c8.jpg,C:\Users\Angad\Desktop\StemFellowship\data\raw\fitzpatrick\Categorized_AbbrvName\ur_151\ur_f4_59_9b3dd1c8.jpg,4,medium_FST3_4,0,0,0.007486350834369659
mi_f2_12_43b19bd3.jpg,C:\Users\Angad\Desktop\StemFellowship\data\raw\fitzpatrick\Categorized_AbbrvName\mi_112\mi_f2_12_43b19bd3.jpg,2,light_FST1_2,0,0,0.08110129833221436
ke_f3_147_74042e64.jpg,C:\Users\Angad\Desktop\StemFellowship\data\raw\fitzpatrick\Categorized_AbbrvName\ke_156\ke_f3_147_74042e64.jpg,3,medium_FST3_4,0,0,0.0001978907675947994
vi_f3_109_0cda7ac0.jpg,C:\Users\Angad\Desktop\StemFellowship\data\raw\fitzpatrick\Categorized_AbbrvName\vi_166\vi_f3_109_0cda7ac0.jpg,3,medium_FST3_4,0,0,0.029885096475481987
me_f3_167_079c3dd9.jpg,C:\Users\Angad\Desktop\StemFellowship\data\raw\fitzpatrick\Categorized_AbbrvName\me_261\me_f3_167_079c3dd9.jpg,3,medium_FST3_4,1,0,0.001749539515003562
mi_f2_88_55149479.jpg,C:\Users\Angad\Desktop\StemFellowship\data\raw\fitzpatrick\Categorized_AbbrvName\mi_112\mi_f2_88_55149479.jpg,2,light_FST1_2,0,0,0.009693996049463749
ac_f1_120_117f28ca.jpg,C:\Users\Angad\Desktop\StemFellowship\data\raw\fitzpatrick\Categorized_AbbrvName\ac_183\ac_f1_120_117f28ca.jpg,1,light_FST1_2,0,0,0.009015477262437344
me_f2_99_d4bc1c91.jpg,C:\Users\Angad\Desktop\StemFellowship\data\raw\fitzpatrick\Categorized_AbbrvName\me_261\me_f2_99_d4bc1c91.jpg,2,light_FST1_2,1,1,0.9998000264167786
pi-ru-pi_f3_179_d085ea1d.jpg,C:\Users\Angad\Desktop\StemFellowship\data\raw\fitzpatrick\Categorized_AbbrvName\pi-ru-pi_278\pi-ru-pi_f3_179_d085ea1d.jpg,3,medium_FST3_4,0,0,0.195684552192688
ac-ni_f3_83_8d94fea4.jpg,C:\Users\Angad\Desktop\StemFellowship\data\raw\fitzpatrick\Categorized_AbbrvName\ac-ni_92\ac-ni_f3_83_8d94fea4.jpg,3,medium_FST3_4,0,0,0.0010394937125965953
ep-ne_f2_21_6ed995cc.jpg,C:\Users\Angad\Desktop\StemFellowship\data\raw\fitzpatrick\Categorized_AbbrvName\ep-ne_91\ep-ne_f2_21_6ed995cc.jpg,2,light_FST1_2,0,0,0.2426498979330063
dy-ec_f2_63_afa29788.jpg,C:\Users\Angad\Desktop\StemFellowship\data\raw\fitzpatrick\Categorized_AbbrvName\dy-ec_83\dy-ec_f2_63_afa29788.jpg,2,light_FST1_2,0,0,0.00015283579705283046
eh-da-sy_f3_107_05739ac5.jpg,C:\Users\Angad\Desktop\StemFellowship\data\raw\fitzpatrick\Categorized_AbbrvName\eh-da-sy_127\eh-da-sy_f3_107_05739ac5.jpg,3,medium_FST3_4,0,0,0.00016228687309194356
sy_f2_90_741cf02d.jpg,C:\Users\Angad\Desktop\StemFellowship\data\raw\fitzpatrick\Categorized_AbbrvName\sy_127\sy_f2_90_741cf02d.jpg,2,light_FST1_2,0,0,0.007683738134801388
te_f1_94_d26899a0.jpg,C:\Users\Angad\Desktop\StemFellowship\data\raw\fitzpatrick\Categorized_AbbrvName\te_126\te_f1_94_d26899a0.jpg,1,light_FST1_2,0,0,0.13877537846565247
fa-de_f5_62_6e1a80dd.jpg,C:\Users\Angad\Desktop\StemFellowship\data\raw\fitzpatrick\Categorized_AbbrvName\fa-de_66\fa-de_f5_62_6e1a80dd.jpg,5,dark_FST5_6,0,0,7.030218694126233e-05
po-wi-st_f3_17_01011bb3.jpg,C:\Users\Angad\Desktop\StemFellowship\data\raw\fitzpatrick\Categorized_AbbrvName\po-wi-st_59\po-wi-st_f3_17_01011bb3.jpg,3,medium_FST3_4,0,1,0.6197385191917419
dr-in-pi-ch_f2_36_e2a6ea2a.jpg,C:\Users\Angad\Desktop\StemFellowship\data\raw\fitzpatrick\Categorized_AbbrvName\dr-in-pi-ch_71\dr-in-pi-ch_f2_36_e2a6ea2a.jpg,2,light_FST1_2,0,0,0.00382976490072906
al-co-de_f3_231_213b08aa.jpg,C:\Users\Angad\Desktop\StemFellowship\data\raw\fitzpatrick\Categorized_AbbrvName\al-co-de_430\al-co-de_f3_231_213b08aa.jpg,3,medium_FST3_4,0,0,0.00022603532124776393
sq-ce-ca_f3_520_a9789ebb.jpg,C:\Users\Angad\Desktop\StemFellowship\data\raw\fitzpatrick\Categorized_AbbrvName\sq-ce-ca_581\sq-ce-ca_f3_520_a9789ebb.jpg,3,medium_FST3_4,1,0,0.42298242449760437
su-sp-me-ss_f2_96_3abf697c.jpg,C:\Users\Angad\Desktop\StemFellowship\data\raw\fitzpatrick\Categorized_AbbrvName\su-sp-me-ss_118\su-sp-me-ss_f2_96_3abf697c.jpg,2,light_FST1_2,1,1,0.9470493793487549
al-co-de_f3_278_671720f1.jpg,C:\Users\Angad\Desktop\StemFellowship\data\raw\fitzpatrick\Categorized_AbbrvName\al-co-de_430\al-co-de_f3_278_671720f1.jpg,3,medium_FST3_4,0,0,0.00038533724728040397
fa-de_f1_2_9e537072.jpg,C:\Users\Angad\Desktop\StemFellowship\data\raw\fitzpatrick\Categorized_AbbrvName\fa-de_66\fa-de_f1_2_9e537072.jpg,1,light_FST1_2,0,1,0.8848734498023987
tu_f2_78_e6ee23c6.jpg,C:\Users\Angad\Desktop\StemFellowship\data\raw\fitzpatrick\Categorized_AbbrvName\tu_152\tu_f2_78_e6ee23c6.jpg,2,light_FST1_2,0,0,0.006616010330617428
so-cy-ba-ce-ca_f2_9_bcd9a842.jpg,C:\Users\Angad\Desktop\StemFellowship\data\raw\fitzpatrick\Categorized_AbbrvName\so-cy-ba-ce-ca_66\so-cy-ba-ce-ca_f2_9_bcd9a842.jpg,2,light_FST1_2,1,1,0.8702004551887512
ne-in_f4_134_fdfd34f8.jpg,C:\Users\Angad\Desktop\StemFellowship\data\raw\fitzpatrick\Categorized_AbbrvName\ne-in_260\ne-in_f4_134_fdfd34f8.jpg,4,medium_FST3_4,0,0,0.04023868963122368
li-pl_f1_248_965747b2.jpg,C:\Users\Angad\Desktop\StemFellowship\data\raw\fitzpatrick\Categorized_AbbrvName\li-pl_491\li-pl_f1_248_965747b2.jpg,1,light_FST1_2,0,0,0.00822459626942873
ne-ne_f1_15_56556910.jpg,C:\Users\Angad\Desktop\StemFellowship\data\raw\fitzpatrick\Categorized_AbbrvName\ne-ne_86\ne-ne_f1_15_56556910.jpg,1,light_FST1_2,0,1,0.9000629186630249
sq-ce-ca_f5_75_7136379c.jpg,C:\Users\Angad\Desktop\StemFellowship\data\raw\fitzpatrick\Categorized_AbbrvName\sq-ce-ca_581\sq-ce-ca_f5_75_7136379c.jpg,5,dark_FST5_6,1,1,0.9993106126785278
ac_f1_34_728a36e8.jpg,C:\Users\Angad\Desktop\StemFellowship\data\raw\fitzpatrick\Categorized_AbbrvName\ac_183\ac_f1_34_728a36e8.jpg,1,light_FST1_2,0,0,0.3071562349796295
li-pl_f2_29_00a61ae0.jpg,C:\Users\Angad\Desktop\StemFellowship\data\raw\fitzpatrick\Categorized_AbbrvName\li-pl_491\li-pl_f2_29_00a61ae0.jpg,2,light_FST1_2,0,0,0.10289644449949265
ro_f2_22_c63758ff.jpg,C:\Users\Angad\Desktop\StemFellowship\data\raw\fitzpatrick\Categorized_AbbrvName\ro_102\ro_f2_22_c63758ff.jpg,2,light_FST1_2,0,0,3.618604387156665e-05
fo-sp_f1_51_742c83b0.jpg,C:\Users\Angad\Desktop\StemFellowship\data\raw\fitzpatrick\Categorized_AbbrvName\fo-sp_100\fo-sp_f1_51_742c83b0.jpg,1,light_FST1_2,0,0,0.007907766848802567
ac_f2_9_4776fafd.jpg,C:\Users\Angad\Desktop\StemFellowship\data\raw\fitzpatrick\Categorized_AbbrvName\ac_183\ac_f2_9_4776fafd.jpg,2,light_FST1_2,0,0,0.0013671376509591937
lu-su_f1_73_55970043.jpg,C:\Users\Angad\Desktop\StemFellowship\data\raw\fitzpatrick\Categorized_AbbrvName\lu-su_111\lu-su_f1_73_55970043.jpg,1,light_FST1_2,0,0,0.0010905447416007519
ba-ce-ca_f2_337_edf35e6b.jpg,C:\Users\Angad\Desktop\StemFellowship\data\raw\fitzpatrick\Categorized_AbbrvName\ba-ce-ca_468\ba-ce-ca_f2_337_edf35e6b.jpg,2,light_FST1_2,1,1,0.9996633529663086
ur_f3_53_273c1426.jpg,C:\Users\Angad\Desktop\StemFellowship\data\raw\fitzpatrick\Categorized_AbbrvName\ur_151\ur_f3_53_273c1426.jpg,3,medium_FST3_4,0,0,0.002007575472816825
sy_f5_89_a562d02d.jpg,C:\Users\Angad\Desktop\StemFellowship\data\raw\fitzpatrick\Categorized_AbbrvName\sy_127\sy_f5_89_a562d02d.jpg,5,dark_FST5_6,0,0,2.735398254571919e-07
fi-er_f3_118_01735166.jpg,C:\Users\Angad\Desktop\StemFellowship\data\raw\fitzpatrick\Categorized_AbbrvName\fi-er_125\fi-er_f3_118_01735166.jpg,3,medium_FST3_4,0,0,0.12385157495737076
pi-ru-pi_f5_204_78c9b762.jpg,C:\Users\Angad\Desktop\StemFellowship\data\raw\fitzpatrick\Categorized_AbbrvName\pi-ru-pi_278\pi-ru-pi_f5_204_78c9b762.jpg,5,dark_FST5_6,0,0,1.8326072677155025e-05
ne-in_f2_187_7cba4dce.jpg,C:\Users\Angad\Desktop\StemFellowship\data\raw\fitzpatrick\Categorized_AbbrvName\ne-in_260\ne-in_f2_187_7cba4dce.jpg,2,light_FST1_2,0,0,0.0012713541509583592
ne-in_f3_48_ed3b425c.jpg,C:\Users\Angad\Desktop\StemFellowship\data\raw\fitzpatrick\Categorized_AbbrvName\ne-in_260\ne-in_f3_48_ed3b425c.jpg,3,medium_FST3_4,0,0,0.0011346174869686365
fi-er_f3_65_8ea0d683.jpg,C:\Users\Angad\Desktop\StemFellowship\data\raw\fitzpatrick\Categorized_AbbrvName\fi-er_125\fi-er_f3_65_8ea0d683.jpg,3,medium_FST3_4,0,0,0.0007035619928501546
lu-er_f4_284_46c2dac7.jpg,C:\Users\Angad\Desktop\StemFellowship\data\raw\fitzpatrick\Categorized_AbbrvName\lu-er_410\lu-er_f4_284_46c2dac7.jpg,4,medium_FST3_4,0,0,0.000527306750882417
ke-pi_f3_25_cf9fa91e.jpg,C:\Users\Angad\Desktop\StemFellowship\data\raw\fitzpatrick\Categorized_AbbrvName\ke-pi_78\ke-pi_f3_25_cf9fa91e.jpg,3,medium_FST3_4,0,0,0.006423730868846178
me_f1_127_125842e1.jpg,C:\Users\Angad\Desktop\StemFellowship\data\raw\fitzpatrick\Categorized_AbbrvName\me_261\me_f1_127_125842e1.jpg,1,light_FST1_2,1,0,0.3125031292438507
gr-py_f2_40_55ec8488.jpg,C:\Users\Angad\Desktop\StemFellowship\data\raw\fitzpatrick\Categorized_AbbrvName\gr-py_75\gr-py_f2_40_55ec8488.jpg,2,light_FST1_2,0,0,0.26176607608795166
ba-ce-ca_f6_242_6b174a5d.jpg,C:\Users\Angad\Desktop\StemFellowship\data\raw\fitzpatrick\Categorized_AbbrvName\ba-ce-ca_468\ba-ce-ca_f6_242_6b174a5d.jpg,6,dark_FST5_6,1,1,0.9986010193824768
me_f4_75_879ce3af.jpg,C:\Users\Angad\Desktop\StemFellowship\data\raw\fitzpatrick\Categorized_AbbrvName\me_261\me_f4_75_879ce3af.jpg,4,medium_FST3_4,1,1,0.81388920545578
po-ac_f4_30_aa887512.jpg,C:\Users\Angad\Desktop\StemFellowship\data\raw\fitzpatrick\Categorized_AbbrvName\po-ac_183\po-ac_f4_30_aa887512.jpg,4,medium_FST3_4,0,0,0.00044129876187071204
ne-ne_f1_56_f4f27399.jpg,C:\Users\Angad\Desktop\StemFellowship\data\raw\fitzpatrick\Categorized_AbbrvName\ne-ne_86\ne-ne_f1_56_f4f27399.jpg,1,light_FST1_2,0,1,0.6206315159797668
po-ac_f3_168_5fb6e34e.jpg,C:\Users\Angad\Desktop\StemFellowship\data\raw\fitzpatrick\Categorized_AbbrvName\po-ac_183\po-ac_f3_168_5fb6e34e.jpg,3,medium_FST3_4,0,0,0.006320647429674864
ac_f5_176_6bbb87c1.jpg,C:\Users\Angad\Desktop\StemFellowship\data\raw\fitzpatrick\Categorized_AbbrvName\ac_183\ac_f5_176_6bbb87c1.jpg,5,dark_FST5_6,0,0,0.03275275602936745
da-di_f4_136_7de9a740.jpg,C:\Users\Angad\Desktop\StemFellowship\data\raw\fitzpatrick\Categorized_AbbrvName\da-di_153\da-di_f4_136_7de9a740.jpg,4,medium_FST3_4,0,0,9.190000128000975e-06
li-pl_f6_382_15beb0ac.jpg,C:\Users\Angad\Desktop\StemFellowship\data\raw\fitzpatrick\Categorized_AbbrvName\li-pl_491\li-pl_f6_382_15beb0ac.jpg,6,dark_FST5_6,0,0,0.0004343974869698286
ac-vu_f3_126_ebebe04c.jpg,C:\Users\Angad\Desktop\StemFellowship\data\raw\fitzpatrick\Categorized_AbbrvName\ac-vu_335\ac-vu_f3_126_ebebe04c.jpg,3,medium_FST3_4,0,0,0.004187364596873522
er-an-ce_f3_64_a7101e38.jpg,C:\Users\Angad\Desktop\StemFellowship\data\raw\fitzpatrick\Categorized_AbbrvName\er-an-ce_88\er-an-ce_f3_64_a7101e38.jpg,3,medium_FST3_4,0,0,9.602180944057181e-05
my_f3_24_2b400c31.jpg,C:\Users\Angad\Desktop\StemFellowship\data\raw\fitzpatrick\Categorized_AbbrvName\my_67\my_f3_24_2b400c31.jpg,3,medium_FST3_4,0,0,0.1226278766989708
ph_f2_143_617c9157.jpg,C:\Users\Angad\Desktop\StemFellowship\data\raw\fitzpatrick\Categorized_AbbrvName\ph_348\ph_f2_143_617c9157.jpg,2,light_FST1_2,0,0,0.0106591721996665
er-mu_f3_181_857054d9.jpg,C:\Users\Angad\Desktop\StemFellowship\data\raw\fitzpatrick\Categorized_AbbrvName\er-mu_236\er-mu_f3_181_857054d9.jpg,3,medium_FST3_4,0,0,0.004642727319151163
ac-ke_f3_45_0dd2cb24.jpg,C:\Users\Angad\Desktop\StemFellowship\data\raw\fitzpatrick\Categorized_AbbrvName\ac-ke_175\ac-ke_f3_45_0dd2cb24.jpg,3,medium_FST3_4,1,1,0.5355345010757446
ur_f1_95_fb416b58.jpg,C:\Users\Angad\Desktop\StemFellowship\data\raw\fitzpatrick\Categorized_AbbrvName\ur_151\ur_f1_95_fb416b58.jpg,1,light_FST1_2,0,0,0.009307466447353363
sq-ce-ca_f3_396_eefcaa40.jpg,C:\Users\Angad\Desktop\StemFellowship\data\raw\fitzpatrick\Categorized_AbbrvName\sq-ce-ca_581\sq-ce-ca_f3_396_eefcaa40.jpg,3,medium_FST3_4,1,1,0.9997515082359314
pi-ru-pi_f3_145_aa52eecd.jpg,C:\Users\Angad\Desktop\StemFellowship\data\raw\fitzpatrick\Categorized_AbbrvName\pi-ru-pi_278\pi-ru-pi_f3_145_aa52eecd.jpg,3,medium_FST3_4,0,0,0.00021278647182043642
na-co_f2_41_3fe39fb0.jpg,C:\Users\Angad\Desktop\StemFellowship\data\raw\fitzpatrick\Categorized_AbbrvName\na-co_73\na-co_f2_41_3fe39fb0.jpg,2,light_FST1_2,0,0,0.001370286918245256
pi-cy_f2_78_530b010e.jpg,C:\Users\Angad\Desktop\StemFellowship\data\raw\fitzpatrick\Categorized_AbbrvName\pi-cy_93\pi-cy_f2_78_530b010e.jpg,2,light_FST1_2,0,1,0.8985296487808228
po-wi-st_f2_36_13d64f9a.jpg,C:\Users\Angad\Desktop\StemFellowship\data\raw\fitzpatrick\Categorized_AbbrvName\po-wi-st_59\po-wi-st_f2_36_13d64f9a.jpg,2,light_FST1_2,0,0,7.297810225281864e-05
ha-ne_f4_31_32a5ecac.jpg,C:\Users\Angad\Desktop\StemFellowship\data\raw\fitzpatrick\Categorized_AbbrvName\ha-ne_82\ha-ne_f4_31_32a5ecac.jpg,4,medium_FST3_4,0,0,0.006299634464085102
su-da-sk_f2_51_802df9a9.jpg,C:\Users\Angad\Desktop\StemFellowship\data\raw\fitzpatrick\Categorized_AbbrvName\su-da-sk_66\su-da-sk_f2_51_802df9a9.jpg,2,light_FST1_2,0,0,0.3096170723438263
pi-ro_f5_53_c6b6a33b.jpg,C:\Users\Angad\Desktop\StemFellowship\data\raw\fitzpatrick\Categorized_AbbrvName\pi-ro_193\pi-ro_f5_53_c6b6a33b.jpg,5,dark_FST5_6,0,0,0.00016102875815704465
lu-su_f5_105_d8e4dab2.jpg,C:\Users\Angad\Desktop\StemFellowship\data\raw\fitzpatrick\Categorized_AbbrvName\lu-su_111\lu-su_f5_105_d8e4dab2.jpg,5,dark_FST5_6,0,0,0.012293362058699131
sa_f2_238_5942c7f1.jpg,C:\Users\Angad\Desktop\StemFellowship\data\raw\fitzpatrick\Categorized_AbbrvName\sa_349\sa_f2_238_5942c7f1.jpg,2,light_FST1_2,0,0,0.011394347064197063
er-an-ce_f3_38_35bb1ee2.jpg,C:\Users\Angad\Desktop\StemFellowship\data\raw\fitzpatrick\Categorized_AbbrvName\er-an-ce_88\er-an-ce_f3_38_35bb1ee2.jpg,3,medium_FST3_4,0,0,0.014709956012666225
ac-vu_f3_239_3b3da93b.jpg,C:\Users\Angad\Desktop\StemFellowship\data\raw\fitzpatrick\Categorized_AbbrvName\ac-vu_335\ac-vu_f3_239_3b3da93b.jpg,3,medium_FST3_4,0,0,0.010778103955090046
ec_f2_170_493b84bf.jpg,C:\Users\Angad\Desktop\StemFellowship\data\raw\fitzpatrick\Categorized_AbbrvName\ec_204\ec_f2_170_493b84bf.jpg,2,light_FST1_2,0,0,0.2470189929008484
ne-ne_f2_77_9df19e45.jpg,C:\Users\Angad\Desktop\StemFellowship\data\raw\fitzpatrick\Categorized_AbbrvName\ne-ne_86\ne-ne_f2_77_9df19e45.jpg,2,light_FST1_2,0,0,0.06371279060840607
sq-ce-ca_f4_465_6dab8f11.jpg,C:\Users\Angad\Desktop\StemFellowship\data\raw\fitzpatrick\Categorized_AbbrvName\sq-ce-ca_581\sq-ce-ca_f4_465_6dab8f11.jpg,4,medium_FST3_4,1,0,0.258137583732605
pi-ru-pi_f5_241_f4ad8def.jpg,C:\Users\Angad\Desktop\StemFellowship\data\raw\fitzpatrick\Categorized_AbbrvName\pi-ru-pi_278\pi-ru-pi_f5_241_f4ad8def.jpg,5,dark_FST5_6,0,0,4.851564881391823e-05
al-co-de_f1_144_c252ff2e.jpg,C:\Users\Angad\Desktop\StemFellowship\data\raw\fitzpatrick\Categorized_AbbrvName\al-co-de_430\al-co-de_f1_144_c252ff2e.jpg,1,light_FST1_2,0,0,8.772974979365245e-05
st_f5_38_87b020cf.jpg,C:\Users\Angad\Desktop\StemFellowship\data\raw\fitzpatrick\Categorized_AbbrvName\st_67\st_f5_38_87b020cf.jpg,5,dark_FST5_6,0,0,0.0007030361448414624
eh-da-sy_f1_75_26928d6c.jpg,C:\Users\Angad\Desktop\StemFellowship\data\raw\fitzpatrick\Categorized_AbbrvName\eh-da-sy_127\eh-da-sy_f1_75_26928d6c.jpg,1,light_FST1_2,0,0,0.015291391871869564
ur_f3_100_fbfa0cf8.jpg,C:\Users\Angad\Desktop\StemFellowship\data\raw\fitzpatrick\Categorized_AbbrvName\ur_151\ur_f3_100_fbfa0cf8.jpg,3,medium_FST3_4,0,0,0.0137025723233819
ly_f3_49_2317f02d.jpg,C:\Users\Angad\Desktop\StemFellowship\data\raw\fitzpatrick\Categorized_AbbrvName\ly_100\ly_f3_49_2317f02d.jpg,3,medium_FST3_4,0,0,0.0008845924166962504
lu-er_f4_123_3abeec9d.jpg,C:\Users\Angad\Desktop\StemFellowship\data\raw\fitzpatrick\Categorized_AbbrvName\lu-er_410\lu-er_f4_123_3abeec9d.jpg,4,medium_FST3_4,0,0,0.00662752753123641
ba-ce-ca_f1_101_0ac16a51.jpg,C:\Users\Angad\Desktop\StemFellowship\data\raw\fitzpatrick\Categorized_AbbrvName\ba-ce-ca_468\ba-ce-ca_f1_101_0ac16a51.jpg,1,light_FST1_2,1,1,0.999504566192627
ne-ne_f1_25_47533058.jpg,C:\Users\Angad\Desktop\StemFellowship\data\raw\fitzpatrick\Categorized_AbbrvName\ne-ne_86\ne-ne_f1_25_47533058.jpg,1,light_FST1_2,0,1,0.5175045728683472
my-fu_f2_54_0adf95c8.jpg,C:\Users\Angad\Desktop\StemFellowship\data\raw\fitzpatrick\Categorized_AbbrvName\my-fu_182\my-fu_f2_54_0adf95c8.jpg,2,light_FST1_2,1,1,0.9369789958000183
eh-da-sy_f1_74_dfeb7e2d.jpg,C:\Users\Angad\Desktop\StemFellowship\data\raw\fitzpatrick\Categorized_AbbrvName\eh-da-sy_127\eh-da-sy_f1_74_dfeb7e2d.jpg,1,light_FST1_2,0,1,0.6607463955879211
tu_f3_47_74ebd26b.jpg,C:\Users\Angad\Desktop\StemFellowship\data\raw\fitzpatrick\Categorized_AbbrvName\tu_152\tu_f3_47_74ebd26b.jpg,3,medium_FST3_4,0,0,0.22980432212352753
ne-de_f4_223_ba3c6812.jpg,C:\Users\Angad\Desktop\StemFellowship\data\raw\fitzpatrick\Categorized_AbbrvName\ne-de_361\ne-de_f4_223_ba3c6812.jpg,4,medium_FST3_4,0,0,0.13774244487285614
sy_f2_5_c5af585a.jpg,C:\Users\Angad\Desktop\StemFellowship\data\raw\fitzpatrick\Categorized_AbbrvName\sy_127\sy_f2_5_c5af585a.jpg,2,light_FST1_2,0,0,0.017103537917137146
pi-ru-pi_f3_139_9a9e8952.jpg,C:\Users\Angad\Desktop\StemFellowship\data\raw\fitzpatrick\Categorized_AbbrvName\pi-ru-pi_278\pi-ru-pi_f3_139_9a9e8952.jpg,3,medium_FST3_4,0,0,0.18839068710803986
ne-de_f6_280_a381a9e5.jpg,C:\Users\Angad\Desktop\StemFellowship\data\raw\fitzpatrick\Categorized_AbbrvName\ne-de_361\ne-de_f6_280_a381a9e5.jpg,6,dark_FST5_6,0,0,0.24252210557460785
al-co-de_f1_97_0bfbcf0f.jpg,C:\Users\Angad\Desktop\StemFellowship\data\raw\fitzpatrick\Categorized_AbbrvName\al-co-de_430\al-co-de_f1_97_0bfbcf0f.jpg,1,light_FST1_2,0,0,0.0034481219481676817
ph_f3_107_6772a5c1.jpg,C:\Users\Angad\Desktop\StemFellowship\data\raw\fitzpatrick\Categorized_AbbrvName\ph_348\ph_f3_107_6772a5c1.jpg,3,medium_FST3_4,0,0,0.00422458304092288
fo_f3_67_567f012b.jpg,C:\Users\Angad\Desktop\StemFellowship\data\raw\fitzpatrick\Categorized_AbbrvName\fo_342\fo_f3_67_567f012b.jpg,3,medium_FST3_4,0,0,0.00026526040164753795
eh-da-sy_f5_102_7a7b0a10.jpg,C:\Users\Angad\Desktop\StemFellowship\data\raw\fitzpatrick\Categorized_AbbrvName\eh-da-sy_127\eh-da-sy_f5_102_7a7b0a10.jpg,5,dark_FST5_6,0,0,0.00032094906782731414
ne-li_f5_101_b8d84adb.jpg,C:\Users\Angad\Desktop\StemFellowship\data\raw\fitzpatrick\Categorized_AbbrvName\ne-li_123\ne-li_f5_101_b8d84adb.jpg,5,dark_FST5_6,0,0,0.0006636103498749435
ph_f3_12_f5972e10.jpg,C:\Users\Angad\Desktop\StemFellowship\data\raw\fitzpatrick\Categorized_AbbrvName\ph_348\ph_f3_12_f5972e10.jpg,3,medium_FST3_4,0,0,0.000303444016026333
ne-in_f4_0_f23937e8.jpg,C:\Users\Angad\Desktop\StemFellowship\data\raw\fitzpatrick\Categorized_AbbrvName\ne-in_260\ne-in_f4_0_f23937e8.jpg,4,medium_FST3_4,0,0,0.00022205000277608633
er-el-di_f5_10_be283cd4.jpg,C:\Users\Angad\Desktop\StemFellowship\data\raw\fitzpatrick\Categorized_AbbrvName\er-el-di_55\er-el-di_f5_10_be283cd4.jpg,5,dark_FST5_6,0,0,0.00051271659322083
dy-ec_f2_68_883ce60f.jpg,C:\Users\Angad\Desktop\StemFellowship\data\raw\fitzpatrick\Categorized_AbbrvName\dy-ec_83\dy-ec_f2_68_883ce60f.jpg,2,light_FST1_2,0,0,0.0857534408569336
ph_f2_103_628718f4.jpg,C:\Users\Angad\Desktop\StemFellowship\data\raw\fitzpatrick\Categorized_AbbrvName\ph_348\ph_f2_103_628718f4.jpg,2,light_FST1_2,0,0,0.0006531040417030454
ac-au-bu-di-ge_f4_41_41770d73.jpg,C:\Users\Angad\Desktop\StemFellowship\data\raw\fitzpatrick\Categorized_AbbrvName\ac-au-bu-di-ge_67\ac-au-bu-di-ge_f4_41_41770d73.jpg,4,medium_FST3_4,0,1,0.705908477306366
ps_f4_621_72425b50.jpg,C:\Users\Angad\Desktop\StemFellowship\data\raw\fitzpatrick\Categorized_AbbrvName\ps_653\ps_f4_621_72425b50.jpg,4,medium_FST3_4,0,0,0.0012717635836452246
ba-ce-ca-mo_f1_25_ac09be61.jpg,C:\Users\Angad\Desktop\StemFellowship\data\raw\fitzpatrick\Categorized_AbbrvName\ba-ce-ca-mo_62\ba-ce-ca-mo_f1_25_ac09be61.jpg,1,light_FST1_2,1,1,0.9882735013961792
ph_f3_145_b7eeb974.jpg,C:\Users\Angad\Desktop\StemFellowship\data\raw\fitzpatrick\Categorized_AbbrvName\ph_348\ph_f3_145_b7eeb974.jpg,3,medium_FST3_4,0,0,0.002398505574092269
da-di_f2_50_ee7324b3.jpg,C:\Users\Angad\Desktop\StemFellowship\data\raw\fitzpatrick\Categorized_AbbrvName\da-di_153\da-di_f2_50_ee7324b3.jpg,2,light_FST1_2,0,0,0.0014375308528542519
ne-in_f4_81_8befff3b.jpg,C:\Users\Angad\Desktop\StemFellowship\data\raw\fitzpatrick\Categorized_AbbrvName\ne-in_260\ne-in_f4_81_8befff3b.jpg,4,medium_FST3_4,0,0,0.0006530243554152548
tu-sc_f2_88_29940950.jpg,C:\Users\Angad\Desktop\StemFellowship\data\raw\fitzpatrick\Categorized_AbbrvName\tu-sc_141\tu-sc_f2_88_29940950.jpg,2,light_FST1_2,0,0,0.0676426962018013
sq-ce-ca_f2_34_48cec03c.jpg,C:\Users\Angad\Desktop\StemFellowship\data\raw\fitzpatrick\Categorized_AbbrvName\sq-ce-ca_581\sq-ce-ca_f2_34_48cec03c.jpg,2,light_FST1_2,1,1,0.9674004316329956
ph_f6_300_b5cce14f.jpg,C:\Users\Angad\Desktop\StemFellowship\data\raw\fitzpatrick\Categorized_AbbrvName\ph_348\ph_f6_300_b5cce14f.jpg,6,dark_FST5_6,0,0,0.005292528308928013
st-ed_f2_25_de0b136d.jpg,C:\Users\Angad\Desktop\StemFellowship\data\raw\fitzpatrick\Categorized_AbbrvName\st-ed_69\st-ed_f2_25_de0b136d.jpg,2,light_FST1_2,0,0,0.008407589048147202
me_f5_198_70766ed2.jpg,C:\Users\Angad\Desktop\StemFellowship\data\raw\fitzpatrick\Categorized_AbbrvName\me_261\me_f5_198_70766ed2.jpg,5,dark_FST5_6,1,0,0.05229533836245537
pi-ru-pi_f5_20_6264b352.jpg,C:\Users\Angad\Desktop\StemFellowship\data\raw\fitzpatrick\Categorized_AbbrvName\pi-ru-pi_278\pi-ru-pi_f5_20_6264b352.jpg,5,dark_FST5_6,0,0,0.0002395717310719192
dr-er_f4_33_0e8d52d1.jpg,C:\Users\Angad\Desktop\StemFellowship\data\raw\fitzpatrick\Categorized_AbbrvName\dr-er_200\dr-er_f4_33_0e8d52d1.jpg,4,medium_FST3_4,0,0,0.001514187315478921
al-co-de_f2_39_d188695a.jpg,C:\Users\Angad\Desktop\StemFellowship\data\raw\fitzpatrick\Categorized_AbbrvName\al-co-de_430\al-co-de_f2_39_d188695a.jpg,2,light_FST1_2,0,0,1.189082922792295e-05
po-ac_f5_8_c3907cd7.jpg,C:\Users\Angad\Desktop\StemFellowship\data\raw\fitzpatrick\Categorized_AbbrvName\po-ac_183\po-ac_f5_8_c3907cd7.jpg,5,dark_FST5_6,0,0,0.0034070441033691168
ac_f1_38_df7bcb30.jpg,C:\Users\Angad\Desktop\StemFellowship\data\raw\fitzpatrick\Categorized_AbbrvName\ac_183\ac_f1_38_df7bcb30.jpg,1,light_FST1_2,0,0,0.026955487206578255
te_f5_125_d53296d3.jpg,C:\Users\Angad\Desktop\StemFellowship\data\raw\fitzpatrick\Categorized_AbbrvName\te_126\te_f5_125_d53296d3.jpg,5,dark_FST5_6,0,0,0.007571086753159761
vi_f4_23_96670c60.jpg,C:\Users\Angad\Desktop\StemFellowship\data\raw\fitzpatrick\Categorized_AbbrvName\vi_166\vi_f4_23_96670c60.jpg,4,medium_FST3_4,0,0,0.00036248256219550967
pr-no_f3_165_a419dce4.jpg,C:\Users\Angad\Desktop\StemFellowship\data\raw\fitzpatrick\Categorized_AbbrvName\pr-no_170\pr-no_f3_165_a419dce4.jpg,3,medium_FST3_4,0,0,0.273058146238327
py-gr_f3_30_4094556d.jpg,C:\Users\Angad\Desktop\StemFellowship\data\raw\fitzpatrick\Categorized_AbbrvName\py-gr_113\py-gr_f3_30_4094556d.jpg,3,medium_FST3_4,0,1,0.9533522129058838
ne-de_f1_60_bf14a418.jpg,C:\Users\Angad\Desktop\StemFellowship\data\raw\fitzpatrick\Categorized_AbbrvName\ne-de_361\ne-de_f1_60_bf14a418.jpg,1,light_FST1_2,0,0,8.139682904584333e-05
fo_f3_226_c253c552.jpg,C:\Users\Angad\Desktop\StemFellowship\data\raw\fitzpatrick\Categorized_AbbrvName\fo_342\fo_f3_226_c253c552.jpg,3,medium_FST3_4,0,0,0.0677819475531578
ne-de_f5_20_d6946659.jpg,C:\Users\Angad\Desktop\StemFellowship\data\raw\fitzpatrick\Categorized_AbbrvName\ne-de_361\ne-de_f5_20_d6946659.jpg,5,dark_FST5_6,0,0,0.08394856750965118
li-pl_f2_39_62f3327b.jpg,C:\Users\Angad\Desktop\StemFellowship\data\raw\fitzpatrick\Categorized_AbbrvName\li-pl_491\li-pl_f2_39_62f3327b.jpg,2,light_FST1_2,0,0,0.026913853362202644
pi-cy_f2_46_94e13acd.jpg,C:\Users\Angad\Desktop\StemFellowship\data\raw\fitzpatrick\Categorized_AbbrvName\pi-cy_93\pi-cy_f2_46_94e13acd.jpg,2,light_FST1_2,0,0,0.09577881544828415
se-de_f2_61_63644d5c.jpg,C:\Users\Angad\Desktop\StemFellowship\data\raw\fitzpatrick\Categorized_AbbrvName\se-de_126\se-de_f2_61_63644d5c.jpg,2,light_FST1_2,0,0,0.02364111691713333
li-pl_f4_489_de727a04.jpg,C:\Users\Angad\Desktop\StemFellowship\data\raw\fitzpatrick\Categorized_AbbrvName\li-pl_491\li-pl_f4_489_de727a04.jpg,4,medium_FST3_4,0,0,0.010698802769184113
lu-er_f6_0_6d4be984.jpg,C:\Users\Angad\Desktop\StemFellowship\data\raw\fitzpatrick\Categorized_AbbrvName\lu-er_410\lu-er_f6_0_6d4be984.jpg,6,dark_FST5_6,0,0,0.0001877277682069689
sa_f2_139_480fe2fb.jpg,C:\Users\Angad\Desktop\StemFellowship\data\raw\fitzpatrick\Categorized_AbbrvName\sa_349\sa_f2_139_480fe2fb.jpg,2,light_FST1_2,0,0,0.13311170041561127
mu-cy_f1_59_a69f3179.jpg,C:\Users\Angad\Desktop\StemFellowship\data\raw\fitzpatrick\Categorized_AbbrvName\mu-cy_79\mu-cy_f1_59_a69f3179.jpg,1,light_FST1_2,0,0,0.0004718013515230268
mu_f2_76_d23f2bc6.jpg,C:\Users\Angad\Desktop\StemFellowship\data\raw\fitzpatrick\Categorized_AbbrvName\mu_92\mu_f2_76_d23f2bc6.jpg,2,light_FST1_2,0,0,0.0020984665025025606
sa_f5_170_f68e79c4.jpg,C:\Users\Angad\Desktop\StemFellowship\data\raw\fitzpatrick\Categorized_AbbrvName\sa_349\sa_f5_170_f68e79c4.jpg,5,dark_FST5_6,0,0,0.10097840428352356
my-fu_f4_140_8ba5d484.jpg,C:\Users\Angad\Desktop\StemFellowship\data\raw\fitzpatrick\Categorized_AbbrvName\my-fu_182\my-fu_f4_140_8ba5d484.jpg,4,medium_FST3_4,1,0,0.040597040206193924
my-fu_f1_177_34d86d19.jpg,C:\Users\Angad\Desktop\StemFellowship\data\raw\fitzpatrick\Categorized_AbbrvName\my-fu_182\my-fu_f1_177_34d86d19.jpg,1,light_FST1_2,1,1,0.7665829062461853
ka-sa_f5_118_df8704cc.jpg,C:\Users\Angad\Desktop\StemFellowship\data\raw\fitzpatrick\Categorized_AbbrvName\ka-sa_156\ka-sa_f5_118_df8704cc.jpg,5,dark_FST5_6,1,1,0.993739128112793
ac-en_f2_15_f5ac6862.jpg,C:\Users\Angad\Desktop\StemFellowship\data\raw\fitzpatrick\Categorized_AbbrvName\ac-en_92\ac-en_f2_15_f5ac6862.jpg,2,light_FST1_2,0,0,0.0009485973278060555
mu-cy_f1_61_4b4fed3c.jpg,C:\Users\Angad\Desktop\StemFellowship\data\raw\fitzpatrick\Categorized_AbbrvName\mu-cy_79\mu-cy_f1_61_4b4fed3c.jpg,1,light_FST1_2,0,0,0.04140167310833931
ne-de_f2_121_425d3b17.jpg,C:\Users\Angad\Desktop\StemFellowship\data\raw\fitzpatrick\Categorized_AbbrvName\ne-de_361\ne-de_f2_121_425d3b17.jpg,2,light_FST1_2,0,0,4.5817880163667724e-05
be-di_f3_49_781840e1.jpg,C:\Users\Angad\Desktop\StemFellowship\data\raw\fitzpatrick\Categorized_AbbrvName\be-di_63\be-di_f3_49_781840e1.jpg,3,medium_FST3_4,0,0,0.010786537081003189
ps_f2_79_5bc562de.jpg,C:\Users\Angad\Desktop\StemFellowship\data\raw\fitzpatrick\Categorized_AbbrvName\ps_653\ps_f2_79_5bc562de.jpg,2,light_FST1_2,0,0,7.69179459894076e-05
pe-li_f2_40_56c32028.jpg,C:\Users\Angad\Desktop\StemFellowship\data\raw\fitzpatrick\Categorized_AbbrvName\pe-li_151\pe-li_f2_40_56c32028.jpg,2,light_FST1_2,0,0,0.0011316458694636822
ur_f3_56_631ff673.jpg,C:\Users\Angad\Desktop\StemFellowship\data\raw\fitzpatrick\Categorized_AbbrvName\ur_151\ur_f3_56_631ff673.jpg,3,medium_FST3_4,0,0,0.006959299091249704
lu-er_f5_334_2a38635d.jpg,C:\Users\Angad\Desktop\StemFellowship\data\raw\fitzpatrick\Categorized_AbbrvName\lu-er_410\lu-er_f5_334_2a38635d.jpg,5,dark_FST5_6,0,0,0.037339191883802414
ps_f2_250_5780ebf9.jpg,C:\Users\Angad\Desktop\StemFellowship\data\raw\fitzpatrick\Categorized_AbbrvName\ps_653\ps_f2_250_5780ebf9.jpg,2,light_FST1_2,0,0,3.6467718018684536e-05
so-cy-ba-ce-ca_f2_36_925ad6d3.jpg,C:\Users\Angad\Desktop\StemFellowship\data\raw\fitzpatrick\Categorized_AbbrvName\so-cy-ba-ce-ca_66\so-cy-ba-ce-ca_f2_36_925ad6d3.jpg,2,light_FST1_2,1,1,0.9703601002693176
ke_f4_16_77c6fecb.jpg,C:\Users\Angad\Desktop\StemFellowship\data\raw\fitzpatrick\Categorized_AbbrvName\ke_156\ke_f4_16_77c6fecb.jpg,4,medium_FST3_4,0,0,0.0028314832597970963
ne-in_f2_167_8e3231ac.jpg,C:\Users\Angad\Desktop\StemFellowship\data\raw\fitzpatrick\Categorized_AbbrvName\ne-in_260\ne-in_f2_167_8e3231ac.jpg,2,light_FST1_2,0,0,0.00037665764102712274
li-pl_f5_389_b8eb55ce.jpg,C:\Users\Angad\Desktop\StemFellowship\data\raw\fitzpatrick\Categorized_AbbrvName\li-pl_491\li-pl_f5_389_b8eb55ce.jpg,5,dark_FST5_6,0,0,0.0010131525341421366
dr-er_f1_46_6f333814.jpg,C:\Users\Angad\Desktop\StemFellowship\data\raw\fitzpatrick\Categorized_AbbrvName\dr-er_200\dr-er_f1_46_6f333814.jpg,1,light_FST1_2,0,0,0.022386284545063972
ba-ce-ca_f2_187_ac9bb3ab.jpg,C:\Users\Angad\Desktop\StemFellowship\data\raw\fitzpatrick\Categorized_AbbrvName\ba-ce-ca_468\ba-ce-ca_f2_187_ac9bb3ab.jpg,2,light_FST1_2,1,0,0.3269059658050537
ba-ce-ca_f1_123_34f2d6c1.jpg,C:\Users\Angad\Desktop\StemFellowship\data\raw\fitzpatrick\Categorized_AbbrvName\ba-ce-ca_468\ba-ce-ca_f1_123_34f2d6c1.jpg,1,light_FST1_2,1,0,0.25971099734306335
te_f3_66_8b9207f1.jpg,C:\Users\Angad\Desktop\StemFellowship\data\raw\fitzpatrick\Categorized_AbbrvName\te_126\te_f3_66_8b9207f1.jpg,3,medium_FST3_4,0,0,0.0030231631826609373
ac-vu_f3_273_60818388.jpg,C:\Users\Angad\Desktop\StemFellowship\data\raw\fitzpatrick\Categorized_AbbrvName\ac-vu_335\ac-vu_f3_273_60818388.jpg,3,medium_FST3_4,0,0,0.013815912418067455
be-ne_f1_30_fb820bfd.jpg,C:\Users\Angad\Desktop\StemFellowship\data\raw\fitzpatrick\Categorized_AbbrvName\be-ne_63\be-ne_f1_30_fb820bfd.jpg,1,light_FST1_2,0,0,0.0020738353487104177
ac-vu_f3_331_bbbeccec.jpg,C:\Users\Angad\Desktop\StemFellowship\data\raw\fitzpatrick\Categorized_AbbrvName\ac-vu_335\ac-vu_f3_331_bbbeccec.jpg,3,medium_FST3_4,0,0,0.01942756399512291
lu-er_f4_57_1e2d617c.jpg,C:\Users\Angad\Desktop\StemFellowship\data\raw\fitzpatrick\Categorized_AbbrvName\lu-er_410\lu-er_f4_57_1e2d617c.jpg,4,medium_FST3_4,0,0,0.01385662890970707
ne-de_f3_288_a0c607e5.jpg,C:\Users\Angad\Desktop\StemFellowship\data\raw\fitzpatrick\Categorized_AbbrvName\ne-de_361\ne-de_f3_288_a0c607e5.jpg,3,medium_FST3_4,0,0,0.00021064371685497463
pr-no_f2_90_4fc089d3.jpg,C:\Users\Angad\Desktop\StemFellowship\data\raw\fitzpatrick\Categorized_AbbrvName\pr-no_170\pr-no_f2_90_4fc089d3.jpg,2,light_FST1_2,0,0,0.1388547569513321
my-fu_f1_93_25f13494.jpg,C:\Users\Angad\Desktop\StemFellowship\data\raw\fitzpatrick\Categorized_AbbrvName\my-fu_182\my-fu_f1_93_25f13494.jpg,1,light_FST1_2,1,0,0.08752832561731339
la-ce-hi_f3_34_8d8669c5.jpg,C:\Users\Angad\Desktop\StemFellowship\data\raw\fitzpatrick\Categorized_AbbrvName\la-ce-hi_60\la-ce-hi_f3_34_8d8669c5.jpg,3,medium_FST3_4,0,0,0.00938938744366169
pi-cy_f2_75_7157df00.jpg,C:\Users\Angad\Desktop\StemFellowship\data\raw\fitzpatrick\Categorized_AbbrvName\pi-cy_93\pi-cy_f2_75_7157df00.jpg,2,light_FST1_2,0,0,0.2118871659040451
li-pl_f6_450_a15efe8b.jpg,C:\Users\Angad\Desktop\StemFellowship\data\raw\fitzpatrick\Categorized_AbbrvName\li-pl_491\li-pl_f6_450_a15efe8b.jpg,6,dark_FST5_6,0,0,0.0006614928133785725
se-ke_f2_46_5876dff0.jpg,C:\Users\Angad\Desktop\StemFellowship\data\raw\fitzpatrick\Categorized_AbbrvName\se-ke_69\se-ke_f2_46_5876dff0.jpg,2,light_FST1_2,0,1,0.999338686466217
rh_f4_80_12281739.jpg,C:\Users\Angad\Desktop\StemFellowship\data\raw\fitzpatrick\Categorized_AbbrvName\rh_91\rh_f4_80_12281739.jpg,4,medium_FST3_4,0,0,0.02517852932214737
ac-au-bu-di-ge_f5_5_e1b9826a.jpg,C:\Users\Angad\Desktop\StemFellowship\data\raw\fitzpatrick\Categorized_AbbrvName\ac-au-bu-di-ge_67\ac-au-bu-di-ge_f5_5_e1b9826a.jpg,5,dark_FST5_6,0,0,0.006003980059176683
dr-er_f2_84_588225e6.jpg,C:\Users\Angad\Desktop\StemFellowship\data\raw\fitzpatrick\Categorized_AbbrvName\dr-er_200\dr-er_f2_84_588225e6.jpg,2,light_FST1_2,0,0,0.0028215565253049135
li-si_f5_41_3d100981.jpg,C:\Users\Angad\Desktop\StemFellowship\data\raw\fitzpatrick\Categorized_AbbrvName\li-si_97\li-si_f5_41_3d100981.jpg,5,dark_FST5_6,0,0,0.00018904279568232596
pi-ru-pi_f2_75_dc1d348f.jpg,C:\Users\Angad\Desktop\StemFellowship\data\raw\fitzpatrick\Categorized_AbbrvName\pi-ru-pi_278\pi-ru-pi_f2_75_dc1d348f.jpg,2,light_FST1_2,0,0,0.03818429633975029
ju-xa_f2_76_7b7275bf.jpg,C:\Users\Angad\Desktop\StemFellowship\data\raw\fitzpatrick\Categorized_AbbrvName\ju-xa_149\ju-xa_f2_76_7b7275bf.jpg,2,light_FST1_2,0,0,0.0007198865641839802
pi-ru-pi_f4_30_88804537.jpg,C:\Users\Angad\Desktop\StemFellowship\data\raw\fitzpatrick\Categorized_AbbrvName\pi-ru-pi_278\pi-ru-pi_f4_30_88804537.jpg,4,medium_FST3_4,0,0,4.187762169749476e-05
po-wi-st_f3_54_8c221e09.jpg,C:\Users\Angad\Desktop\StemFellowship\data\raw\fitzpatrick\Categorized_AbbrvName\po-wi-st_59\po-wi-st_f3_54_8c221e09.jpg,3,medium_FST3_4,0,0,0.0013035205192863941
mu_f6_40_b705703d.jpg,C:\Users\Angad\Desktop\StemFellowship\data\raw\fitzpatrick\Categorized_AbbrvName\mu_92\mu_f6_40_b705703d.jpg,6,dark_FST5_6,0,0,0.0002969724009744823
fo_f2_93_eb2f2c35.jpg,C:\Users\Angad\Desktop\StemFellowship\data\raw\fitzpatrick\Categorized_AbbrvName\fo_342\fo_f2_93_eb2f2c35.jpg,2,light_FST1_2,0,0,0.05355065315961838
ly-di_f2_118_c13c4879.jpg,C:\Users\Angad\Desktop\StemFellowship\data\raw\fitzpatrick\Categorized_AbbrvName\ly-di_129\ly-di_f2_118_c13c4879.jpg,2,light_FST1_2,0,0,0.0383232906460762
pi-ro_f2_68_57ed644f.jpg,C:\Users\Angad\Desktop\StemFellowship\data\raw\fitzpatrick\Categorized_AbbrvName\pi-ro_193\pi-ro_f2_68_57ed644f.jpg,2,light_FST1_2,0,0,0.0011587979970499873
al-co-de_f1_69_079ff93e.jpg,C:\Users\Angad\Desktop\StemFellowship\data\raw\fitzpatrick\Categorized_AbbrvName\al-co-de_430\al-co-de_f1_69_079ff93e.jpg,1,light_FST1_2,0,0,0.01749997027218342
al-co-de_f2_90_d8531762.jpg,C:\Users\Angad\Desktop\StemFellowship\data\raw\fitzpatrick\Categorized_AbbrvName\al-co-de_430\al-co-de_f2_90_d8531762.jpg,2,light_FST1_2,0,0,0.0007461967179551721
fa-de_f1_14_ce99eda8.jpg,C:\Users\Angad\Desktop\StemFellowship\data\raw\fitzpatrick\Categorized_AbbrvName\fa-de_66\fa-de_f1_14_ce99eda8.jpg,1,light_FST1_2,0,0,0.026706110686063766
ac-au-bu-di-ge_f2_33_a8c08380.jpg,C:\Users\Angad\Desktop\StemFellowship\data\raw\fitzpatrick\Categorized_AbbrvName\ac-au-bu-di-ge_67\ac-au-bu-di-ge_f2_33_a8c08380.jpg,2,light_FST1_2,0,0,4.982213067705743e-05
ac-vu_f5_171_a15409f6.jpg,C:\Users\Angad\Desktop\StemFellowship\data\raw\fitzpatrick\Categorized_AbbrvName\ac-vu_335\ac-vu_f5_171_a15409f6.jpg,5,dark_FST5_6,0,0,0.008055473677814007
li-pl_f1_91_f127b9f6.jpg,C:\Users\Angad\Desktop\StemFellowship\data\raw\fitzpatrick\Categorized_AbbrvName\li-pl_491\li-pl_f1_91_f127b9f6.jpg,1,light_FST1_2,0,1,0.9999990463256836
al-co-de_f2_334_74409e0c.jpg,C:\Users\Angad\Desktop\StemFellowship\data\raw\fitzpatrick\Categorized_AbbrvName\al-co-de_430\al-co-de_f2_334_74409e0c.jpg,2,light_FST1_2,0,0,0.04574526846408844
da-di_f1_46_216fad41.jpg,C:\Users\Angad\Desktop\StemFellowship\data\raw\fitzpatrick\Categorized_AbbrvName\da-di_153\da-di_f1_46_216fad41.jpg,1,light_FST1_2,0,0,0.02120443806052208
pi-li-ch_f1_6_4c50199b.jpg,C:\Users\Angad\Desktop\StemFellowship\data\raw\fitzpatrick\Categorized_AbbrvName\pi-li-ch_73\pi-li-ch_f1_6_4c50199b.jpg,1,light_FST1_2,0,0,0.006505194120109081
li-si_f1_20_742ae6a7.jpg,C:\Users\Angad\Desktop\StemFellowship\data\raw\fitzpatrick\Categorized_AbbrvName\li-si_97\li-si_f1_20_742ae6a7.jpg,1,light_FST1_2,0,0,0.015938766300678253
sa_f1_46_d6b09334.jpg,C:\Users\Angad\Desktop\StemFellowship\data\raw\fitzpatrick\Categorized_AbbrvName\sa_349\sa_f1_46_d6b09334.jpg,1,light_FST1_2,0,0,0.0852794200181961
ac-au-bu-di-ge_f1_61_ff72faec.jpg,C:\Users\Angad\Desktop\StemFellowship\data\raw\fitzpatrick\Categorized_AbbrvName\ac-au-bu-di-ge_67\ac-au-bu-di-ge_f1_61_ff72faec.jpg,1,light_FST1_2,0,0,0.009075838141143322
gr-py_f3_23_1e00469b.jpg,C:\Users\Angad\Desktop\StemFellowship\data\raw\fitzpatrick\Categorized_AbbrvName\gr-py_75\gr-py_f3_23_1e00469b.jpg,3,medium_FST3_4,0,0,0.00276121124625206
pi-cy_f4_80_53250414.jpg,C:\Users\Angad\Desktop\StemFellowship\data\raw\fitzpatrick\Categorized_AbbrvName\pi-cy_93\pi-cy_f4_80_53250414.jpg,4,medium_FST3_4,0,0,0.026523752138018608
sq-ce-ca_f2_152_d1e31a0b.jpg,C:\Users\Angad\Desktop\StemFellowship\data\raw\fitzpatrick\Categorized_AbbrvName\sq-ce-ca_581\sq-ce-ca_f2_152_d1e31a0b.jpg,2,light_FST1_2,1,1,0.9837069511413574
ur_f1_105_f790ba34.jpg,C:\Users\Angad\Desktop\StemFellowship\data\raw\fitzpatrick\Categorized_AbbrvName\ur_151\ur_f1_105_f790ba34.jpg,1,light_FST1_2,0,1,0.6773689389228821
ba-ce-ca_f2_129_dbb854f5.jpg,C:\Users\Angad\Desktop\StemFellowship\data\raw\fitzpatrick\Categorized_AbbrvName\ba-ce-ca_468\ba-ce-ca_f2_129_dbb854f5.jpg,2,light_FST1_2,1,1,0.9684932231903076
ne-in_f3_234_5eb10b79.jpg,C:\Users\Angad\Desktop\StemFellowship\data\raw\fitzpatrick\Categorized_AbbrvName\ne-in_260\ne-in_f3_234_5eb10b79.jpg,3,medium_FST3_4,0,0,0.004926770459860563
ke-pi_f4_29_59def581.jpg,C:\Users\Angad\Desktop\StemFellowship\data\raw\fitzpatrick\Categorized_AbbrvName\ke-pi_78\ke-pi_f4_29_59def581.jpg,4,medium_FST3_4,0,0,0.00016847980441525578
ac-au-bu-di-ge_f1_39_a942cdf5.jpg,C:\Users\Angad\Desktop\StemFellowship\data\raw\fitzpatrick\Categorized_AbbrvName\ac-au-bu-di-ge_67\ac-au-bu-di-ge_f1_39_a942cdf5.jpg,1,light_FST1_2,0,0,0.004178795963525772
ly-di_f3_17_85a786c7.jpg,C:\Users\Angad\Desktop\StemFellowship\data\raw\fitzpatrick\Categorized_AbbrvName\ly-di_129\ly-di_f3_17_85a786c7.jpg,3,medium_FST3_4,0,0,0.004762551281601191
pi-ru-pi_f6_237_e140eecc.jpg,C:\Users\Angad\Desktop\StemFellowship\data\raw\fitzpatrick\Categorized_AbbrvName\pi-ru-pi_278\pi-ru-pi_f6_237_e140eecc.jpg,6,dark_FST5_6,0,0,0.00041483977111056447
ph_f5_308_c676179d.jpg,C:\Users\Angad\Desktop\StemFellowship\data\raw\fitzpatrick\Categorized_AbbrvName\ph_348\ph_f5_308_c676179d.jpg,5,dark_FST5_6,0,0,0.0005359764327295125
su-da-sk_f1_53_ae8ae01a.jpg,C:\Users\Angad\Desktop\StemFellowship\data\raw\fitzpatrick\Categorized_AbbrvName\su-da-sk_66\su-da-sk_f1_53_ae8ae01a.jpg,1,light_FST1_2,0,0,0.001357290311716497
be-ne_f2_7_762bafbb.jpg,C:\Users\Angad\Desktop\StemFellowship\data\raw\fitzpatrick\Categorized_AbbrvName\be-ne_63\be-ne_f2_7_762bafbb.jpg,2,light_FST1_2,0,0,0.1333627551794052
pu-ps_f4_36_c186f7c6.jpg,C:\Users\Angad\Desktop\StemFellowship\data\raw\fitzpatrick\Categorized_AbbrvName\pu-ps_53\pu-ps_f4_36_c186f7c6.jpg,4,medium_FST3_4,0,0,0.007070895284414291
xe-pi_f3_69_b76c78eb.jpg,C:\Users\Angad\Desktop\StemFellowship\data\raw\fitzpatrick\Categorized_AbbrvName\xe-pi_81\xe-pi_f3_69_b76c78eb.jpg,3,medium_FST3_4,0,0,0.007889442145824432
ch_f4_94_fc71281b.jpg,C:\Users\Angad\Desktop\StemFellowship\data\raw\fitzpatrick\Categorized_AbbrvName\ch_106\ch_f4_94_fc71281b.jpg,4,medium_FST3_4,0,0,0.0843912810087204
su-sp-me-ss_f1_53_270a217e.jpg,C:\Users\Angad\Desktop\StemFellowship\data\raw\fitzpatrick\Categorized_AbbrvName\su-sp-me-ss_118\su-sp-me-ss_f1_53_270a217e.jpg,1,light_FST1_2,1,0,0.06350347399711609
gr-an_f2_50_090f7f1f.jpg,C:\Users\Angad\Desktop\StemFellowship\data\raw\fitzpatrick\Categorized_AbbrvName\gr-an_211\gr-an_f2_50_090f7f1f.jpg,2,light_FST1_2,0,0,0.019173240289092064
al-co-de_f3_261_237e1df6.jpg,C:\Users\Angad\Desktop\StemFellowship\data\raw\fitzpatrick\Categorized_AbbrvName\al-co-de_430\al-co-de_f3_261_237e1df6.jpg,3,medium_FST3_4,0,0,0.00024706957628950477
ac-vu_f2_262_39f3448f.jpg,C:\Users\Angad\Desktop\StemFellowship\data\raw\fitzpatrick\Categorized_AbbrvName\ac-vu_335\ac-vu_f2_262_39f3448f.jpg,2,light_FST1_2,0,0,0.0009183803922496736
ps_f1_305_448f9bc6.jpg,C:\Users\Angad\Desktop\StemFellowship\data\raw\fitzpatrick\Categorized_AbbrvName\ps_653\ps_f1_305_448f9bc6.jpg,1,light_FST1_2,0,0,0.007557619828730822
la-ce-hi_f2_38_cbffaeb3.jpg,C:\Users\Angad\Desktop\StemFellowship\data\raw\fitzpatrick\Categorized_AbbrvName\la-ce-hi_60\la-ce-hi_f2_38_cbffaeb3.jpg,2,light_FST1_2,0,0,0.022542236372828484
ic-vu_f3_63_f46af7dd.jpg,C:\Users\Angad\Desktop\StemFellowship\data\raw\fitzpatrick\Categorized_AbbrvName\ic-vu_65\ic-vu_f3_63_f46af7dd.jpg,3,medium_FST3_4,0,0,0.0003040185256395489
ph_f3_275_90d86aa3.jpg,C:\Users\Angad\Desktop\StemFellowship\data\raw\fitzpatrick\Categorized_AbbrvName\ph_348\ph_f3_275_90d86aa3.jpg,3,medium_FST3_4,0,0,0.29964056611061096
se-ke_f2_27_9592684e.jpg,C:\Users\Angad\Desktop\StemFellowship\data\raw\fitzpatrick\Categorized_AbbrvName\se-ke_69\se-ke_f2_27_9592684e.jpg,2,light_FST1_2,0,0,0.12534913420677185
li-pl_f2_113_3e32cd1f.jpg,C:\Users\Angad\Desktop\StemFellowship\data\raw\fitzpatrick\Categorized_AbbrvName\li-pl_491\li-pl_f2_113_3e32cd1f.jpg,2,light_FST1_2,0,0,0.04520563781261444
al-co-de_f2_343_0578ee8b.jpg,C:\Users\Angad\Desktop\StemFellowship\data\raw\fitzpatrick\Categorized_AbbrvName\al-co-de_430\al-co-de_f2_343_0578ee8b.jpg,2,light_FST1_2,0,0,0.0002403415710432455
ti-bi_f2_60_3eead8c5.jpg,C:\Users\Angad\Desktop\StemFellowship\data\raw\fitzpatrick\Categorized_AbbrvName\ti-bi_73\ti-bi_f2_60_3eead8c5.jpg,2,light_FST1_2,0,0,0.00917176716029644
ne-ne_f1_7_fa866bb4.jpg,C:\Users\Angad\Desktop\StemFellowship\data\raw\fitzpatrick\Categorized_AbbrvName\ne-ne_86\ne-ne_f1_7_fa866bb4.jpg,1,light_FST1_2,0,1,0.9864583611488342
pe-li_f2_90_41420ba8.jpg,C:\Users\Angad\Desktop\StemFellowship\data\raw\fitzpatrick\Categorized_AbbrvName\pe-li_151\pe-li_f2_90_41420ba8.jpg,2,light_FST1_2,0,0,0.15853926539421082
ba-ce-ca_f2_249_8befc3a0.jpg,C:\Users\Angad\Desktop\StemFellowship\data\raw\fitzpatrick\Categorized_AbbrvName\ba-ce-ca_468\ba-ce-ca_f2_249_8befc3a0.jpg,2,light_FST1_2,1,0,0.0608426034450531
pi-li-ch_f3_61_32b02206.jpg,C:\Users\Angad\Desktop\StemFellowship\data\raw\fitzpatrick\Categorized_AbbrvName\pi-li-ch_73\pi-li-ch_f3_61_32b02206.jpg,3,medium_FST3_4,0,0,0.0002529001794755459
my-fu_f1_89_85601458.jpg,C:\Users\Angad\Desktop\StemFellowship\data\raw\fitzpatrick\Categorized_AbbrvName\my-fu_182\my-fu_f1_89_85601458.jpg,1,light_FST1_2,1,0,0.07850382477045059
eh-da-sy_f4_53_3060664d.jpg,C:\Users\Angad\Desktop\StemFellowship\data\raw\fitzpatrick\Categorized_AbbrvName\eh-da-sy_127\eh-da-sy_f4_53_3060664d.jpg,4,medium_FST3_4,0,0,0.0009637075709179044
ec_f2_97_f27fd1d2.jpg,C:\Users\Angad\Desktop\StemFellowship\data\raw\fitzpatrick\Categorized_AbbrvName\ec_204\ec_f2_97_f27fd1d2.jpg,2,light_FST1_2,0,0,0.00010343240137444809
po_f3_98_d94e41be.jpg,C:\Users\Angad\Desktop\StemFellowship\data\raw\fitzpatrick\Categorized_AbbrvName\po_127\po_f3_98_d94e41be.jpg,3,medium_FST3_4,0,0,0.0026370047125965357
al-co-de_f2_136_41069e76.jpg,C:\Users\Angad\Desktop\StemFellowship\data\raw\fitzpatrick\Categorized_AbbrvName\al-co-de_430\al-co-de_f2_136_41069e76.jpg,2,light_FST1_2,0,0,0.016137080267071724
ps_f4_36_fe8894b8.jpg,C:\Users\Angad\Desktop\StemFellowship\data\raw\fitzpatrick\Categorized_AbbrvName\ps_653\ps_f4_36_fe8894b8.jpg,4,medium_FST3_4,0,0,0.02220454253256321
fo-sp_f2_80_6ea20aa2.jpg,C:\Users\Angad\Desktop\StemFellowship\data\raw\fitzpatrick\Categorized_AbbrvName\fo-sp_100\fo-sp_f2_80_6ea20aa2.jpg,2,light_FST1_2,0,0,0.02166079916059971
lu-su_f1_76_d1f747c0.jpg,C:\Users\Angad\Desktop\StemFellowship\data\raw\fitzpatrick\Categorized_AbbrvName\lu-su_111\lu-su_f1_76_d1f747c0.jpg,1,light_FST1_2,0,1,0.5746778845787048
ne-de_f1_214_4549902b.jpg,C:\Users\Angad\Desktop\StemFellowship\data\raw\fitzpatrick\Categorized_AbbrvName\ne-de_361\ne-de_f1_214_4549902b.jpg,1,light_FST1_2,0,0,0.22901850938796997
ph_f3_184_8c40c91e.jpg,C:\Users\Angad\Desktop\StemFellowship\data\raw\fitzpatrick\Categorized_AbbrvName\ph_348\ph_f3_184_8c40c91e.jpg,3,medium_FST3_4,0,0,7.438372995238751e-05
ne-de_f4_339_11ac4650.jpg,C:\Users\Angad\Desktop\StemFellowship\data\raw\fitzpatrick\Categorized_AbbrvName\ne-de_361\ne-de_f4_339_11ac4650.jpg,4,medium_FST3_4,0,0,0.05716538801789284
me_f6_1_4c3f795c.jpg,C:\Users\Angad\Desktop\StemFellowship\data\raw\fitzpatrick\Categorized_AbbrvName\me_261\me_f6_1_4c3f795c.jpg,6,dark_FST5_6,1,0,0.2035718560218811
fo_f3_204_afe7b75c.jpg,C:\Users\Angad\Desktop\StemFellowship\data\raw\fitzpatrick\Categorized_AbbrvName\fo_342\fo_f3_204_afe7b75c.jpg,3,medium_FST3_4,0,0,0.004367262125015259
la-ce-hi_f2_58_8ea273fc.jpg,C:\Users\Angad\Desktop\StemFellowship\data\raw\fitzpatrick\Categorized_AbbrvName\la-ce-hi_60\la-ce-hi_f2_58_8ea273fc.jpg,2,light_FST1_2,0,0,0.176169291138649
li-pl_f3_291_d48d97b5.jpg,C:\Users\Angad\Desktop\StemFellowship\data\raw\fitzpatrick\Categorized_AbbrvName\li-pl_491\li-pl_f3_291_d48d97b5.jpg,3,medium_FST3_4,0,0,0.00012111313117202371
ro_f3_100_744b82dd.jpg,C:\Users\Angad\Desktop\StemFellowship\data\raw\fitzpatrick\Categorized_AbbrvName\ro_102\ro_f3_100_744b82dd.jpg,3,medium_FST3_4,0,0,0.0260772705078125
po_f1_13_0c6a824b.jpg,C:\Users\Angad\Desktop\StemFellowship\data\raw\fitzpatrick\Categorized_AbbrvName\po_127\po_f1_13_0c6a824b.jpg,1,light_FST1_2,0,0,0.0001393632555846125
po-ac_f4_87_31101499.jpg,C:\Users\Angad\Desktop\StemFellowship\data\raw\fitzpatrick\Categorized_AbbrvName\po-ac_183\po-ac_f4_87_31101499.jpg,4,medium_FST3_4,0,0,0.0003754262288566679
dr-er_f2_71_ab221a5a.jpg,C:\Users\Angad\Desktop\StemFellowship\data\raw\fitzpatrick\Categorized_AbbrvName\dr-er_200\dr-er_f2_71_ab221a5a.jpg,2,light_FST1_2,0,0,0.0378313772380352
sq-ce-ca_f2_77_f909638c.jpg,C:\Users\Angad\Desktop\StemFellowship\data\raw\fitzpatrick\Categorized_AbbrvName\sq-ce-ca_581\sq-ce-ca_f2_77_f909638c.jpg,2,light_FST1_2,1,1,0.9999605417251587
ac-vu_f4_104_4cb85832.jpg,C:\Users\Angad\Desktop\StemFellowship\data\raw\fitzpatrick\Categorized_AbbrvName\ac-vu_335\ac-vu_f4_104_4cb85832.jpg,4,medium_FST3_4,0,0,0.0007406488293781877
ha-ha-di_f2_64_706ca021.jpg,C:\Users\Angad\Desktop\StemFellowship\data\raw\fitzpatrick\Categorized_AbbrvName\ha-ha-di_174\ha-ha-di_f2_64_706ca021.jpg,2,light_FST1_2,0,0,0.016321538016200066
ec_f2_164_7d4186ec.jpg,C:\Users\Angad\Desktop\StemFellowship\data\raw\fitzpatrick\Categorized_AbbrvName\ec_204\ec_f2_164_7d4186ec.jpg,2,light_FST1_2,0,0,0.0004162605036981404
ju-xa_f3_23_7ae8a310.jpg,C:\Users\Angad\Desktop\StemFellowship\data\raw\fitzpatrick\Categorized_AbbrvName\ju-xa_149\ju-xa_f3_23_7ae8a310.jpg,3,medium_FST3_4,0,0,0.3724336624145508
tu-sc_f2_17_f6269411.jpg,C:\Users\Angad\Desktop\StemFellowship\data\raw\fitzpatrick\Categorized_AbbrvName\tu-sc_141\tu-sc_f2_17_f6269411.jpg,2,light_FST1_2,0,0,0.0036532816011458635
ne-in_f4_158_36c7e890.jpg,C:\Users\Angad\Desktop\StemFellowship\data\raw\fitzpatrick\Categorized_AbbrvName\ne-in_260\ne-in_f4_158_36c7e890.jpg,4,medium_FST3_4,0,0,0.16940054297447205
ka-sa_f4_68_2556115a.jpg,C:\Users\Angad\Desktop\StemFellowship\data\raw\fitzpatrick\Categorized_AbbrvName\ka-sa_156\ka-sa_f4_68_2556115a.jpg,4,medium_FST3_4,1,1,0.960248589515686
ba-ce-ca_f4_367_de24cc0b.jpg,C:\Users\Angad\Desktop\StemFellowship\data\raw\fitzpatrick\Categorized_AbbrvName\ba-ce-ca_468\ba-ce-ca_f4_367_de24cc0b.jpg,4,medium_FST3_4,1,1,0.9650858044624329
al-co-de_f1_245_f6f1c4e0.jpg,C:\Users\Angad\Desktop\StemFellowship\data\raw\fitzpatrick\Categorized_AbbrvName\al-co-de_430\al-co-de_f1_245_f6f1c4e0.jpg,1,light_FST1_2,0,0,0.001672040787525475
ac_f4_110_a85b61c5.jpg,C:\Users\Angad\Desktop\StemFellowship\data\raw\fitzpatrick\Categorized_AbbrvName\ac_183\ac_f4_110_a85b61c5.jpg,4,medium_FST3_4,0,0,0.18629685044288635
pi_f3_38_3d2f7ae5.jpg,C:\Users\Angad\Desktop\StemFellowship\data\raw\fitzpatrick\Categorized_AbbrvName\pi_53\pi_f3_38_3d2f7ae5.jpg,3,medium_FST3_4,0,0,0.39334791898727417
st-ed_f2_34_069f8e54.jpg,C:\Users\Angad\Desktop\StemFellowship\data\raw\fitzpatrick\Categorized_AbbrvName\st-ed_69\st-ed_f2_34_069f8e54.jpg,2,light_FST1_2,0,0,0.006182891316711903
st-ed_f1_1_99fa656a.jpg,C:\Users\Angad\Desktop\StemFellowship\data\raw\fitzpatrick\Categorized_AbbrvName\st-ed_69\st-ed_f1_1_99fa656a.jpg,1,light_FST1_2,0,1,0.7444954514503479
mu-cy_f3_60_d44a546f.jpg,C:\Users\Angad\Desktop\StemFellowship\data\raw\fitzpatrick\Categorized_AbbrvName\mu-cy_79\mu-cy_f3_60_d44a546f.jpg,3,medium_FST3_4,0,0,0.2821105122566223
er-mu_f2_173_2610aad0.jpg,C:\Users\Angad\Desktop\StemFellowship\data\raw\fitzpatrick\Categorized_AbbrvName\er-mu_236\er-mu_f2_173_2610aad0.jpg,2,light_FST1_2,0,0,0.00014312128769233823
fi-er_f6_86_b491dc0b.jpg,C:\Users\Angad\Desktop\StemFellowship\data\raw\fitzpatrick\Categorized_AbbrvName\fi-er_125\fi-er_f6_86_b491dc0b.jpg,6,dark_FST5_6,0,0,0.0016022383933886886
da-di_f2_37_debb7cf0.jpg,C:\Users\Angad\Desktop\StemFellowship\data\raw\fitzpatrick\Categorized_AbbrvName\da-di_153\da-di_f2_37_debb7cf0.jpg,2,light_FST1_2,0,0,0.021869808435440063
eh-da-sy_f5_78_b1090a5d.jpg,C:\Users\Angad\Desktop\StemFellowship\data\raw\fitzpatrick\Categorized_AbbrvName\eh-da-sy_127\eh-da-sy_f5_78_b1090a5d.jpg,5,dark_FST5_6,0,0,0.0003299224190413952
in-pi_f2_59_4c8125ec.jpg,C:\Users\Angad\Desktop\StemFellowship\data\raw\fitzpatrick\Categorized_AbbrvName\in-pi_102\in-pi_f2_59_4c8125ec.jpg,2,light_FST1_2,0,0,1.5351237379945815e-05
li-pl_f6_287_df3a97d6.jpg,C:\Users\Angad\Desktop\StemFellowship\data\raw\fitzpatrick\Categorized_AbbrvName\li-pl_491\li-pl_f6_287_df3a97d6.jpg,6,dark_FST5_6,0,0,0.03681368753314018
ke_f4_111_79dd087b.jpg,C:\Users\Angad\Desktop\StemFellowship\data\raw\fitzpatrick\Categorized_AbbrvName\ke_156\ke_f4_111_79dd087b.jpg,4,medium_FST3_4,0,0,9.661882359068841e-05
tu_f5_103_e6d695d4.jpg,C:\Users\Angad\Desktop\StemFellowship\data\raw\fitzpatrick\Categorized_AbbrvName\tu_152\tu_f5_103_e6d695d4.jpg,5,dark_FST5_6,0,0,0.01746685430407524
ep-ne_f2_60_91a0742a.jpg,C:\Users\Angad\Desktop\StemFellowship\data\raw\fitzpatrick\Categorized_AbbrvName\ep-ne_91\ep-ne_f2_60_91a0742a.jpg,2,light_FST1_2,0,0,3.0797735234955326e-05
te_f2_78_7db71f8f.jpg,C:\Users\Angad\Desktop\StemFellowship\data\raw\fitzpatrick\Categorized_AbbrvName\te_126\te_f2_78_7db71f8f.jpg,2,light_FST1_2,0,0,0.025266341865062714
tu_f2_74_9910ba40.jpg,C:\Users\Angad\Desktop\StemFellowship\data\raw\fitzpatrick\Categorized_AbbrvName\tu_152\tu_f2_74_9910ba40.jpg,2,light_FST1_2,0,0,0.16031502187252045
li-pl_f5_294_2670ef04.jpg,C:\Users\Angad\Desktop\StemFellowship\data\raw\fitzpatrick\Categorized_AbbrvName\li-pl_491\li-pl_f5_294_2670ef04.jpg,5,dark_FST5_6,0,0,0.0001599416573299095
ac-vu_f2_299_58b11ade.jpg,C:\Users\Angad\Desktop\StemFellowship\data\raw\fitzpatrick\Categorized_AbbrvName\ac-vu_335\ac-vu_f2_299_58b11ade.jpg,2,light_FST1_2,0,0,0.00029942530090920627
my-fu_f4_104_b1f5e53b.jpg,C:\Users\Angad\Desktop\StemFellowship\data\raw\fitzpatrick\Categorized_AbbrvName\my-fu_182\my-fu_f4_104_b1f5e53b.jpg,4,medium_FST3_4,1,0,0.05052274838089943
er-no_f1_38_ad6cfeca.jpg,C:\Users\Angad\Desktop\StemFellowship\data\raw\fitzpatrick\Categorized_AbbrvName\er-no_81\er-no_f1_38_ad6cfeca.jpg,1,light_FST1_2,0,0,0.14123156666755676
di-ac-po_f4_16_310c13f3.jpg,C:\Users\Angad\Desktop\StemFellowship\data\raw\fitzpatrick\Categorized_AbbrvName\di-ac-po_60\di-ac-po_f4_16_310c13f3.jpg,4,medium_FST3_4,0,0,0.12464721500873566
ph_f2_161_b446af30.jpg,C:\Users\Angad\Desktop\StemFellowship\data\raw\fitzpatrick\Categorized_AbbrvName\ph_348\ph_f2_161_b446af30.jpg,2,light_FST1_2,0,0,0.0019501472124829888
sq-ce-ca_f1_367_7a1b181c.jpg,C:\Users\Angad\Desktop\StemFellowship\data\raw\fitzpatrick\Categorized_AbbrvName\sq-ce-ca_581\sq-ce-ca_f1_367_7a1b181c.jpg,1,light_FST1_2,1,1,0.936227023601532
vi_f3_146_7e94b9c8.jpg,C:\Users\Angad\Desktop\StemFellowship\data\raw\fitzpatrick\Categorized_AbbrvName\vi_166\vi_f3_146_7e94b9c8.jpg,3,medium_FST3_4,0,0,0.02054155059158802
ur_f2_65_f0824bbe.jpg,C:\Users\Angad\Desktop\StemFellowship\data\raw\fitzpatrick\Categorized_AbbrvName\ur_151\ur_f2_65_f0824bbe.jpg,2,light_FST1_2,0,0,0.0016487269895151258
my_f2_0_fa83e64b.jpg,C:\Users\Angad\Desktop\StemFellowship\data\raw\fitzpatrick\Categorized_AbbrvName\my_67\my_f2_0_fa83e64b.jpg,2,light_FST1_2,0,1,0.8993154764175415
po-wi-st_f3_0_98feee4e.jpg,C:\Users\Angad\Desktop\StemFellowship\data\raw\fitzpatrick\Categorized_AbbrvName\po-wi-st_59\po-wi-st_f3_0_98feee4e.jpg,3,medium_FST3_4,0,0,0.00025778511189855635
fo_f2_50_71db60e9.jpg,C:\Users\Angad\Desktop\StemFellowship\data\raw\fitzpatrick\Categorized_AbbrvName\fo_342\fo_f2_50_71db60e9.jpg,2,light_FST1_2,0,0,0.003003423335030675
lu-er_f3_312_f03897a3.jpg,C:\Users\Angad\Desktop\StemFellowship\data\raw\fitzpatrick\Categorized_AbbrvName\lu-er_410\lu-er_f3_312_f03897a3.jpg,3,medium_FST3_4,0,0,3.275123526691459e-05
vi_f3_4_fd586748.jpg,C:\Users\Angad\Desktop\StemFellowship\data\raw\fitzpatrick\Categorized_AbbrvName\vi_166\vi_f3_4_fd586748.jpg,3,medium_FST3_4,0,0,0.0035962071269750595
pi-ro_f1_34_0a69292e.jpg,C:\Users\Angad\Desktop\StemFellowship\data\raw\fitzpatrick\Categorized_AbbrvName\pi-ro_193\pi-ro_f1_34_0a69292e.jpg,1,light_FST1_2,0,0,0.017290255054831505
li-si_f5_25_9ceba0da.jpg,C:\Users\Angad\Desktop\StemFellowship\data\raw\fitzpatrick\Categorized_AbbrvName\li-si_97\li-si_f5_25_9ceba0da.jpg,5,dark_FST5_6,0,0,0.0013299469137564301
ke_f1_19_96372e65.jpg,C:\Users\Angad\Desktop\StemFellowship\data\raw\fitzpatrick\Categorized_AbbrvName\ke_156\ke_f1_19_96372e65.jpg,1,light_FST1_2,0,0,0.0006085560307838023
ne-ex_f2_33_0029e2c6.jpg,C:\Users\Angad\Desktop\StemFellowship\data\raw\fitzpatrick\Categorized_AbbrvName\ne-ex_73\ne-ex_f2_33_0029e2c6.jpg,2,light_FST1_2,0,0,0.4548821747303009
st_f5_13_41b0ea8a.jpg,C:\Users\Angad\Desktop\StemFellowship\data\raw\fitzpatrick\Categorized_AbbrvName\st_67\st_f5_13_41b0ea8a.jpg,5,dark_FST5_6,0,0,0.0006950167589820921
hi_f4_80_43889fde.jpg,C:\Users\Angad\Desktop\StemFellowship\data\raw\fitzpatrick\Categorized_AbbrvName\hi_90\hi_f4_80_43889fde.jpg,4,medium_FST3_4,0,0,0.0028603191021829844
pi-ro_f4_192_5f1ed6de.jpg,C:\Users\Angad\Desktop\StemFellowship\data\raw\fitzpatrick\Categorized_AbbrvName\pi-ro_193\pi-ro_f4_192_5f1ed6de.jpg,4,medium_FST3_4,0,0,9.169077384285629e-05
be-di_f3_23_8ea61e02.jpg,C:\Users\Angad\Desktop\StemFellowship\data\raw\fitzpatrick\Categorized_AbbrvName\be-di_63\be-di_f3_23_8ea61e02.jpg,3,medium_FST3_4,0,1,0.5102401971817017
al-co-de_f2_212_31e31e68.jpg,C:\Users\Angad\Desktop\StemFellowship\data\raw\fitzpatrick\Categorized_AbbrvName\al-co-de_430\al-co-de_f2_212_31e31e68.jpg,2,light_FST1_2,0,0,0.008934179320931435
ph_f2_51_6ce29c23.jpg,C:\Users\Angad\Desktop\StemFellowship\data\raw\fitzpatrick\Categorized_AbbrvName\ph_348\ph_f2_51_6ce29c23.jpg,2,light_FST1_2,0,0,0.15665747225284576
ep-bu_f2_44_15518442.jpg,C:\Users\Angad\Desktop\StemFellowship\data\raw\fitzpatrick\Categorized_AbbrvName\ep-bu_70\ep-bu_f2_44_15518442.jpg,2,light_FST1_2,0,0,0.0006429228815250099
al-co-de_f2_15_06da798e.jpg,C:\Users\Angad\Desktop\StemFellowship\data\raw\fitzpatrick\Categorized_AbbrvName\al-co-de_430\al-co-de_f2_15_06da798e.jpg,2,light_FST1_2,0,0,0.0009539237944409251
rh_f1_50_d1d33e63.jpg,C:\Users\Angad\Desktop\StemFellowship\data\raw\fitzpatrick\Categorized_AbbrvName\rh_91\rh_f1_50_d1d33e63.jpg,1,light_FST1_2,0,0,0.007034457754343748
ps_f3_270_e8514584.jpg,C:\Users\Angad\Desktop\StemFellowship\data\raw\fitzpatrick\Categorized_AbbrvName\ps_653\ps_f3_270_e8514584.jpg,3,medium_FST3_4,0,0,1.018864622892579e-05
vi_f6_1_f228b0ed.jpg,C:\Users\Angad\Desktop\StemFellowship\data\raw\fitzpatrick\Categorized_AbbrvName\vi_166\vi_f6_1_f228b0ed.jpg,6,dark_FST5_6,0,0,0.10414399206638336
gr-an_f2_71_fa10fcac.jpg,C:\Users\Angad\Desktop\StemFellowship\data\raw\fitzpatrick\Categorized_AbbrvName\gr-an_211\gr-an_f2_71_fa10fcac.jpg,2,light_FST1_2,0,0,0.032692503184080124
ka-sa_f1_104_4c314ddb.jpg,C:\Users\Angad\Desktop\StemFellowship\data\raw\fitzpatrick\Categorized_AbbrvName\ka-sa_156\ka-sa_f1_104_4c314ddb.jpg,1,light_FST1_2,1,1,0.9980171918869019
sq-ce-ca_f3_292_91b9cb94.jpg,C:\Users\Angad\Desktop\StemFellowship\data\raw\fitzpatrick\Categorized_AbbrvName\sq-ce-ca_581\sq-ce-ca_f3_292_91b9cb94.jpg,3,medium_FST3_4,1,1,0.9942295551300049
sq-ce-ca_f3_551_09a75e2a.jpg,C:\Users\Angad\Desktop\StemFellowship\data\raw\fitzpatrick\Categorized_AbbrvName\sq-ce-ca_581\sq-ce-ca_f3_551_09a75e2a.jpg,3,medium_FST3_4,1,1,0.9999294281005859
fi-er_f2_11_edd45efd.jpg,C:\Users\Angad\Desktop\StemFellowship\data\raw\fitzpatrick\Categorized_AbbrvName\fi-er_125\fi-er_f2_11_edd45efd.jpg,2,light_FST1_2,0,0,0.0007756962440907955
ma-me_f2_110_ba250d0f.jpg,C:\Users\Angad\Desktop\StemFellowship\data\raw\fitzpatrick\Categorized_AbbrvName\ma-me_111\ma-me_f2_110_ba250d0f.jpg,2,light_FST1_2,1,0,0.2929343581199646
ke_f2_2_c189dc27.jpg,C:\Users\Angad\Desktop\StemFellowship\data\raw\fitzpatrick\Categorized_AbbrvName\ke_156\ke_f2_2_c189dc27.jpg,2,light_FST1_2,0,0,0.00018972881662193686
pr-no_f4_47_fca78d7b.jpg,C:\Users\Angad\Desktop\StemFellowship\data\raw\fitzpatrick\Categorized_AbbrvName\pr-no_170\pr-no_f4_47_fca78d7b.jpg,4,medium_FST3_4,0,0,8.395360055146739e-05
ph_f2_230_8bb187af.jpg,C:\Users\Angad\Desktop\StemFellowship\data\raw\fitzpatrick\Categorized_AbbrvName\ph_348\ph_f2_230_8bb187af.jpg,2,light_FST1_2,0,0,7.8241566370707e-05
da-di_f1_60_eb7aabd9.jpg,C:\Users\Angad\Desktop\StemFellowship\data\raw\fitzpatrick\Categorized_AbbrvName\da-di_153\da-di_f1_60_eb7aabd9.jpg,1,light_FST1_2,0,0,0.000318731035804376
ac-ni_f3_27_d519b297.jpg,C:\Users\Angad\Desktop\StemFellowship\data\raw\fitzpatrick\Categorized_AbbrvName\ac-ni_92\ac-ni_f3_27_d519b297.jpg,3,medium_FST3_4,0,0,0.0015286046545952559
tu-sc_f4_12_c22e0123.jpg,C:\Users\Angad\Desktop\StemFellowship\data\raw\fitzpatrick\Categorized_AbbrvName\tu-sc_141\tu-sc_f4_12_c22e0123.jpg,4,medium_FST3_4,0,0,0.0014413937460631132
dr-in-pi-ch_f2_55_4707c66e.jpg,C:\Users\Angad\Desktop\StemFellowship\data\raw\fitzpatrick\Categorized_AbbrvName\dr-in-pi-ch_71\dr-in-pi-ch_f2_55_4707c66e.jpg,2,light_FST1_2,0,0,0.005900548305362463
sq-ce-ca_f5_38_e5f60c3d.jpg,C:\Users\Angad\Desktop\StemFellowship\data\raw\fitzpatrick\Categorized_AbbrvName\sq-ce-ca_581\sq-ce-ca_f5_38_e5f60c3d.jpg,5,dark_FST5_6,1,1,0.9977340698242188
ec_f1_69_a9e06a63.jpg,C:\Users\Angad\Desktop\StemFellowship\data\raw\fitzpatrick\Categorized_AbbrvName\ec_204\ec_f1_69_a9e06a63.jpg,1,light_FST1_2,0,0,0.0023332848213613033
se-de_f4_49_44c18634.jpg,C:\Users\Angad\Desktop\StemFellowship\data\raw\fitzpatrick\Categorized_AbbrvName\se-de_126\se-de_f4_49_44c18634.jpg,4,medium_FST3_4,0,0,2.3975078875082545e-05
pi-ro_f3_141_67df381b.jpg,C:\Users\Angad\Desktop\StemFellowship\data\raw\fitzpatrick\Categorized_AbbrvName\pi-ro_193\pi-ro_f3_141_67df381b.jpg,3,medium_FST3_4,0,0,0.14228209853172302
sa_f2_21_af01e0a9.jpg,C:\Users\Angad\Desktop\StemFellowship\data\raw\fitzpatrick\Categorized_AbbrvName\sa_349\sa_f2_21_af01e0a9.jpg,2,light_FST1_2,0,0,0.08606678247451782
ne-li_f5_113_d4381a18.jpg,C:\Users\Angad\Desktop\StemFellowship\data\raw\fitzpatrick\Categorized_AbbrvName\ne-li_123\ne-li_f5_113_d4381a18.jpg,5,dark_FST5_6,0,0,0.007208842784166336
dr-er_f3_61_d4113dc4.jpg,C:\Users\Angad\Desktop\StemFellowship\data\raw\fitzpatrick\Categorized_AbbrvName\dr-er_200\dr-er_f3_61_d4113dc4.jpg,3,medium_FST3_4,0,0,0.00021656014723703265
lu-er_f4_53_419bb3a8.jpg,C:\Users\Angad\Desktop\StemFellowship\data\raw\fitzpatrick\Categorized_AbbrvName\lu-er_410\lu-er_f4_53_419bb3a8.jpg,4,medium_FST3_4,0,0,0.1022157147526741
ne-de_f1_85_1805c553.jpg,C:\Users\Angad\Desktop\StemFellowship\data\raw\fitzpatrick\Categorized_AbbrvName\ne-de_361\ne-de_f1_85_1805c553.jpg,1,light_FST1_2,0,0,0.0064053782261908054
eh-da-sy_f4_126_c87511ba.jpg,C:\Users\Angad\Desktop\StemFellowship\data\raw\fitzpatrick\Categorized_AbbrvName\eh-da-sy_127\eh-da-sy_f4_126_c87511ba.jpg,4,medium_FST3_4,0,0,0.003663974814116955
se-ke_f2_66_7b13cb1d.jpg,C:\Users\Angad\Desktop\StemFellowship\data\raw\fitzpatrick\Categorized_AbbrvName\se-ke_69\se-ke_f2_66_7b13cb1d.jpg,2,light_FST1_2,0,1,0.6374913454055786
my_f3_30_69f789e2.jpg,C:\Users\Angad\Desktop\StemFellowship\data\raw\fitzpatrick\Categorized_AbbrvName\my_67\my_f3_30_69f789e2.jpg,3,medium_FST3_4,0,0,0.011363155208528042
al-co-de_f4_96_81e861e4.jpg,C:\Users\Angad\Desktop\StemFellowship\data\raw\fitzpatrick\Categorized_AbbrvName\al-co-de_430\al-co-de_f4_96_81e861e4.jpg,4,medium_FST3_4,0,0,0.0006624877569265664
rh_f3_82_97c2b266.jpg,C:\Users\Angad\Desktop\StemFellowship\data\raw\fitzpatrick\Categorized_AbbrvName\rh_91\rh_f3_82_97c2b266.jpg,3,medium_FST3_4,0,0,0.0031830600928515196
ke_f6_4_d95bb36b.jpg,C:\Users\Angad\Desktop\StemFellowship\data\raw\fitzpatrick\Categorized_AbbrvName\ke_156\ke_f6_4_d95bb36b.jpg,6,dark_FST5_6,0,0,0.008647860959172249
ba-ce-ca_f3_275_7297014b.jpg,C:\Users\Angad\Desktop\StemFellowship\data\raw\fitzpatrick\Categorized_AbbrvName\ba-ce-ca_468\ba-ce-ca_f3_275_7297014b.jpg,3,medium_FST3_4,1,0,0.05504925921559334
sq-ce-ca_f2_188_0cc0fd84.jpg,C:\Users\Angad\Desktop\StemFellowship\data\raw\fitzpatrick\Categorized_AbbrvName\sq-ce-ca_581\sq-ce-ca_f2_188_0cc0fd84.jpg,2,light_FST1_2,1,0,0.05158619210124016
hi_f3_53_9dad2b2a.jpg,C:\Users\Angad\Desktop\StemFellowship\data\raw\fitzpatrick\Categorized_AbbrvName\hi_90\hi_f3_53_9dad2b2a.jpg,3,medium_FST3_4,0,0,0.1149214431643486
ne-de_f4_178_2a3750d8.jpg,C:\Users\Angad\Desktop\StemFellowship\data\raw\fitzpatrick\Categorized_AbbrvName\ne-de_361\ne-de_f4_178_2a3750d8.jpg,4,medium_FST3_4,0,1,0.895416259765625
pe-li_f3_136_d6c2b49e.jpg,C:\Users\Angad\Desktop\StemFellowship\data\raw\fitzpatrick\Categorized_AbbrvName\pe-li_151\pe-li_f3_136_d6c2b49e.jpg,3,medium_FST3_4,0,0,0.16530947387218475
ne-de_f1_35_85ac992d.jpg,C:\Users\Angad\Desktop\StemFellowship\data\raw\fitzpatrick\Categorized_AbbrvName\ne-de_361\ne-de_f1_35_85ac992d.jpg,1,light_FST1_2,0,0,0.16281068325042725
sq-ce-ca_f5_427_8b545da3.jpg,C:\Users\Angad\Desktop\StemFellowship\data\raw\fitzpatrick\Categorized_AbbrvName\sq-ce-ca_581\sq-ce-ca_f5_427_8b545da3.jpg,5,dark_FST5_6,1,0,0.2613575756549835
ur_f2_127_b3b6a19f.jpg,C:\Users\Angad\Desktop\StemFellowship\data\raw\fitzpatrick\Categorized_AbbrvName\ur_151\ur_f2_127_b3b6a19f.jpg,2,light_FST1_2,0,0,0.0020253786351531744
ba-ce-ca-mo_f1_32_b9139340.jpg,C:\Users\Angad\Desktop\StemFellowship\data\raw\fitzpatrick\Categorized_AbbrvName\ba-ce-ca-mo_62\ba-ce-ca-mo_f1_32_b9139340.jpg,1,light_FST1_2,1,0,0.000361229496775195
ch_f1_58_0cb82dc6.jpg,C:\Users\Angad\Desktop\StemFellowship\data\raw\fitzpatrick\Categorized_AbbrvName\ch_106\ch_f1_58_0cb82dc6.jpg,1,light_FST1_2,0,0,0.004596531391143799
ly-di_f1_10_fb5cc2f8.jpg,C:\Users\Angad\Desktop\StemFellowship\data\raw\fitzpatrick\Categorized_AbbrvName\ly-di_129\ly-di_f1_10_fb5cc2f8.jpg,1,light_FST1_2,0,0,0.09282334893941879
mu-cy_f3_11_79ff7d34.jpg,C:\Users\Angad\Desktop\StemFellowship\data\raw\fitzpatrick\Categorized_AbbrvName\mu-cy_79\mu-cy_f3_11_79ff7d34.jpg,3,medium_FST3_4,0,0,0.06036059930920601
ac_f2_142_837b623f.jpg,C:\Users\Angad\Desktop\StemFellowship\data\raw\fitzpatrick\Categorized_AbbrvName\ac_183\ac_f2_142_837b623f.jpg,2,light_FST1_2,0,0,0.25259655714035034
li-pl_f4_442_9b8c0000.jpg,C:\Users\Angad\Desktop\StemFellowship\data\raw\fitzpatrick\Categorized_AbbrvName\li-pl_491\li-pl_f4_442_9b8c0000.jpg,4,medium_FST3_4,0,0,0.0014501189580187201
sa_f4_29_ccd53f1e.jpg,C:\Users\Angad\Desktop\StemFellowship\data\raw\fitzpatrick\Categorized_AbbrvName\sa_349\sa_f4_29_ccd53f1e.jpg,4,medium_FST3_4,0,0,0.004478141665458679
li-re_f2_17_6a421fa7.jpg,C:\Users\Angad\Desktop\StemFellowship\data\raw\fitzpatrick\Categorized_AbbrvName\li-re_60\li-re_f2_17_6a421fa7.jpg,2,light_FST1_2,0,0,0.046434808522462845
tu-sc_f1_25_f34b3c5a.jpg,C:\Users\Angad\Desktop\StemFellowship\data\raw\fitzpatrick\Categorized_AbbrvName\tu-sc_141\tu-sc_f1_25_f34b3c5a.jpg,1,light_FST1_2,0,0,0.0001747839996824041
al-co-de_f2_372_566761f6.jpg,C:\Users\Angad\Desktop\StemFellowship\data\raw\fitzpatrick\Categorized_AbbrvName\al-co-de_430\al-co-de_f2_372_566761f6.jpg,2,light_FST1_2,0,0,0.0038244309835135937
ac-vu_f2_223_1a78edee.jpg,C:\Users\Angad\Desktop\StemFellowship\data\raw\fitzpatrick\Categorized_AbbrvName\ac-vu_335\ac-vu_f2_223_1a78edee.jpg,2,light_FST1_2,0,0,0.0010426188819110394
ac-vu_f1_206_725b3f5a.jpg,C:\Users\Angad\Desktop\StemFellowship\data\raw\fitzpatrick\Categorized_AbbrvName\ac-vu_335\ac-vu_f1_206_725b3f5a.jpg,1,light_FST1_2,0,0,0.00021459146228153259
ps_f4_58_9d6d8fcc.jpg,C:\Users\Angad\Desktop\StemFellowship\data\raw\fitzpatrick\Categorized_AbbrvName\ps_653\ps_f4_58_9d6d8fcc.jpg,4,medium_FST3_4,0,0,2.0378679437271785e-06
ac-vu_f2_109_74df53d1.jpg,C:\Users\Angad\Desktop\StemFellowship\data\raw\fitzpatrick\Categorized_AbbrvName\ac-vu_335\ac-vu_f2_109_74df53d1.jpg,2,light_FST1_2,0,0,0.00010484047379577532
ur_f1_98_c931643c.jpg,C:\Users\Angad\Desktop\StemFellowship\data\raw\fitzpatrick\Categorized_AbbrvName\ur_151\ur_f1_98_c931643c.jpg,1,light_FST1_2,0,0,0.008300809189677238
pi-li-ch_f4_54_c5c492e7.jpg,C:\Users\Angad\Desktop\StemFellowship\data\raw\fitzpatrick\Categorized_AbbrvName\pi-li-ch_73\pi-li-ch_f4_54_c5c492e7.jpg,4,medium_FST3_4,0,0,0.19769594073295593
pr-no_f5_79_c8f82a86.jpg,C:\Users\Angad\Desktop\StemFellowship\data\raw\fitzpatrick\Categorized_AbbrvName\pr-no_170\pr-no_f5_79_c8f82a86.jpg,5,dark_FST5_6,0,0,0.00016234119539149106
da-di_f1_34_6f7bc731.jpg,C:\Users\Angad\Desktop\StemFellowship\data\raw\fitzpatrick\Categorized_AbbrvName\da-di_153\da-di_f1_34_6f7bc731.jpg,1,light_FST1_2,0,0,0.0010933788726106286
pi-li-ch_f4_10_7db6cd45.jpg,C:\Users\Angad\Desktop\StemFellowship\data\raw\fitzpatrick\Categorized_AbbrvName\pi-li-ch_73\pi-li-ch_f4_10_7db6cd45.jpg,4,medium_FST3_4,0,0,0.0005717811873182654
me_f2_155_4874ae43.jpg,C:\Users\Angad\Desktop\StemFellowship\data\raw\fitzpatrick\Categorized_AbbrvName\me_261\me_f2_155_4874ae43.jpg,2,light_FST1_2,1,1,0.9362221956253052
sq-ce-ca_f3_412_f9c6ce09.jpg,C:\Users\Angad\Desktop\StemFellowship\data\raw\fitzpatrick\Categorized_AbbrvName\sq-ce-ca_581\sq-ce-ca_f3_412_f9c6ce09.jpg,3,medium_FST3_4,1,1,0.999515175819397
ne-ne_f1_70_aae5e1fc.jpg,C:\Users\Angad\Desktop\StemFellowship\data\raw\fitzpatrick\Categorized_AbbrvName\ne-ne_86\ne-ne_f1_70_aae5e1fc.jpg,1,light_FST1_2,0,0,0.03148161619901657
da-di_f6_105_20122874.jpg,C:\Users\Angad\Desktop\StemFellowship\data\raw\fitzpatrick\Categorized_AbbrvName\da-di_153\da-di_f6_105_20122874.jpg,6,dark_FST5_6,0,0,0.00016394141130149364
tu_f2_131_b84da9c8.jpg,C:\Users\Angad\Desktop\StemFellowship\data\raw\fitzpatrick\Categorized_AbbrvName\tu_152\tu_f2_131_b84da9c8.jpg,2,light_FST1_2,0,1,0.9940528273582458
sa_f3_253_8d7b2609.jpg,C:\Users\Angad\Desktop\StemFellowship\data\raw\fitzpatrick\Categorized_AbbrvName\sa_349\sa_f3_253_8d7b2609.jpg,3,medium_FST3_4,0,0,0.005265673156827688
ac_f2_99_221cdcf3.jpg,C:\Users\Angad\Desktop\StemFellowship\data\raw\fitzpatrick\Categorized_AbbrvName\ac_183\ac_f2_99_221cdcf3.jpg,2,light_FST1_2,0,0,0.0176470335572958
ps_f2_411_0f0a363e.jpg,C:\Users\Angad\Desktop\StemFellowship\data\raw\fitzpatrick\Categorized_AbbrvName\ps_653\ps_f2_411_0f0a363e.jpg,2,light_FST1_2,0,0,0.0008110420312732458
pa_f1_0_4cd5b4b4.jpg,C:\Users\Angad\Desktop\StemFellowship\data\raw\fitzpatrick\Categorized_AbbrvName\pa_59\pa_f1_0_4cd5b4b4.jpg,1,light_FST1_2,0,1,0.7836137413978577
fa-de_f1_1_038bef65.jpg,C:\Users\Angad\Desktop\StemFellowship\data\raw\fitzpatrick\Categorized_AbbrvName\fa-de_66\fa-de_f1_1_038bef65.jpg,1,light_FST1_2,0,1,0.8964691758155823
da-di_f2_31_665dfeca.jpg,C:\Users\Angad\Desktop\StemFellowship\data\raw\fitzpatrick\Categorized_AbbrvName\da-di_153\da-di_f2_31_665dfeca.jpg,2,light_FST1_2,0,1,0.7489295601844788
py-gr_f2_96_f20d6a54.jpg,C:\Users\Angad\Desktop\StemFellowship\data\raw\fitzpatrick\Categorized_AbbrvName\py-gr_113\py-gr_f2_96_f20d6a54.jpg,2,light_FST1_2,0,0,0.00016478897305205464
ka-sa_f3_82_80a3e008.jpg,C:\Users\Angad\Desktop\StemFellowship\data\raw\fitzpatrick\Categorized_AbbrvName\ka-sa_156\ka-sa_f3_82_80a3e008.jpg,3,medium_FST3_4,1,0,0.04925297200679779
ap-cu_f3_34_b7c9c9e7.jpg,C:\Users\Angad\Desktop\StemFellowship\data\raw\fitzpatrick\Categorized_AbbrvName\ap-cu_72\ap-cu_f3_34_b7c9c9e7.jpg,3,medium_FST3_4,0,0,0.009476546198129654
tu_f3_63_1fa3de78.jpg,C:\Users\Angad\Desktop\StemFellowship\data\raw\fitzpatrick\Categorized_AbbrvName\tu_152\tu_f3_63_1fa3de78.jpg,3,medium_FST3_4,0,1,0.9925151467323303
er-mu_f3_27_f97e7a8f.jpg,C:\Users\Angad\Desktop\StemFellowship\data\raw\fitzpatrick\Categorized_AbbrvName\er-mu_236\er-mu_f3_27_f97e7a8f.jpg,3,medium_FST3_4,0,0,0.014833557419478893
ps_f3_538_766bd573.jpg,C:\Users\Angad\Desktop\StemFellowship\data\raw\fitzpatrick\Categorized_AbbrvName\ps_653\ps_f3_538_766bd573.jpg,3,medium_FST3_4,0,0,0.0001451704592909664
sa_f2_201_96ff1c36.jpg,C:\Users\Angad\Desktop\StemFellowship\data\raw\fitzpatrick\Categorized_AbbrvName\sa_349\sa_f2_201_96ff1c36.jpg,2,light_FST1_2,0,0,0.04655332863330841
pe-li_f2_118_de0d5537.jpg,C:\Users\Angad\Desktop\StemFellowship\data\raw\fitzpatrick\Categorized_AbbrvName\pe-li_151\pe-li_f2_118_de0d5537.jpg,2,light_FST1_2,0,0,0.2583700120449066
be-ne_f3_26_1f16657e.jpg,C:\Users\Angad\Desktop\StemFellowship\data\raw\fitzpatrick\Categorized_AbbrvName\be-ne_63\be-ne_f3_26_1f16657e.jpg,3,medium_FST3_4,0,0,0.0012240478536114097
ne-in_f5_59_13f2b590.jpg,C:\Users\Angad\Desktop\StemFellowship\data\raw\fitzpatrick\Categorized_AbbrvName\ne-in_260\ne-in_f5_59_13f2b590.jpg,5,dark_FST5_6,0,0,0.016862178221344948
ba-ce-ca_f2_318_6abd190e.jpg,C:\Users\Angad\Desktop\StemFellowship\data\raw\fitzpatrick\Categorized_AbbrvName\ba-ce-ca_468\ba-ce-ca_f2_318_6abd190e.jpg,2,light_FST1_2,1,1,0.9995598196983337
le-ma_f2_48_a0f2068e.jpg,C:\Users\Angad\Desktop\StemFellowship\data\raw\fitzpatrick\Categorized_AbbrvName\le-ma_83\le-ma_f2_48_a0f2068e.jpg,2,light_FST1_2,1,1,0.991786777973175
ur_f4_149_e1279fe0.jpg,C:\Users\Angad\Desktop\StemFellowship\data\raw\fitzpatrick\Categorized_AbbrvName\ur_151\ur_f4_149_e1279fe0.jpg,4,medium_FST3_4,0,0,0.0020516151562333107
ka-sa_f3_111_836f1def.jpg,C:\Users\Angad\Desktop\StemFellowship\data\raw\fitzpatrick\Categorized_AbbrvName\ka-sa_156\ka-sa_f3_111_836f1def.jpg,3,medium_FST3_4,1,0,0.061203483492136
ps_f1_317_b9379465.jpg,C:\Users\Angad\Desktop\StemFellowship\data\raw\fitzpatrick\Categorized_AbbrvName\ps_653\ps_f1_317_b9379465.jpg,1,light_FST1_2,0,0,0.11369286477565765
ke-pi_f1_28_f7cbcc03.jpg,C:\Users\Angad\Desktop\StemFellowship\data\raw\fitzpatrick\Categorized_AbbrvName\ke-pi_78\ke-pi_f1_28_f7cbcc03.jpg,1,light_FST1_2,0,0,0.07064737379550934
ba-ce-ca_f2_314_1695bd10.jpg,C:\Users\Angad\Desktop\StemFellowship\data\raw\fitzpatrick\Categorized_AbbrvName\ba-ce-ca_468\ba-ce-ca_f2_314_1695bd10.jpg,2,light_FST1_2,1,0,0.017652515321969986
su-sp-me-ss_f2_98_7680cf64.jpg,C:\Users\Angad\Desktop\StemFellowship\data\raw\fitzpatrick\Categorized_AbbrvName\su-sp-me-ss_118\su-sp-me-ss_f2_98_7680cf64.jpg,2,light_FST1_2,1,1,0.9939348101615906
la-ce-hi_f1_45_f6e6b1a8.jpg,C:\Users\Angad\Desktop\StemFellowship\data\raw\fitzpatrick\Categorized_AbbrvName\la-ce-hi_60\la-ce-hi_f1_45_f6e6b1a8.jpg,1,light_FST1_2,0,0,0.05182415246963501
ec_f2_146_7ec479c3.jpg,C:\Users\Angad\Desktop\StemFellowship\data\raw\fitzpatrick\Categorized_AbbrvName\ec_204\ec_f2_146_7ec479c3.jpg,2,light_FST1_2,0,0,0.002589910989627242
pi-cy_f2_35_d6d9dded.jpg,C:\Users\Angad\Desktop\StemFellowship\data\raw\fitzpatrick\Categorized_AbbrvName\pi-cy_93\pi-cy_f2_35_d6d9dded.jpg,2,light_FST1_2,0,0,0.004178379196673632
ba-ce-ca_f3_10_84d86160.jpg,C:\Users\Angad\Desktop\StemFellowship\data\raw\fitzpatrick\Categorized_AbbrvName\ba-ce-ca_468\ba-ce-ca_f3_10_84d86160.jpg,3,medium_FST3_4,1,1,0.8793437480926514
ps_f5_639_b4b0eeeb.jpg,C:\Users\Angad\Desktop\StemFellowship\data\raw\fitzpatrick\Categorized_AbbrvName\ps_653\ps_f5_639_b4b0eeeb.jpg,5,dark_FST5_6,0,0,0.001369128585793078
ic-vu_f2_47_578d7274.jpg,C:\Users\Angad\Desktop\StemFellowship\data\raw\fitzpatrick\Categorized_AbbrvName\ic-vu_65\ic-vu_f2_47_578d7274.jpg,2,light_FST1_2,0,0,0.05326239392161369
da-di_f6_59_5c2daa14.jpg,C:\Users\Angad\Desktop\StemFellowship\data\raw\fitzpatrick\Categorized_AbbrvName\da-di_153\da-di_f6_59_5c2daa14.jpg,6,dark_FST5_6,0,0,0.00013043567014392465
li-pl_f3_368_a824ec28.jpg,C:\Users\Angad\Desktop\StemFellowship\data\raw\fitzpatrick\Categorized_AbbrvName\li-pl_491\li-pl_f3_368_a824ec28.jpg,3,medium_FST3_4,0,0,0.0013424998614937067
vi_f4_86_4ca3e81a.jpg,C:\Users\Angad\Desktop\StemFellowship\data\raw\fitzpatrick\Categorized_AbbrvName\vi_166\vi_f4_86_4ca3e81a.jpg,4,medium_FST3_4,0,0,0.023283934220671654
sa_f4_270_d8669a0e.jpg,C:\Users\Angad\Desktop\StemFellowship\data\raw\fitzpatrick\Categorized_AbbrvName\sa_349\sa_f4_270_d8669a0e.jpg,4,medium_FST3_4,0,0,0.009495255537331104
ha-ne_f2_65_8647998b.jpg,C:\Users\Angad\Desktop\StemFellowship\data\raw\fitzpatrick\Categorized_AbbrvName\ha-ne_82\ha-ne_f2_65_8647998b.jpg,2,light_FST1_2,0,1,0.5603682994842529
ec_f6_109_1e05b3cf.jpg,C:\Users\Angad\Desktop\StemFellowship\data\raw\fitzpatrick\Categorized_AbbrvName\ec_204\ec_f6_109_1e05b3cf.jpg,6,dark_FST5_6,0,0,0.0016640755347907543
te_f4_30_c23edb40.jpg,C:\Users\Angad\Desktop\StemFellowship\data\raw\fitzpatrick\Categorized_AbbrvName\te_126\te_f4_30_c23edb40.jpg,4,medium_FST3_4,0,0,0.0022216157522052526
ne-in_f4_245_7605bcd5.jpg,C:\Users\Angad\Desktop\StemFellowship\data\raw\fitzpatrick\Categorized_AbbrvName\ne-in_260\ne-in_f4_245_7605bcd5.jpg,4,medium_FST3_4,0,0,0.00212917965836823
lu-er_f1_71_ad1dd8b5.jpg,C:\Users\Angad\Desktop\StemFellowship\data\raw\fitzpatrick\Categorized_AbbrvName\lu-er_410\lu-er_f1_71_ad1dd8b5.jpg,1,light_FST1_2,0,0,0.0024834824725985527
ac_f3_108_fafba0d0.jpg,C:\Users\Angad\Desktop\StemFellowship\data\raw\fitzpatrick\Categorized_AbbrvName\ac_183\ac_f3_108_fafba0d0.jpg,3,medium_FST3_4,0,0,0.03812996670603752
fo_f2_27_18512e5c.jpg,C:\Users\Angad\Desktop\StemFellowship\data\raw\fitzpatrick\Categorized_AbbrvName\fo_342\fo_f2_27_18512e5c.jpg,2,light_FST1_2,0,0,0.004738761577755213
te_f3_26_3c037f81.jpg,C:\Users\Angad\Desktop\StemFellowship\data\raw\fitzpatrick\Categorized_AbbrvName\te_126\te_f3_26_3c037f81.jpg,3,medium_FST3_4,0,0,0.01955614984035492
li-pl_f1_108_cf9e9877.jpg,C:\Users\Angad\Desktop\StemFellowship\data\raw\fitzpatrick\Categorized_AbbrvName\li-pl_491\li-pl_f1_108_cf9e9877.jpg,1,light_FST1_2,0,0,0.18735361099243164
er-mu_f1_47_50c83707.jpg,C:\Users\Angad\Desktop\StemFellowship\data\raw\fitzpatrick\Categorized_AbbrvName\er-mu_236\er-mu_f1_47_50c83707.jpg,1,light_FST1_2,0,0,0.007327223662286997
ph_f2_180_68d7527c.jpg,C:\Users\Angad\Desktop\StemFellowship\data\raw\fitzpatrick\Categorized_AbbrvName\ph_348\ph_f2_180_68d7527c.jpg,2,light_FST1_2,0,0,7.503089818783337e-06
ec_f3_186_c3325de3.jpg,C:\Users\Angad\Desktop\StemFellowship\data\raw\fitzpatrick\Categorized_AbbrvName\ec_204\ec_f3_186_c3325de3.jpg,3,medium_FST3_4,0,0,0.11141594499349594
ph_f1_202_6c8caad8.jpg,C:\Users\Angad\Desktop\StemFellowship\data\raw\fitzpatrick\Categorized_AbbrvName\ph_348\ph_f1_202_6c8caad8.jpg,1,light_FST1_2,0,0,0.0006615674938075244
ke_f1_82_c6fffa92.jpg,C:\Users\Angad\Desktop\StemFellowship\data\raw\fitzpatrick\Categorized_AbbrvName\ke_156\ke_f1_82_c6fffa92.jpg,1,light_FST1_2,0,0,0.003166483249515295
ps_f2_61_2f56c42d.jpg,C:\Users\Angad\Desktop\StemFellowship\data\raw\fitzpatrick\Categorized_AbbrvName\ps_653\ps_f2_61_2f56c42d.jpg,2,light_FST1_2,0,0,0.0026358510367572308
di-ac-po_f3_55_60b060a2.jpg,C:\Users\Angad\Desktop\StemFellowship\data\raw\fitzpatrick\Categorized_AbbrvName\di-ac-po_60\di-ac-po_f3_55_60b060a2.jpg,3,medium_FST3_4,0,0,0.2758151888847351
be-di_f2_44_12add973.jpg,C:\Users\Angad\Desktop\StemFellowship\data\raw\fitzpatrick\Categorized_AbbrvName\be-di_63\be-di_f2_44_12add973.jpg,2,light_FST1_2,0,0,0.004050302319228649
be-ne_f1_14_f63bd076.jpg,C:\Users\Angad\Desktop\StemFellowship\data\raw\fitzpatrick\Categorized_AbbrvName\be-ne_63\be-ne_f1_14_f63bd076.jpg,1,light_FST1_2,0,0,0.37746959924697876
sa_f4_119_6c941b9a.jpg,C:\Users\Angad\Desktop\StemFellowship\data\raw\fitzpatrick\Categorized_AbbrvName\sa_349\sa_f4_119_6c941b9a.jpg,4,medium_FST3_4,0,0,0.0004263704176992178
co-ne_f1_4_870cc15b.jpg,C:\Users\Angad\Desktop\StemFellowship\data\raw\fitzpatrick\Categorized_AbbrvName\co-ne_68\co-ne_f1_4_870cc15b.jpg,1,light_FST1_2,0,0,0.00024359884264413267
ne-ne_f1_28_04c59d81.jpg,C:\Users\Angad\Desktop\StemFellowship\data\raw\fitzpatrick\Categorized_AbbrvName\ne-ne_86\ne-ne_f1_28_04c59d81.jpg,1,light_FST1_2,0,1,0.8007238507270813
te_f1_15_1159b031.jpg,C:\Users\Angad\Desktop\StemFellowship\data\raw\fitzpatrick\Categorized_AbbrvName\te_126\te_f1_15_1159b031.jpg,1,light_FST1_2,0,0,0.060729123651981354
sq-ce-ca_f2_239_c58294e3.jpg,C:\Users\Angad\Desktop\StemFellowship\data\raw\fitzpatrick\Categorized_AbbrvName\sq-ce-ca_581\sq-ce-ca_f2_239_c58294e3.jpg,2,light_FST1_2,1,1,0.9513487815856934
py-gr_f1_109_54801c13.jpg,C:\Users\Angad\Desktop\StemFellowship\data\raw\fitzpatrick\Categorized_AbbrvName\py-gr_113\py-gr_f1_109_54801c13.jpg,1,light_FST1_2,0,1,0.9384697079658508
li-am_f2_42_570ad9f9.jpg,C:\Users\Angad\Desktop\StemFellowship\data\raw\fitzpatrick\Categorized_AbbrvName\li-am_77\li-am_f2_42_570ad9f9.jpg,2,light_FST1_2,0,0,0.027854790911078453
ur_f3_137_20e54e08.jpg,C:\Users\Angad\Desktop\StemFellowship\data\raw\fitzpatrick\Categorized_AbbrvName\ur_151\ur_f3_137_20e54e08.jpg,3,medium_FST3_4,0,0,0.005998095031827688
ne-li_f1_41_f649c96a.jpg,C:\Users\Angad\Desktop\StemFellowship\data\raw\fitzpatrick\Categorized_AbbrvName\ne-li_123\ne-li_f1_41_f649c96a.jpg,1,light_FST1_2,0,0,0.002337542362511158
mu-cy_f1_52_0ca87041.jpg,C:\Users\Angad\Desktop\StemFellowship\data\raw\fitzpatrick\Categorized_AbbrvName\mu-cy_79\mu-cy_f1_52_0ca87041.jpg,1,light_FST1_2,0,1,0.6342878937721252
ac-ke_f1_8_a7d96aa1.jpg,C:\Users\Angad\Desktop\StemFellowship\data\raw\fitzpatrick\Categorized_AbbrvName\ac-ke_175\ac-ke_f1_8_a7d96aa1.jpg,1,light_FST1_2,1,1,0.9908729791641235
be-di_f4_3_dc070cb3.jpg,C:\Users\Angad\Desktop\StemFellowship\data\raw\fitzpatrick\Categorized_AbbrvName\be-di_63\be-di_f4_3_dc070cb3.jpg,4,medium_FST3_4,0,0,0.005161530338227749
ka-sa_f4_20_11bad1ca.jpg,C:\Users\Angad\Desktop\StemFellowship\data\raw\fitzpatrick\Categorized_AbbrvName\ka-sa_156\ka-sa_f4_20_11bad1ca.jpg,4,medium_FST3_4,1,1,0.7698517441749573
ne-in_f3_109_99bc4e63.jpg,C:\Users\Angad\Desktop\StemFellowship\data\raw\fitzpatrick\Categorized_AbbrvName\ne-in_260\ne-in_f3_109_99bc4e63.jpg,3,medium_FST3_4,0,0,0.006442822981625795
my-fu_f1_41_039524bc.jpg,C:\Users\Angad\Desktop\StemFellowship\data\raw\fitzpatrick\Categorized_AbbrvName\my-fu_182\my-fu_f1_41_039524bc.jpg,1,light_FST1_2,1,0,0.2994920313358307
pi-ro_f4_189_6040090b.jpg,C:\Users\Angad\Desktop\StemFellowship\data\raw\fitzpatrick\Categorized_AbbrvName\pi-ro_193\pi-ro_f4_189_6040090b.jpg,4,medium_FST3_4,0,0,6.308002048172057e-05
ph_f3_268_d3d0fe6a.jpg,C:\Users\Angad\Desktop\StemFellowship\data\raw\fitzpatrick\Categorized_AbbrvName\ph_348\ph_f3_268_d3d0fe6a.jpg,3,medium_FST3_4,0,0,0.00020337481691967696
fi-er_f2_62_d63610fa.jpg,C:\Users\Angad\Desktop\StemFellowship\data\raw\fitzpatrick\Categorized_AbbrvName\fi-er_125\fi-er_f2_62_d63610fa.jpg,2,light_FST1_2,0,0,0.00019895119476132095
tu_f2_54_1ae030b1.jpg,C:\Users\Angad\Desktop\StemFellowship\data\raw\fitzpatrick\Categorized_AbbrvName\tu_152\tu_f2_54_1ae030b1.jpg,2,light_FST1_2,0,0,0.01829921081662178
ba-ce-ca_f3_24_44c91c12.jpg,C:\Users\Angad\Desktop\StemFellowship\data\raw\fitzpatrick\Categorized_AbbrvName\ba-ce-ca_468\ba-ce-ca_f3_24_44c91c12.jpg,3,medium_FST3_4,1,1,0.9753382205963135
my_f5_50_22cacebd.jpg,C:\Users\Angad\Desktop\StemFellowship\data\raw\fitzpatrick\Categorized_AbbrvName\my_67\my_f5_50_22cacebd.jpg,5,dark_FST5_6,0,0,0.010864322073757648
my_f4_31_abd5066c.jpg,C:\Users\Angad\Desktop\StemFellowship\data\raw\fitzpatrick\Categorized_AbbrvName\my_67\my_f4_31_abd5066c.jpg,4,medium_FST3_4,0,0,0.027748582884669304
sq-ce-ca_f4_558_a547512f.jpg,C:\Users\Angad\Desktop\StemFellowship\data\raw\fitzpatrick\Categorized_AbbrvName\sq-ce-ca_581\sq-ce-ca_f4_558_a547512f.jpg,4,medium_FST3_4,1,1,0.9984331727027893
po-ac_f3_124_a062bfcb.jpg,C:\Users\Angad\Desktop\StemFellowship\data\raw\fitzpatrick\Categorized_AbbrvName\po-ac_183\po-ac_f3_124_a062bfcb.jpg,3,medium_FST3_4,0,0,0.006925156805664301
ba-ce-ca_f3_431_d285b21f.jpg,C:\Users\Angad\Desktop\StemFellowship\data\raw\fitzpatrick\Categorized_AbbrvName\ba-ce-ca_468\ba-ce-ca_f3_431_d285b21f.jpg,3,medium_FST3_4,1,1,0.6101048588752747
ba-ce-ca_f2_1_9838b654.jpg,C:\Users\Angad\Desktop\StemFellowship\data\raw\fitzpatrick\Categorized_AbbrvName\ba-ce-ca_468\ba-ce-ca_f2_1_9838b654.jpg,2,light_FST1_2,1,1,0.6502771973609924
ps_f2_274_468b8516.jpg,C:\Users\Angad\Desktop\StemFellowship\data\raw\fitzpatrick\Categorized_AbbrvName\ps_653\ps_f2_274_468b8516.jpg,2,light_FST1_2,0,0,0.007628602907061577
tu_f2_5_11925cb5.jpg,C:\Users\Angad\Desktop\StemFellowship\data\raw\fitzpatrick\Categorized_AbbrvName\tu_152\tu_f2_5_11925cb5.jpg,2,light_FST1_2,0,0,0.04627550393342972
ps_f4_299_3bf34f2e.jpg,C:\Users\Angad\Desktop\StemFellowship\data\raw\fitzpatrick\Categorized_AbbrvName\ps_653\ps_f4_299_3bf34f2e.jpg,4,medium_FST3_4,0,0,0.0008950807387009263
ju-xa_f6_80_3d0c32b1.jpg,C:\Users\Angad\Desktop\StemFellowship\data\raw\fitzpatrick\Categorized_AbbrvName\ju-xa_149\ju-xa_f6_80_3d0c32b1.jpg,6,dark_FST5_6,0,0,0.000418472831370309
ac-ke_f3_134_cac211b9.jpg,C:\Users\Angad\Desktop\StemFellowship\data\raw\fitzpatrick\Categorized_AbbrvName\ac-ke_175\ac-ke_f3_134_cac211b9.jpg,3,medium_FST3_4,1,0,0.16712290048599243
mu_f1_46_fef64100.jpg,C:\Users\Angad\Desktop\StemFellowship\data\raw\fitzpatrick\Categorized_AbbrvName\mu_92\mu_f1_46_fef64100.jpg,1,light_FST1_2,0,0,0.06665895879268646
sq-ce-ca_f2_405_19052eee.jpg,C:\Users\Angad\Desktop\StemFellowship\data\raw\fitzpatrick\Categorized_AbbrvName\sq-ce-ca_581\sq-ce-ca_f2_405_19052eee.jpg,2,light_FST1_2,1,1,0.9601863026618958
pe-li_f3_54_2b6ae8a5.jpg,C:\Users\Angad\Desktop\StemFellowship\data\raw\fitzpatrick\Categorized_AbbrvName\pe-li_151\pe-li_f3_54_2b6ae8a5.jpg,3,medium_FST3_4,0,0,0.012928332202136517
ph_f1_62_c5beb019.jpg,C:\Users\Angad\Desktop\StemFellowship\data\raw\fitzpatrick\Categorized_AbbrvName\ph_348\ph_f1_62_c5beb019.jpg,1,light_FST1_2,0,0,0.03617427498102188
ac_f1_81_dff2e479.jpg,C:\Users\Angad\Desktop\StemFellowship\data\raw\fitzpatrick\Categorized_AbbrvName\ac_183\ac_f1_81_dff2e479.jpg,1,light_FST1_2,0,0,0.004359918180853128
ps_f2_258_85a8a6ef.jpg,C:\Users\Angad\Desktop\StemFellowship\data\raw\fitzpatrick\Categorized_AbbrvName\ps_653\ps_f2_258_85a8a6ef.jpg,2,light_FST1_2,0,0,0.16056114435195923
tu-sc_f3_133_7f9bbbc5.jpg,C:\Users\Angad\Desktop\StemFellowship\data\raw\fitzpatrick\Categorized_AbbrvName\tu-sc_141\tu-sc_f3_133_7f9bbbc5.jpg,3,medium_FST3_4,0,0,0.02131209336221218
ne-de_f4_115_471f6710.jpg,C:\Users\Angad\Desktop\StemFellowship\data\raw\fitzpatrick\Categorized_AbbrvName\ne-de_361\ne-de_f4_115_471f6710.jpg,4,medium_FST3_4,0,0,0.011237136088311672
ba-ce-ca-mo_f2_28_c3cd9180.jpg,C:\Users\Angad\Desktop\StemFellowship\data\raw\fitzpatrick\Categorized_AbbrvName\ba-ce-ca-mo_62\ba-ce-ca-mo_f2_28_c3cd9180.jpg,2,light_FST1_2,1,0,0.03873997926712036
in-pi_f2_54_356312b7.jpg,C:\Users\Angad\Desktop\StemFellowship\data\raw\fitzpatrick\Categorized_AbbrvName\in-pi_102\in-pi_f2_54_356312b7.jpg,2,light_FST1_2,0,0,0.012949701398611069
rh_f2_41_499ea7bc.jpg,C:\Users\Angad\Desktop\StemFellowship\data\raw\fitzpatrick\Categorized_AbbrvName\rh_91\rh_f2_41_499ea7bc.jpg,2,light_FST1_2,0,0,0.49473482370376587
fo-sp_f2_61_ab236561.jpg,C:\Users\Angad\Desktop\StemFellowship\data\raw\fitzpatrick\Categorized_AbbrvName\fo-sp_100\fo-sp_f2_61_ab236561.jpg,2,light_FST1_2,0,0,0.018875880166888237
ju-xa_f1_92_34067654.jpg,C:\Users\Angad\Desktop\StemFellowship\data\raw\fitzpatrick\Categorized_AbbrvName\ju-xa_149\ju-xa_f1_92_34067654.jpg,1,light_FST1_2,0,0,0.4046926200389862
sy_f6_26_29addfb4.jpg,C:\Users\Angad\Desktop\StemFellowship\data\raw\fitzpatrick\Categorized_AbbrvName\sy_127\sy_f6_26_29addfb4.jpg,6,dark_FST5_6,0,0,3.134883081656881e-05
in-pi_f2_39_5d558b69.jpg,C:\Users\Angad\Desktop\StemFellowship\data\raw\fitzpatrick\Categorized_AbbrvName\in-pi_102\in-pi_f2_39_5d558b69.jpg,2,light_FST1_2,0,0,0.21411557495594025
ps_f2_294_58b4bc07.jpg,C:\Users\Angad\Desktop\StemFellowship\data\raw\fitzpatrick\Categorized_AbbrvName\ps_653\ps_f2_294_58b4bc07.jpg,2,light_FST1_2,0,0,0.0126924067735672
sa_f2_267_3e65b485.jpg,C:\Users\Angad\Desktop\StemFellowship\data\raw\fitzpatrick\Categorized_AbbrvName\sa_349\sa_f2_267_3e65b485.jpg,2,light_FST1_2,0,0,0.0008312445716001093
er-mu_f2_64_e7adb78c.jpg,C:\Users\Angad\Desktop\StemFellowship\data\raw\fitzpatrick\Categorized_AbbrvName\er-mu_236\er-mu_f2_64_e7adb78c.jpg,2,light_FST1_2,0,0,0.002606366528198123
ac-ke_f2_25_139b06bd.jpg,C:\Users\Angad\Desktop\StemFellowship\data\raw\fitzpatrick\Categorized_AbbrvName\ac-ke_175\ac-ke_f2_25_139b06bd.jpg,2,light_FST1_2,1,0,0.06830397993326187
tu_f3_95_0983dd91.jpg,C:\Users\Angad\Desktop\StemFellowship\data\raw\fitzpatrick\Categorized_AbbrvName\tu_152\tu_f3_95_0983dd91.jpg,3,medium_FST3_4,0,1,0.926558256149292
ac_f4_55_0cff6f3c.jpg,C:\Users\Angad\Desktop\StemFellowship\data\raw\fitzpatrick\Categorized_AbbrvName\ac_183\ac_f4_55_0cff6f3c.jpg,4,medium_FST3_4,0,0,0.013105034828186035
al-co-de_f3_329_46e2a6e5.jpg,C:\Users\Angad\Desktop\StemFellowship\data\raw\fitzpatrick\Categorized_AbbrvName\al-co-de_430\al-co-de_f3_329_46e2a6e5.jpg,3,medium_FST3_4,0,0,0.0002244298520963639
ma-me_f2_6_c4ea214b.jpg,C:\Users\Angad\Desktop\StemFellowship\data\raw\fitzpatrick\Categorized_AbbrvName\ma-me_111\ma-me_f2_6_c4ea214b.jpg,2,light_FST1_2,1,1,0.9752364158630371
eh-da-sy_f6_119_d4cd3d8e.jpg,C:\Users\Angad\Desktop\StemFellowship\data\raw\fitzpatrick\Categorized_AbbrvName\eh-da-sy_127\eh-da-sy_f6_119_d4cd3d8e.jpg,6,dark_FST5_6,0,0,4.46243975602556e-05
ke-pi_f4_43_ce72b997.jpg,C:\Users\Angad\Desktop\StemFellowship\data\raw\fitzpatrick\Categorized_AbbrvName\ke-pi_78\ke-pi_f4_43_ce72b997.jpg,4,medium_FST3_4,0,0,0.0028232852928340435
lu-er_f3_112_f7a7fd1c.jpg,C:\Users\Angad\Desktop\StemFellowship\data\raw\fitzpatrick\Categorized_AbbrvName\lu-er_410\lu-er_f3_112_f7a7fd1c.jpg,3,medium_FST3_4,0,0,9.177842730423436e-05
lu-er_f2_138_0393479d.jpg,C:\Users\Angad\Desktop\StemFellowship\data\raw\fitzpatrick\Categorized_AbbrvName\lu-er_410\lu-er_f2_138_0393479d.jpg,2,light_FST1_2,0,0,0.00017547362949699163
li-am_f3_16_7998206c.jpg,C:\Users\Angad\Desktop\StemFellowship\data\raw\fitzpatrick\Categorized_AbbrvName\li-am_77\li-am_f3_16_7998206c.jpg,3,medium_FST3_4,0,0,0.46830713748931885
gr-an_f3_192_0626faf3.jpg,C:\Users\Angad\Desktop\StemFellowship\data\raw\fitzpatrick\Categorized_AbbrvName\gr-an_211\gr-an_f3_192_0626faf3.jpg,3,medium_FST3_4,0,0,0.0028470084071159363
my-fu_f1_58_0bbce93b.jpg,C:\Users\Angad\Desktop\StemFellowship\data\raw\fitzpatrick\Categorized_AbbrvName\my-fu_182\my-fu_f1_58_0bbce93b.jpg,1,light_FST1_2,1,0,0.0025760026182979345
fo-sp_f2_8_a9df130f.jpg,C:\Users\Angad\Desktop\StemFellowship\data\raw\fitzpatrick\Categorized_AbbrvName\fo-sp_100\fo-sp_f2_8_a9df130f.jpg,2,light_FST1_2,0,0,0.0012256859336048365
su-da-sk_f2_56_25d8ee20.jpg,C:\Users\Angad\Desktop\StemFellowship\data\raw\fitzpatrick\Categorized_AbbrvName\su-da-sk_66\su-da-sk_f2_56_25d8ee20.jpg,2,light_FST1_2,0,0,0.0012773362686857581
ph_f4_249_93edb096.jpg,C:\Users\Angad\Desktop\StemFellowship\data\raw\fitzpatrick\Categorized_AbbrvName\ph_348\ph_f4_249_93edb096.jpg,4,medium_FST3_4,0,0,0.0002978278207592666
xa_f3_27_bc6bef15.jpg,C:\Users\Angad\Desktop\StemFellowship\data\raw\fitzpatrick\Categorized_AbbrvName\xa_53\xa_f3_27_bc6bef15.jpg,3,medium_FST3_4,0,1,0.745247483253479
ph_f5_316_8ed8886a.jpg,C:\Users\Angad\Desktop\StemFellowship\data\raw\fitzpatrick\Categorized_AbbrvName\ph_348\ph_f5_316_8ed8886a.jpg,5,dark_FST5_6,0,0,0.005989043973386288
pe-li_f3_60_8d7cda0d.jpg,C:\Users\Angad\Desktop\StemFellowship\data\raw\fitzpatrick\Categorized_AbbrvName\pe-li_151\pe-li_f3_60_8d7cda0d.jpg,3,medium_FST3_4,0,0,0.17919887602329254
te_f2_88_72443893.jpg,C:\Users\Angad\Desktop\StemFellowship\data\raw\fitzpatrick\Categorized_AbbrvName\te_126\te_f2_88_72443893.jpg,2,light_FST1_2,0,0,0.0021929792128503323
sq-ce-ca_f4_382_85eecdee.jpg,C:\Users\Angad\Desktop\StemFellowship\data\raw\fitzpatrick\Categorized_AbbrvName\sq-ce-ca_581\sq-ce-ca_f4_382_85eecdee.jpg,4,medium_FST3_4,1,1,0.9904409646987915
al-co-de_f4_420_56361590.jpg,C:\Users\Angad\Desktop\StemFellowship\data\raw\fitzpatrick\Categorized_AbbrvName\al-co-de_430\al-co-de_f4_420_56361590.jpg,4,medium_FST3_4,0,0,0.002892482792958617
ps_f2_217_248c73bb.jpg,C:\Users\Angad\Desktop\StemFellowship\data\raw\fitzpatrick\Categorized_AbbrvName\ps_653\ps_f2_217_248c73bb.jpg,2,light_FST1_2,0,0,0.04081593081355095
ke_f2_123_3a7f3259.jpg,C:\Users\Angad\Desktop\StemFellowship\data\raw\fitzpatrick\Categorized_AbbrvName\ke_156\ke_f2_123_3a7f3259.jpg,2,light_FST1_2,0,0,0.11208152025938034
li-pl_f1_151_1271ef0f.jpg,C:\Users\Angad\Desktop\StemFellowship\data\raw\fitzpatrick\Categorized_AbbrvName\li-pl_491\li-pl_f1_151_1271ef0f.jpg,1,light_FST1_2,0,0,0.0015539393061771989
pi-ru-pi_f5_180_5fbf8180.jpg,C:\Users\Angad\Desktop\StemFellowship\data\raw\fitzpatrick\Categorized_AbbrvName\pi-ru-pi_278\pi-ru-pi_f5_180_5fbf8180.jpg,5,dark_FST5_6,0,0,0.00018034636741504073
pi-ro_f3_113_aedc70df.jpg,C:\Users\Angad\Desktop\StemFellowship\data\raw\fitzpatrick\Categorized_AbbrvName\pi-ro_193\pi-ro_f3_113_aedc70df.jpg,3,medium_FST3_4,0,0,0.02943778783082962
ne-de_f1_260_1177a605.jpg,C:\Users\Angad\Desktop\StemFellowship\data\raw\fitzpatrick\Categorized_AbbrvName\ne-de_361\ne-de_f1_260_1177a605.jpg,1,light_FST1_2,0,0,0.00011282039486104622
di-ac-po_f1_34_825fbd13.jpg,C:\Users\Angad\Desktop\StemFellowship\data\raw\fitzpatrick\Categorized_AbbrvName\di-ac-po_60\di-ac-po_f1_34_825fbd13.jpg,1,light_FST1_2,0,0,0.03746625781059265
ac-vu_f3_63_b9cb5654.jpg,C:\Users\Angad\Desktop\StemFellowship\data\raw\fitzpatrick\Categorized_AbbrvName\ac-vu_335\ac-vu_f3_63_b9cb5654.jpg,3,medium_FST3_4,0,0,5.1762421207968146e-05
al-co-de_f6_222_e859e071.jpg,C:\Users\Angad\Desktop\StemFellowship\data\raw\fitzpatrick\Categorized_AbbrvName\al-co-de_430\al-co-de_f6_222_e859e071.jpg,6,dark_FST5_6,0,0,0.016836395487189293
rh_f4_44_ac55e983.jpg,C:\Users\Angad\Desktop\StemFellowship\data\raw\fitzpatrick\Categorized_AbbrvName\rh_91\rh_f4_44_ac55e983.jpg,4,medium_FST3_4,0,0,0.06351939588785172
sq-ce-ca_f3_286_6945401b.jpg,C:\Users\Angad\Desktop\StemFellowship\data\raw\fitzpatrick\Categorized_AbbrvName\sq-ce-ca_581\sq-ce-ca_f3_286_6945401b.jpg,3,medium_FST3_4,1,0,0.2416791468858719
sq-ce-ca_f2_153_96861ac5.jpg,C:\Users\Angad\Desktop\StemFellowship\data\raw\fitzpatrick\Categorized_AbbrvName\sq-ce-ca_581\sq-ce-ca_f2_153_96861ac5.jpg,2,light_FST1_2,1,0,0.4178691506385803
ur_f3_30_cc04b0ff.jpg,C:\Users\Angad\Desktop\StemFellowship\data\raw\fitzpatrick\Categorized_AbbrvName\ur_151\ur_f3_30_cc04b0ff.jpg,3,medium_FST3_4,0,0,0.00020971546473447233
la-ce-hi_f2_13_fa4e5eb1.jpg,C:\Users\Angad\Desktop\StemFellowship\data\raw\fitzpatrick\Categorized_AbbrvName\la-ce-hi_60\la-ce-hi_f2_13_fa4e5eb1.jpg,2,light_FST1_2,0,0,0.00493073184043169
st-ed_f2_29_679e335f.jpg,C:\Users\Angad\Desktop\StemFellowship\data\raw\fitzpatrick\Categorized_AbbrvName\st-ed_69\st-ed_f2_29_679e335f.jpg,2,light_FST1_2,0,0,0.0015002033906057477
sq-ce-ca_f3_425_84e466bb.jpg,C:\Users\Angad\Desktop\StemFellowship\data\raw\fitzpatrick\Categorized_AbbrvName\sq-ce-ca_581\sq-ce-ca_f3_425_84e466bb.jpg,3,medium_FST3_4,1,1,0.9998041987419128
ep-bu_f3_30_cac27ffb.jpg,C:\Users\Angad\Desktop\StemFellowship\data\raw\fitzpatrick\Categorized_AbbrvName\ep-bu_70\ep-bu_f3_30_cac27ffb.jpg,3,medium_FST3_4,0,0,0.003912234213203192
pi_f3_47_5f38887a.jpg,C:\Users\Angad\Desktop\StemFellowship\data\raw\fitzpatrick\Categorized_AbbrvName\pi_53\pi_f3_47_5f38887a.jpg,3,medium_FST3_4,0,0,0.03228392452001572
po_f2_44_3cd0db19.jpg,C:\Users\Angad\Desktop\StemFellowship\data\raw\fitzpatrick\Categorized_AbbrvName\po_127\po_f2_44_3cd0db19.jpg,2,light_FST1_2,0,0,0.016873501241207123
st-ed_f4_21_ec8afda6.jpg,C:\Users\Angad\Desktop\StemFellowship\data\raw\fitzpatrick\Categorized_AbbrvName\st-ed_69\st-ed_f4_21_ec8afda6.jpg,4,medium_FST3_4,0,0,0.03894826024770737
sa_f5_265_39364387.jpg,C:\Users\Angad\Desktop\StemFellowship\data\raw\fitzpatrick\Categorized_AbbrvName\sa_349\sa_f5_265_39364387.jpg,5,dark_FST5_6,0,0,0.001089843106456101
ac-en_f3_26_e86d50cd.jpg,C:\Users\Angad\Desktop\StemFellowship\data\raw\fitzpatrick\Categorized_AbbrvName\ac-en_92\ac-en_f3_26_e86d50cd.jpg,3,medium_FST3_4,0,0,0.0066126263700425625
le-ma_f4_43_1cf28107.jpg,C:\Users\Angad\Desktop\StemFellowship\data\raw\fitzpatrick\Categorized_AbbrvName\le-ma_83\le-ma_f4_43_1cf28107.jpg,4,medium_FST3_4,1,1,0.9994485974311829
sq-ce-ca_f4_363_22453eea.jpg,C:\Users\Angad\Desktop\StemFellowship\data\raw\fitzpatrick\Categorized_AbbrvName\sq-ce-ca_581\sq-ce-ca_f4_363_22453eea.jpg,4,medium_FST3_4,1,1,0.9985583424568176
ac-ke_f2_113_b2c2253b.jpg,C:\Users\Angad\Desktop\StemFellowship\data\raw\fitzpatrick\Categorized_AbbrvName\ac-ke_175\ac-ke_f2_113_b2c2253b.jpg,2,light_FST1_2,1,1,0.9606859683990479
ac-vu_f1_287_4c25a70e.jpg,C:\Users\Angad\Desktop\StemFellowship\data\raw\fitzpatrick\Categorized_AbbrvName\ac-vu_335\ac-vu_f1_287_4c25a70e.jpg,1,light_FST1_2,0,0,0.00045410788152366877
ph_f2_1_5785d42e.jpg,C:\Users\Angad\Desktop\StemFellowship\data\raw\fitzpatrick\Categorized_AbbrvName\ph_348\ph_f2_1_5785d42e.jpg,2,light_FST1_2,0,0,0.0006256874185055494
gr-an_f4_45_9b790cdb.jpg,C:\Users\Angad\Desktop\StemFellowship\data\raw\fitzpatrick\Categorized_AbbrvName\gr-an_211\gr-an_f4_45_9b790cdb.jpg,4,medium_FST3_4,0,0,0.0002721787604968995
er-no_f4_48_1c836d4d.jpg,C:\Users\Angad\Desktop\StemFellowship\data\raw\fitzpatrick\Categorized_AbbrvName\er-no_81\er-no_f4_48_1c836d4d.jpg,4,medium_FST3_4,0,0,0.003862417070195079
ju-xa_f2_82_c07d14f7.jpg,C:\Users\Angad\Desktop\StemFellowship\data\raw\fitzpatrick\Categorized_AbbrvName\ju-xa_149\ju-xa_f2_82_c07d14f7.jpg,2,light_FST1_2,0,0,0.08913253992795944
dr-er_f1_194_825ca3e7.jpg,C:\Users\Angad\Desktop\StemFellowship\data\raw\fitzpatrick\Categorized_AbbrvName\dr-er_200\dr-er_f1_194_825ca3e7.jpg,1,light_FST1_2,0,0,0.004330710507929325
ba-ce-ca_f5_303_5f1a4d80.jpg,C:\Users\Angad\Desktop\StemFellowship\data\raw\fitzpatrick\Categorized_AbbrvName\ba-ce-ca_468\ba-ce-ca_f5_303_5f1a4d80.jpg,5,dark_FST5_6,1,1,0.7617878317832947
da-di_f4_149_e506feea.jpg,C:\Users\Angad\Desktop\StemFellowship\data\raw\fitzpatrick\Categorized_AbbrvName\da-di_153\da-di_f4_149_e506feea.jpg,4,medium_FST3_4,0,0,0.0011686405632644892
ha-ha-di_f1_20_0c171d11.jpg,C:\Users\Angad\Desktop\StemFellowship\data\raw\fitzpatrick\Categorized_AbbrvName\ha-ha-di_174\ha-ha-di_f1_20_0c171d11.jpg,1,light_FST1_2,0,0,0.04809495806694031
sq-ce-ca_f3_489_a15b63b8.jpg,C:\Users\Angad\Desktop\StemFellowship\data\raw\fitzpatrick\Categorized_AbbrvName\sq-ce-ca_581\sq-ce-ca_f3_489_a15b63b8.jpg,3,medium_FST3_4,1,1,0.9997476935386658
be-ne_f2_56_d9f812b3.jpg,C:\Users\Angad\Desktop\StemFellowship\data\raw\fitzpatrick\Categorized_AbbrvName\be-ne_63\be-ne_f2_56_d9f812b3.jpg,2,light_FST1_2,0,0,0.047272469848394394
ba-ce-ca_f5_405_49ed416e.jpg,C:\Users\Angad\Desktop\StemFellowship\data\raw\fitzpatrick\Categorized_AbbrvName\ba-ce-ca_468\ba-ce-ca_f5_405_49ed416e.jpg,5,dark_FST5_6,1,1,0.9999746084213257
al-co-de_f3_401_87e7d8db.jpg,C:\Users\Angad\Desktop\StemFellowship\data\raw\fitzpatrick\Categorized_AbbrvName\al-co-de_430\al-co-de_f3_401_87e7d8db.jpg,3,medium_FST3_4,0,0,0.21995675563812256
dr-in-pi-ch_f5_42_05bc7556.jpg,C:\Users\Angad\Desktop\StemFellowship\data\raw\fitzpatrick\Categorized_AbbrvName\dr-in-pi-ch_71\dr-in-pi-ch_f5_42_05bc7556.jpg,5,dark_FST5_6,0,0,0.00016299761773552746
di-ac-po_f1_43_9d91cebb.jpg,C:\Users\Angad\Desktop\StemFellowship\data\raw\fitzpatrick\Categorized_AbbrvName\di-ac-po_60\di-ac-po_f1_43_9d91cebb.jpg,1,light_FST1_2,0,0,0.022450994700193405
sa_f4_287_af50ab88.jpg,C:\Users\Angad\Desktop\StemFellowship\data\raw\fitzpatrick\Categorized_AbbrvName\sa_349\sa_f4_287_af50ab88.jpg,4,medium_FST3_4,0,0,6.355339428409934e-05
sq-ce-ca_f2_349_7cdb2f4a.jpg,C:\Users\Angad\Desktop\StemFellowship\data\raw\fitzpatrick\Categorized_AbbrvName\sq-ce-ca_581\sq-ce-ca_f2_349_7cdb2f4a.jpg,2,light_FST1_2,1,1,0.7469031810760498
er-no_f4_40_6304b21a.jpg,C:\Users\Angad\Desktop\StemFellowship\data\raw\fitzpatrick\Categorized_AbbrvName\er-no_81\er-no_f4_40_6304b21a.jpg,4,medium_FST3_4,0,0,0.04085421934723854
lu-er_f4_15_d17c8e9f.jpg,C:\Users\Angad\Desktop\StemFellowship\data\raw\fitzpatrick\Categorized_AbbrvName\lu-er_410\lu-er_f4_15_d17c8e9f.jpg,4,medium_FST3_4,0,0,0.10908837616443634
li-si_f4_89_1e16476c.jpg,C:\Users\Angad\Desktop\StemFellowship\data\raw\fitzpatrick\Categorized_AbbrvName\li-si_97\li-si_f4_89_1e16476c.jpg,4,medium_FST3_4,0,0,0.001866731559857726
al-co-de_f1_8_8c9ddef2.jpg,C:\Users\Angad\Desktop\StemFellowship\data\raw\fitzpatrick\Categorized_AbbrvName\al-co-de_430\al-co-de_f1_8_8c9ddef2.jpg,1,light_FST1_2,0,0,0.014133245684206486
ur-pi_f1_67_97e5fa56.jpg,C:\Users\Angad\Desktop\StemFellowship\data\raw\fitzpatrick\Categorized_AbbrvName\ur-pi_112\ur-pi_f1_67_97e5fa56.jpg,1,light_FST1_2,0,0,0.00073491275543347
er-mu_f3_210_ba968cb0.jpg,C:\Users\Angad\Desktop\StemFellowship\data\raw\fitzpatrick\Categorized_AbbrvName\er-mu_236\er-mu_f3_210_ba968cb0.jpg,3,medium_FST3_4,0,0,0.0020866859704256058
li-pl_f2_225_7c5421fd.jpg,C:\Users\Angad\Desktop\StemFellowship\data\raw\fitzpatrick\Categorized_AbbrvName\li-pl_491\li-pl_f2_225_7c5421fd.jpg,2,light_FST1_2,0,0,0.00012893677921965718
ba-ce-ca_f3_266_f44f3454.jpg,C:\Users\Angad\Desktop\StemFellowship\data\raw\fitzpatrick\Categorized_AbbrvName\ba-ce-ca_468\ba-ce-ca_f3_266_f44f3454.jpg,3,medium_FST3_4,1,1,0.9989344477653503
pe-li_f2_125_81a611ad.jpg,C:\Users\Angad\Desktop\StemFellowship\data\raw\fitzpatrick\Categorized_AbbrvName\pe-li_151\pe-li_f2_125_81a611ad.jpg,2,light_FST1_2,0,1,0.6318550109863281
py-gr_f1_7_17671141.jpg,C:\Users\Angad\Desktop\StemFellowship\data\raw\fitzpatrick\Categorized_AbbrvName\py-gr_113\py-gr_f1_7_17671141.jpg,1,light_FST1_2,0,0,0.02959808148443699
ec_f2_61_591efe19.jpg,C:\Users\Angad\Desktop\StemFellowship\data\raw\fitzpatrick\Categorized_AbbrvName\ec_204\ec_f2_61_591efe19.jpg,2,light_FST1_2,0,0,0.0001121873501688242
xe-pi_f4_33_bc4fee60.jpg,C:\Users\Angad\Desktop\StemFellowship\data\raw\fitzpatrick\Categorized_AbbrvName\xe-pi_81\xe-pi_f4_33_bc4fee60.jpg,4,medium_FST3_4,0,0,0.0035732616670429707
ju-xa_f3_97_727bb620.jpg,C:\Users\Angad\Desktop\StemFellowship\data\raw\fitzpatrick\Categorized_AbbrvName\ju-xa_149\ju-xa_f3_97_727bb620.jpg,3,medium_FST3_4,0,0,0.00029532628832384944
me_f3_101_d9491d49.jpg,C:\Users\Angad\Desktop\StemFellowship\data\raw\fitzpatrick\Categorized_AbbrvName\me_261\me_f3_101_d9491d49.jpg,3,medium_FST3_4,1,1,0.9917879700660706
ac-ke_f2_34_97d2eb0a.jpg,C:\Users\Angad\Desktop\StemFellowship\data\raw\fitzpatrick\Categorized_AbbrvName\ac-ke_175\ac-ke_f2_34_97d2eb0a.jpg,2,light_FST1_2,1,0,0.28721147775650024
ha-ha-di_f4_129_143032b4.jpg,C:\Users\Angad\Desktop\StemFellowship\data\raw\fitzpatrick\Categorized_AbbrvName\ha-ha-di_174\ha-ha-di_f4_129_143032b4.jpg,4,medium_FST3_4,0,0,0.014303155243396759
tu-sc_f4_34_09b7af66.jpg,C:\Users\Angad\Desktop\StemFellowship\data\raw\fitzpatrick\Categorized_AbbrvName\tu-sc_141\tu-sc_f4_34_09b7af66.jpg,4,medium_FST3_4,0,0,5.5843796872068197e-05
st-jo-sy_f5_45_c35961bf.jpg,C:\Users\Angad\Desktop\StemFellowship\data\raw\fitzpatrick\Categorized_AbbrvName\st-jo-sy_113\st-jo-sy_f5_45_c35961bf.jpg,5,dark_FST5_6,0,0,0.37157687544822693
ba-ce-ca_f4_409_064f3981.jpg,C:\Users\Angad\Desktop\StemFellowship\data\raw\fitzpatrick\Categorized_AbbrvName\ba-ce-ca_468\ba-ce-ca_f4_409_064f3981.jpg,4,medium_FST3_4,1,1,0.9953344464302063
sq-ce-ca_f1_91_43a5a3a8.jpg,C:\Users\Angad\Desktop\StemFellowship\data\raw\fitzpatrick\Categorized_AbbrvName\sq-ce-ca_581\sq-ce-ca_f1_91_43a5a3a8.jpg,1,light_FST1_2,1,1,0.9739990830421448
dr-in-pi-ch_f6_40_27e2bb3b.jpg,C:\Users\Angad\Desktop\StemFellowship\data\raw\fitzpatrick\Categorized_AbbrvName\dr-in-pi-ch_71\dr-in-pi-ch_f6_40_27e2bb3b.jpg,6,dark_FST5_6,0,0,1.3025946827838197e-05
lu-er_f1_209_5ab4b115.jpg,C:\Users\Angad\Desktop\StemFellowship\data\raw\fitzpatrick\Categorized_AbbrvName\lu-er_410\lu-er_f1_209_5ab4b115.jpg,1,light_FST1_2,0,0,0.00012012696970487013
sy_f3_19_ddc592a4.jpg,C:\Users\Angad\Desktop\StemFellowship\data\raw\fitzpatrick\Categorized_AbbrvName\sy_127\sy_f3_19_ddc592a4.jpg,3,medium_FST3_4,0,0,0.0019537198822945356
po_f2_99_8c465afe.jpg,C:\Users\Angad\Desktop\StemFellowship\data\raw\fitzpatrick\Categorized_AbbrvName\po_127\po_f2_99_8c465afe.jpg,2,light_FST1_2,0,0,0.007577323820441961
pi-ru-pi_f5_217_cb53b279.jpg,C:\Users\Angad\Desktop\StemFellowship\data\raw\fitzpatrick\Categorized_AbbrvName\pi-ru-pi_278\pi-ru-pi_f5_217_cb53b279.jpg,5,dark_FST5_6,0,0,0.0006752759800292552
ec_f2_114_bf68e085.jpg,C:\Users\Angad\Desktop\StemFellowship\data\raw\fitzpatrick\Categorized_AbbrvName\ec_204\ec_f2_114_bf68e085.jpg,2,light_FST1_2,0,0,0.001514126663096249
lu-er_f2_204_8d555c2a.jpg,C:\Users\Angad\Desktop\StemFellowship\data\raw\fitzpatrick\Categorized_AbbrvName\lu-er_410\lu-er_f2_204_8d555c2a.jpg,2,light_FST1_2,0,0,0.0024147676303982735
al-co-de_f4_374_546984f3.jpg,C:\Users\Angad\Desktop\StemFellowship\data\raw\fitzpatrick\Categorized_AbbrvName\al-co-de_430\al-co-de_f4_374_546984f3.jpg,4,medium_FST3_4,0,0,0.007536940276622772
ma-me_f1_8_f77c1c3a.jpg,C:\Users\Angad\Desktop\StemFellowship\data\raw\fitzpatrick\Categorized_AbbrvName\ma-me_111\ma-me_f1_8_f77c1c3a.jpg,1,light_FST1_2,1,1,0.9978674650192261
li-pl_f1_135_ffa862b8.jpg,C:\Users\Angad\Desktop\StemFellowship\data\raw\fitzpatrick\Categorized_AbbrvName\li-pl_491\li-pl_f1_135_ffa862b8.jpg,1,light_FST1_2,0,0,0.09815004467964172
ju-xa_f1_35_ec96a7fc.jpg,C:\Users\Angad\Desktop\StemFellowship\data\raw\fitzpatrick\Categorized_AbbrvName\ju-xa_149\ju-xa_f1_35_ec96a7fc.jpg,1,light_FST1_2,0,0,0.00039804287371225655
fo_f2_270_edf3ebb3.jpg,C:\Users\Angad\Desktop\StemFellowship\data\raw\fitzpatrick\Categorized_AbbrvName\fo_342\fo_f2_270_edf3ebb3.jpg,2,light_FST1_2,0,0,0.009071215987205505
dr-er_f2_97_2a0e6166.jpg,C:\Users\Angad\Desktop\StemFellowship\data\raw\fitzpatrick\Categorized_AbbrvName\dr-er_200\dr-er_f2_97_2a0e6166.jpg,2,light_FST1_2,0,0,0.005315269809216261
xe-pi_f3_11_62879a7c.jpg,C:\Users\Angad\Desktop\StemFellowship\data\raw\fitzpatrick\Categorized_AbbrvName\xe-pi_81\xe-pi_f3_11_62879a7c.jpg,3,medium_FST3_4,0,0,0.3654767572879791
se-ke_f5_50_a852433b.jpg,C:\Users\Angad\Desktop\StemFellowship\data\raw\fitzpatrick\Categorized_AbbrvName\se-ke_69\se-ke_f5_50_a852433b.jpg,5,dark_FST5_6,0,0,0.0007273808005265892
sy_f2_126_f23969dd.jpg,C:\Users\Angad\Desktop\StemFellowship\data\raw\fitzpatrick\Categorized_AbbrvName\sy_127\sy_f2_126_f23969dd.jpg,2,light_FST1_2,0,0,2.6045654522022232e-05
xa_f4_9_7a6659cb.jpg,C:\Users\Angad\Desktop\StemFellowship\data\raw\fitzpatrick\Categorized_AbbrvName\xa_53\xa_f4_9_7a6659cb.jpg,4,medium_FST3_4,0,0,0.28514182567596436
sq-ce-ca_f3_13_d80eb8dc.jpg,C:\Users\Angad\Desktop\StemFellowship\data\raw\fitzpatrick\Categorized_AbbrvName\sq-ce-ca_581\sq-ce-ca_f3_13_d80eb8dc.jpg,3,medium_FST3_4,1,1,0.9648174047470093
ne-in_f5_145_28063f4c.jpg,C:\Users\Angad\Desktop\StemFellowship\data\raw\fitzpatrick\Categorized_AbbrvName\ne-in_260\ne-in_f5_145_28063f4c.jpg,5,dark_FST5_6,0,0,0.017532983794808388
ps_f3_29_419aacd8.jpg,C:\Users\Angad\Desktop\StemFellowship\data\raw\fitzpatrick\Categorized_AbbrvName\ps_653\ps_f3_29_419aacd8.jpg,3,medium_FST3_4,0,0,0.044300660490989685
da-di_f6_118_73cdc5cb.jpg,C:\Users\Angad\Desktop\StemFellowship\data\raw\fitzpatrick\Categorized_AbbrvName\da-di_153\da-di_f6_118_73cdc5cb.jpg,6,dark_FST5_6,0,0,0.004661513026803732
fo_f4_5_6fd7ab66.jpg,C:\Users\Angad\Desktop\StemFellowship\data\raw\fitzpatrick\Categorized_AbbrvName\fo_342\fo_f4_5_6fd7ab66.jpg,4,medium_FST3_4,0,0,0.00028315704548731446
gr-an_f3_115_7657c305.jpg,C:\Users\Angad\Desktop\StemFellowship\data\raw\fitzpatrick\Categorized_AbbrvName\gr-an_211\gr-an_f3_115_7657c305.jpg,3,medium_FST3_4,0,0,0.004353946540504694
fi-er_f3_33_34b64795.jpg,C:\Users\Angad\Desktop\StemFellowship\data\raw\fitzpatrick\Categorized_AbbrvName\fi-er_125\fi-er_f3_33_34b64795.jpg,3,medium_FST3_4,0,0,0.3041594326496124
pr-no_f4_10_fd06d13d.jpg,C:\Users\Angad\Desktop\StemFellowship\data\raw\fitzpatrick\Categorized_AbbrvName\pr-no_170\pr-no_f4_10_fd06d13d.jpg,4,medium_FST3_4,0,0,0.021491194143891335
ba-ce-ca_f2_68_01850438.jpg,C:\Users\Angad\Desktop\StemFellowship\data\raw\fitzpatrick\Categorized_AbbrvName\ba-ce-ca_468\ba-ce-ca_f2_68_01850438.jpg,2,light_FST1_2,1,1,0.9761935472488403
pi-li-ch_f2_62_a2515bb7.jpg,C:\Users\Angad\Desktop\StemFellowship\data\raw\fitzpatrick\Categorized_AbbrvName\pi-li-ch_73\pi-li-ch_f2_62_a2515bb7.jpg,2,light_FST1_2,0,0,0.041851501911878586
ne-li_f2_26_233f6539.jpg,C:\Users\Angad\Desktop\StemFellowship\data\raw\fitzpatrick\Categorized_AbbrvName\ne-li_123\ne-li_f2_26_233f6539.jpg,2,light_FST1_2,0,0,0.42575663328170776
te_f1_112_6e50e6c5.jpg,C:\Users\Angad\Desktop\StemFellowship\data\raw\fitzpatrick\Categorized_AbbrvName\te_126\te_f1_112_6e50e6c5.jpg,1,light_FST1_2,0,0,0.007779630832374096
ph_f3_144_748581e3.jpg,C:\Users\Angad\Desktop\StemFellowship\data\raw\fitzpatrick\Categorized_AbbrvName\ph_348\ph_f3_144_748581e3.jpg,3,medium_FST3_4,0,0,0.0023418129421770573
li-pl_f4_375_365bc91d.jpg,C:\Users\Angad\Desktop\StemFellowship\data\raw\fitzpatrick\Categorized_AbbrvName\li-pl_491\li-pl_f4_375_365bc91d.jpg,4,medium_FST3_4,0,0,0.01677575707435608
so-cy-ba-ce-ca_f2_39_c04c5f3a.jpg,C:\Users\Angad\Desktop\StemFellowship\data\raw\fitzpatrick\Categorized_AbbrvName\so-cy-ba-ce-ca_66\so-cy-ba-ce-ca_f2_39_c04c5f3a.jpg,2,light_FST1_2,1,1,0.9602099061012268
me_f5_208_5492bcfe.jpg,C:\Users\Angad\Desktop\StemFellowship\data\raw\fitzpatrick\Categorized_AbbrvName\me_261\me_f5_208_5492bcfe.jpg,5,dark_FST5_6,1,1,0.9014173746109009
lu-er_f5_131_2cbec7bd.jpg,C:\Users\Angad\Desktop\StemFellowship\data\raw\fitzpatrick\Categorized_AbbrvName\lu-er_410\lu-er_f5_131_2cbec7bd.jpg,5,dark_FST5_6,0,0,0.003689775476232171
ba-ce-ca_f4_450_bef06bdd.jpg,C:\Users\Angad\Desktop\StemFellowship\data\raw\fitzpatrick\Categorized_AbbrvName\ba-ce-ca_468\ba-ce-ca_f4_450_bef06bdd.jpg,4,medium_FST3_4,1,0,0.18186414241790771
po-ac_f1_35_7abf608a.jpg,C:\Users\Angad\Desktop\StemFellowship\data\raw\fitzpatrick\Categorized_AbbrvName\po-ac_183\po-ac_f1_35_7abf608a.jpg,1,light_FST1_2,0,0,0.007518707308918238
sq-ce-ca_f2_68_e69e4c04.jpg,C:\Users\Angad\Desktop\StemFellowship\data\raw\fitzpatrick\Categorized_AbbrvName\sq-ce-ca_581\sq-ce-ca_f2_68_e69e4c04.jpg,2,light_FST1_2,1,0,0.15030185878276825
ne-ex_f3_72_36957e56.jpg,C:\Users\Angad\Desktop\StemFellowship\data\raw\fitzpatrick\Categorized_AbbrvName\ne-ex_73\ne-ex_f3_72_36957e56.jpg,3,medium_FST3_4,0,0,7.362566248048097e-05
pi-ru-pi_f5_166_8fe72fd7.jpg,C:\Users\Angad\Desktop\StemFellowship\data\raw\fitzpatrick\Categorized_AbbrvName\pi-ru-pi_278\pi-ru-pi_f5_166_8fe72fd7.jpg,5,dark_FST5_6,0,0,0.0004391034890431911
fo_f5_139_719c7887.jpg,C:\Users\Angad\Desktop\StemFellowship\data\raw\fitzpatrick\Categorized_AbbrvName\fo_342\fo_f5_139_719c7887.jpg,5,dark_FST5_6,0,0,0.007067779544740915
ur-pi_f1_90_d40e9896.jpg,C:\Users\Angad\Desktop\StemFellowship\data\raw\fitzpatrick\Categorized_AbbrvName\ur-pi_112\ur-pi_f1_90_d40e9896.jpg,1,light_FST1_2,0,0,7.60804905439727e-05
sa_f2_53_851800f3.jpg,C:\Users\Angad\Desktop\StemFellowship\data\raw\fitzpatrick\Categorized_AbbrvName\sa_349\sa_f2_53_851800f3.jpg,2,light_FST1_2,0,0,0.20771846175193787
po-ac_f4_136_7a1e8075.jpg,C:\Users\Angad\Desktop\StemFellowship\data\raw\fitzpatrick\Categorized_AbbrvName\po-ac_183\po-ac_f4_136_7a1e8075.jpg,4,medium_FST3_4,0,0,0.015664493665099144
sq-ce-ca_f2_574_59fed3f2.jpg,C:\Users\Angad\Desktop\StemFellowship\data\raw\fitzpatrick\Categorized_AbbrvName\sq-ce-ca_581\sq-ce-ca_f2_574_59fed3f2.jpg,2,light_FST1_2,1,1,0.9999783039093018
gr-py_f5_8_2a271900.jpg,C:\Users\Angad\Desktop\StemFellowship\data\raw\fitzpatrick\Categorized_AbbrvName\gr-py_75\gr-py_f5_8_2a271900.jpg,5,dark_FST5_6,0,0,0.00041146273724734783
ke_f2_9_1f39c3d1.jpg,C:\Users\Angad\Desktop\StemFellowship\data\raw\fitzpatrick\Categorized_AbbrvName\ke_156\ke_f2_9_1f39c3d1.jpg,2,light_FST1_2,0,0,0.0014286095974966884
lu-er_f5_304_0b166f51.jpg,C:\Users\Angad\Desktop\StemFellowship\data\raw\fitzpatrick\Categorized_AbbrvName\lu-er_410\lu-er_f5_304_0b166f51.jpg,5,dark_FST5_6,0,0,0.012017814442515373
lu-er_f2_267_040f078b.jpg,C:\Users\Angad\Desktop\StemFellowship\data\raw\fitzpatrick\Categorized_AbbrvName\lu-er_410\lu-er_f2_267_040f078b.jpg,2,light_FST1_2,0,0,0.006604024209082127
my-fu_f1_96_f6a4ea5c.jpg,C:\Users\Angad\Desktop\StemFellowship\data\raw\fitzpatrick\Categorized_AbbrvName\my-fu_182\my-fu_f1_96_f6a4ea5c.jpg,1,light_FST1_2,1,0,0.060066454112529755
li-pl_f4_187_59d49d78.jpg,C:\Users\Angad\Desktop\StemFellowship\data\raw\fitzpatrick\Categorized_AbbrvName\li-pl_491\li-pl_f4_187_59d49d78.jpg,4,medium_FST3_4,0,0,0.0007661237614229321
ne-in_f5_186_8f4db69f.jpg,C:\Users\Angad\Desktop\StemFellowship\data\raw\fitzpatrick\Categorized_AbbrvName\ne-in_260\ne-in_f5_186_8f4db69f.jpg,5,dark_FST5_6,0,0,0.0021017971448600292
in-pi_f1_81_b11f52b6.jpg,C:\Users\Angad\Desktop\StemFellowship\data\raw\fitzpatrick\Categorized_AbbrvName\in-pi_102\in-pi_f1_81_b11f52b6.jpg,1,light_FST1_2,0,0,0.010245545767247677
er-mu_f4_223_207629e7.jpg,C:\Users\Angad\Desktop\StemFellowship\data\raw\fitzpatrick\Categorized_AbbrvName\er-mu_236\er-mu_f4_223_207629e7.jpg,4,medium_FST3_4,0,0,6.538259913213551e-05
li-si_f6_90_110ab19e.jpg,C:\Users\Angad\Desktop\StemFellowship\data\raw\fitzpatrick\Categorized_AbbrvName\li-si_97\li-si_f6_90_110ab19e.jpg,6,dark_FST5_6,0,0,0.025321366265416145
ba-ce-ca_f3_74_fa49c5de.jpg,C:\Users\Angad\Desktop\StemFellowship\data\raw\fitzpatrick\Categorized_AbbrvName\ba-ce-ca_468\ba-ce-ca_f3_74_fa49c5de.jpg,3,medium_FST3_4,1,1,0.7267904281616211
di-ac-po_f1_15_ada2d6dd.jpg,C:\Users\Angad\Desktop\StemFellowship\data\raw\fitzpatrick\Categorized_AbbrvName\di-ac-po_60\di-ac-po_f1_15_ada2d6dd.jpg,1,light_FST1_2,0,0,0.02593955397605896
se-de_f2_25_8a057667.jpg,C:\Users\Angad\Desktop\StemFellowship\data\raw\fitzpatrick\Categorized_AbbrvName\se-de_126\se-de_f2_25_8a057667.jpg,2,light_FST1_2,0,0,1.0130754162673838e-05
ec_f2_181_e18054ad.jpg,C:\Users\Angad\Desktop\StemFellowship\data\raw\fitzpatrick\Categorized_AbbrvName\ec_204\ec_f2_181_e18054ad.jpg,2,light_FST1_2,0,1,0.6715132594108582
ti-bi_f3_40_a71717ef.jpg,C:\Users\Angad\Desktop\StemFellowship\data\raw\fitzpatrick\Categorized_AbbrvName\ti-bi_73\ti-bi_f3_40_a71717ef.jpg,3,medium_FST3_4,0,0,0.121483713388443
ch_f4_100_f80cd6d4.jpg,C:\Users\Angad\Desktop\StemFellowship\data\raw\fitzpatrick\Categorized_AbbrvName\ch_106\ch_f4_100_f80cd6d4.jpg,4,medium_FST3_4,0,0,0.0071066091768443584
na-co_f4_68_bc3500cc.jpg,C:\Users\Angad\Desktop\StemFellowship\data\raw\fitzpatrick\Categorized_AbbrvName\na-co_73\na-co_f4_68_bc3500cc.jpg,4,medium_FST3_4,0,0,0.013006715103983879
ma-me_f2_89_852b1cbf.jpg,C:\Users\Angad\Desktop\StemFellowship\data\raw\fitzpatrick\Categorized_AbbrvName\ma-me_111\ma-me_f2_89_852b1cbf.jpg,2,light_FST1_2,1,1,0.9789972901344299
ly-di_f3_97_d1d7e8af.jpg,C:\Users\Angad\Desktop\StemFellowship\data\raw\fitzpatrick\Categorized_AbbrvName\ly-di_129\ly-di_f3_97_d1d7e8af.jpg,3,medium_FST3_4,0,0,0.003057467984035611
pi-li-ch_f3_27_30a36fc4.jpg,C:\Users\Angad\Desktop\StemFellowship\data\raw\fitzpatrick\Categorized_AbbrvName\pi-li-ch_73\pi-li-ch_f3_27_30a36fc4.jpg,3,medium_FST3_4,0,0,0.0014374760212376714
er-no_f2_60_5d40a98b.jpg,C:\Users\Angad\Desktop\StemFellowship\data\raw\fitzpatrick\Categorized_AbbrvName\er-no_81\er-no_f2_60_5d40a98b.jpg,2,light_FST1_2,0,0,0.08812323212623596
li-pl_f3_305_876db85b.jpg,C:\Users\Angad\Desktop\StemFellowship\data\raw\fitzpatrick\Categorized_AbbrvName\li-pl_491\li-pl_f3_305_876db85b.jpg,3,medium_FST3_4,0,0,0.0002112023939844221
ac-vu_f2_153_f088705e.jpg,C:\Users\Angad\Desktop\StemFellowship\data\raw\fitzpatrick\Categorized_AbbrvName\ac-vu_335\ac-vu_f2_153_f088705e.jpg,2,light_FST1_2,0,0,0.05597250163555145
me_f2_149_ea191524.jpg,C:\Users\Angad\Desktop\StemFellowship\data\raw\fitzpatrick\Categorized_AbbrvName\me_261\me_f2_149_ea191524.jpg,2,light_FST1_2,1,1,0.609166145324707
li-pl_f3_420_aa9c5c94.jpg,C:\Users\Angad\Desktop\StemFellowship\data\raw\fitzpatrick\Categorized_AbbrvName\li-pl_491\li-pl_f3_420_aa9c5c94.jpg,3,medium_FST3_4,0,0,0.013844326138496399
pi_f1_21_c480d04a.jpg,C:\Users\Angad\Desktop\StemFellowship\data\raw\fitzpatrick\Categorized_AbbrvName\pi_53\pi_f1_21_c480d04a.jpg,1,light_FST1_2,0,0,0.004184129182249308
fo-sp_f2_26_ea4fc806.jpg,C:\Users\Angad\Desktop\StemFellowship\data\raw\fitzpatrick\Categorized_AbbrvName\fo-sp_100\fo-sp_f2_26_ea4fc806.jpg,2,light_FST1_2,0,0,0.02796529233455658
sy_f4_87_10cbe527.jpg,C:\Users\Angad\Desktop\StemFellowship\data\raw\fitzpatrick\Categorized_AbbrvName\sy_127\sy_f4_87_10cbe527.jpg,4,medium_FST3_4,0,0,0.0008495560032315552
ur-pi_f2_1_88b87800.jpg,C:\Users\Angad\Desktop\StemFellowship\data\raw\fitzpatrick\Categorized_AbbrvName\ur-pi_112\ur-pi_f2_1_88b87800.jpg,2,light_FST1_2,0,0,0.010398637503385544
in-pi_f3_3_954dd689.jpg,C:\Users\Angad\Desktop\StemFellowship\data\raw\fitzpatrick\Categorized_AbbrvName\in-pi_102\in-pi_f3_3_954dd689.jpg,3,medium_FST3_4,0,0,0.000654401199426502
py-gr_f4_103_b935d5f3.jpg,C:\Users\Angad\Desktop\StemFellowship\data\raw\fitzpatrick\Categorized_AbbrvName\py-gr_113\py-gr_f4_103_b935d5f3.jpg,4,medium_FST3_4,0,1,0.9036383032798767
pi-cy_f3_26_cfd618bd.jpg,C:\Users\Angad\Desktop\StemFellowship\data\raw\fitzpatrick\Categorized_AbbrvName\pi-cy_93\pi-cy_f3_26_cfd618bd.jpg,3,medium_FST3_4,0,0,0.004788663238286972
pi-cy_f2_60_d3c7eee6.jpg,C:\Users\Angad\Desktop\StemFellowship\data\raw\fitzpatrick\Categorized_AbbrvName\pi-cy_93\pi-cy_f2_60_d3c7eee6.jpg,2,light_FST1_2,0,0,0.06618356704711914
er-an-ce_f2_52_3004e5b5.jpg,C:\Users\Angad\Desktop\StemFellowship\data\raw\fitzpatrick\Categorized_AbbrvName\er-an-ce_88\er-an-ce_f2_52_3004e5b5.jpg,2,light_FST1_2,0,0,0.02522529661655426
ac-ke_f2_14_6e3bca92.jpg,C:\Users\Angad\Desktop\StemFellowship\data\raw\fitzpatrick\Categorized_AbbrvName\ac-ke_175\ac-ke_f2_14_6e3bca92.jpg,2,light_FST1_2,1,1,0.5055813193321228
ba-ce-ca_f3_20_4a42c72a.jpg,C:\Users\Angad\Desktop\StemFellowship\data\raw\fitzpatrick\Categorized_AbbrvName\ba-ce-ca_468\ba-ce-ca_f3_20_4a42c72a.jpg,3,medium_FST3_4,1,1,0.9972731471061707
ne-li_f4_4_b49167a6.jpg,C:\Users\Angad\Desktop\StemFellowship\data\raw\fitzpatrick\Categorized_AbbrvName\ne-li_123\ne-li_f4_4_b49167a6.jpg,4,medium_FST3_4,0,0,0.0004742139717563987
ne-ne_f2_31_377119a9.jpg,C:\Users\Angad\Desktop\StemFellowship\data\raw\fitzpatrick\Categorized_AbbrvName\ne-ne_86\ne-ne_f2_31_377119a9.jpg,2,light_FST1_2,0,1,0.9834499955177307
ba-ce-ca_f2_283_4f528bf1.jpg,C:\Users\Angad\Desktop\StemFellowship\data\raw\fitzpatrick\Categorized_AbbrvName\ba-ce-ca_468\ba-ce-ca_f2_283_4f528bf1.jpg,2,light_FST1_2,1,1,0.9245966076850891
le-ma_f3_20_1a5f1a86.jpg,C:\Users\Angad\Desktop\StemFellowship\data\raw\fitzpatrick\Categorized_AbbrvName\le-ma_83\le-ma_f3_20_1a5f1a86.jpg,3,medium_FST3_4,1,1,0.5273790955543518
ne-de_f6_253_9698f02b.jpg,C:\Users\Angad\Desktop\StemFellowship\data\raw\fitzpatrick\Categorized_AbbrvName\ne-de_361\ne-de_f6_253_9698f02b.jpg,6,dark_FST5_6,0,0,0.0028762330766767263
py-gr_f5_8_26ca1663.jpg,C:\Users\Angad\Desktop\StemFellowship\data\raw\fitzpatrick\Categorized_AbbrvName\py-gr_113\py-gr_f5_8_26ca1663.jpg,5,dark_FST5_6,0,0,0.015205584466457367
al-co-de_f4_406_ba1017c1.jpg,C:\Users\Angad\Desktop\StemFellowship\data\raw\fitzpatrick\Categorized_AbbrvName\al-co-de_430\al-co-de_f4_406_ba1017c1.jpg,4,medium_FST3_4,0,0,0.19302085041999817
tu_f6_18_de88950c.jpg,C:\Users\Angad\Desktop\StemFellowship\data\raw\fitzpatrick\Categorized_AbbrvName\tu_152\tu_f6_18_de88950c.jpg,6,dark_FST5_6,0,0,0.05794822424650192
gr-an_f1_82_cccd0ab3.jpg,C:\Users\Angad\Desktop\StemFellowship\data\raw\fitzpatrick\Categorized_AbbrvName\gr-an_211\gr-an_f1_82_cccd0ab3.jpg,1,light_FST1_2,0,0,0.00025923954672180116
li-pl_f3_457_75bbd59a.jpg,C:\Users\Angad\Desktop\StemFellowship\data\raw\fitzpatrick\Categorized_AbbrvName\li-pl_491\li-pl_f3_457_75bbd59a.jpg,3,medium_FST3_4,0,0,0.11843648552894592
tu-sc_f2_90_7ec31570.jpg,C:\Users\Angad\Desktop\StemFellowship\data\raw\fitzpatrick\Categorized_AbbrvName\tu-sc_141\tu-sc_f2_90_7ec31570.jpg,2,light_FST1_2,0,0,0.0018573409179225564
gr-py_f3_68_7f936d16.jpg,C:\Users\Angad\Desktop\StemFellowship\data\raw\fitzpatrick\Categorized_AbbrvName\gr-py_75\gr-py_f3_68_7f936d16.jpg,3,medium_FST3_4,0,0,0.021171823143959045
gr-an_f1_112_0c3bb567.jpg,C:\Users\Angad\Desktop\StemFellowship\data\raw\fitzpatrick\Categorized_AbbrvName\gr-an_211\gr-an_f1_112_0c3bb567.jpg,1,light_FST1_2,0,0,0.00010585306154098362
ph_f2_178_e396ed64.jpg,C:\Users\Angad\Desktop\StemFellowship\data\raw\fitzpatrick\Categorized_AbbrvName\ph_348\ph_f2_178_e396ed64.jpg,2,light_FST1_2,0,0,0.01906052604317665
ph_f4_315_d592ef5e.jpg,C:\Users\Angad\Desktop\StemFellowship\data\raw\fitzpatrick\Categorized_AbbrvName\ph_348\ph_f4_315_d592ef5e.jpg,4,medium_FST3_4,0,0,0.00023047220020089298
ba-ce-ca_f2_89_658e06cd.jpg,C:\Users\Angad\Desktop\StemFellowship\data\raw\fitzpatrick\Categorized_AbbrvName\ba-ce-ca_468\ba-ce-ca_f2_89_658e06cd.jpg,2,light_FST1_2,1,1,0.7022403478622437
ec_f2_148_63692080.jpg,C:\Users\Angad\Desktop\StemFellowship\data\raw\fitzpatrick\Categorized_AbbrvName\ec_204\ec_f2_148_63692080.jpg,2,light_FST1_2,0,0,0.001392520498484373
mu_f1_55_db416f50.jpg,C:\Users\Angad\Desktop\StemFellowship\data\raw\fitzpatrick\Categorized_AbbrvName\mu_92\mu_f1_55_db416f50.jpg,1,light_FST1_2,0,0,0.0002876005892176181
ps_f3_525_e32fe1a6.jpg,C:\Users\Angad\Desktop\StemFellowship\data\raw\fitzpatrick\Categorized_AbbrvName\ps_653\ps_f3_525_e32fe1a6.jpg,3,medium_FST3_4,0,0,0.0006389471818692982
ac-en_f3_42_85a31979.jpg,C:\Users\Angad\Desktop\StemFellowship\data\raw\fitzpatrick\Categorized_AbbrvName\ac-en_92\ac-en_f3_42_85a31979.jpg,3,medium_FST3_4,0,0,0.0009897103300318122
li-am_f2_34_350b8f1a.jpg,C:\Users\Angad\Desktop\StemFellowship\data\raw\fitzpatrick\Categorized_AbbrvName\li-am_77\li-am_f2_34_350b8f1a.jpg,2,light_FST1_2,0,0,0.03343413025140762
le-ma_f2_7_6c0dd254.jpg,C:\Users\Angad\Desktop\StemFellowship\data\raw\fitzpatrick\Categorized_AbbrvName\le-ma_83\le-ma_f2_7_6c0dd254.jpg,2,light_FST1_2,1,1,0.960818350315094
ju-xa_f2_63_2fb0ad4d.jpg,C:\Users\Angad\Desktop\StemFellowship\data\raw\fitzpatrick\Categorized_AbbrvName\ju-xa_149\ju-xa_f2_63_2fb0ad4d.jpg,2,light_FST1_2,0,0,0.003197798505425453
ap-cu_f3_13_bc29c8b0.jpg,C:\Users\Angad\Desktop\StemFellowship\data\raw\fitzpatrick\Categorized_AbbrvName\ap-cu_72\ap-cu_f3_13_bc29c8b0.jpg,3,medium_FST3_4,0,1,0.719350278377533
li-am_f5_73_e40f18ff.jpg,C:\Users\Angad\Desktop\StemFellowship\data\raw\fitzpatrick\Categorized_AbbrvName\li-am_77\li-am_f5_73_e40f18ff.jpg,5,dark_FST5_6,0,0,0.022515596821904182
pi-ro_f4_88_6466aeb7.jpg,C:\Users\Angad\Desktop\StemFellowship\data\raw\fitzpatrick\Categorized_AbbrvName\pi-ro_193\pi-ro_f4_88_6466aeb7.jpg,4,medium_FST3_4,0,0,0.0004104688123334199
fo-sp_f3_88_5c09ddbf.jpg,C:\Users\Angad\Desktop\StemFellowship\data\raw\fitzpatrick\Categorized_AbbrvName\fo-sp_100\fo-sp_f3_88_5c09ddbf.jpg,3,medium_FST3_4,0,0,0.0004030767304357141
fo_f4_307_27c37b84.jpg,C:\Users\Angad\Desktop\StemFellowship\data\raw\fitzpatrick\Categorized_AbbrvName\fo_342\fo_f4_307_27c37b84.jpg,4,medium_FST3_4,0,0,0.024335647001862526
pi-cy_f6_27_7a065647.jpg,C:\Users\Angad\Desktop\StemFellowship\data\raw\fitzpatrick\Categorized_AbbrvName\pi-cy_93\pi-cy_f6_27_7a065647.jpg,6,dark_FST5_6,0,0,0.0016353849787265062
er-mu_f3_96_eab61c15.jpg,C:\Users\Angad\Desktop\StemFellowship\data\raw\fitzpatrick\Categorized_AbbrvName\er-mu_236\er-mu_f3_96_eab61c15.jpg,3,medium_FST3_4,0,0,0.00015687491395510733
pi-ro_f3_96_3528bdf5.jpg,C:\Users\Angad\Desktop\StemFellowship\data\raw\fitzpatrick\Categorized_AbbrvName\pi-ro_193\pi-ro_f3_96_3528bdf5.jpg,3,medium_FST3_4,0,0,0.02342589944601059
ac-ni_f5_47_5419b194.jpg,C:\Users\Angad\Desktop\StemFellowship\data\raw\fitzpatrick\Categorized_AbbrvName\ac-ni_92\ac-ni_f5_47_5419b194.jpg,5,dark_FST5_6,0,0,0.017257021740078926
li-pl_f2_193_69da122f.jpg,C:\Users\Angad\Desktop\StemFellowship\data\raw\fitzpatrick\Categorized_AbbrvName\li-pl_491\li-pl_f2_193_69da122f.jpg,2,light_FST1_2,0,0,0.001963636139407754
ne-ne_f1_48_b91c83b7.jpg,C:\Users\Angad\Desktop\StemFellowship\data\raw\fitzpatrick\Categorized_AbbrvName\ne-ne_86\ne-ne_f1_48_b91c83b7.jpg,1,light_FST1_2,0,1,0.6276679635047913
li-pl_f5_365_2106dfaa.jpg,C:\Users\Angad\Desktop\StemFellowship\data\raw\fitzpatrick\Categorized_AbbrvName\li-pl_491\li-pl_f5_365_2106dfaa.jpg,5,dark_FST5_6,0,0,0.021226290613412857
ne-de_f4_343_00a53494.jpg,C:\Users\Angad\Desktop\StemFellowship\data\raw\fitzpatrick\Categorized_AbbrvName\ne-de_361\ne-de_f4_343_00a53494.jpg,4,medium_FST3_4,0,0,0.07463054358959198
te_f1_69_158b0e48.jpg,C:\Users\Angad\Desktop\StemFellowship\data\raw\fitzpatrick\Categorized_AbbrvName\te_126\te_f1_69_158b0e48.jpg,1,light_FST1_2,0,0,0.32735735177993774
sa_f1_221_b90daf37.jpg,C:\Users\Angad\Desktop\StemFellowship\data\raw\fitzpatrick\Categorized_AbbrvName\sa_349\sa_f1_221_b90daf37.jpg,1,light_FST1_2,0,0,0.008571891114115715
ju-xa_f1_5_8b0e8baa.jpg,C:\Users\Angad\Desktop\StemFellowship\data\raw\fitzpatrick\Categorized_AbbrvName\ju-xa_149\ju-xa_f1_5_8b0e8baa.jpg,1,light_FST1_2,0,0,0.018801361322402954
ne-in_f3_226_5167da47.jpg,C:\Users\Angad\Desktop\StemFellowship\data\raw\fitzpatrick\Categorized_AbbrvName\ne-in_260\ne-in_f3_226_5167da47.jpg,3,medium_FST3_4,0,0,0.03916195407509804
st_f1_46_3fff68b7.jpg,C:\Users\Angad\Desktop\StemFellowship\data\raw\fitzpatrick\Categorized_AbbrvName\st_67\st_f1_46_3fff68b7.jpg,1,light_FST1_2,0,0,0.12559375166893005
rh_f2_23_1245b14f.jpg,C:\Users\Angad\Desktop\StemFellowship\data\raw\fitzpatrick\Categorized_AbbrvName\rh_91\rh_f2_23_1245b14f.jpg,2,light_FST1_2,0,0,0.01607511192560196
lu-su_f2_31_46dfc589.jpg,C:\Users\Angad\Desktop\StemFellowship\data\raw\fitzpatrick\Categorized_AbbrvName\lu-su_111\lu-su_f2_31_46dfc589.jpg,2,light_FST1_2,0,0,0.00011659813026199117
ac-vu_f2_211_8b216b73.jpg,C:\Users\Angad\Desktop\StemFellowship\data\raw\fitzpatrick\Categorized_AbbrvName\ac-vu_335\ac-vu_f2_211_8b216b73.jpg,2,light_FST1_2,0,0,0.000267321418505162
fi-er_f2_12_f06a3ff9.jpg,C:\Users\Angad\Desktop\StemFellowship\data\raw\fitzpatrick\Categorized_AbbrvName\fi-er_125\fi-er_f2_12_f06a3ff9.jpg,2,light_FST1_2,0,0,0.21758846938610077
vi_f5_162_6b9fb567.jpg,C:\Users\Angad\Desktop\StemFellowship\data\raw\fitzpatrick\Categorized_AbbrvName\vi_166\vi_f5_162_6b9fb567.jpg,5,dark_FST5_6,0,0,0.0016283566365018487
da-di_f4_79_606e18bf.jpg,C:\Users\Angad\Desktop\StemFellowship\data\raw\fitzpatrick\Categorized_AbbrvName\da-di_153\da-di_f4_79_606e18bf.jpg,4,medium_FST3_4,0,0,0.008432547561824322
rh_f2_31_1f24c324.jpg,C:\Users\Angad\Desktop\StemFellowship\data\raw\fitzpatrick\Categorized_AbbrvName\rh_91\rh_f2_31_1f24c324.jpg,2,light_FST1_2,0,0,0.06147758662700653
eh-da-sy_f4_0_b7ac5e40.jpg,C:\Users\Angad\Desktop\StemFellowship\data\raw\fitzpatrick\Categorized_AbbrvName\eh-da-sy_127\eh-da-sy_f4_0_b7ac5e40.jpg,4,medium_FST3_4,0,0,0.0035542596597224474
st-ed_f3_33_d895a477.jpg,C:\Users\Angad\Desktop\StemFellowship\data\raw\fitzpatrick\Categorized_AbbrvName\st-ed_69\st-ed_f3_33_d895a477.jpg,3,medium_FST3_4,0,1,0.6418702006340027
di-ac-po_f1_4_22aa5a17.jpg,C:\Users\Angad\Desktop\StemFellowship\data\raw\fitzpatrick\Categorized_AbbrvName\di-ac-po_60\di-ac-po_f1_4_22aa5a17.jpg,1,light_FST1_2,0,0,0.004173156339675188
ba-ce-ca_f2_178_0055bbe7.jpg,C:\Users\Angad\Desktop\StemFellowship\data\raw\fitzpatrick\Categorized_AbbrvName\ba-ce-ca_468\ba-ce-ca_f2_178_0055bbe7.jpg,2,light_FST1_2,1,0,0.16269028186798096
mu-cy_f1_25_cf29e2bb.jpg,C:\Users\Angad\Desktop\StemFellowship\data\raw\fitzpatrick\Categorized_AbbrvName\mu-cy_79\mu-cy_f1_25_cf29e2bb.jpg,1,light_FST1_2,0,0,0.04826468974351883
xe-pi_f3_75_9df5034a.jpg,C:\Users\Angad\Desktop\StemFellowship\data\raw\fitzpatrick\Categorized_AbbrvName\xe-pi_81\xe-pi_f3_75_9df5034a.jpg,3,medium_FST3_4,0,1,0.9367495179176331
pr-no_f4_126_ddc8eaaf.jpg,C:\Users\Angad\Desktop\StemFellowship\data\raw\fitzpatrick\Categorized_AbbrvName\pr-no_170\pr-no_f4_126_ddc8eaaf.jpg,4,medium_FST3_4,0,0,0.009103454649448395
mi_f4_45_2742e773.jpg,C:\Users\Angad\Desktop\StemFellowship\data\raw\fitzpatrick\Categorized_AbbrvName\mi_112\mi_f4_45_2742e773.jpg,4,medium_FST3_4,0,0,0.0001325038610957563
ep-bu_f2_25_55c85544.jpg,C:\Users\Angad\Desktop\StemFellowship\data\raw\fitzpatrick\Categorized_AbbrvName\ep-bu_70\ep-bu_f2_25_55c85544.jpg,2,light_FST1_2,0,0,2.8550525712489616e-06
ne-in_f3_87_d50f1d3e.jpg,C:\Users\Angad\Desktop\StemFellowship\data\raw\fitzpatrick\Categorized_AbbrvName\ne-in_260\ne-in_f3_87_d50f1d3e.jpg,3,medium_FST3_4,0,0,0.0010453141294419765
ac-ni_f5_24_4bac69a5.jpg,C:\Users\Angad\Desktop\StemFellowship\data\raw\fitzpatrick\Categorized_AbbrvName\ac-ni_92\ac-ni_f5_24_4bac69a5.jpg,5,dark_FST5_6,0,0,0.00042849182500503957
ne-de_f3_342_5420e8f4.jpg,C:\Users\Angad\Desktop\StemFellowship\data\raw\fitzpatrick\Categorized_AbbrvName\ne-de_361\ne-de_f3_342_5420e8f4.jpg,3,medium_FST3_4,0,0,0.0012162565253674984
ha-ne_f5_12_935e9b16.jpg,C:\Users\Angad\Desktop\StemFellowship\data\raw\fitzpatrick\Categorized_AbbrvName\ha-ne_82\ha-ne_f5_12_935e9b16.jpg,5,dark_FST5_6,0,1,0.5536571145057678
ec_f1_107_10bb06cd.jpg,C:\Users\Angad\Desktop\StemFellowship\data\raw\fitzpatrick\Categorized_AbbrvName\ec_204\ec_f1_107_10bb06cd.jpg,1,light_FST1_2,0,0,0.0056222304701805115
ba-ce-ca_f1_61_9a2703b5.jpg,C:\Users\Angad\Desktop\StemFellowship\data\raw\fitzpatrick\Categorized_AbbrvName\ba-ce-ca_468\ba-ce-ca_f1_61_9a2703b5.jpg,1,light_FST1_2,1,1,0.9618823528289795
er-mu_f2_201_1b99db59.jpg,C:\Users\Angad\Desktop\StemFellowship\data\raw\fitzpatrick\Categorized_AbbrvName\er-mu_236\er-mu_f2_201_1b99db59.jpg,2,light_FST1_2,0,0,0.026118440553545952
li-pl_f1_74_e0c8cf3b.jpg,C:\Users\Angad\Desktop\StemFellowship\data\raw\fitzpatrick\Categorized_AbbrvName\li-pl_491\li-pl_f1_74_e0c8cf3b.jpg,1,light_FST1_2,0,0,0.22082148492336273
ps_f6_442_b572a846.jpg,C:\Users\Angad\Desktop\StemFellowship\data\raw\fitzpatrick\Categorized_AbbrvName\ps_653\ps_f6_442_b572a846.jpg,6,dark_FST5_6,0,0,7.506339898100123e-06
sq-ce-ca_f3_285_b40cf445.jpg,C:\Users\Angad\Desktop\StemFellowship\data\raw\fitzpatrick\Categorized_AbbrvName\sq-ce-ca_581\sq-ce-ca_f3_285_b40cf445.jpg,3,medium_FST3_4,1,0,0.05248836800456047
sq-ce-ca_f3_478_a938b67b.jpg,C:\Users\Angad\Desktop\StemFellowship\data\raw\fitzpatrick\Categorized_AbbrvName\sq-ce-ca_581\sq-ce-ca_f3_478_a938b67b.jpg,3,medium_FST3_4,1,0,0.018032465130090714
ep-ne_f2_78_b0834b3d.jpg,C:\Users\Angad\Desktop\StemFellowship\data\raw\fitzpatrick\Categorized_AbbrvName\ep-ne_91\ep-ne_f2_78_b0834b3d.jpg,2,light_FST1_2,0,0,0.0002851960889529437
ha-ha-di_f3_123_35314852.jpg,C:\Users\Angad\Desktop\StemFellowship\data\raw\fitzpatrick\Categorized_AbbrvName\ha-ha-di_174\ha-ha-di_f3_123_35314852.jpg,3,medium_FST3_4,0,0,0.20590810477733612
ac_f4_147_6372c528.jpg,C:\Users\Angad\Desktop\StemFellowship\data\raw\fitzpatrick\Categorized_AbbrvName\ac_183\ac_f4_147_6372c528.jpg,4,medium_FST3_4,0,0,0.0007820901228114963
li-pl_f5_369_43310011.jpg,C:\Users\Angad\Desktop\StemFellowship\data\raw\fitzpatrick\Categorized_AbbrvName\li-pl_491\li-pl_f5_369_43310011.jpg,5,dark_FST5_6,0,0,0.0429428331553936
dr-er_f3_114_dc412cb7.jpg,C:\Users\Angad\Desktop\StemFellowship\data\raw\fitzpatrick\Categorized_AbbrvName\dr-er_200\dr-er_f3_114_dc412cb7.jpg,3,medium_FST3_4,0,0,0.0010847578523680568
ba-ce-ca_f4_261_3a99a525.jpg,C:\Users\Angad\Desktop\StemFellowship\data\raw\fitzpatrick\Categorized_AbbrvName\ba-ce-ca_468\ba-ce-ca_f4_261_3a99a525.jpg,4,medium_FST3_4,1,1,0.995692789554596
pi-cy_f4_38_dedb8abb.jpg,C:\Users\Angad\Desktop\StemFellowship\data\raw\fitzpatrick\Categorized_AbbrvName\pi-cy_93\pi-cy_f4_38_dedb8abb.jpg,4,medium_FST3_4,0,0,0.008458362892270088
ph_f2_270_02b26f2e.jpg,C:\Users\Angad\Desktop\StemFellowship\data\raw\fitzpatrick\Categorized_AbbrvName\ph_348\ph_f2_270_02b26f2e.jpg,2,light_FST1_2,0,0,0.02617787942290306
ch_f1_85_c1d6849e.jpg,C:\Users\Angad\Desktop\StemFellowship\data\raw\fitzpatrick\Categorized_AbbrvName\ch_106\ch_f1_85_c1d6849e.jpg,1,light_FST1_2,0,0,0.0032987124286592007
eh-da-sy_f4_86_4c68f5b5.jpg,C:\Users\Angad\Desktop\StemFellowship\data\raw\fitzpatrick\Categorized_AbbrvName\eh-da-sy_127\eh-da-sy_f4_86_4c68f5b5.jpg,4,medium_FST3_4,0,0,0.0009338812669739127
li-pl_f4_350_9a634faa.jpg,C:\Users\Angad\Desktop\StemFellowship\data\raw\fitzpatrick\Categorized_AbbrvName\li-pl_491\li-pl_f4_350_9a634faa.jpg,4,medium_FST3_4,0,0,0.008767224848270416
ac-au-bu-di-ge_f2_56_f8f6d6e2.jpg,C:\Users\Angad\Desktop\StemFellowship\data\raw\fitzpatrick\Categorized_AbbrvName\ac-au-bu-di-ge_67\ac-au-bu-di-ge_f2_56_f8f6d6e2.jpg,2,light_FST1_2,0,0,0.0952639952301979
st-jo-sy_f1_93_de119fb6.jpg,C:\Users\Angad\Desktop\StemFellowship\data\raw\fitzpatrick\Categorized_AbbrvName\st-jo-sy_113\st-jo-sy_f1_93_de119fb6.jpg,1,light_FST1_2,0,0,0.0011507980525493622
ur-pi_f5_62_f572eb59.jpg,C:\Users\Angad\Desktop\StemFellowship\data\raw\fitzpatrick\Categorized_AbbrvName\ur-pi_112\ur-pi_f5_62_f572eb59.jpg,5,dark_FST5_6,0,0,0.0037034894339740276
sy_f4_22_8d6e33cb.jpg,C:\Users\Angad\Desktop\StemFellowship\data\raw\fitzpatrick\Categorized_AbbrvName\sy_127\sy_f4_22_8d6e33cb.jpg,4,medium_FST3_4,0,0,0.0015421602874994278
sq-ce-ca_f1_104_5aebee41.jpg,C:\Users\Angad\Desktop\StemFellowship\data\raw\fitzpatrick\Categorized_AbbrvName\sq-ce-ca_581\sq-ce-ca_f1_104_5aebee41.jpg,1,light_FST1_2,1,1,0.811604380607605
ps_f2_232_65bd266e.jpg,C:\Users\Angad\Desktop\StemFellowship\data\raw\fitzpatrick\Categorized_AbbrvName\ps_653\ps_f2_232_65bd266e.jpg,2,light_FST1_2,0,0,0.10047399997711182
tu-sc_f5_61_aca51fb5.jpg,C:\Users\Angad\Desktop\StemFellowship\data\raw\fitzpatrick\Categorized_AbbrvName\tu-sc_141\tu-sc_f5_61_aca51fb5.jpg,5,dark_FST5_6,0,0,0.001115077524445951
my-fu_f4_39_d3b99390.jpg,C:\Users\Angad\Desktop\StemFellowship\data\raw\fitzpatrick\Categorized_AbbrvName\my-fu_182\my-fu_f4_39_d3b99390.jpg,4,medium_FST3_4,1,0,0.011416562832891941
ac-vu_f4_34_3aa3fc1e.jpg,C:\Users\Angad\Desktop\StemFellowship\data\raw\fitzpatrick\Categorized_AbbrvName\ac-vu_335\ac-vu_f4_34_3aa3fc1e.jpg,4,medium_FST3_4,0,0,0.0007185458671301603
fo_f2_82_45a7b775.jpg,C:\Users\Angad\Desktop\StemFellowship\data\raw\fitzpatrick\Categorized_AbbrvName\fo_342\fo_f2_82_45a7b775.jpg,2,light_FST1_2,0,0,0.25478291511535645
xe-pi_f5_1_23e9d3d0.jpg,C:\Users\Angad\Desktop\StemFellowship\data\raw\fitzpatrick\Categorized_AbbrvName\xe-pi_81\xe-pi_f5_1_23e9d3d0.jpg,5,dark_FST5_6,0,0,0.0018209656700491905
sa_f2_15_433e832c.jpg,C:\Users\Angad\Desktop\StemFellowship\data\raw\fitzpatrick\Categorized_AbbrvName\sa_349\sa_f2_15_433e832c.jpg,2,light_FST1_2,0,1,0.721052885055542
ne-de_f4_101_76980979.jpg,C:\Users\Angad\Desktop\StemFellowship\data\raw\fitzpatrick\Categorized_AbbrvName\ne-de_361\ne-de_f4_101_76980979.jpg,4,medium_FST3_4,0,0,0.0008881192188709974
da-di_f1_68_f1b65864.jpg,C:\Users\Angad\Desktop\StemFellowship\data\raw\fitzpatrick\Categorized_AbbrvName\da-di_153\da-di_f1_68_f1b65864.jpg,1,light_FST1_2,0,0,0.02740279585123062
ps_f3_455_7cf0ddd9.jpg,C:\Users\Angad\Desktop\StemFellowship\data\raw\fitzpatrick\Categorized_AbbrvName\ps_653\ps_f3_455_7cf0ddd9.jpg,3,medium_FST3_4,0,0,0.0053736562840640545
er-mu_f2_186_41910f59.jpg,C:\Users\Angad\Desktop\StemFellowship\data\raw\fitzpatrick\Categorized_AbbrvName\er-mu_236\er-mu_f2_186_41910f59.jpg,2,light_FST1_2,0,0,0.06738486886024475
my-fu_f5_13_61d0e400.jpg,C:\Users\Angad\Desktop\StemFellowship\data\raw\fitzpatrick\Categorized_AbbrvName\my-fu_182\my-fu_f5_13_61d0e400.jpg,5,dark_FST5_6,1,0,0.006028428673744202
ne-li_f2_100_96b194d8.jpg,C:\Users\Angad\Desktop\StemFellowship\data\raw\fitzpatrick\Categorized_AbbrvName\ne-li_123\ne-li_f2_100_96b194d8.jpg,2,light_FST1_2,0,0,0.053444549441337585
st-jo-sy_f5_61_1cef1d83.jpg,C:\Users\Angad\Desktop\StemFellowship\data\raw\fitzpatrick\Categorized_AbbrvName\st-jo-sy_113\st-jo-sy_f5_61_1cef1d83.jpg,5,dark_FST5_6,0,0,0.03274495527148247
ps_f5_484_a5c26a70.jpg,C:\Users\Angad\Desktop\StemFellowship\data\raw\fitzpatrick\Categorized_AbbrvName\ps_653\ps_f5_484_a5c26a70.jpg,5,dark_FST5_6,0,0,0.0031235089991241693
pi-ro_f4_100_50204de5.jpg,C:\Users\Angad\Desktop\StemFellowship\data\raw\fitzpatrick\Categorized_AbbrvName\pi-ro_193\pi-ro_f4_100_50204de5.jpg,4,medium_FST3_4,0,0,0.00845460407435894
pi-cy_f2_54_4a400ad2.jpg,C:\Users\Angad\Desktop\StemFellowship\data\raw\fitzpatrick\Categorized_AbbrvName\pi-cy_93\pi-cy_f2_54_4a400ad2.jpg,2,light_FST1_2,0,1,0.6262001395225525
ac-ke_f2_105_2b799729.jpg,C:\Users\Angad\Desktop\StemFellowship\data\raw\fitzpatrick\Categorized_AbbrvName\ac-ke_175\ac-ke_f2_105_2b799729.jpg,2,light_FST1_2,1,0,0.008856144733726978
pi-ru-pi_f5_233_6fc6a703.jpg,C:\Users\Angad\Desktop\StemFellowship\data\raw\fitzpatrick\Categorized_AbbrvName\pi-ru-pi_278\pi-ru-pi_f5_233_6fc6a703.jpg,5,dark_FST5_6,0,0,0.00036185368662700057
gr-an_f2_13_5b5b1af9.jpg,C:\Users\Angad\Desktop\StemFellowship\data\raw\fitzpatrick\Categorized_AbbrvName\gr-an_211\gr-an_f2_13_5b5b1af9.jpg,2,light_FST1_2,0,0,0.12832330167293549
ha-ha-di_f3_121_082587a2.jpg,C:\Users\Angad\Desktop\StemFellowship\data\raw\fitzpatrick\Categorized_AbbrvName\ha-ha-di_174\ha-ha-di_f3_121_082587a2.jpg,3,medium_FST3_4,0,1,0.9329690933227539
pi-ru-pi_f4_229_54ead01e.jpg,C:\Users\Angad\Desktop\StemFellowship\data\raw\fitzpatrick\Categorized_AbbrvName\pi-ru-pi_278\pi-ru-pi_f4_229_54ead01e.jpg,4,medium_FST3_4,0,0,0.04955504462122917
ca-cu_f1_78_ac692642.jpg,C:\Users\Angad\Desktop\StemFellowship\data\raw\fitzpatrick\Categorized_AbbrvName\ca-cu_80\ca-cu_f1_78_ac692642.jpg,1,light_FST1_2,0,0,0.0030776001513004303
sa_f5_182_14e89dbb.jpg,C:\Users\Angad\Desktop\StemFellowship\data\raw\fitzpatrick\Categorized_AbbrvName\sa_349\sa_f5_182_14e89dbb.jpg,5,dark_FST5_6,0,0,8.239448652602732e-05
ha-ha-di_f2_83_3c5cb38e.jpg,C:\Users\Angad\Desktop\StemFellowship\data\raw\fitzpatrick\Categorized_AbbrvName\ha-ha-di_174\ha-ha-di_f2_83_3c5cb38e.jpg,2,light_FST1_2,0,0,0.004320495296269655
sa_f1_5_b4eee901.jpg,C:\Users\Angad\Desktop\StemFellowship\data\raw\fitzpatrick\Categorized_AbbrvName\sa_349\sa_f1_5_b4eee901.jpg,1,light_FST1_2,0,0,0.012722313404083252
ps_f1_529_9b1e3313.jpg,C:\Users\Angad\Desktop\StemFellowship\data\raw\fitzpatrick\Categorized_AbbrvName\ps_653\ps_f1_529_9b1e3313.jpg,1,light_FST1_2,0,0,0.025534482672810555
ph_f1_101_94325be9.jpg,C:\Users\Angad\Desktop\StemFellowship\data\raw\fitzpatrick\Categorized_AbbrvName\ph_348\ph_f1_101_94325be9.jpg,1,light_FST1_2,0,0,0.0011187471682205796
rh_f2_36_2ec1a966.jpg,C:\Users\Angad\Desktop\StemFellowship\data\raw\fitzpatrick\Categorized_AbbrvName\rh_91\rh_f2_36_2ec1a966.jpg,2,light_FST1_2,0,0,0.0011041294783353806
ur_f3_18_05674d17.jpg,C:\Users\Angad\Desktop\StemFellowship\data\raw\fitzpatrick\Categorized_AbbrvName\ur_151\ur_f3_18_05674d17.jpg,3,medium_FST3_4,0,0,0.00015184526273515075
ph_f4_341_125e81c3.jpg,C:\Users\Angad\Desktop\StemFellowship\data\raw\fitzpatrick\Categorized_AbbrvName\ph_348\ph_f4_341_125e81c3.jpg,4,medium_FST3_4,0,0,0.347515732049942
dr-in-pi-ch_f5_44_4c8bbc73.jpg,C:\Users\Angad\Desktop\StemFellowship\data\raw\fitzpatrick\Categorized_AbbrvName\dr-in-pi-ch_71\dr-in-pi-ch_f5_44_4c8bbc73.jpg,5,dark_FST5_6,0,0,7.374385313596576e-05
hi_f3_69_ff14a6b0.jpg,C:\Users\Angad\Desktop\StemFellowship\data\raw\fitzpatrick\Categorized_AbbrvName\hi_90\hi_f3_69_ff14a6b0.jpg,3,medium_FST3_4,0,0,0.006416880525648594
ba-ce-ca_f3_466_c558af11.jpg,C:\Users\Angad\Desktop\StemFellowship\data\raw\fitzpatrick\Categorized_AbbrvName\ba-ce-ca_468\ba-ce-ca_f3_466_c558af11.jpg,3,medium_FST3_4,1,1,0.7116919755935669
er-an-ce_f3_40_f896d10d.jpg,C:\Users\Angad\Desktop\StemFellowship\data\raw\fitzpatrick\Categorized_AbbrvName\er-an-ce_88\er-an-ce_f3_40_f896d10d.jpg,3,medium_FST3_4,0,0,0.00015449192142114043
co-ne_f2_44_55d60f56.jpg,C:\Users\Angad\Desktop\StemFellowship\data\raw\fitzpatrick\Categorized_AbbrvName\co-ne_68\co-ne_f2_44_55d60f56.jpg,2,light_FST1_2,0,0,0.00443505123257637
ha-ne_f5_34_9a049a3c.jpg,C:\Users\Angad\Desktop\StemFellowship\data\raw\fitzpatrick\Categorized_AbbrvName\ha-ne_82\ha-ne_f5_34_9a049a3c.jpg,5,dark_FST5_6,0,0,0.39641568064689636
ba-ce-ca-mo_f1_61_58f8a6ea.jpg,C:\Users\Angad\Desktop\StemFellowship\data\raw\fitzpatrick\Categorized_AbbrvName\ba-ce-ca-mo_62\ba-ce-ca-mo_f1_61_58f8a6ea.jpg,1,light_FST1_2,1,0,0.03773029148578644
ke-pi_f1_24_c068b500.jpg,C:\Users\Angad\Desktop\StemFellowship\data\raw\fitzpatrick\Categorized_AbbrvName\ke-pi_78\ke-pi_f1_24_c068b500.jpg,1,light_FST1_2,0,0,0.00012411322677507997
sa_f1_132_bdf19bff.jpg,C:\Users\Angad\Desktop\StemFellowship\data\raw\fitzpatrick\Categorized_AbbrvName\sa_349\sa_f1_132_bdf19bff.jpg,1,light_FST1_2,0,0,0.01759251020848751
ly-di_f2_102_20b40ae8.jpg,C:\Users\Angad\Desktop\StemFellowship\data\raw\fitzpatrick\Categorized_AbbrvName\ly-di_129\ly-di_f2_102_20b40ae8.jpg,2,light_FST1_2,0,0,0.13641457259655
da-di_f2_52_2e08ed2c.jpg,C:\Users\Angad\Desktop\StemFellowship\data\raw\fitzpatrick\Categorized_AbbrvName\da-di_153\da-di_f2_52_2e08ed2c.jpg,2,light_FST1_2,0,0,0.0015002198051661253
su-sp-me-ss_f3_8_94d83b7e.jpg,C:\Users\Angad\Desktop\StemFellowship\data\raw\fitzpatrick\Categorized_AbbrvName\su-sp-me-ss_118\su-sp-me-ss_f3_8_94d83b7e.jpg,3,medium_FST3_4,1,0,0.021163474768400192
ca-cu_f2_34_477b1f5b.jpg,C:\Users\Angad\Desktop\StemFellowship\data\raw\fitzpatrick\Categorized_AbbrvName\ca-cu_80\ca-cu_f2_34_477b1f5b.jpg,2,light_FST1_2,0,0,0.00739638414233923
pe-li_f2_110_3a22f97d.jpg,C:\Users\Angad\Desktop\StemFellowship\data\raw\fitzpatrick\Categorized_AbbrvName\pe-li_151\pe-li_f2_110_3a22f97d.jpg,2,light_FST1_2,0,0,0.23058930039405823
hi_f4_3_a5164021.jpg,C:\Users\Angad\Desktop\StemFellowship\data\raw\fitzpatrick\Categorized_AbbrvName\hi_90\hi_f4_3_a5164021.jpg,4,medium_FST3_4,0,0,0.002257769927382469
po-ac_f2_24_cf595f8a.jpg,C:\Users\Angad\Desktop\StemFellowship\data\raw\fitzpatrick\Categorized_AbbrvName\po-ac_183\po-ac_f2_24_cf595f8a.jpg,2,light_FST1_2,0,0,5.0037440814776346e-05
da-di_f3_3_253be2f4.jpg,C:\Users\Angad\Desktop\StemFellowship\data\raw\fitzpatrick\Categorized_AbbrvName\da-di_153\da-di_f3_3_253be2f4.jpg,3,medium_FST3_4,0,1,0.7321437001228333
sa_f5_134_064a6f60.jpg,C:\Users\Angad\Desktop\StemFellowship\data\raw\fitzpatrick\Categorized_AbbrvName\sa_349\sa_f5_134_064a6f60.jpg,5,dark_FST5_6,0,0,0.012518491595983505
ba-ce-ca_f2_144_c861de92.jpg,C:\Users\Angad\Desktop\StemFellowship\data\raw\fitzpatrick\Categorized_AbbrvName\ba-ce-ca_468\ba-ce-ca_f2_144_c861de92.jpg,2,light_FST1_2,1,1,0.9859322309494019
me_f4_213_ddb15beb.jpg,C:\Users\Angad\Desktop\StemFellowship\data\raw\fitzpatrick\Categorized_AbbrvName\me_261\me_f4_213_ddb15beb.jpg,4,medium_FST3_4,1,0,0.22553770244121552
ur_f3_47_180da0d8.jpg,C:\Users\Angad\Desktop\StemFellowship\data\raw\fitzpatrick\Categorized_AbbrvName\ur_151\ur_f3_47_180da0d8.jpg,3,medium_FST3_4,0,0,0.0018081478774547577
ly-di_f2_48_09130b7f.jpg,C:\Users\Angad\Desktop\StemFellowship\data\raw\fitzpatrick\Categorized_AbbrvName\ly-di_129\ly-di_f2_48_09130b7f.jpg,2,light_FST1_2,0,0,0.0653107538819313
pe-li_f1_106_bd70fbb7.jpg,C:\Users\Angad\Desktop\StemFellowship\data\raw\fitzpatrick\Categorized_AbbrvName\pe-li_151\pe-li_f1_106_bd70fbb7.jpg,1,light_FST1_2,0,0,0.1599172204732895
ne-de_f3_77_c7e092b0.jpg,C:\Users\Angad\Desktop\StemFellowship\data\raw\fitzpatrick\Categorized_AbbrvName\ne-de_361\ne-de_f3_77_c7e092b0.jpg,3,medium_FST3_4,0,0,3.5023054806515574e-05
me_f1_176_392eb33b.jpg,C:\Users\Angad\Desktop\StemFellowship\data\raw\fitzpatrick\Categorized_AbbrvName\me_261\me_f1_176_392eb33b.jpg,1,light_FST1_2,1,0,0.04809657484292984
er-mu_f2_225_887488e7.jpg,C:\Users\Angad\Desktop\StemFellowship\data\raw\fitzpatrick\Categorized_AbbrvName\er-mu_236\er-mu_f2_225_887488e7.jpg,2,light_FST1_2,0,0,0.0006398637196980417
se-ke_f2_7_c329c20e.jpg,C:\Users\Angad\Desktop\StemFellowship\data\raw\fitzpatrick\Categorized_AbbrvName\se-ke_69\se-ke_f2_7_c329c20e.jpg,2,light_FST1_2,0,0,0.03185651823878288
eh-da-sy_f3_7_f4291e41.jpg,C:\Users\Angad\Desktop\StemFellowship\data\raw\fitzpatrick\Categorized_AbbrvName\eh-da-sy_127\eh-da-sy_f3_7_f4291e41.jpg,3,medium_FST3_4,0,0,0.0019314434612169862
sa_f4_228_5f1bc0d3.jpg,C:\Users\Angad\Desktop\StemFellowship\data\raw\fitzpatrick\Categorized_AbbrvName\sa_349\sa_f4_228_5f1bc0d3.jpg,4,medium_FST3_4,0,0,0.004169333726167679
ju-xa_f1_60_813f72d0.jpg,C:\Users\Angad\Desktop\StemFellowship\data\raw\fitzpatrick\Categorized_AbbrvName\ju-xa_149\ju-xa_f1_60_813f72d0.jpg,1,light_FST1_2,0,0,0.0006476821145042777
fo_f4_294_953361f7.jpg,C:\Users\Angad\Desktop\StemFellowship\data\raw\fitzpatrick\Categorized_AbbrvName\fo_342\fo_f4_294_953361f7.jpg,4,medium_FST3_4,0,0,0.009371397085487843
ly-di_f4_128_6b3d128f.jpg,C:\Users\Angad\Desktop\StemFellowship\data\raw\fitzpatrick\Categorized_AbbrvName\ly-di_129\ly-di_f4_128_6b3d128f.jpg,4,medium_FST3_4,0,0,0.009301646612584591
er-el-di_f4_36_4928cdc0.jpg,C:\Users\Angad\Desktop\StemFellowship\data\raw\fitzpatrick\Categorized_AbbrvName\er-el-di_55\er-el-di_f4_36_4928cdc0.jpg,4,medium_FST3_4,0,0,0.005507748574018478
sq-ce-ca_f2_105_e052681f.jpg,C:\Users\Angad\Desktop\StemFellowship\data\raw\fitzpatrick\Categorized_AbbrvName\sq-ce-ca_581\sq-ce-ca_f2_105_e052681f.jpg,2,light_FST1_2,1,1,0.9980061650276184
gr-an_f2_104_963c6787.jpg,C:\Users\Angad\Desktop\StemFellowship\data\raw\fitzpatrick\Categorized_AbbrvName\gr-an_211\gr-an_f2_104_963c6787.jpg,2,light_FST1_2,0,0,0.042900461703538895
te_f2_108_a5b81395.jpg,C:\Users\Angad\Desktop\StemFellowship\data\raw\fitzpatrick\Categorized_AbbrvName\te_126\te_f2_108_a5b81395.jpg,2,light_FST1_2,0,0,9.50410685618408e-05
pi_f1_18_cd5bc91c.jpg,C:\Users\Angad\Desktop\StemFellowship\data\raw\fitzpatrick\Categorized_AbbrvName\pi_53\pi_f1_18_cd5bc91c.jpg,1,light_FST1_2,0,0,0.022859837859869003
ac_f2_23_fd15aec9.jpg,C:\Users\Angad\Desktop\StemFellowship\data\raw\fitzpatrick\Categorized_AbbrvName\ac_183\ac_f2_23_fd15aec9.jpg,2,light_FST1_2,0,0,0.0003122714697383344
sq-ce-ca_f1_495_a49c0cf6.jpg,C:\Users\Angad\Desktop\StemFellowship\data\raw\fitzpatrick\Categorized_AbbrvName\sq-ce-ca_581\sq-ce-ca_f1_495_a49c0cf6.jpg,1,light_FST1_2,1,1,0.9986594915390015
st_f1_57_ba5c9824.jpg,C:\Users\Angad\Desktop\StemFellowship\data\raw\fitzpatrick\Categorized_AbbrvName\st_67\st_f1_57_ba5c9824.jpg,1,light_FST1_2,0,0,0.031306616961956024
li-pl_f3_10_1e78dd46.jpg,C:\Users\Angad\Desktop\StemFellowship\data\raw\fitzpatrick\Categorized_AbbrvName\li-pl_491\li-pl_f3_10_1e78dd46.jpg,3,medium_FST3_4,0,0,0.018999062478542328
lu-su_f2_18_0a55496b.jpg,C:\Users\Angad\Desktop\StemFellowship\data\raw\fitzpatrick\Categorized_AbbrvName\lu-su_111\lu-su_f2_18_0a55496b.jpg,2,light_FST1_2,0,0,0.005194436758756638
ke-pi_f2_10_72c35d8c.jpg,C:\Users\Angad\Desktop\StemFellowship\data\raw\fitzpatrick\Categorized_AbbrvName\ke-pi_78\ke-pi_f2_10_72c35d8c.jpg,2,light_FST1_2,0,0,0.010517438873648643
al-co-de_f2_196_2bb7c703.jpg,C:\Users\Angad\Desktop\StemFellowship\data\raw\fitzpatrick\Categorized_AbbrvName\al-co-de_430\al-co-de_f2_196_2bb7c703.jpg,2,light_FST1_2,0,0,0.004175279289484024
vi_f5_91_87f4abad.jpg,C:\Users\Angad\Desktop\StemFellowship\data\raw\fitzpatrick\Categorized_AbbrvName\vi_166\vi_f5_91_87f4abad.jpg,5,dark_FST5_6,0,0,0.00015775123029015958
ju-xa_f2_74_21278bfb.jpg,C:\Users\Angad\Desktop\StemFellowship\data\raw\fitzpatrick\Categorized_AbbrvName\ju-xa_149\ju-xa_f2_74_21278bfb.jpg,2,light_FST1_2,0,0,0.23705190420150757
mi_f1_85_1ae8a19e.jpg,C:\Users\Angad\Desktop\StemFellowship\data\raw\fitzpatrick\Categorized_AbbrvName\mi_112\mi_f1_85_1ae8a19e.jpg,1,light_FST1_2,0,0,0.0027679207269102335
ac-ke_f3_111_e38312cc.jpg,C:\Users\Angad\Desktop\StemFellowship\data\raw\fitzpatrick\Categorized_AbbrvName\ac-ke_175\ac-ke_f3_111_e38312cc.jpg,3,medium_FST3_4,1,0,0.469253271818161
li-pl_f4_104_e69b6ffb.jpg,C:\Users\Angad\Desktop\StemFellowship\data\raw\fitzpatrick\Categorized_AbbrvName\li-pl_491\li-pl_f4_104_e69b6ffb.jpg,4,medium_FST3_4,0,0,0.027931824326515198
ne-ne_f1_72_de490504.jpg,C:\Users\Angad\Desktop\StemFellowship\data\raw\fitzpatrick\Categorized_AbbrvName\ne-ne_86\ne-ne_f1_72_de490504.jpg,1,light_FST1_2,0,1,0.9951167106628418
tu_f3_11_a023342b.jpg,C:\Users\Angad\Desktop\StemFellowship\data\raw\fitzpatrick\Categorized_AbbrvName\tu_152\tu_f3_11_a023342b.jpg,3,medium_FST3_4,0,0,0.010340631939470768
tu_f3_60_f535eadc.jpg,C:\Users\Angad\Desktop\StemFellowship\data\raw\fitzpatrick\Categorized_AbbrvName\tu_152\tu_f3_60_f535eadc.jpg,3,medium_FST3_4,0,0,0.05922120064496994
li-pl_f2_250_a2456b4c.jpg,C:\Users\Angad\Desktop\StemFellowship\data\raw\fitzpatrick\Categorized_AbbrvName\li-pl_491\li-pl_f2_250_a2456b4c.jpg,2,light_FST1_2,0,0,0.06466929614543915
li-pl_f2_144_6ad7e8aa.jpg,C:\Users\Angad\Desktop\StemFellowship\data\raw\fitzpatrick\Categorized_AbbrvName\li-pl_491\li-pl_f2_144_6ad7e8aa.jpg,2,light_FST1_2,0,0,0.42699533700942993
er-an-ce_f3_8_c4e756a7.jpg,C:\Users\Angad\Desktop\StemFellowship\data\raw\fitzpatrick\Categorized_AbbrvName\er-an-ce_88\er-an-ce_f3_8_c4e756a7.jpg,3,medium_FST3_4,0,0,0.1448410004377365
ac_f1_79_ae718b3b.jpg,C:\Users\Angad\Desktop\StemFellowship\data\raw\fitzpatrick\Categorized_AbbrvName\ac_183\ac_f1_79_ae718b3b.jpg,1,light_FST1_2,0,0,0.00033915674430318177
pi-ro_f4_85_6ef7f0a3.jpg,C:\Users\Angad\Desktop\StemFellowship\data\raw\fitzpatrick\Categorized_AbbrvName\pi-ro_193\pi-ro_f4_85_6ef7f0a3.jpg,4,medium_FST3_4,0,0,0.00048070785123854876
eh-da-sy_f4_36_4dea673d.jpg,C:\Users\Angad\Desktop\StemFellowship\data\raw\fitzpatrick\Categorized_AbbrvName\eh-da-sy_127\eh-da-sy_f4_36_4dea673d.jpg,4,medium_FST3_4,0,0,0.0003428734780754894
li-re_f3_53_ed24b996.jpg,C:\Users\Angad\Desktop\StemFellowship\data\raw\fitzpatrick\Categorized_AbbrvName\li-re_60\li-re_f3_53_ed24b996.jpg,3,medium_FST3_4,0,0,0.002880144165828824
me_f6_166_a177a5fc.jpg,C:\Users\Angad\Desktop\StemFellowship\data\raw\fitzpatrick\Categorized_AbbrvName\me_261\me_f6_166_a177a5fc.jpg,6,dark_FST5_6,1,1,0.5616115927696228
li-pl_f5_388_815e6110.jpg,C:\Users\Angad\Desktop\StemFellowship\data\raw\fitzpatrick\Categorized_AbbrvName\li-pl_491\li-pl_f5_388_815e6110.jpg,5,dark_FST5_6,0,0,0.0077974433079361916
sq-ce-ca_f4_29_69568fbb.jpg,C:\Users\Angad\Desktop\StemFellowship\data\raw\fitzpatrick\Categorized_AbbrvName\sq-ce-ca_581\sq-ce-ca_f4_29_69568fbb.jpg,4,medium_FST3_4,1,0,0.20250311493873596
sq-ce-ca_f2_450_4ee44e55.jpg,C:\Users\Angad\Desktop\StemFellowship\data\raw\fitzpatrick\Categorized_AbbrvName\sq-ce-ca_581\sq-ce-ca_f2_450_4ee44e55.jpg,2,light_FST1_2,1,1,0.9954406023025513
pa_f2_27_fd6136d9.jpg,C:\Users\Angad\Desktop\StemFellowship\data\raw\fitzpatrick\Categorized_AbbrvName\pa_59\pa_f2_27_fd6136d9.jpg,2,light_FST1_2,0,0,0.012584362179040909
ac-ke_f1_89_ce356adb.jpg,C:\Users\Angad\Desktop\StemFellowship\data\raw\fitzpatrick\Categorized_AbbrvName\ac-ke_175\ac-ke_f1_89_ce356adb.jpg,1,light_FST1_2,1,1,0.8435003161430359
ju-xa_f1_105_f65ef9a7.jpg,C:\Users\Angad\Desktop\StemFellowship\data\raw\fitzpatrick\Categorized_AbbrvName\ju-xa_149\ju-xa_f1_105_f65ef9a7.jpg,1,light_FST1_2,0,0,0.3276364505290985
ps_f3_39_97846367.jpg,C:\Users\Angad\Desktop\StemFellowship\data\raw\fitzpatrick\Categorized_AbbrvName\ps_653\ps_f3_39_97846367.jpg,3,medium_FST3_4,0,0,0.012695114128291607
er-mu_f4_200_bdbaaeeb.jpg,C:\Users\Angad\Desktop\StemFellowship\data\raw\fitzpatrick\Categorized_AbbrvName\er-mu_236\er-mu_f4_200_bdbaaeeb.jpg,4,medium_FST3_4,0,0,8.306630661536474e-06
lu-er_f1_227_16de0b32.jpg,C:\Users\Angad\Desktop\StemFellowship\data\raw\fitzpatrick\Categorized_AbbrvName\lu-er_410\lu-er_f1_227_16de0b32.jpg,1,light_FST1_2,0,0,0.012309456244111061
er-no_f1_52_8a2d132d.jpg,C:\Users\Angad\Desktop\StemFellowship\data\raw\fitzpatrick\Categorized_AbbrvName\er-no_81\er-no_f1_52_8a2d132d.jpg,1,light_FST1_2,0,0,0.0870356559753418
ec_f5_120_55d707c5.jpg,C:\Users\Angad\Desktop\StemFellowship\data\raw\fitzpatrick\Categorized_AbbrvName\ec_204\ec_f5_120_55d707c5.jpg,5,dark_FST5_6,0,0,0.008894385769963264
me_f3_47_318c1c68.jpg,C:\Users\Angad\Desktop\StemFellowship\data\raw\fitzpatrick\Categorized_AbbrvName\me_261\me_f3_47_318c1c68.jpg,3,medium_FST3_4,1,1,0.9814043045043945
hi_f5_19_8e94d1e9.jpg,C:\Users\Angad\Desktop\StemFellowship\data\raw\fitzpatrick\Categorized_AbbrvName\hi_90\hi_f5_19_8e94d1e9.jpg,5,dark_FST5_6,0,0,0.1369495838880539
ep-bu_f5_64_6585b76f.jpg,C:\Users\Angad\Desktop\StemFellowship\data\raw\fitzpatrick\Categorized_AbbrvName\ep-bu_70\ep-bu_f5_64_6585b76f.jpg,5,dark_FST5_6,0,0,0.0011701370822265744
te_f2_72_45bf5b09.jpg,C:\Users\Angad\Desktop\StemFellowship\data\raw\fitzpatrick\Categorized_AbbrvName\te_126\te_f2_72_45bf5b09.jpg,2,light_FST1_2,0,0,0.24585609138011932
st-jo-sy_f2_80_49c20229.jpg,C:\Users\Angad\Desktop\StemFellowship\data\raw\fitzpatrick\Categorized_AbbrvName\st-jo-sy_113\st-jo-sy_f2_80_49c20229.jpg,2,light_FST1_2,0,0,0.04846839979290962
so-cy-ba-ce-ca_f2_56_66a86469.jpg,C:\Users\Angad\Desktop\StemFellowship\data\raw\fitzpatrick\Categorized_AbbrvName\so-cy-ba-ce-ca_66\so-cy-ba-ce-ca_f2_56_66a86469.jpg,2,light_FST1_2,1,0,0.05052926763892174
py-gr_f1_50_d686f900.jpg,C:\Users\Angad\Desktop\StemFellowship\data\raw\fitzpatrick\Categorized_AbbrvName\py-gr_113\py-gr_f1_50_d686f900.jpg,1,light_FST1_2,0,1,0.6576393842697144
ma-me_f1_29_f128b433.jpg,C:\Users\Angad\Desktop\StemFellowship\data\raw\fitzpatrick\Categorized_AbbrvName\ma-me_111\ma-me_f1_29_f128b433.jpg,1,light_FST1_2,1,0,0.028473272919654846
ph_f3_214_19125ec6.jpg,C:\Users\Angad\Desktop\StemFellowship\data\raw\fitzpatrick\Categorized_AbbrvName\ph_348\ph_f3_214_19125ec6.jpg,3,medium_FST3_4,0,0,0.0007971172453835607
sq-ce-ca_f2_535_707cbcb8.jpg,C:\Users\Angad\Desktop\StemFellowship\data\raw\fitzpatrick\Categorized_AbbrvName\sq-ce-ca_581\sq-ce-ca_f2_535_707cbcb8.jpg,2,light_FST1_2,1,1,0.8907199501991272
eh-da-sy_f2_8_5ff030c9.jpg,C:\Users\Angad\Desktop\StemFellowship\data\raw\fitzpatrick\Categorized_AbbrvName\eh-da-sy_127\eh-da-sy_f2_8_5ff030c9.jpg,2,light_FST1_2,0,0,0.004952474497258663
li-pl_f1_240_e0ff95c6.jpg,C:\Users\Angad\Desktop\StemFellowship\data\raw\fitzpatrick\Categorized_AbbrvName\li-pl_491\li-pl_f1_240_e0ff95c6.jpg,1,light_FST1_2,0,0,0.31850484013557434
fa-de_f1_16_0a06a448.jpg,C:\Users\Angad\Desktop\StemFellowship\data\raw\fitzpatrick\Categorized_AbbrvName\fa-de_66\fa-de_f1_16_0a06a448.jpg,1,light_FST1_2,0,0,0.007567268796265125
in-pi_f1_31_d9500700.jpg,C:\Users\Angad\Desktop\StemFellowship\data\raw\fitzpatrick\Categorized_AbbrvName\in-pi_102\in-pi_f1_31_d9500700.jpg,1,light_FST1_2,0,0,0.0017225376795977354
ne-de_f6_140_deda9b18.jpg,C:\Users\Angad\Desktop\StemFellowship\data\raw\fitzpatrick\Categorized_AbbrvName\ne-de_361\ne-de_f6_140_deda9b18.jpg,6,dark_FST5_6,0,0,0.05797772482037544
ma-me_f1_103_b3c86bb9.jpg,C:\Users\Angad\Desktop\StemFellowship\data\raw\fitzpatrick\Categorized_AbbrvName\ma-me_111\ma-me_f1_103_b3c86bb9.jpg,1,light_FST1_2,1,1,0.9872307181358337
ka-sa_f3_27_13734a7c.jpg,C:\Users\Angad\Desktop\StemFellowship\data\raw\fitzpatrick\Categorized_AbbrvName\ka-sa_156\ka-sa_f3_27_13734a7c.jpg,3,medium_FST3_4,1,1,0.9584164619445801
ly_f1_65_05593679.jpg,C:\Users\Angad\Desktop\StemFellowship\data\raw\fitzpatrick\Categorized_AbbrvName\ly_100\ly_f1_65_05593679.jpg,1,light_FST1_2,0,0,0.022621912881731987
fo_f4_275_06cbb428.jpg,C:\Users\Angad\Desktop\StemFellowship\data\raw\fitzpatrick\Categorized_AbbrvName\fo_342\fo_f4_275_06cbb428.jpg,4,medium_FST3_4,0,0,0.009250415489077568
al-co-de_f2_37_40ee2bdd.jpg,C:\Users\Angad\Desktop\StemFellowship\data\raw\fitzpatrick\Categorized_AbbrvName\al-co-de_430\al-co-de_f2_37_40ee2bdd.jpg,2,light_FST1_2,0,0,0.4389564096927643
ca-cu_f1_30_17fe0274.jpg,C:\Users\Angad\Desktop\StemFellowship\data\raw\fitzpatrick\Categorized_AbbrvName\ca-cu_80\ca-cu_f1_30_17fe0274.jpg,1,light_FST1_2,0,0,0.00012575603614095598
le-ma_f3_45_c43518ab.jpg,C:\Users\Angad\Desktop\StemFellowship\data\raw\fitzpatrick\Categorized_AbbrvName\le-ma_83\le-ma_f3_45_c43518ab.jpg,3,medium_FST3_4,1,1,0.979814887046814
fo_f3_71_f23510d4.jpg,C:\Users\Angad\Desktop\StemFellowship\data\raw\fitzpatrick\Categorized_AbbrvName\fo_342\fo_f3_71_f23510d4.jpg,3,medium_FST3_4,0,0,0.0003546063380781561
ju-xa_f3_4_e818c973.jpg,C:\Users\Angad\Desktop\StemFellowship\data\raw\fitzpatrick\Categorized_AbbrvName\ju-xa_149\ju-xa_f3_4_e818c973.jpg,3,medium_FST3_4,0,0,0.001286872080527246
sq-ce-ca_f1_52_34b96fce.jpg,C:\Users\Angad\Desktop\StemFellowship\data\raw\fitzpatrick\Categorized_AbbrvName\sq-ce-ca_581\sq-ce-ca_f1_52_34b96fce.jpg,1,light_FST1_2,1,1,0.8100906014442444
sq-ce-ca_f3_294_77c4fb94.jpg,C:\Users\Angad\Desktop\StemFellowship\data\raw\fitzpatrick\Categorized_AbbrvName\sq-ce-ca_581\sq-ce-ca_f3_294_77c4fb94.jpg,3,medium_FST3_4,1,0,0.3863738775253296
be-ne_f4_5_22c44b64.jpg,C:\Users\Angad\Desktop\StemFellowship\data\raw\fitzpatrick\Categorized_AbbrvName\be-ne_63\be-ne_f4_5_22c44b64.jpg,4,medium_FST3_4,0,0,0.0020281863398849964
po-wi-st_f3_44_665f80f3.jpg,C:\Users\Angad\Desktop\StemFellowship\data\raw\fitzpatrick\Categorized_AbbrvName\po-wi-st_59\po-wi-st_f3_44_665f80f3.jpg,3,medium_FST3_4,0,0,0.012178141623735428
ac-au-bu-di-ge_f1_31_75a4dac1.jpg,C:\Users\Angad\Desktop\StemFellowship\data\raw\fitzpatrick\Categorized_AbbrvName\ac-au-bu-di-ge_67\ac-au-bu-di-ge_f1_31_75a4dac1.jpg,1,light_FST1_2,0,1,0.8500106334686279
lu-er_f5_233_042689e7.jpg,C:\Users\Angad\Desktop\StemFellowship\data\raw\fitzpatrick\Categorized_AbbrvName\lu-er_410\lu-er_f5_233_042689e7.jpg,5,dark_FST5_6,0,0,0.00037896455614827573
er-no_f1_66_52c13b58.jpg,C:\Users\Angad\Desktop\StemFellowship\data\raw\fitzpatrick\Categorized_AbbrvName\er-no_81\er-no_f1_66_52c13b58.jpg,1,light_FST1_2,0,0,0.0033158387523144484
er-mu_f4_147_f124a27e.jpg,C:\Users\Angad\Desktop\StemFellowship\data\raw\fitzpatrick\Categorized_AbbrvName\er-mu_236\er-mu_f4_147_f124a27e.jpg,4,medium_FST3_4,0,0,0.0003863123129121959
ka-sa_f5_24_7689c9b4.jpg,C:\Users\Angad\Desktop\StemFellowship\data\raw\fitzpatrick\Categorized_AbbrvName\ka-sa_156\ka-sa_f5_24_7689c9b4.jpg,5,dark_FST5_6,1,1,0.9401534795761108
sq-ce-ca_f3_20_72f9f788.jpg,C:\Users\Angad\Desktop\StemFellowship\data\raw\fitzpatrick\Categorized_AbbrvName\sq-ce-ca_581\sq-ce-ca_f3_20_72f9f788.jpg,3,medium_FST3_4,1,1,0.9966800212860107
pi-ro_f4_20_173de6dd.jpg,C:\Users\Angad\Desktop\StemFellowship\data\raw\fitzpatrick\Categorized_AbbrvName\pi-ro_193\pi-ro_f4_20_173de6dd.jpg,4,medium_FST3_4,0,0,0.0007044337689876556
ca-cu_f1_48_cce19d34.jpg,C:\Users\Angad\Desktop\StemFellowship\data\raw\fitzpatrick\Categorized_AbbrvName\ca-cu_80\ca-cu_f1_48_cce19d34.jpg,1,light_FST1_2,0,0,0.05310196802020073
fo_f3_18_86f719f9.jpg,C:\Users\Angad\Desktop\StemFellowship\data\raw\fitzpatrick\Categorized_AbbrvName\fo_342\fo_f3_18_86f719f9.jpg,3,medium_FST3_4,0,0,0.09587021917104721
ne-li_f4_22_e732266a.jpg,C:\Users\Angad\Desktop\StemFellowship\data\raw\fitzpatrick\Categorized_AbbrvName\ne-li_123\ne-li_f4_22_e732266a.jpg,4,medium_FST3_4,0,1,0.533190906047821
ap-cu_f1_15_cadc5b76.jpg,C:\Users\Angad\Desktop\StemFellowship\data\raw\fitzpatrick\Categorized_AbbrvName\ap-cu_72\ap-cu_f1_15_cadc5b76.jpg,1,light_FST1_2,0,0,0.00014026474673300982
fo_f3_304_b6161c0d.jpg,C:\Users\Angad\Desktop\StemFellowship\data\raw\fitzpatrick\Categorized_AbbrvName\fo_342\fo_f3_304_b6161c0d.jpg,3,medium_FST3_4,0,0,4.338344660936855e-05
ka-sa_f4_116_8bdf085e.jpg,C:\Users\Angad\Desktop\StemFellowship\data\raw\fitzpatrick\Categorized_AbbrvName\ka-sa_156\ka-sa_f4_116_8bdf085e.jpg,4,medium_FST3_4,1,1,0.9045246839523315
fo_f5_229_ecdaa2ad.jpg,C:\Users\Angad\Desktop\StemFellowship\data\raw\fitzpatrick\Categorized_AbbrvName\fo_342\fo_f5_229_ecdaa2ad.jpg,5,dark_FST5_6,0,0,0.0010009430116042495
eh-da-sy_f3_44_cbffcbbd.jpg,C:\Users\Angad\Desktop\StemFellowship\data\raw\fitzpatrick\Categorized_AbbrvName\eh-da-sy_127\eh-da-sy_f3_44_cbffcbbd.jpg,3,medium_FST3_4,0,0,0.0008521861745975912
lu-su_f2_97_52907d7a.jpg,C:\Users\Angad\Desktop\StemFellowship\data\raw\fitzpatrick\Categorized_AbbrvName\lu-su_111\lu-su_f2_97_52907d7a.jpg,2,light_FST1_2,0,0,0.011382504366338253
ch_f1_24_f722d918.jpg,C:\Users\Angad\Desktop\StemFellowship\data\raw\fitzpatrick\Categorized_AbbrvName\ch_106\ch_f1_24_f722d918.jpg,1,light_FST1_2,0,0,0.1930973380804062
er-no_f2_24_7912bc95.jpg,C:\Users\Angad\Desktop\StemFellowship\data\raw\fitzpatrick\Categorized_AbbrvName\er-no_81\er-no_f2_24_7912bc95.jpg,2,light_FST1_2,0,0,0.00037610347499139607
gr-an_f1_20_8cc39bf5.jpg,C:\Users\Angad\Desktop\StemFellowship\data\raw\fitzpatrick\Categorized_AbbrvName\gr-an_211\gr-an_f1_20_8cc39bf5.jpg,1,light_FST1_2,0,0,0.0650254562497139
te_f2_96_097e214c.jpg,C:\Users\Angad\Desktop\StemFellowship\data\raw\fitzpatrick\Categorized_AbbrvName\te_126\te_f2_96_097e214c.jpg,2,light_FST1_2,0,0,0.04363047331571579
da-di_f5_65_9237176d.jpg,C:\Users\Angad\Desktop\StemFellowship\data\raw\fitzpatrick\Categorized_AbbrvName\da-di_153\da-di_f5_65_9237176d.jpg,5,dark_FST5_6,0,0,0.0006128574023023248
po-wi-st_f2_28_a4fbe129.jpg,C:\Users\Angad\Desktop\StemFellowship\data\raw\fitzpatrick\Categorized_AbbrvName\po-wi-st_59\po-wi-st_f2_28_a4fbe129.jpg,2,light_FST1_2,0,0,0.12562599778175354
lu-er_f4_407_7d94c27d.jpg,C:\Users\Angad\Desktop\StemFellowship\data\raw\fitzpatrick\Categorized_AbbrvName\lu-er_410\lu-er_f4_407_7d94c27d.jpg,4,medium_FST3_4,0,0,9.324155689682811e-05
al-co-de_f4_286_1cdc1012.jpg,C:\Users\Angad\Desktop\StemFellowship\data\raw\fitzpatrick\Categorized_AbbrvName\al-co-de_430\al-co-de_f4_286_1cdc1012.jpg,4,medium_FST3_4,0,0,0.004159730859100819
ba-ce-ca_f1_158_5add9542.jpg,C:\Users\Angad\Desktop\StemFellowship\data\raw\fitzpatrick\Categorized_AbbrvName\ba-ce-ca_468\ba-ce-ca_f1_158_5add9542.jpg,1,light_FST1_2,1,1,0.9878275394439697
li-pl_f5_174_16bced8b.jpg,C:\Users\Angad\Desktop\StemFellowship\data\raw\fitzpatrick\Categorized_AbbrvName\li-pl_491\li-pl_f5_174_16bced8b.jpg,5,dark_FST5_6,0,0,0.1758871078491211
sq-ce-ca_f3_92_4c45723c.jpg,C:\Users\Angad\Desktop\StemFellowship\data\raw\fitzpatrick\Categorized_AbbrvName\sq-ce-ca_581\sq-ce-ca_f3_92_4c45723c.jpg,3,medium_FST3_4,1,1,0.994178056716919
fi-er_f4_5_5421f47e.jpg,C:\Users\Angad\Desktop\StemFellowship\data\raw\fitzpatrick\Categorized_AbbrvName\fi-er_125\fi-er_f4_5_5421f47e.jpg,4,medium_FST3_4,0,0,6.266727723414078e-05
ur_f1_81_cbb77a42.jpg,C:\Users\Angad\Desktop\StemFellowship\data\raw\fitzpatrick\Categorized_AbbrvName\ur_151\ur_f1_81_cbb77a42.jpg,1,light_FST1_2,0,0,0.017612159252166748
ba-ce-ca_f2_91_dd1d61f4.jpg,C:\Users\Angad\Desktop\StemFellowship\data\raw\fitzpatrick\Categorized_AbbrvName\ba-ce-ca_468\ba-ce-ca_f2_91_dd1d61f4.jpg,2,light_FST1_2,1,0,0.11972538381814957
er-an-ce_f3_55_9d50beaf.jpg,C:\Users\Angad\Desktop\StemFellowship\data\raw\fitzpatrick\Categorized_AbbrvName\er-an-ce_88\er-an-ce_f3_55_9d50beaf.jpg,3,medium_FST3_4,0,0,0.05248301103711128
fo_f4_197_77813edc.jpg,C:\Users\Angad\Desktop\StemFellowship\data\raw\fitzpatrick\Categorized_AbbrvName\fo_342\fo_f4_197_77813edc.jpg,4,medium_FST3_4,0,0,6.809461046941578e-05
me_f3_77_3975cb19.jpg,C:\Users\Angad\Desktop\StemFellowship\data\raw\fitzpatrick\Categorized_AbbrvName\me_261\me_f3_77_3975cb19.jpg,3,medium_FST3_4,1,1,0.9986743927001953
ps_f2_146_e66fad17.jpg,C:\Users\Angad\Desktop\StemFellowship\data\raw\fitzpatrick\Categorized_AbbrvName\ps_653\ps_f2_146_e66fad17.jpg,2,light_FST1_2,0,0,0.0002607409842312336
ne-in_f4_113_77d4b8dc.jpg,C:\Users\Angad\Desktop\StemFellowship\data\raw\fitzpatrick\Categorized_AbbrvName\ne-in_260\ne-in_f4_113_77d4b8dc.jpg,4,medium_FST3_4,0,0,0.0003502405306790024
pi-ru-pi_f5_61_644ec0bd.jpg,C:\Users\Angad\Desktop\StemFellowship\data\raw\fitzpatrick\Categorized_AbbrvName\pi-ru-pi_278\pi-ru-pi_f5_61_644ec0bd.jpg,5,dark_FST5_6,0,0,0.006590789183974266
li-pl_f2_72_a91cc9c1.jpg,C:\Users\Angad\Desktop\StemFellowship\data\raw\fitzpatrick\Categorized_AbbrvName\li-pl_491\li-pl_f2_72_a91cc9c1.jpg,2,light_FST1_2,0,0,0.0040050530806183815
lu-su_f1_16_b38f2bc7.jpg,C:\Users\Angad\Desktop\StemFellowship\data\raw\fitzpatrick\Categorized_AbbrvName\lu-su_111\lu-su_f1_16_b38f2bc7.jpg,1,light_FST1_2,0,0,0.004257244057953358
ps_f2_486_813374d1.jpg,C:\Users\Angad\Desktop\StemFellowship\data\raw\fitzpatrick\Categorized_AbbrvName\ps_653\ps_f2_486_813374d1.jpg,2,light_FST1_2,0,0,0.002163382014259696
pi-ro_f4_155_752a9cd0.jpg,C:\Users\Angad\Desktop\StemFellowship\data\raw\fitzpatrick\Categorized_AbbrvName\pi-ro_193\pi-ro_f4_155_752a9cd0.jpg,4,medium_FST3_4,0,0,0.0023663006722927094
gr-an_f3_30_eb2a8065.jpg,C:\Users\Angad\Desktop\StemFellowship\data\raw\fitzpatrick\Categorized_AbbrvName\gr-an_211\gr-an_f3_30_eb2a8065.jpg,3,medium_FST3_4,0,0,0.0025207768194377422
ne-li_f5_31_05501431.jpg,C:\Users\Angad\Desktop\StemFellowship\data\raw\fitzpatrick\Categorized_AbbrvName\ne-li_123\ne-li_f5_31_05501431.jpg,5,dark_FST5_6,0,1,0.7347949147224426
mu_f1_23_7e6acee9.jpg,C:\Users\Angad\Desktop\StemFellowship\data\raw\fitzpatrick\Categorized_AbbrvName\mu_92\mu_f1_23_7e6acee9.jpg,1,light_FST1_2,0,0,0.13746072351932526
in-pi_f5_92_afce09d4.jpg,C:\Users\Angad\Desktop\StemFellowship\data\raw\fitzpatrick\Categorized_AbbrvName\in-pi_102\in-pi_f5_92_afce09d4.jpg,5,dark_FST5_6,0,0,0.00010570781159913167
sy_f4_120_e126e650.jpg,C:\Users\Angad\Desktop\StemFellowship\data\raw\fitzpatrick\Categorized_AbbrvName\sy_127\sy_f4_120_e126e650.jpg,4,medium_FST3_4,0,0,7.684082083869725e-05
ma-me_f1_59_c8a69623.jpg,C:\Users\Angad\Desktop\StemFellowship\data\raw\fitzpatrick\Categorized_AbbrvName\ma-me_111\ma-me_f1_59_c8a69623.jpg,1,light_FST1_2,1,1,0.9985767602920532
pr-no_f4_21_112f7f7b.jpg,C:\Users\Angad\Desktop\StemFellowship\data\raw\fitzpatrick\Categorized_AbbrvName\pr-no_170\pr-no_f4_21_112f7f7b.jpg,4,medium_FST3_4,0,0,5.945549673924688e-06
li-am_f4_65_45310e88.jpg,C:\Users\Angad\Desktop\StemFellowship\data\raw\fitzpatrick\Categorized_AbbrvName\li-am_77\li-am_f4_65_45310e88.jpg,4,medium_FST3_4,0,0,0.004319549538195133
ne-de_f1_70_e6a50d9b.jpg,C:\Users\Angad\Desktop\StemFellowship\data\raw\fitzpatrick\Categorized_AbbrvName\ne-de_361\ne-de_f1_70_e6a50d9b.jpg,1,light_FST1_2,0,0,1.9159680960001424e-05
al-co-de_f1_112_065ec363.jpg,C:\Users\Angad\Desktop\StemFellowship\data\raw\fitzpatrick\Categorized_AbbrvName\al-co-de_430\al-co-de_f1_112_065ec363.jpg,1,light_FST1_2,0,0,0.0015973550034686923
ph_f1_25_1daf6036.jpg,C:\Users\Angad\Desktop\StemFellowship\data\raw\fitzpatrick\Categorized_AbbrvName\ph_348\ph_f1_25_1daf6036.jpg,1,light_FST1_2,0,0,0.005561864469200373
er-mu_f2_151_26baa633.jpg,C:\Users\Angad\Desktop\StemFellowship\data\raw\fitzpatrick\Categorized_AbbrvName\er-mu_236\er-mu_f2_151_26baa633.jpg,2,light_FST1_2,0,0,0.008112302981317043
se-de_f2_101_32f9096c.jpg,C:\Users\Angad\Desktop\StemFellowship\data\raw\fitzpatrick\Categorized_AbbrvName\se-de_126\se-de_f2_101_32f9096c.jpg,2,light_FST1_2,0,0,5.39071561433957e-06
ac-vu_f3_46_5373271c.jpg,C:\Users\Angad\Desktop\StemFellowship\data\raw\fitzpatrick\Categorized_AbbrvName\ac-vu_335\ac-vu_f3_46_5373271c.jpg,3,medium_FST3_4,0,0,0.0001337063149549067
my-fu_f5_155_9163c0dc.jpg,C:\Users\Angad\Desktop\StemFellowship\data\raw\fitzpatrick\Categorized_AbbrvName\my-fu_182\my-fu_f5_155_9163c0dc.jpg,5,dark_FST5_6,1,0,0.1427599936723709
pi-ru-pi_f4_201_3a3e0a8b.jpg,C:\Users\Angad\Desktop\StemFellowship\data\raw\fitzpatrick\Categorized_AbbrvName\pi-ru-pi_278\pi-ru-pi_f4_201_3a3e0a8b.jpg,4,medium_FST3_4,0,0,0.07068447023630142
pi-cy_f2_51_22c44210.jpg,C:\Users\Angad\Desktop\StemFellowship\data\raw\fitzpatrick\Categorized_AbbrvName\pi-cy_93\pi-cy_f2_51_22c44210.jpg,2,light_FST1_2,0,1,0.8329892158508301
li-pl_f5_310_17ee2632.jpg,C:\Users\Angad\Desktop\StemFellowship\data\raw\fitzpatrick\Categorized_AbbrvName\li-pl_491\li-pl_f5_310_17ee2632.jpg,5,dark_FST5_6,0,0,8.447373693343252e-05
ju-xa_f2_142_b1ebfea2.jpg,C:\Users\Angad\Desktop\StemFellowship\data\raw\fitzpatrick\Categorized_AbbrvName\ju-xa_149\ju-xa_f2_142_b1ebfea2.jpg,2,light_FST1_2,0,0,0.012363162823021412
ca-cu_f2_61_58f20f50.jpg,C:\Users\Angad\Desktop\StemFellowship\data\raw\fitzpatrick\Categorized_AbbrvName\ca-cu_80\ca-cu_f2_61_58f20f50.jpg,2,light_FST1_2,0,0,0.005247678142040968
po-ac_f4_167_e7bf56ec.jpg,C:\Users\Angad\Desktop\StemFellowship\data\raw\fitzpatrick\Categorized_AbbrvName\po-ac_183\po-ac_f4_167_e7bf56ec.jpg,4,medium_FST3_4,0,0,0.02644168771803379
ke_f3_29_306fb957.jpg,C:\Users\Angad\Desktop\StemFellowship\data\raw\fitzpatrick\Categorized_AbbrvName\ke_156\ke_f3_29_306fb957.jpg,3,medium_FST3_4,0,0,0.000238864216953516
ke_f1_71_5bfbbf98.jpg,C:\Users\Angad\Desktop\StemFellowship\data\raw\fitzpatrick\Categorized_AbbrvName\ke_156\ke_f1_71_5bfbbf98.jpg,1,light_FST1_2,0,0,0.03986331820487976
ne-ne_f4_8_babe125b.jpg,C:\Users\Angad\Desktop\StemFellowship\data\raw\fitzpatrick\Categorized_AbbrvName\ne-ne_86\ne-ne_f4_8_babe125b.jpg,4,medium_FST3_4,0,0,0.003079146845266223
ne-ne_f2_75_7e610878.jpg,C:\Users\Angad\Desktop\StemFellowship\data\raw\fitzpatrick\Categorized_AbbrvName\ne-ne_86\ne-ne_f2_75_7e610878.jpg,2,light_FST1_2,0,1,0.8180518746376038
er-mu_f2_121_d0022088.jpg,C:\Users\Angad\Desktop\StemFellowship\data\raw\fitzpatrick\Categorized_AbbrvName\er-mu_236\er-mu_f2_121_d0022088.jpg,2,light_FST1_2,0,0,0.07183842360973358
my-fu_f2_75_12d3b726.jpg,C:\Users\Angad\Desktop\StemFellowship\data\raw\fitzpatrick\Categorized_AbbrvName\my-fu_182\my-fu_f2_75_12d3b726.jpg,2,light_FST1_2,1,0,0.20535646378993988
ba-ce-ca_f2_138_80e45e3f.jpg,C:\Users\Angad\Desktop\StemFellowship\data\raw\fitzpatrick\Categorized_AbbrvName\ba-ce-ca_468\ba-ce-ca_f2_138_80e45e3f.jpg,2,light_FST1_2,1,0,0.2513432204723358
ne-de_f3_167_75b0b005.jpg,C:\Users\Angad\Desktop\StemFellowship\data\raw\fitzpatrick\Categorized_AbbrvName\ne-de_361\ne-de_f3_167_75b0b005.jpg,3,medium_FST3_4,0,0,0.20632798969745636
li-am_f6_54_eb14f64e.jpg,C:\Users\Angad\Desktop\StemFellowship\data\raw\fitzpatrick\Categorized_AbbrvName\li-am_77\li-am_f6_54_eb14f64e.jpg,6,dark_FST5_6,0,0,0.00017077260417863727
ec_f3_7_961d7614.jpg,C:\Users\Angad\Desktop\StemFellowship\data\raw\fitzpatrick\Categorized_AbbrvName\ec_204\ec_f3_7_961d7614.jpg,3,medium_FST3_4,0,0,0.020096080377697945
pe-li_f4_105_9ca1bb16.jpg,C:\Users\Angad\Desktop\StemFellowship\data\raw\fitzpatrick\Categorized_AbbrvName\pe-li_151\pe-li_f4_105_9ca1bb16.jpg,4,medium_FST3_4,0,0,0.029029391705989838
pe-li_f2_107_6676b11e.jpg,C:\Users\Angad\Desktop\StemFellowship\data\raw\fitzpatrick\Categorized_AbbrvName\pe-li_151\pe-li_f2_107_6676b11e.jpg,2,light_FST1_2,0,0,0.0055050719529390335
pi-ru-pi_f4_52_001c92cc.jpg,C:\Users\Angad\Desktop\StemFellowship\data\raw\fitzpatrick\Categorized_AbbrvName\pi-ru-pi_278\pi-ru-pi_f4_52_001c92cc.jpg,4,medium_FST3_4,0,0,0.0020254268310964108
st_f1_5_cf527338.jpg,C:\Users\Angad\Desktop\StemFellowship\data\raw\fitzpatrick\Categorized_AbbrvName\st_67\st_f1_5_cf527338.jpg,1,light_FST1_2,0,0,0.0016133339377120137
gr-an_f3_78_03336673.jpg,C:\Users\Angad\Desktop\StemFellowship\data\raw\fitzpatrick\Categorized_AbbrvName\gr-an_211\gr-an_f3_78_03336673.jpg,3,medium_FST3_4,0,0,0.025169650092720985
ac_f1_63_c57a17f0.jpg,C:\Users\Angad\Desktop\StemFellowship\data\raw\fitzpatrick\Categorized_AbbrvName\ac_183\ac_f1_63_c57a17f0.jpg,1,light_FST1_2,0,0,0.020281780511140823
li-pl_f2_210_e7961504.jpg,C:\Users\Angad\Desktop\StemFellowship\data\raw\fitzpatrick\Categorized_AbbrvName\li-pl_491\li-pl_f2_210_e7961504.jpg,2,light_FST1_2,0,0,0.009539523161947727
pa_f2_52_9f2db596.jpg,C:\Users\Angad\Desktop\StemFellowship\data\raw\fitzpatrick\Categorized_AbbrvName\pa_59\pa_f2_52_9f2db596.jpg,2,light_FST1_2,0,0,0.01138630323112011
li-pl_f3_21_d3c1ba8b.jpg,C:\Users\Angad\Desktop\StemFellowship\data\raw\fitzpatrick\Categorized_AbbrvName\li-pl_491\li-pl_f3_21_d3c1ba8b.jpg,3,medium_FST3_4,0,0,0.0002778825582936406
te_f2_60_5f521d58.jpg,C:\Users\Angad\Desktop\StemFellowship\data\raw\fitzpatrick\Categorized_AbbrvName\te_126\te_f2_60_5f521d58.jpg,2,light_FST1_2,0,0,0.006755066569894552
ep-ne_f3_39_1a7e81f0.jpg,C:\Users\Angad\Desktop\StemFellowship\data\raw\fitzpatrick\Categorized_AbbrvName\ep-ne_91\ep-ne_f3_39_1a7e81f0.jpg,3,medium_FST3_4,0,0,0.038526445627212524
ju-xa_f1_46_535657fb.jpg,C:\Users\Angad\Desktop\StemFellowship\data\raw\fitzpatrick\Categorized_AbbrvName\ju-xa_149\ju-xa_f1_46_535657fb.jpg,1,light_FST1_2,0,1,0.9556403160095215
sa_f3_211_a03cc03b.jpg,C:\Users\Angad\Desktop\StemFellowship\data\raw\fitzpatrick\Categorized_AbbrvName\sa_349\sa_f3_211_a03cc03b.jpg,3,medium_FST3_4,0,0,0.0003571897104848176
sa_f3_47_8331cd72.jpg,C:\Users\Angad\Desktop\StemFellowship\data\raw\fitzpatrick\Categorized_AbbrvName\sa_349\sa_f3_47_8331cd72.jpg,3,medium_FST3_4,0,0,0.00037397132837213576
ur_f3_13_0757e739.jpg,C:\Users\Angad\Desktop\StemFellowship\data\raw\fitzpatrick\Categorized_AbbrvName\ur_151\ur_f3_13_0757e739.jpg,3,medium_FST3_4,0,0,0.21494674682617188
na-co_f1_53_196dfc52.jpg,C:\Users\Angad\Desktop\StemFellowship\data\raw\fitzpatrick\Categorized_AbbrvName\na-co_73\na-co_f1_53_196dfc52.jpg,1,light_FST1_2,0,0,0.0006341816624626517
ps_f2_78_542e2902.jpg,C:\Users\Angad\Desktop\StemFellowship\data\raw\fitzpatrick\Categorized_AbbrvName\ps_653\ps_f2_78_542e2902.jpg,2,light_FST1_2,0,0,0.00022005992650520056
dy-ec_f2_48_ba4a0518.jpg,C:\Users\Angad\Desktop\StemFellowship\data\raw\fitzpatrick\Categorized_AbbrvName\dy-ec_83\dy-ec_f2_48_ba4a0518.jpg,2,light_FST1_2,0,0,0.0006339900428429246
sq-ce-ca_f2_96_47b5d95e.jpg,C:\Users\Angad\Desktop\StemFellowship\data\raw\fitzpatrick\Categorized_AbbrvName\sq-ce-ca_581\sq-ce-ca_f2_96_47b5d95e.jpg,2,light_FST1_2,1,1,0.618801474571228
sa_f1_311_bacfc588.jpg,C:\Users\Angad\Desktop\StemFellowship\data\raw\fitzpatrick\Categorized_AbbrvName\sa_349\sa_f1_311_bacfc588.jpg,1,light_FST1_2,0,0,0.3453133702278137
al-co-de_f1_377_b59297ec.jpg,C:\Users\Angad\Desktop\StemFellowship\data\raw\fitzpatrick\Categorized_AbbrvName\al-co-de_430\al-co-de_f1_377_b59297ec.jpg,1,light_FST1_2,0,0,0.006610915996134281
sa_f2_235_14e515ce.jpg,C:\Users\Angad\Desktop\StemFellowship\data\raw\fitzpatrick\Categorized_AbbrvName\sa_349\sa_f2_235_14e515ce.jpg,2,light_FST1_2,0,0,0.01016584224998951
lu-er_f5_328_1d21bcb4.jpg,C:\Users\Angad\Desktop\StemFellowship\data\raw\fitzpatrick\Categorized_AbbrvName\lu-er_410\lu-er_f5_328_1d21bcb4.jpg,5,dark_FST5_6,0,0,0.06570795178413391
sq-ce-ca_f4_543_c194978c.jpg,C:\Users\Angad\Desktop\StemFellowship\data\raw\fitzpatrick\Categorized_AbbrvName\sq-ce-ca_581\sq-ce-ca_f4_543_c194978c.jpg,4,medium_FST3_4,1,0,0.11640419811010361
ps_f1_473_d43d015f.jpg,C:\Users\Angad\Desktop\StemFellowship\data\raw\fitzpatrick\Categorized_AbbrvName\ps_653\ps_f1_473_d43d015f.jpg,1,light_FST1_2,0,0,0.0037982913199812174
ba-ce-ca_f2_265_910c7ae0.jpg,C:\Users\Angad\Desktop\StemFellowship\data\raw\fitzpatrick\Categorized_AbbrvName\ba-ce-ca_468\ba-ce-ca_f2_265_910c7ae0.jpg,2,light_FST1_2,1,1,0.998866081237793
eh-da-sy_f5_34_301993a6.jpg,C:\Users\Angad\Desktop\StemFellowship\data\raw\fitzpatrick\Categorized_AbbrvName\eh-da-sy_127\eh-da-sy_f5_34_301993a6.jpg,5,dark_FST5_6,0,0,0.002961124759167433
po-ac_f2_134_c51c8a60.jpg,C:\Users\Angad\Desktop\StemFellowship\data\raw\fitzpatrick\Categorized_AbbrvName\po-ac_183\po-ac_f2_134_c51c8a60.jpg,2,light_FST1_2,0,0,0.0031035509891808033
ke_f6_32_31eee568.jpg,C:\Users\Angad\Desktop\StemFellowship\data\raw\fitzpatrick\Categorized_AbbrvName\ke_156\ke_f6_32_31eee568.jpg,6,dark_FST5_6,0,0,0.0052263615652918816
ph_f1_83_a7c9713f.jpg,C:\Users\Angad\Desktop\StemFellowship\data\raw\fitzpatrick\Categorized_AbbrvName\ph_348\ph_f1_83_a7c9713f.jpg,1,light_FST1_2,0,0,0.026428302749991417
ep-ne_f1_2_dd359277.jpg,C:\Users\Angad\Desktop\StemFellowship\data\raw\fitzpatrick\Categorized_AbbrvName\ep-ne_91\ep-ne_f1_2_dd359277.jpg,1,light_FST1_2,0,0,0.001448870520107448
ne-de_f2_9_c62a4a83.jpg,C:\Users\Angad\Desktop\StemFellowship\data\raw\fitzpatrick\Categorized_AbbrvName\ne-de_361\ne-de_f2_9_c62a4a83.jpg,2,light_FST1_2,0,0,0.006755040492862463
fo_f4_102_16eec7d9.jpg,C:\Users\Angad\Desktop\StemFellowship\data\raw\fitzpatrick\Categorized_AbbrvName\fo_342\fo_f4_102_16eec7d9.jpg,4,medium_FST3_4,0,0,0.00010091318836202845
ca-cu_f1_58_9fa3caf3.jpg,C:\Users\Angad\Desktop\StemFellowship\data\raw\fitzpatrick\Categorized_AbbrvName\ca-cu_80\ca-cu_f1_58_9fa3caf3.jpg,1,light_FST1_2,0,1,0.8301114439964294
be-di_f2_48_6a2ed5cf.jpg,C:\Users\Angad\Desktop\StemFellowship\data\raw\fitzpatrick\Categorized_AbbrvName\be-di_63\be-di_f2_48_6a2ed5cf.jpg,2,light_FST1_2,0,0,0.002319680294021964
ac-vu_f3_96_c8ea76b1.jpg,C:\Users\Angad\Desktop\StemFellowship\data\raw\fitzpatrick\Categorized_AbbrvName\ac-vu_335\ac-vu_f3_96_c8ea76b1.jpg,3,medium_FST3_4,0,1,0.7473814487457275
fa-de_f1_39_79a41042.jpg,C:\Users\Angad\Desktop\StemFellowship\data\raw\fitzpatrick\Categorized_AbbrvName\fa-de_66\fa-de_f1_39_79a41042.jpg,1,light_FST1_2,0,0,0.031336426734924316
sq-ce-ca_f1_113_ff90a729.jpg,C:\Users\Angad\Desktop\StemFellowship\data\raw\fitzpatrick\Categorized_AbbrvName\sq-ce-ca_581\sq-ce-ca_f1_113_ff90a729.jpg,1,light_FST1_2,1,1,0.7766991853713989
lu-er_f3_221_94e8bf31.jpg,C:\Users\Angad\Desktop\StemFellowship\data\raw\fitzpatrick\Categorized_AbbrvName\lu-er_410\lu-er_f3_221_94e8bf31.jpg,3,medium_FST3_4,0,0,0.0004160500247962773
po_f4_72_0590f1a1.jpg,C:\Users\Angad\Desktop\StemFellowship\data\raw\fitzpatrick\Categorized_AbbrvName\po_127\po_f4_72_0590f1a1.jpg,4,medium_FST3_4,0,0,0.007299674209207296
sq-ce-ca_f2_8_9a2685b9.jpg,C:\Users\Angad\Desktop\StemFellowship\data\raw\fitzpatrick\Categorized_AbbrvName\sq-ce-ca_581\sq-ce-ca_f2_8_9a2685b9.jpg,2,light_FST1_2,1,1,0.999998927116394
er-mu_f2_100_c2f4a3a8.jpg,C:\Users\Angad\Desktop\StemFellowship\data\raw\fitzpatrick\Categorized_AbbrvName\er-mu_236\er-mu_f2_100_c2f4a3a8.jpg,2,light_FST1_2,0,0,0.4587385654449463
ma-me_f2_88_045b1d75.jpg,C:\Users\Angad\Desktop\StemFellowship\data\raw\fitzpatrick\Categorized_AbbrvName\ma-me_111\ma-me_f2_88_045b1d75.jpg,2,light_FST1_2,1,1,0.6415155529975891
gr-an_f2_83_cba5ca62.jpg,C:\Users\Angad\Desktop\StemFellowship\data\raw\fitzpatrick\Categorized_AbbrvName\gr-an_211\gr-an_f2_83_cba5ca62.jpg,2,light_FST1_2,0,0,0.015081373043358326
ly-di_f2_84_abe3b2eb.jpg,C:\Users\Angad\Desktop\StemFellowship\data\raw\fitzpatrick\Categorized_AbbrvName\ly-di_129\ly-di_f2_84_abe3b2eb.jpg,2,light_FST1_2,0,0,0.08687203377485275
ps_f1_320_ed678af5.jpg,C:\Users\Angad\Desktop\StemFellowship\data\raw\fitzpatrick\Categorized_AbbrvName\ps_653\ps_f1_320_ed678af5.jpg,1,light_FST1_2,0,0,0.002353950636461377
ps_f2_340_0b8b83ce.jpg,C:\Users\Angad\Desktop\StemFellowship\data\raw\fitzpatrick\Categorized_AbbrvName\ps_653\ps_f2_340_0b8b83ce.jpg,2,light_FST1_2,0,0,0.0005531892529688776
al-co-de_f2_6_ecb12338.jpg,C:\Users\Angad\Desktop\StemFellowship\data\raw\fitzpatrick\Categorized_AbbrvName\al-co-de_430\al-co-de_f2_6_ecb12338.jpg,2,light_FST1_2,0,0,1.6757857110860641e-06
gr-an_f2_137_8d5c1dbd.jpg,C:\Users\Angad\Desktop\StemFellowship\data\raw\fitzpatrick\Categorized_AbbrvName\gr-an_211\gr-an_f2_137_8d5c1dbd.jpg,2,light_FST1_2,0,0,0.007635157555341721
li-pl_f1_79_96746e12.jpg,C:\Users\Angad\Desktop\StemFellowship\data\raw\fitzpatrick\Categorized_AbbrvName\li-pl_491\li-pl_f1_79_96746e12.jpg,1,light_FST1_2,0,0,0.0050696576945483685
lu-er_f4_55_e019139b.jpg,C:\Users\Angad\Desktop\StemFellowship\data\raw\fitzpatrick\Categorized_AbbrvName\lu-er_410\lu-er_f4_55_e019139b.jpg,4,medium_FST3_4,0,0,0.40803515911102295
al-co-de_f1_361_9d765a68.jpg,C:\Users\Angad\Desktop\StemFellowship\data\raw\fitzpatrick\Categorized_AbbrvName\al-co-de_430\al-co-de_f1_361_9d765a68.jpg,1,light_FST1_2,0,0,0.0014827909180894494
ur_f1_63_13062fae.jpg,C:\Users\Angad\Desktop\StemFellowship\data\raw\fitzpatrick\Categorized_AbbrvName\ur_151\ur_f1_63_13062fae.jpg,1,light_FST1_2,0,0,0.00920351967215538
pi-ru-pi_f4_173_a0d01e2c.jpg,C:\Users\Angad\Desktop\StemFellowship\data\raw\fitzpatrick\Categorized_AbbrvName\pi-ru-pi_278\pi-ru-pi_f4_173_a0d01e2c.jpg,4,medium_FST3_4,0,0,4.248477489454672e-05
pu-ps_f5_11_13ea4c41.jpg,C:\Users\Angad\Desktop\StemFellowship\data\raw\fitzpatrick\Categorized_AbbrvName\pu-ps_53\pu-ps_f5_11_13ea4c41.jpg,5,dark_FST5_6,0,0,0.21124333143234253
al-co-de_f1_362_0caa1724.jpg,C:\Users\Angad\Desktop\StemFellowship\data\raw\fitzpatrick\Categorized_AbbrvName\al-co-de_430\al-co-de_f1_362_0caa1724.jpg,1,light_FST1_2,0,0,0.0004234366351738572
pa_f2_26_f7aa4e75.jpg,C:\Users\Angad\Desktop\StemFellowship\data\raw\fitzpatrick\Categorized_AbbrvName\pa_59\pa_f2_26_f7aa4e75.jpg,2,light_FST1_2,0,0,0.0021860746201127768
li-am_f2_64_130b5281.jpg,C:\Users\Angad\Desktop\StemFellowship\data\raw\fitzpatrick\Categorized_AbbrvName\li-am_77\li-am_f2_64_130b5281.jpg,2,light_FST1_2,0,0,0.002548765856772661
mi_f5_90_715d1895.jpg,C:\Users\Angad\Desktop\StemFellowship\data\raw\fitzpatrick\Categorized_AbbrvName\mi_112\mi_f5_90_715d1895.jpg,5,dark_FST5_6,0,0,0.001514528994448483
ke_f6_105_3741b8a8.jpg,C:\Users\Angad\Desktop\StemFellowship\data\raw\fitzpatrick\Categorized_AbbrvName\ke_156\ke_f6_105_3741b8a8.jpg,6,dark_FST5_6,0,0,0.0006173762958496809
fo_f1_225_da53d211.jpg,C:\Users\Angad\Desktop\StemFellowship\data\raw\fitzpatrick\Categorized_AbbrvName\fo_342\fo_f1_225_da53d211.jpg,1,light_FST1_2,0,0,0.0015084078768268228
ly-di_f1_105_8e21168f.jpg,C:\Users\Angad\Desktop\StemFellowship\data\raw\fitzpatrick\Categorized_AbbrvName\ly-di_129\ly-di_f1_105_8e21168f.jpg,1,light_FST1_2,0,0,0.010869191028177738
sa_f3_301_cc62716d.jpg,C:\Users\Angad\Desktop\StemFellowship\data\raw\fitzpatrick\Categorized_AbbrvName\sa_349\sa_f3_301_cc62716d.jpg,3,medium_FST3_4,0,0,0.002394783077761531
eh-da-sy_f3_99_4f51e2da.jpg,C:\Users\Angad\Desktop\StemFellowship\data\raw\fitzpatrick\Categorized_AbbrvName\eh-da-sy_127\eh-da-sy_f3_99_4f51e2da.jpg,3,medium_FST3_4,0,0,0.0002762771910056472
sy_f5_33_55da204d.jpg,C:\Users\Angad\Desktop\StemFellowship\data\raw\fitzpatrick\Categorized_AbbrvName\sy_127\sy_f5_33_55da204d.jpg,5,dark_FST5_6,0,0,0.09578923135995865
na-co_f4_9_9fec88ce.jpg,C:\Users\Angad\Desktop\StemFellowship\data\raw\fitzpatrick\Categorized_AbbrvName\na-co_73\na-co_f4_9_9fec88ce.jpg,4,medium_FST3_4,0,0,0.0005462259869091213
fo-sp_f2_22_beef5728.jpg,C:\Users\Angad\Desktop\StemFellowship\data\raw\fitzpatrick\Categorized_AbbrvName\fo-sp_100\fo-sp_f2_22_beef5728.jpg,2,light_FST1_2,0,0,0.003018567804247141
ka-sa_f4_14_54ea7e8d.jpg,C:\Users\Angad\Desktop\StemFellowship\data\raw\fitzpatrick\Categorized_AbbrvName\ka-sa_156\ka-sa_f4_14_54ea7e8d.jpg,4,medium_FST3_4,1,0,0.013306334614753723
fa-de_f6_13_5beb3168.jpg,C:\Users\Angad\Desktop\StemFellowship\data\raw\fitzpatrick\Categorized_AbbrvName\fa-de_66\fa-de_f6_13_5beb3168.jpg,6,dark_FST5_6,0,0,0.13960395753383636
vi_f2_50_78ad8272.jpg,C:\Users\Angad\Desktop\StemFellowship\data\raw\fitzpatrick\Categorized_AbbrvName\vi_166\vi_f2_50_78ad8272.jpg,2,light_FST1_2,0,0,0.23469991981983185
ne-de_f1_245_f40f824a.jpg,C:\Users\Angad\Desktop\StemFellowship\data\raw\fitzpatrick\Categorized_AbbrvName\ne-de_361\ne-de_f1_245_f40f824a.jpg,1,light_FST1_2,0,0,0.017925569787621498
ac-ke_f4_157_585de308.jpg,C:\Users\Angad\Desktop\StemFellowship\data\raw\fitzpatrick\Categorized_AbbrvName\ac-ke_175\ac-ke_f4_157_585de308.jpg,4,medium_FST3_4,1,0,0.2098740190267563
sa_f4_342_1584ab4f.jpg,C:\Users\Angad\Desktop\StemFellowship\data\raw\fitzpatrick\Categorized_AbbrvName\sa_349\sa_f4_342_1584ab4f.jpg,4,medium_FST3_4,0,0,1.0311675396224018e-05
er-mu_f1_168_e92a337c.jpg,C:\Users\Angad\Desktop\StemFellowship\data\raw\fitzpatrick\Categorized_AbbrvName\er-mu_236\er-mu_f1_168_e92a337c.jpg,1,light_FST1_2,0,0,0.007429459132254124
er-el-di_f4_44_43aef288.jpg,C:\Users\Angad\Desktop\StemFellowship\data\raw\fitzpatrick\Categorized_AbbrvName\er-el-di_55\er-el-di_f4_44_43aef288.jpg,4,medium_FST3_4,0,0,0.037557609379291534
pr-no_f3_17_3bf46ba1.jpg,C:\Users\Angad\Desktop\StemFellowship\data\raw\fitzpatrick\Categorized_AbbrvName\pr-no_170\pr-no_f3_17_3bf46ba1.jpg,3,medium_FST3_4,0,1,0.8055078387260437
li-pl_f6_321_7e514cce.jpg,C:\Users\Angad\Desktop\StemFellowship\data\raw\fitzpatrick\Categorized_AbbrvName\li-pl_491\li-pl_f6_321_7e514cce.jpg,6,dark_FST5_6,0,0,0.08364876359701157
po-ac_f3_143_acc320bf.jpg,C:\Users\Angad\Desktop\StemFellowship\data\raw\fitzpatrick\Categorized_AbbrvName\po-ac_183\po-ac_f3_143_acc320bf.jpg,3,medium_FST3_4,0,0,0.00912591814994812
pr-no_f6_44_374d3ae5.jpg,C:\Users\Angad\Desktop\StemFellowship\data\raw\fitzpatrick\Categorized_AbbrvName\pr-no_170\pr-no_f6_44_374d3ae5.jpg,6,dark_FST5_6,0,0,0.0014273490523919463
ke-pi_f2_14_bf04f091.jpg,C:\Users\Angad\Desktop\StemFellowship\data\raw\fitzpatrick\Categorized_AbbrvName\ke-pi_78\ke-pi_f2_14_bf04f091.jpg,2,light_FST1_2,0,0,0.00011624045146163553
su-sp-me-ss_f2_28_ab28440e.jpg,C:\Users\Angad\Desktop\StemFellowship\data\raw\fitzpatrick\Categorized_AbbrvName\su-sp-me-ss_118\su-sp-me-ss_f2_28_ab28440e.jpg,2,light_FST1_2,1,1,0.8408868312835693
st_f3_51_f10e284d.jpg,C:\Users\Angad\Desktop\StemFellowship\data\raw\fitzpatrick\Categorized_AbbrvName\st_67\st_f3_51_f10e284d.jpg,3,medium_FST3_4,0,0,0.0006179411429911852
fa-de_f5_4_061a3773.jpg,C:\Users\Angad\Desktop\StemFellowship\data\raw\fitzpatrick\Categorized_AbbrvName\fa-de_66\fa-de_f5_4_061a3773.jpg,5,dark_FST5_6,0,0,0.0001772565155988559
ps_f4_403_e41d4c46.jpg,C:\Users\Angad\Desktop\StemFellowship\data\raw\fitzpatrick\Categorized_AbbrvName\ps_653\ps_f4_403_e41d4c46.jpg,4,medium_FST3_4,0,0,0.012401696294546127
le-ma_f4_52_4d4ba555.jpg,C:\Users\Angad\Desktop\StemFellowship\data\raw\fitzpatrick\Categorized_AbbrvName\le-ma_83\le-ma_f4_52_4d4ba555.jpg,4,medium_FST3_4,1,1,0.9909840822219849
pi-cy_f1_70_1e754370.jpg,C:\Users\Angad\Desktop\StemFellowship\data\raw\fitzpatrick\Categorized_AbbrvName\pi-cy_93\pi-cy_f1_70_1e754370.jpg,1,light_FST1_2,0,0,0.01997505873441696
mi_f5_80_46ec6952.jpg,C:\Users\Angad\Desktop\StemFellowship\data\raw\fitzpatrick\Categorized_AbbrvName\mi_112\mi_f5_80_46ec6952.jpg,5,dark_FST5_6,0,0,0.0017153762746602297
ha-ha-di_f3_47_2b6b6419.jpg,C:\Users\Angad\Desktop\StemFellowship\data\raw\fitzpatrick\Categorized_AbbrvName\ha-ha-di_174\ha-ha-di_f3_47_2b6b6419.jpg,3,medium_FST3_4,0,0,0.2684299647808075
ps_f2_393_96953a29.jpg,C:\Users\Angad\Desktop\StemFellowship\data\raw\fitzpatrick\Categorized_AbbrvName\ps_653\ps_f2_393_96953a29.jpg,2,light_FST1_2,0,0,0.03945804014801979
er-mu_f2_220_3882699d.jpg,C:\Users\Angad\Desktop\StemFellowship\data\raw\fitzpatrick\Categorized_AbbrvName\er-mu_236\er-mu_f2_220_3882699d.jpg,2,light_FST1_2,0,0,0.03741314262151718
ph_f2_241_679a077b.jpg,C:\Users\Angad\Desktop\StemFellowship\data\raw\fitzpatrick\Categorized_AbbrvName\ph_348\ph_f2_241_679a077b.jpg,2,light_FST1_2,0,0,0.0033202541526407003
my-fu_f2_94_37a5b13c.jpg,C:\Users\Angad\Desktop\StemFellowship\data\raw\fitzpatrick\Categorized_AbbrvName\my-fu_182\my-fu_f2_94_37a5b13c.jpg,2,light_FST1_2,1,0,0.48766106367111206
fo-sp_f3_73_51edda24.jpg,C:\Users\Angad\Desktop\StemFellowship\data\raw\fitzpatrick\Categorized_AbbrvName\fo-sp_100\fo-sp_f3_73_51edda24.jpg,3,medium_FST3_4,0,0,0.006528171245008707
ac-ke_f2_128_cdbb5098.jpg,C:\Users\Angad\Desktop\StemFellowship\data\raw\fitzpatrick\Categorized_AbbrvName\ac-ke_175\ac-ke_f2_128_cdbb5098.jpg,2,light_FST1_2,1,0,0.0001099096771213226
pi-ru-pi_f1_87_9458880f.jpg,C:\Users\Angad\Desktop\StemFellowship\data\raw\fitzpatrick\Categorized_AbbrvName\pi-ru-pi_278\pi-ru-pi_f1_87_9458880f.jpg,1,light_FST1_2,0,0,0.0011384846875444055
se-de_f3_83_ebd83ebc.jpg,C:\Users\Angad\Desktop\StemFellowship\data\raw\fitzpatrick\Categorized_AbbrvName\se-de_126\se-de_f3_83_ebd83ebc.jpg,3,medium_FST3_4,0,0,0.00965987890958786
ne-in_f2_147_55698653.jpg,C:\Users\Angad\Desktop\StemFellowship\data\raw\fitzpatrick\Categorized_AbbrvName\ne-in_260\ne-in_f2_147_55698653.jpg,2,light_FST1_2,0,0,0.011584868654608727
ph_f1_139_e8fed005.jpg,C:\Users\Angad\Desktop\StemFellowship\data\raw\fitzpatrick\Categorized_AbbrvName\ph_348\ph_f1_139_e8fed005.jpg,1,light_FST1_2,0,0,0.024601172655820847
ur_f2_41_73caa82e.jpg,C:\Users\Angad\Desktop\StemFellowship\data\raw\fitzpatrick\Categorized_AbbrvName\ur_151\ur_f2_41_73caa82e.jpg,2,light_FST1_2,0,0,0.005174312274903059
ec_f3_198_f44c2e98.jpg,C:\Users\Angad\Desktop\StemFellowship\data\raw\fitzpatrick\Categorized_AbbrvName\ec_204\ec_f3_198_f44c2e98.jpg,3,medium_FST3_4,0,0,0.0045568509958684444
hi_f2_67_1c288fa3.jpg,C:\Users\Angad\Desktop\StemFellowship\data\raw\fitzpatrick\Categorized_AbbrvName\hi_90\hi_f2_67_1c288fa3.jpg,2,light_FST1_2,0,0,0.005103620700538158
ps_f1_548_20c1b2e9.jpg,C:\Users\Angad\Desktop\StemFellowship\data\raw\fitzpatrick\Categorized_AbbrvName\ps_653\ps_f1_548_20c1b2e9.jpg,1,light_FST1_2,0,0,0.02558327652513981
sa_f6_198_de247184.jpg,C:\Users\Angad\Desktop\StemFellowship\data\raw\fitzpatrick\Categorized_AbbrvName\sa_349\sa_f6_198_de247184.jpg,6,dark_FST5_6,0,0,0.003590191015973687
pi-ru-pi_f5_181_928acc72.jpg,C:\Users\Angad\Desktop\StemFellowship\data\raw\fitzpatrick\Categorized_AbbrvName\pi-ru-pi_278\pi-ru-pi_f5_181_928acc72.jpg,5,dark_FST5_6,0,0,0.00591673981398344
ca-cu_f4_59_08480bf0.jpg,C:\Users\Angad\Desktop\StemFellowship\data\raw\fitzpatrick\Categorized_AbbrvName\ca-cu_80\ca-cu_f4_59_08480bf0.jpg,4,medium_FST3_4,0,0,0.000157689573825337
ps_f2_199_29f0bdd4.jpg,C:\Users\Angad\Desktop\StemFellowship\data\raw\fitzpatrick\Categorized_AbbrvName\ps_653\ps_f2_199_29f0bdd4.jpg,2,light_FST1_2,0,0,0.0003706543066073209
fi-er_f4_17_0ed1bfa2.jpg,C:\Users\Angad\Desktop\StemFellowship\data\raw\fitzpatrick\Categorized_AbbrvName\fi-er_125\fi-er_f4_17_0ed1bfa2.jpg,4,medium_FST3_4,0,0,0.049752481281757355
sq-ce-ca_f1_350_e4f7ad41.jpg,C:\Users\Angad\Desktop\StemFellowship\data\raw\fitzpatrick\Categorized_AbbrvName\sq-ce-ca_581\sq-ce-ca_f1_350_e4f7ad41.jpg,1,light_FST1_2,1,0,0.37492191791534424
ba-ce-ca_f2_400_a635c175.jpg,C:\Users\Angad\Desktop\StemFellowship\data\raw\fitzpatrick\Categorized_AbbrvName\ba-ce-ca_468\ba-ce-ca_f2_400_a635c175.jpg,2,light_FST1_2,1,1,0.9999474287033081
dy-ec_f1_23_faff1924.jpg,C:\Users\Angad\Desktop\StemFellowship\data\raw\fitzpatrick\Categorized_AbbrvName\dy-ec_83\dy-ec_f1_23_faff1924.jpg,1,light_FST1_2,0,0,0.09685061126947403
ne-de_f4_67_55fd94b0.jpg,C:\Users\Angad\Desktop\StemFellowship\data\raw\fitzpatrick\Categorized_AbbrvName\ne-de_361\ne-de_f4_67_55fd94b0.jpg,4,medium_FST3_4,0,0,0.1781599223613739
ba-ce-ca_f5_224_875d767d.jpg,C:\Users\Angad\Desktop\StemFellowship\data\raw\fitzpatrick\Categorized_AbbrvName\ba-ce-ca_468\ba-ce-ca_f5_224_875d767d.jpg,5,dark_FST5_6,1,1,0.8836854696273804
se-ke_f4_54_8469304f.jpg,C:\Users\Angad\Desktop\StemFellowship\data\raw\fitzpatrick\Categorized_AbbrvName\se-ke_69\se-ke_f4_54_8469304f.jpg,4,medium_FST3_4,0,0,0.001667833887040615
ac-ke_f1_140_62711536.jpg,C:\Users\Angad\Desktop\StemFellowship\data\raw\fitzpatrick\Categorized_AbbrvName\ac-ke_175\ac-ke_f1_140_62711536.jpg,1,light_FST1_2,1,1,0.5315284132957458
da-di_f2_66_353ef668.jpg,C:\Users\Angad\Desktop\StemFellowship\data\raw\fitzpatrick\Categorized_AbbrvName\da-di_153\da-di_f2_66_353ef668.jpg,2,light_FST1_2,0,0,0.017634259536862373
er-an-ce_f2_78_987cbb71.jpg,C:\Users\Angad\Desktop\StemFellowship\data\raw\fitzpatrick\Categorized_AbbrvName\er-an-ce_88\er-an-ce_f2_78_987cbb71.jpg,2,light_FST1_2,0,0,0.0015548215014860034
po_f3_62_8fbaa055.jpg,C:\Users\Angad\Desktop\StemFellowship\data\raw\fitzpatrick\Categorized_AbbrvName\po_127\po_f3_62_8fbaa055.jpg,3,medium_FST3_4,0,0,0.0020620112773030996
my-fu_f2_119_ab641dc2.jpg,C:\Users\Angad\Desktop\StemFellowship\data\raw\fitzpatrick\Categorized_AbbrvName\my-fu_182\my-fu_f2_119_ab641dc2.jpg,2,light_FST1_2,1,1,0.6038834452629089
ac-vu_f1_174_0e436455.jpg,C:\Users\Angad\Desktop\StemFellowship\data\raw\fitzpatrick\Categorized_AbbrvName\ac-vu_335\ac-vu_f1_174_0e436455.jpg,1,light_FST1_2,0,0,0.007809527218341827
ur-pi_f1_7_dbb146f7.jpg,C:\Users\Angad\Desktop\StemFellowship\data\raw\fitzpatrick\Categorized_AbbrvName\ur-pi_112\ur-pi_f1_7_dbb146f7.jpg,1,light_FST1_2,0,0,0.0004961416125297546
li-pl_f3_374_068126fa.jpg,C:\Users\Angad\Desktop\StemFellowship\data\raw\fitzpatrick\Categorized_AbbrvName\li-pl_491\li-pl_f3_374_068126fa.jpg,3,medium_FST3_4,0,0,0.3007224500179291
li-si_f4_50_0411ab5e.jpg,C:\Users\Angad\Desktop\StemFellowship\data\raw\fitzpatrick\Categorized_AbbrvName\li-si_97\li-si_f4_50_0411ab5e.jpg,4,medium_FST3_4,0,0,0.006909702438861132
ac_f4_175_cff57f58.jpg,C:\Users\Angad\Desktop\StemFellowship\data\raw\fitzpatrick\Categorized_AbbrvName\ac_183\ac_f4_175_cff57f58.jpg,4,medium_FST3_4,0,0,9.563435014570132e-05
ju-xa_f2_122_95fb266a.jpg,C:\Users\Angad\Desktop\StemFellowship\data\raw\fitzpatrick\Categorized_AbbrvName\ju-xa_149\ju-xa_f2_122_95fb266a.jpg,2,light_FST1_2,0,0,0.0003008187632076442
sq-ce-ca_f3_482_427ead6a.jpg,C:\Users\Angad\Desktop\StemFellowship\data\raw\fitzpatrick\Categorized_AbbrvName\sq-ce-ca_581\sq-ce-ca_f3_482_427ead6a.jpg,3,medium_FST3_4,1,1,0.9995482563972473
ro_f3_99_acc78a15.jpg,C:\Users\Angad\Desktop\StemFellowship\data\raw\fitzpatrick\Categorized_AbbrvName\ro_102\ro_f3_99_acc78a15.jpg,3,medium_FST3_4,0,0,0.008330769836902618
dy-ec_f3_49_f26a3c6d.jpg,C:\Users\Angad\Desktop\StemFellowship\data\raw\fitzpatrick\Categorized_AbbrvName\dy-ec_83\dy-ec_f3_49_f26a3c6d.jpg,3,medium_FST3_4,0,0,0.002981314668431878
ly-di_f2_39_54328733.jpg,C:\Users\Angad\Desktop\StemFellowship\data\raw\fitzpatrick\Categorized_AbbrvName\ly-di_129\ly-di_f2_39_54328733.jpg,2,light_FST1_2,0,0,0.10036123543977737
ac-vu_f1_28_730cc0ae.jpg,C:\Users\Angad\Desktop\StemFellowship\data\raw\fitzpatrick\Categorized_AbbrvName\ac-vu_335\ac-vu_f1_28_730cc0ae.jpg,1,light_FST1_2,0,0,0.000710492255166173
lu-er_f2_151_f24d3c62.jpg,C:\Users\Angad\Desktop\StemFellowship\data\raw\fitzpatrick\Categorized_AbbrvName\lu-er_410\lu-er_f2_151_f24d3c62.jpg,2,light_FST1_2,0,0,0.00024375636712647974
ba-ce-ca_f5_407_849d8621.jpg,C:\Users\Angad\Desktop\StemFellowship\data\raw\fitzpatrick\Categorized_AbbrvName\ba-ce-ca_468\ba-ce-ca_f5_407_849d8621.jpg,5,dark_FST5_6,1,1,0.9999675750732422
er-el-di_f1_11_508e889f.jpg,C:\Users\Angad\Desktop\StemFellowship\data\raw\fitzpatrick\Categorized_AbbrvName\er-el-di_55\er-el-di_f1_11_508e889f.jpg,1,light_FST1_2,0,0,0.00014704735076520592
lu-er_f5_4_519b5ab6.jpg,C:\Users\Angad\Desktop\StemFellowship\data\raw\fitzpatrick\Categorized_AbbrvName\lu-er_410\lu-er_f5_4_519b5ab6.jpg,5,dark_FST5_6,0,0,0.00206477427855134
ph_f2_162_0caaeffa.jpg,C:\Users\Angad\Desktop\StemFellowship\data\raw\fitzpatrick\Categorized_AbbrvName\ph_348\ph_f2_162_0caaeffa.jpg,2,light_FST1_2,0,0,0.0012692260788753629
da-di_f2_23_2e694124.jpg,C:\Users\Angad\Desktop\StemFellowship\data\raw\fitzpatrick\Categorized_AbbrvName\da-di_153\da-di_f2_23_2e694124.jpg,2,light_FST1_2,0,0,0.00019619966042228043
al-co-de_f2_390_f7c68db8.jpg,C:\Users\Angad\Desktop\StemFellowship\data\raw\fitzpatrick\Categorized_AbbrvName\al-co-de_430\al-co-de_f2_390_f7c68db8.jpg,2,light_FST1_2,0,0,0.0004096803313586861
al-co-de_f3_422_c27fc3af.jpg,C:\Users\Angad\Desktop\StemFellowship\data\raw\fitzpatrick\Categorized_AbbrvName\al-co-de_430\al-co-de_f3_422_c27fc3af.jpg,3,medium_FST3_4,0,0,0.0023265082854777575
ph_f3_44_39a661a7.jpg,C:\Users\Angad\Desktop\StemFellowship\data\raw\fitzpatrick\Categorized_AbbrvName\ph_348\ph_f3_44_39a661a7.jpg,3,medium_FST3_4,0,0,0.007992723025381565
fo_f2_236_e78636d5.jpg,C:\Users\Angad\Desktop\StemFellowship\data\raw\fitzpatrick\Categorized_AbbrvName\fo_342\fo_f2_236_e78636d5.jpg,2,light_FST1_2,0,0,0.002524707466363907
lu-er_f5_384_501a9709.jpg,C:\Users\Angad\Desktop\StemFellowship\data\raw\fitzpatrick\Categorized_AbbrvName\lu-er_410\lu-er_f5_384_501a9709.jpg,5,dark_FST5_6,0,0,0.13572275638580322
pi-ru-pi_f4_133_d01f203f.jpg,C:\Users\Angad\Desktop\StemFellowship\data\raw\fitzpatrick\Categorized_AbbrvName\pi-ru-pi_278\pi-ru-pi_f4_133_d01f203f.jpg,4,medium_FST3_4,0,0,0.0013777515850961208
sq-ce-ca_f2_10_75f3059a.jpg,C:\Users\Angad\Desktop\StemFellowship\data\raw\fitzpatrick\Categorized_AbbrvName\sq-ce-ca_581\sq-ce-ca_f2_10_75f3059a.jpg,2,light_FST1_2,1,1,0.9636698365211487
st_f2_31_275032d3.jpg,C:\Users\Angad\Desktop\StemFellowship\data\raw\fitzpatrick\Categorized_AbbrvName\st_67\st_f2_31_275032d3.jpg,2,light_FST1_2,0,0,0.019565289840102196
pi-ru-pi_f5_157_3d8d7229.jpg,C:\Users\Angad\Desktop\StemFellowship\data\raw\fitzpatrick\Categorized_AbbrvName\pi-ru-pi_278\pi-ru-pi_f5_157_3d8d7229.jpg,5,dark_FST5_6,0,0,0.00028084349469281733
my-fu_f1_60_27d3995e.jpg,C:\Users\Angad\Desktop\StemFellowship\data\raw\fitzpatrick\Categorized_AbbrvName\my-fu_182\my-fu_f1_60_27d3995e.jpg,1,light_FST1_2,1,0,0.048863716423511505
sq-ce-ca_f2_512_c3994c3b.jpg,C:\Users\Angad\Desktop\StemFellowship\data\raw\fitzpatrick\Categorized_AbbrvName\sq-ce-ca_581\sq-ce-ca_f2_512_c3994c3b.jpg,2,light_FST1_2,1,1,0.987899124622345
al-co-de_f2_72_0d609c54.jpg,C:\Users\Angad\Desktop\StemFellowship\data\raw\fitzpatrick\Categorized_AbbrvName\al-co-de_430\al-co-de_f2_72_0d609c54.jpg,2,light_FST1_2,0,0,0.0001932150189531967
ca-cu_f1_67_63f38345.jpg,C:\Users\Angad\Desktop\StemFellowship\data\raw\fitzpatrick\Categorized_AbbrvName\ca-cu_80\ca-cu_f1_67_63f38345.jpg,1,light_FST1_2,0,0,0.04780081287026405
ph_f4_4_567e34fd.jpg,C:\Users\Angad\Desktop\StemFellowship\data\raw\fitzpatrick\Categorized_AbbrvName\ph_348\ph_f4_4_567e34fd.jpg,4,medium_FST3_4,0,0,7.47234225855209e-05
ps_f1_100_307bceae.jpg,C:\Users\Angad\Desktop\StemFellowship\data\raw\fitzpatrick\Categorized_AbbrvName\ps_653\ps_f1_100_307bceae.jpg,1,light_FST1_2,0,0,0.002775938715785742
ba-ce-ca_f4_223_9dd0c1d4.jpg,C:\Users\Angad\Desktop\StemFellowship\data\raw\fitzpatrick\Categorized_AbbrvName\ba-ce-ca_468\ba-ce-ca_f4_223_9dd0c1d4.jpg,4,medium_FST3_4,1,1,0.7474114894866943
ps_f2_385_8cf618dd.jpg,C:\Users\Angad\Desktop\StemFellowship\data\raw\fitzpatrick\Categorized_AbbrvName\ps_653\ps_f2_385_8cf618dd.jpg,2,light_FST1_2,0,0,0.0009793008212000132
ec_f2_21_21930448.jpg,C:\Users\Angad\Desktop\StemFellowship\data\raw\fitzpatrick\Categorized_AbbrvName\ec_204\ec_f2_21_21930448.jpg,2,light_FST1_2,0,0,0.000747526646591723
sq-ce-ca_f1_65_e5026029.jpg,C:\Users\Angad\Desktop\StemFellowship\data\raw\fitzpatrick\Categorized_AbbrvName\sq-ce-ca_581\sq-ce-ca_f1_65_e5026029.jpg,1,light_FST1_2,1,0,0.010170891880989075
lu-er_f1_139_da91cd38.jpg,C:\Users\Angad\Desktop\StemFellowship\data\raw\fitzpatrick\Categorized_AbbrvName\lu-er_410\lu-er_f1_139_da91cd38.jpg,1,light_FST1_2,0,0,0.00021108823420945555
sq-ce-ca_f2_282_05861d0f.jpg,C:\Users\Angad\Desktop\StemFellowship\data\raw\fitzpatrick\Categorized_AbbrvName\sq-ce-ca_581\sq-ce-ca_f2_282_05861d0f.jpg,2,light_FST1_2,1,0,0.013833737932145596
sq-ce-ca_f4_21_58aa51a6.jpg,C:\Users\Angad\Desktop\StemFellowship\data\raw\fitzpatrick\Categorized_AbbrvName\sq-ce-ca_581\sq-ce-ca_f4_21_58aa51a6.jpg,4,medium_FST3_4,1,1,0.990627646446228
lu-er_f5_388_3a4bba6b.jpg,C:\Users\Angad\Desktop\StemFellowship\data\raw\fitzpatrick\Categorized_AbbrvName\lu-er_410\lu-er_f5_388_3a4bba6b.jpg,5,dark_FST5_6,0,0,0.00010004740761360154
sy_f4_112_06e4ac87.jpg,C:\Users\Angad\Desktop\StemFellowship\data\raw\fitzpatrick\Categorized_AbbrvName\sy_127\sy_f4_112_06e4ac87.jpg,4,medium_FST3_4,0,0,0.00015695465845055878
al-co-de_f3_0_09d46db9.jpg,C:\Users\Angad\Desktop\StemFellowship\data\raw\fitzpatrick\Categorized_AbbrvName\al-co-de_430\al-co-de_f3_0_09d46db9.jpg,3,medium_FST3_4,0,0,0.0007442494388669729
li-am_f5_5_56333c83.jpg,C:\Users\Angad\Desktop\StemFellowship\data\raw\fitzpatrick\Categorized_AbbrvName\li-am_77\li-am_f5_5_56333c83.jpg,5,dark_FST5_6,0,0,0.0006922298925928771
se-de_f2_43_310cb908.jpg,C:\Users\Angad\Desktop\StemFellowship\data\raw\fitzpatrick\Categorized_AbbrvName\se-de_126\se-de_f2_43_310cb908.jpg,2,light_FST1_2,0,0,0.0897093266248703
ne-li_f1_42_e968f15e.jpg,C:\Users\Angad\Desktop\StemFellowship\data\raw\fitzpatrick\Categorized_AbbrvName\ne-li_123\ne-li_f1_42_e968f15e.jpg,1,light_FST1_2,0,0,0.009669043123722076
ne-ne_f2_67_a7eae4ff.jpg,C:\Users\Angad\Desktop\StemFellowship\data\raw\fitzpatrick\Categorized_AbbrvName\ne-ne_86\ne-ne_f2_67_a7eae4ff.jpg,2,light_FST1_2,0,1,0.5555416345596313
da-di_f4_122_02c99685.jpg,C:\Users\Angad\Desktop\StemFellowship\data\raw\fitzpatrick\Categorized_AbbrvName\da-di_153\da-di_f4_122_02c99685.jpg,4,medium_FST3_4,0,0,0.13347569108009338
vi_f6_77_43872a2c.jpg,C:\Users\Angad\Desktop\StemFellowship\data\raw\fitzpatrick\Categorized_AbbrvName\vi_166\vi_f6_77_43872a2c.jpg,6,dark_FST5_6,0,0,0.009068028070032597
lu-er_f4_150_d0afc637.jpg,C:\Users\Angad\Desktop\StemFellowship\data\raw\fitzpatrick\Categorized_AbbrvName\lu-er_410\lu-er_f4_150_d0afc637.jpg,4,medium_FST3_4,0,0,0.002696630312129855
ke_f2_10_a92bc582.jpg,C:\Users\Angad\Desktop\StemFellowship\data\raw\fitzpatrick\Categorized_AbbrvName\ke_156\ke_f2_10_a92bc582.jpg,2,light_FST1_2,0,0,2.90510924969567e-05
ne-ex_f3_5_bac823e1.jpg,C:\Users\Angad\Desktop\StemFellowship\data\raw\fitzpatrick\Categorized_AbbrvName\ne-ex_73\ne-ex_f3_5_bac823e1.jpg,3,medium_FST3_4,0,0,0.0010307496413588524
ju-xa_f1_103_f9c66381.jpg,C:\Users\Angad\Desktop\StemFellowship\data\raw\fitzpatrick\Categorized_AbbrvName\ju-xa_149\ju-xa_f1_103_f9c66381.jpg,1,light_FST1_2,0,0,0.001255095237866044
st_f4_37_ddb41a18.jpg,C:\Users\Angad\Desktop\StemFellowship\data\raw\fitzpatrick\Categorized_AbbrvName\st_67\st_f4_37_ddb41a18.jpg,4,medium_FST3_4,0,0,0.0008542604628019035
ur_f2_61_146548ef.jpg,C:\Users\Angad\Desktop\StemFellowship\data\raw\fitzpatrick\Categorized_AbbrvName\ur_151\ur_f2_61_146548ef.jpg,2,light_FST1_2,0,0,0.0015815610531717539
pr-no_f6_14_ad89479a.jpg,C:\Users\Angad\Desktop\StemFellowship\data\raw\fitzpatrick\Categorized_AbbrvName\pr-no_170\pr-no_f6_14_ad89479a.jpg,6,dark_FST5_6,0,0,0.0021037764381617308
pi-ro_f4_116_4b694610.jpg,C:\Users\Angad\Desktop\StemFellowship\data\raw\fitzpatrick\Categorized_AbbrvName\pi-ro_193\pi-ro_f4_116_4b694610.jpg,4,medium_FST3_4,0,0,0.017384011298418045
ur_f4_145_e06e7251.jpg,C:\Users\Angad\Desktop\StemFellowship\data\raw\fitzpatrick\Categorized_AbbrvName\ur_151\ur_f4_145_e06e7251.jpg,4,medium_FST3_4,0,0,0.000671853544190526
ha-ne_f2_13_3f7ec881.jpg,C:\Users\Angad\Desktop\StemFellowship\data\raw\fitzpatrick\Categorized_AbbrvName\ha-ne_82\ha-ne_f2_13_3f7ec881.jpg,2,light_FST1_2,0,0,0.023088080808520317
al-co-de_f2_2_56e69718.jpg,C:\Users\Angad\Desktop\StemFellowship\data\raw\fitzpatrick\Categorized_AbbrvName\al-co-de_430\al-co-de_f2_2_56e69718.jpg,2,light_FST1_2,0,0,7.570185698568821e-05
sa_f3_315_8df92a18.jpg,C:\Users\Angad\Desktop\StemFellowship\data\raw\fitzpatrick\Categorized_AbbrvName\sa_349\sa_f3_315_8df92a18.jpg,3,medium_FST3_4,0,0,0.07574428617954254
tu-sc_f5_32_cccfe980.jpg,C:\Users\Angad\Desktop\StemFellowship\data\raw\fitzpatrick\Categorized_AbbrvName\tu-sc_141\tu-sc_f5_32_cccfe980.jpg,5,dark_FST5_6,0,0,6.7616616433952e-05
al-co-de_f6_47_896d5d90.jpg,C:\Users\Angad\Desktop\StemFellowship\data\raw\fitzpatrick\Categorized_AbbrvName\al-co-de_430\al-co-de_f6_47_896d5d90.jpg,6,dark_FST5_6,0,0,0.0012089221272617579
st-jo-sy_f2_74_f7e8639a.jpg,C:\Users\Angad\Desktop\StemFellowship\data\raw\fitzpatrick\Categorized_AbbrvName\st-jo-sy_113\st-jo-sy_f2_74_f7e8639a.jpg,2,light_FST1_2,0,0,0.0970412939786911
be-ne_f1_41_eede4023.jpg,C:\Users\Angad\Desktop\StemFellowship\data\raw\fitzpatrick\Categorized_AbbrvName\be-ne_63\be-ne_f1_41_eede4023.jpg,1,light_FST1_2,0,1,0.5010678768157959
vi_f3_98_01f31bee.jpg,C:\Users\Angad\Desktop\StemFellowship\data\raw\fitzpatrick\Categorized_AbbrvName\vi_166\vi_f3_98_01f31bee.jpg,3,medium_FST3_4,0,0,0.004015518818050623
my-fu_f3_171_634f0aff.jpg,C:\Users\Angad\Desktop\StemFellowship\data\raw\fitzpatrick\Categorized_AbbrvName\my-fu_182\my-fu_f3_171_634f0aff.jpg,3,medium_FST3_4,1,0,0.06507540494203568
ma-me_f2_52_2c5bbb7a.jpg,C:\Users\Angad\Desktop\StemFellowship\data\raw\fitzpatrick\Categorized_AbbrvName\ma-me_111\ma-me_f2_52_2c5bbb7a.jpg,2,light_FST1_2,1,1,0.7900469303131104
st-jo-sy_f2_41_ff1ef2cb.jpg,C:\Users\Angad\Desktop\StemFellowship\data\raw\fitzpatrick\Categorized_AbbrvName\st-jo-sy_113\st-jo-sy_f2_41_ff1ef2cb.jpg,2,light_FST1_2,0,0,0.09976048767566681
fo-sp_f3_43_de57971a.jpg,C:\Users\Angad\Desktop\StemFellowship\data\raw\fitzpatrick\Categorized_AbbrvName\fo-sp_100\fo-sp_f3_43_de57971a.jpg,3,medium_FST3_4,0,0,0.35987141728401184
ps_f2_278_a2fc9689.jpg,C:\Users\Angad\Desktop\StemFellowship\data\raw\fitzpatrick\Categorized_AbbrvName\ps_653\ps_f2_278_a2fc9689.jpg,2,light_FST1_2,0,0,0.0002096514799632132
lu-er_f2_39_847799c8.jpg,C:\Users\Angad\Desktop\StemFellowship\data\raw\fitzpatrick\Categorized_AbbrvName\lu-er_410\lu-er_f2_39_847799c8.jpg,2,light_FST1_2,0,0,0.00013174416380934417
lu-er_f5_338_9e6ba9a4.jpg,C:\Users\Angad\Desktop\StemFellowship\data\raw\fitzpatrick\Categorized_AbbrvName\lu-er_410\lu-er_f5_338_9e6ba9a4.jpg,5,dark_FST5_6,0,0,0.00032689201179891825
ha-ne_f4_21_a72a10a9.jpg,C:\Users\Angad\Desktop\StemFellowship\data\raw\fitzpatrick\Categorized_AbbrvName\ha-ne_82\ha-ne_f4_21_a72a10a9.jpg,4,medium_FST3_4,0,0,0.0651594027876854
li-am_f4_27_42f33f3a.jpg,C:\Users\Angad\Desktop\StemFellowship\data\raw\fitzpatrick\Categorized_AbbrvName\li-am_77\li-am_f4_27_42f33f3a.jpg,4,medium_FST3_4,0,0,0.04259505495429039
ca-cu_f2_9_7c0c38d7.jpg,C:\Users\Angad\Desktop\StemFellowship\data\raw\fitzpatrick\Categorized_AbbrvName\ca-cu_80\ca-cu_f2_9_7c0c38d7.jpg,2,light_FST1_2,0,0,0.008623317815363407
li-pl_f2_31_c52074f9.jpg,C:\Users\Angad\Desktop\StemFellowship\data\raw\fitzpatrick\Categorized_AbbrvName\li-pl_491\li-pl_f2_31_c52074f9.jpg,2,light_FST1_2,0,0,0.017494790256023407
er-el-di_f3_43_1cae3633.jpg,C:\Users\Angad\Desktop\StemFellowship\data\raw\fitzpatrick\Categorized_AbbrvName\er-el-di_55\er-el-di_f3_43_1cae3633.jpg,3,medium_FST3_4,0,0,0.0023397619370371103
ly-di_f2_65_a891d81d.jpg,C:\Users\Angad\Desktop\StemFellowship\data\raw\fitzpatrick\Categorized_AbbrvName\ly-di_129\ly-di_f2_65_a891d81d.jpg,2,light_FST1_2,0,0,0.0008006636635400355
le-ma_f5_40_9a7cea38.jpg,C:\Users\Angad\Desktop\StemFellowship\data\raw\fitzpatrick\Categorized_AbbrvName\le-ma_83\le-ma_f5_40_9a7cea38.jpg,5,dark_FST5_6,1,1,0.9338110089302063
po-ac_f4_127_3fea7ef3.jpg,C:\Users\Angad\Desktop\StemFellowship\data\raw\fitzpatrick\Categorized_AbbrvName\po-ac_183\po-ac_f4_127_3fea7ef3.jpg,4,medium_FST3_4,0,0,0.03614770248532295
ba-ce-ca_f1_186_10ed2d0e.jpg,C:\Users\Angad\Desktop\StemFellowship\data\raw\fitzpatrick\Categorized_AbbrvName\ba-ce-ca_468\ba-ce-ca_f1_186_10ed2d0e.jpg,1,light_FST1_2,1,0,0.054050035774707794
pi-cy_f5_65_55d8b07c.jpg,C:\Users\Angad\Desktop\StemFellowship\data\raw\fitzpatrick\Categorized_AbbrvName\pi-cy_93\pi-cy_f5_65_55d8b07c.jpg,5,dark_FST5_6,0,0,0.0014721495099365711
ke-pi_f2_37_b83d122a.jpg,C:\Users\Angad\Desktop\StemFellowship\data\raw\fitzpatrick\Categorized_AbbrvName\ke-pi_78\ke-pi_f2_37_b83d122a.jpg,2,light_FST1_2,0,0,0.04033008962869644
ac_f2_154_154e1e8b.jpg,C:\Users\Angad\Desktop\StemFellowship\data\raw\fitzpatrick\Categorized_AbbrvName\ac_183\ac_f2_154_154e1e8b.jpg,2,light_FST1_2,0,0,0.028346415609121323
te_f5_121_bcf05850.jpg,C:\Users\Angad\Desktop\StemFellowship\data\raw\fitzpatrick\Categorized_AbbrvName\te_126\te_f5_121_bcf05850.jpg,5,dark_FST5_6,0,0,0.05493248999118805
al-co-de_f1_70_97f6a470.jpg,C:\Users\Angad\Desktop\StemFellowship\data\raw\fitzpatrick\Categorized_AbbrvName\al-co-de_430\al-co-de_f1_70_97f6a470.jpg,1,light_FST1_2,0,0,0.0066017224453389645
su-da-sk_f3_49_3dda401b.jpg,C:\Users\Angad\Desktop\StemFellowship\data\raw\fitzpatrick\Categorized_AbbrvName\su-da-sk_66\su-da-sk_f3_49_3dda401b.jpg,3,medium_FST3_4,0,0,0.01805924065411091
my-fu_f2_88_25f0ba43.jpg,C:\Users\Angad\Desktop\StemFellowship\data\raw\fitzpatrick\Categorized_AbbrvName\my-fu_182\my-fu_f2_88_25f0ba43.jpg,2,light_FST1_2,1,0,0.025342339649796486
ac-vu_f1_189_caaf586f.jpg,C:\Users\Angad\Desktop\StemFellowship\data\raw\fitzpatrick\Categorized_AbbrvName\ac-vu_335\ac-vu_f1_189_caaf586f.jpg,1,light_FST1_2,0,0,0.0012113087577745318
ps_f2_10_2574ada7.jpg,C:\Users\Angad\Desktop\StemFellowship\data\raw\fitzpatrick\Categorized_AbbrvName\ps_653\ps_f2_10_2574ada7.jpg,2,light_FST1_2,0,0,0.00013435044093057513
lu-su_f2_65_463bcce2.jpg,C:\Users\Angad\Desktop\StemFellowship\data\raw\fitzpatrick\Categorized_AbbrvName\lu-su_111\lu-su_f2_65_463bcce2.jpg,2,light_FST1_2,0,0,0.033674757927656174
er-mu_f3_83_b47bf4fc.jpg,C:\Users\Angad\Desktop\StemFellowship\data\raw\fitzpatrick\Categorized_AbbrvName\er-mu_236\er-mu_f3_83_b47bf4fc.jpg,3,medium_FST3_4,0,0,0.0001279116841033101
vi_f5_7_9e2b29f0.jpg,C:\Users\Angad\Desktop\StemFellowship\data\raw\fitzpatrick\Categorized_AbbrvName\vi_166\vi_f5_7_9e2b29f0.jpg,5,dark_FST5_6,0,1,0.9735697507858276
da-di_f1_58_8084f138.jpg,C:\Users\Angad\Desktop\StemFellowship\data\raw\fitzpatrick\Categorized_AbbrvName\da-di_153\da-di_f1_58_8084f138.jpg,1,light_FST1_2,0,0,0.010974302887916565
ec_f5_85_efa58e28.jpg,C:\Users\Angad\Desktop\StemFellowship\data\raw\fitzpatrick\Categorized_AbbrvName\ec_204\ec_f5_85_efa58e28.jpg,5,dark_FST5_6,0,0,0.0005016684881411493
pa_f1_54_99ecf17a.jpg,C:\Users\Angad\Desktop\StemFellowship\data\raw\fitzpatrick\Categorized_AbbrvName\pa_59\pa_f1_54_99ecf17a.jpg,1,light_FST1_2,0,0,0.005531491246074438
pr-no_f4_145_41169ebe.jpg,C:\Users\Angad\Desktop\StemFellowship\data\raw\fitzpatrick\Categorized_AbbrvName\pr-no_170\pr-no_f4_145_41169ebe.jpg,4,medium_FST3_4,0,0,0.40300822257995605
ph_f2_134_311d8885.jpg,C:\Users\Angad\Desktop\StemFellowship\data\raw\fitzpatrick\Categorized_AbbrvName\ph_348\ph_f2_134_311d8885.jpg,2,light_FST1_2,0,0,0.0007385123171843588
pe-li_f2_92_3dea91c7.jpg,C:\Users\Angad\Desktop\StemFellowship\data\raw\fitzpatrick\Categorized_AbbrvName\pe-li_151\pe-li_f2_92_3dea91c7.jpg,2,light_FST1_2,0,0,0.1215977668762207
hi_f3_79_b7e3ef8d.jpg,C:\Users\Angad\Desktop\StemFellowship\data\raw\fitzpatrick\Categorized_AbbrvName\hi_90\hi_f3_79_b7e3ef8d.jpg,3,medium_FST3_4,0,0,0.01594448834657669
ro_f2_11_59b3b154.jpg,C:\Users\Angad\Desktop\StemFellowship\data\raw\fitzpatrick\Categorized_AbbrvName\ro_102\ro_f2_11_59b3b154.jpg,2,light_FST1_2,0,0,0.007015119772404432
al-co-de_f1_211_f3083c2f.jpg,C:\Users\Angad\Desktop\StemFellowship\data\raw\fitzpatrick\Categorized_AbbrvName\al-co-de_430\al-co-de_f1_211_f3083c2f.jpg,1,light_FST1_2,0,0,0.013883787207305431
ne-de_f2_200_07270b3c.jpg,C:\Users\Angad\Desktop\StemFellowship\data\raw\fitzpatrick\Categorized_AbbrvName\ne-de_361\ne-de_f2_200_07270b3c.jpg,2,light_FST1_2,0,1,0.737429678440094
sq-ce-ca_f4_195_b45313d1.jpg,C:\Users\Angad\Desktop\StemFellowship\data\raw\fitzpatrick\Categorized_AbbrvName\sq-ce-ca_581\sq-ce-ca_f4_195_b45313d1.jpg,4,medium_FST3_4,1,0,0.38637158274650574
ro_f1_0_c7e22ff8.jpg,C:\Users\Angad\Desktop\StemFellowship\data\raw\fitzpatrick\Categorized_AbbrvName\ro_102\ro_f1_0_c7e22ff8.jpg,1,light_FST1_2,0,0,0.02667170576751232
li-am_f4_26_c4d2ff20.jpg,C:\Users\Angad\Desktop\StemFellowship\data\raw\fitzpatrick\Categorized_AbbrvName\li-am_77\li-am_f4_26_c4d2ff20.jpg,4,medium_FST3_4,0,0,0.01497843861579895
pe-li_f3_138_410b6c5e.jpg,C:\Users\Angad\Desktop\StemFellowship\data\raw\fitzpatrick\Categorized_AbbrvName\pe-li_151\pe-li_f3_138_410b6c5e.jpg,3,medium_FST3_4,0,0,0.025780675932765007
st_f3_66_d4f59a70.jpg,C:\Users\Angad\Desktop\StemFellowship\data\raw\fitzpatrick\Categorized_AbbrvName\st_67\st_f3_66_d4f59a70.jpg,3,medium_FST3_4,0,0,0.0010037180036306381
st_f2_1_9bd7df80.jpg,C:\Users\Angad\Desktop\StemFellowship\data\raw\fitzpatrick\Categorized_AbbrvName\st_67\st_f2_1_9bd7df80.jpg,2,light_FST1_2,0,0,0.006647907663136721
ka-sa_f1_12_3c8561db.jpg,C:\Users\Angad\Desktop\StemFellowship\data\raw\fitzpatrick\Categorized_AbbrvName\ka-sa_156\ka-sa_f1_12_3c8561db.jpg,1,light_FST1_2,1,1,0.7101247310638428
my-fu_f2_4_174f6d75.jpg,C:\Users\Angad\Desktop\StemFellowship\data\raw\fitzpatrick\Categorized_AbbrvName\my-fu_182\my-fu_f2_4_174f6d75.jpg,2,light_FST1_2,1,0,0.001761218998581171
fo-sp_f2_93_6330887b.jpg,C:\Users\Angad\Desktop\StemFellowship\data\raw\fitzpatrick\Categorized_AbbrvName\fo-sp_100\fo-sp_f2_93_6330887b.jpg,2,light_FST1_2,0,0,0.002565589966252446
er-el-di_f3_33_65e43b2e.jpg,C:\Users\Angad\Desktop\StemFellowship\data\raw\fitzpatrick\Categorized_AbbrvName\er-el-di_55\er-el-di_f3_33_65e43b2e.jpg,3,medium_FST3_4,0,0,0.0022385676857084036
ne-ex_f1_52_e7ee6c9e.jpg,C:\Users\Angad\Desktop\StemFellowship\data\raw\fitzpatrick\Categorized_AbbrvName\ne-ex_73\ne-ex_f1_52_e7ee6c9e.jpg,1,light_FST1_2,0,0,0.0008833033498376608
su-da-sk_f2_7_7cdda277.jpg,C:\Users\Angad\Desktop\StemFellowship\data\raw\fitzpatrick\Categorized_AbbrvName\su-da-sk_66\su-da-sk_f2_7_7cdda277.jpg,2,light_FST1_2,0,0,0.11883020401000977
al-co-de_f1_46_f8b65c26.jpg,C:\Users\Angad\Desktop\StemFellowship\data\raw\fitzpatrick\Categorized_AbbrvName\al-co-de_430\al-co-de_f1_46_f8b65c26.jpg,1,light_FST1_2,0,0,0.0003106528311036527
ka-sa_f4_49_bb4c4f16.jpg,C:\Users\Angad\Desktop\StemFellowship\data\raw\fitzpatrick\Categorized_AbbrvName\ka-sa_156\ka-sa_f4_49_bb4c4f16.jpg,4,medium_FST3_4,1,1,0.9906073808670044
ha-ha-di_f1_115_815c2603.jpg,C:\Users\Angad\Desktop\StemFellowship\data\raw\fitzpatrick\Categorized_AbbrvName\ha-ha-di_174\ha-ha-di_f1_115_815c2603.jpg,1,light_FST1_2,0,0,0.004545505158603191
fo_f2_165_444aaf98.jpg,C:\Users\Angad\Desktop\StemFellowship\data\raw\fitzpatrick\Categorized_AbbrvName\fo_342\fo_f2_165_444aaf98.jpg,2,light_FST1_2,0,0,0.0073842150159180164
gr-an_f4_61_2a836240.jpg,C:\Users\Angad\Desktop\StemFellowship\data\raw\fitzpatrick\Categorized_AbbrvName\gr-an_211\gr-an_f4_61_2a836240.jpg,4,medium_FST3_4,0,0,0.018409447744488716
ly-di_f2_69_5a22a7c9.jpg,C:\Users\Angad\Desktop\StemFellowship\data\raw\fitzpatrick\Categorized_AbbrvName\ly-di_129\ly-di_f2_69_5a22a7c9.jpg,2,light_FST1_2,0,0,0.010093587450683117
py-gr_f3_79_02dfbc0e.jpg,C:\Users\Angad\Desktop\StemFellowship\data\raw\fitzpatrick\Categorized_AbbrvName\py-gr_113\py-gr_f3_79_02dfbc0e.jpg,3,medium_FST3_4,0,1,0.9997276663780212
ma-me_f2_108_248f9241.jpg,C:\Users\Angad\Desktop\StemFellowship\data\raw\fitzpatrick\Categorized_AbbrvName\ma-me_111\ma-me_f2_108_248f9241.jpg,2,light_FST1_2,1,1,0.9991878867149353
eh-da-sy_f2_47_6865fe10.jpg,C:\Users\Angad\Desktop\StemFellowship\data\raw\fitzpatrick\Categorized_AbbrvName\eh-da-sy_127\eh-da-sy_f2_47_6865fe10.jpg,2,light_FST1_2,0,0,0.0032431830186396837
eh-da-sy_f2_5_73d9b753.jpg,C:\Users\Angad\Desktop\StemFellowship\data\raw\fitzpatrick\Categorized_AbbrvName\eh-da-sy_127\eh-da-sy_f2_5_73d9b753.jpg,2,light_FST1_2,0,0,0.31886956095695496
sq-ce-ca_f2_539_39bef788.jpg,C:\Users\Angad\Desktop\StemFellowship\data\raw\fitzpatrick\Categorized_AbbrvName\sq-ce-ca_581\sq-ce-ca_f2_539_39bef788.jpg,2,light_FST1_2,1,1,0.9872621893882751
ps_f2_74_fd307fa6.jpg,C:\Users\Angad\Desktop\StemFellowship\data\raw\fitzpatrick\Categorized_AbbrvName\ps_653\ps_f2_74_fd307fa6.jpg,2,light_FST1_2,0,0,0.003908408340066671
ne-ne_f1_18_d653edb6.jpg,C:\Users\Angad\Desktop\StemFellowship\data\raw\fitzpatrick\Categorized_AbbrvName\ne-ne_86\ne-ne_f1_18_d653edb6.jpg,1,light_FST1_2,0,0,0.002195311477407813
sq-ce-ca_f5_565_a036718d.jpg,C:\Users\Angad\Desktop\StemFellowship\data\raw\fitzpatrick\Categorized_AbbrvName\sq-ce-ca_581\sq-ce-ca_f5_565_a036718d.jpg,5,dark_FST5_6,1,1,0.9528123736381531
se-ke_f1_2_d6786927.jpg,C:\Users\Angad\Desktop\StemFellowship\data\raw\fitzpatrick\Categorized_AbbrvName\se-ke_69\se-ke_f1_2_d6786927.jpg,1,light_FST1_2,0,0,0.3054778277873993
st-ed_f3_49_78ac41b9.jpg,C:\Users\Angad\Desktop\StemFellowship\data\raw\fitzpatrick\Categorized_AbbrvName\st-ed_69\st-ed_f3_49_78ac41b9.jpg,3,medium_FST3_4,0,1,0.9918702840805054
xa_f1_14_c9ae63b9.jpg,C:\Users\Angad\Desktop\StemFellowship\data\raw\fitzpatrick\Categorized_AbbrvName\xa_53\xa_f1_14_c9ae63b9.jpg,1,light_FST1_2,0,0,0.21602463722229004
ac-ke_f4_161_b0b5f595.jpg,C:\Users\Angad\Desktop\StemFellowship\data\raw\fitzpatrick\Categorized_AbbrvName\ac-ke_175\ac-ke_f4_161_b0b5f595.jpg,4,medium_FST3_4,1,1,0.9665842652320862
pi-ru-pi_f5_58_3afc05b1.jpg,C:\Users\Angad\Desktop\StemFellowship\data\raw\fitzpatrick\Categorized_AbbrvName\pi-ru-pi_278\pi-ru-pi_f5_58_3afc05b1.jpg,5,dark_FST5_6,0,0,8.226949285017326e-05
sq-ce-ca_f3_213_0353409e.jpg,C:\Users\Angad\Desktop\StemFellowship\data\raw\fitzpatrick\Categorized_AbbrvName\sq-ce-ca_581\sq-ce-ca_f3_213_0353409e.jpg,3,medium_FST3_4,1,0,0.01850028894841671
ac-vu_f2_284_dc412f2b.jpg,C:\Users\Angad\Desktop\StemFellowship\data\raw\fitzpatrick\Categorized_AbbrvName\ac-vu_335\ac-vu_f2_284_dc412f2b.jpg,2,light_FST1_2,0,0,3.326345540699549e-05
sa_f6_49_b20dd9c7.jpg,C:\Users\Angad\Desktop\StemFellowship\data\raw\fitzpatrick\Categorized_AbbrvName\sa_349\sa_f6_49_b20dd9c7.jpg,6,dark_FST5_6,0,0,0.001287688734009862
pu-ps_f1_33_3cbcd62a.jpg,C:\Users\Angad\Desktop\StemFellowship\data\raw\fitzpatrick\Categorized_AbbrvName\pu-ps_53\pu-ps_f1_33_3cbcd62a.jpg,1,light_FST1_2,0,0,0.005534850060939789
al-co-de_f2_337_d9711f58.jpg,C:\Users\Angad\Desktop\StemFellowship\data\raw\fitzpatrick\Categorized_AbbrvName\al-co-de_430\al-co-de_f2_337_d9711f58.jpg,2,light_FST1_2,0,0,0.008459802716970444
pe-li_f3_102_656ddb7b.jpg,C:\Users\Angad\Desktop\StemFellowship\data\raw\fitzpatrick\Categorized_AbbrvName\pe-li_151\pe-li_f3_102_656ddb7b.jpg,3,medium_FST3_4,0,1,0.6692201495170593
ke-pi_f1_50_63a44b60.jpg,C:\Users\Angad\Desktop\StemFellowship\data\raw\fitzpatrick\Categorized_AbbrvName\ke-pi_78\ke-pi_f1_50_63a44b60.jpg,1,light_FST1_2,0,0,0.00014461023965850472
sq-ce-ca_f3_506_079f0432.jpg,C:\Users\Angad\Desktop\StemFellowship\data\raw\fitzpatrick\Categorized_AbbrvName\sq-ce-ca_581\sq-ce-ca_f3_506_079f0432.jpg,3,medium_FST3_4,1,0,0.40385010838508606
fa-de_f1_29_b2447aaf.jpg,C:\Users\Angad\Desktop\StemFellowship\data\raw\fitzpatrick\Categorized_AbbrvName\fa-de_66\fa-de_f1_29_b2447aaf.jpg,1,light_FST1_2,0,0,0.0017103032441809773
co-ne_f3_60_10055efa.jpg,C:\Users\Angad\Desktop\StemFellowship\data\raw\fitzpatrick\Categorized_AbbrvName\co-ne_68\co-ne_f3_60_10055efa.jpg,3,medium_FST3_4,0,0,0.0020387317053973675
ps_f4_573_6258560e.jpg,C:\Users\Angad\Desktop\StemFellowship\data\raw\fitzpatrick\Categorized_AbbrvName\ps_653\ps_f4_573_6258560e.jpg,4,medium_FST3_4,0,0,0.0011123975273221731
sa_f1_69_e25472b5.jpg,C:\Users\Angad\Desktop\StemFellowship\data\raw\fitzpatrick\Categorized_AbbrvName\sa_349\sa_f1_69_e25472b5.jpg,1,light_FST1_2,0,0,0.0009987906087189913
gr-an_f2_8_aa69adfc.jpg,C:\Users\Angad\Desktop\StemFellowship\data\raw\fitzpatrick\Categorized_AbbrvName\gr-an_211\gr-an_f2_8_aa69adfc.jpg,2,light_FST1_2,0,0,0.0005460474058054388
ps_f3_234_f0c21964.jpg,C:\Users\Angad\Desktop\StemFellowship\data\raw\fitzpatrick\Categorized_AbbrvName\ps_653\ps_f3_234_f0c21964.jpg,3,medium_FST3_4,0,1,0.7490790486335754
di-ac-po_f2_31_c47d1570.jpg,C:\Users\Angad\Desktop\StemFellowship\data\raw\fitzpatrick\Categorized_AbbrvName\di-ac-po_60\di-ac-po_f2_31_c47d1570.jpg,2,light_FST1_2,0,1,0.8510147333145142
ne-ne_f4_2_c1e1779a.jpg,C:\Users\Angad\Desktop\StemFellowship\data\raw\fitzpatrick\Categorized_AbbrvName\ne-ne_86\ne-ne_f4_2_c1e1779a.jpg,4,medium_FST3_4,0,0,0.006989477202296257
st-jo-sy_f2_60_88c561ef.jpg,C:\Users\Angad\Desktop\StemFellowship\data\raw\fitzpatrick\Categorized_AbbrvName\st-jo-sy_113\st-jo-sy_f2_60_88c561ef.jpg,2,light_FST1_2,0,0,0.026011453941464424
vi_f5_106_41de318a.jpg,C:\Users\Angad\Desktop\StemFellowship\data\raw\fitzpatrick\Categorized_AbbrvName\vi_166\vi_f5_106_41de318a.jpg,5,dark_FST5_6,0,0,0.017095858231186867
ha-ne_f2_11_e4e454f1.jpg,C:\Users\Angad\Desktop\StemFellowship\data\raw\fitzpatrick\Categorized_AbbrvName\ha-ne_82\ha-ne_f2_11_e4e454f1.jpg,2,light_FST1_2,0,0,0.0006323517300188541
ac-vu_f3_25_333be380.jpg,C:\Users\Angad\Desktop\StemFellowship\data\raw\fitzpatrick\Categorized_AbbrvName\ac-vu_335\ac-vu_f3_25_333be380.jpg,3,medium_FST3_4,0,0,0.004204902332276106
ne-in_f5_15_448cd3e2.jpg,C:\Users\Angad\Desktop\StemFellowship\data\raw\fitzpatrick\Categorized_AbbrvName\ne-in_260\ne-in_f5_15_448cd3e2.jpg,5,dark_FST5_6,0,0,0.0007361506577581167
py-gr_f1_97_bf572e49.jpg,C:\Users\Angad\Desktop\StemFellowship\data\raw\fitzpatrick\Categorized_AbbrvName\py-gr_113\py-gr_f1_97_bf572e49.jpg,1,light_FST1_2,0,0,0.0047281403094530106
al-co-de_f4_424_fd387bbf.jpg,C:\Users\Angad\Desktop\StemFellowship\data\raw\fitzpatrick\Categorized_AbbrvName\al-co-de_430\al-co-de_f4_424_fd387bbf.jpg,4,medium_FST3_4,0,0,0.004762605298310518
dr-er_f1_103_e5e9b853.jpg,C:\Users\Angad\Desktop\StemFellowship\data\raw\fitzpatrick\Categorized_AbbrvName\dr-er_200\dr-er_f1_103_e5e9b853.jpg,1,light_FST1_2,0,0,0.00021547841606661677
sa_f2_178_90129ccf.jpg,C:\Users\Angad\Desktop\StemFellowship\data\raw\fitzpatrick\Categorized_AbbrvName\sa_349\sa_f2_178_90129ccf.jpg,2,light_FST1_2,0,0,0.13637784123420715
al-co-de_f2_375_7eeb14d8.jpg,C:\Users\Angad\Desktop\StemFellowship\data\raw\fitzpatrick\Categorized_AbbrvName\al-co-de_430\al-co-de_f2_375_7eeb14d8.jpg,2,light_FST1_2,0,0,0.08534465730190277
li-pl_f3_326_41234286.jpg,C:\Users\Angad\Desktop\StemFellowship\data\raw\fitzpatrick\Categorized_AbbrvName\li-pl_491\li-pl_f3_326_41234286.jpg,3,medium_FST3_4,0,0,3.3429835184506373e-06
pi-ro_f4_163_803ab534.jpg,C:\Users\Angad\Desktop\StemFellowship\data\raw\fitzpatrick\Categorized_AbbrvName\pi-ro_193\pi-ro_f4_163_803ab534.jpg,4,medium_FST3_4,0,0,0.011192423291504383
na-co_f4_37_c1624edf.jpg,C:\Users\Angad\Desktop\StemFellowship\data\raw\fitzpatrick\Categorized_AbbrvName\na-co_73\na-co_f4_37_c1624edf.jpg,4,medium_FST3_4,0,0,0.01434015017002821
er-mu_f5_158_01802314.jpg,C:\Users\Angad\Desktop\StemFellowship\data\raw\fitzpatrick\Categorized_AbbrvName\er-mu_236\er-mu_f5_158_01802314.jpg,5,dark_FST5_6,0,0,3.372866922290996e-05
ly-di_f2_2_8915cc62.jpg,C:\Users\Angad\Desktop\StemFellowship\data\raw\fitzpatrick\Categorized_AbbrvName\ly-di_129\ly-di_f2_2_8915cc62.jpg,2,light_FST1_2,0,0,0.028643500059843063
sy_f4_31_e81aef70.jpg,C:\Users\Angad\Desktop\StemFellowship\data\raw\fitzpatrick\Categorized_AbbrvName\sy_127\sy_f4_31_e81aef70.jpg,4,medium_FST3_4,0,0,0.00013497320469468832
ic-vu_f1_24_35c6df93.jpg,C:\Users\Angad\Desktop\StemFellowship\data\raw\fitzpatrick\Categorized_AbbrvName\ic-vu_65\ic-vu_f1_24_35c6df93.jpg,1,light_FST1_2,0,0,0.0002600190637167543
ha-ha-di_f4_84_d613ccf6.jpg,C:\Users\Angad\Desktop\StemFellowship\data\raw\fitzpatrick\Categorized_AbbrvName\ha-ha-di_174\ha-ha-di_f4_84_d613ccf6.jpg,4,medium_FST3_4,0,0,0.003175309393554926
ke_f5_41_481cf87e.jpg,C:\Users\Angad\Desktop\StemFellowship\data\raw\fitzpatrick\Categorized_AbbrvName\ke_156\ke_f5_41_481cf87e.jpg,5,dark_FST5_6,0,0,0.001603444921784103
ma-me_f3_58_a4158b66.jpg,C:\Users\Angad\Desktop\StemFellowship\data\raw\fitzpatrick\Categorized_AbbrvName\ma-me_111\ma-me_f3_58_a4158b66.jpg,3,medium_FST3_4,1,0,0.0018785890424624085
ur-pi_f3_54_03953317.jpg,C:\Users\Angad\Desktop\StemFellowship\data\raw\fitzpatrick\Categorized_AbbrvName\ur-pi_112\ur-pi_f3_54_03953317.jpg,3,medium_FST3_4,0,0,0.014097724109888077
ap-cu_f1_30_55ce57ec.jpg,C:\Users\Angad\Desktop\StemFellowship\data\raw\fitzpatrick\Categorized_AbbrvName\ap-cu_72\ap-cu_f1_30_55ce57ec.jpg,1,light_FST1_2,0,0,0.044372376054525375
gr-an_f1_140_21a68938.jpg,C:\Users\Angad\Desktop\StemFellowship\data\raw\fitzpatrick\Categorized_AbbrvName\gr-an_211\gr-an_f1_140_21a68938.jpg,1,light_FST1_2,0,0,0.0012966328067705035
ec_f2_0_31749f92.jpg,C:\Users\Angad\Desktop\StemFellowship\data\raw\fitzpatrick\Categorized_AbbrvName\ec_204\ec_f2_0_31749f92.jpg,2,light_FST1_2,0,0,0.002521618502214551
al-co-de_f2_66_4b0e4f00.jpg,C:\Users\Angad\Desktop\StemFellowship\data\raw\fitzpatrick\Categorized_AbbrvName\al-co-de_430\al-co-de_f2_66_4b0e4f00.jpg,2,light_FST1_2,0,0,0.0033977567218244076
ba-ce-ca_f5_273_93c3ccc3.jpg,C:\Users\Angad\Desktop\StemFellowship\data\raw\fitzpatrick\Categorized_AbbrvName\ba-ce-ca_468\ba-ce-ca_f5_273_93c3ccc3.jpg,5,dark_FST5_6,1,1,0.9999732971191406
li-pl_f3_257_0f4d69e4.jpg,C:\Users\Angad\Desktop\StemFellowship\data\raw\fitzpatrick\Categorized_AbbrvName\li-pl_491\li-pl_f3_257_0f4d69e4.jpg,3,medium_FST3_4,0,0,0.0230096448212862
ps_f2_30_837f0dad.jpg,C:\Users\Angad\Desktop\StemFellowship\data\raw\fitzpatrick\Categorized_AbbrvName\ps_653\ps_f2_30_837f0dad.jpg,2,light_FST1_2,0,0,0.15971094369888306
xe-pi_f6_51_805b32da.jpg,C:\Users\Angad\Desktop\StemFellowship\data\raw\fitzpatrick\Categorized_AbbrvName\xe-pi_81\xe-pi_f6_51_805b32da.jpg,6,dark_FST5_6,0,0,0.20882630348205566
er-mu_f3_93_1e6d22c7.jpg,C:\Users\Angad\Desktop\StemFellowship\data\raw\fitzpatrick\Categorized_AbbrvName\er-mu_236\er-mu_f3_93_1e6d22c7.jpg,3,medium_FST3_4,0,0,0.00012073699326720089
pi-ru-pi_f4_79_bad75166.jpg,C:\Users\Angad\Desktop\StemFellowship\data\raw\fitzpatrick\Categorized_AbbrvName\pi-ru-pi_278\pi-ru-pi_f4_79_bad75166.jpg,4,medium_FST3_4,0,0,0.0003501912869978696
ps_f4_523_6ad9e4d3.jpg,C:\Users\Angad\Desktop\StemFellowship\data\raw\fitzpatrick\Categorized_AbbrvName\ps_653\ps_f4_523_6ad9e4d3.jpg,4,medium_FST3_4,0,0,0.0042968676425516605
ur-pi_f4_8_79db3a46.jpg,C:\Users\Angad\Desktop\StemFellowship\data\raw\fitzpatrick\Categorized_AbbrvName\ur-pi_112\ur-pi_f4_8_79db3a46.jpg,4,medium_FST3_4,0,0,0.005049705505371094
pi-ru-pi_f5_218_a9014543.jpg,C:\Users\Angad\Desktop\StemFellowship\data\raw\fitzpatrick\Categorized_AbbrvName\pi-ru-pi_278\pi-ru-pi_f5_218_a9014543.jpg,5,dark_FST5_6,0,0,0.22138795256614685
ne-de_f1_48_bc3c7949.jpg,C:\Users\Angad\Desktop\StemFellowship\data\raw\fitzpatrick\Categorized_AbbrvName\ne-de_361\ne-de_f1_48_bc3c7949.jpg,1,light_FST1_2,0,0,0.008788516744971275
ps_f2_91_5932f160.jpg,C:\Users\Angad\Desktop\StemFellowship\data\raw\fitzpatrick\Categorized_AbbrvName\ps_653\ps_f2_91_5932f160.jpg,2,light_FST1_2,0,0,0.0028267239686101675
sq-ce-ca_f2_26_83ce49e8.jpg,C:\Users\Angad\Desktop\StemFellowship\data\raw\fitzpatrick\Categorized_AbbrvName\sq-ce-ca_581\sq-ce-ca_f2_26_83ce49e8.jpg,2,light_FST1_2,1,1,0.9705460667610168
ph_f2_110_6585100c.jpg,C:\Users\Angad\Desktop\StemFellowship\data\raw\fitzpatrick\Categorized_AbbrvName\ph_348\ph_f2_110_6585100c.jpg,2,light_FST1_2,0,0,0.0005109283374622464
sa_f5_110_6ee6dca6.jpg,C:\Users\Angad\Desktop\StemFellowship\data\raw\fitzpatrick\Categorized_AbbrvName\sa_349\sa_f5_110_6ee6dca6.jpg,5,dark_FST5_6,0,0,0.0069916811771690845
mu_f1_6_10016a58.jpg,C:\Users\Angad\Desktop\StemFellowship\data\raw\fitzpatrick\Categorized_AbbrvName\mu_92\mu_f1_6_10016a58.jpg,1,light_FST1_2,0,0,0.029439741745591164
ec_f4_135_ecb358bd.jpg,C:\Users\Angad\Desktop\StemFellowship\data\raw\fitzpatrick\Categorized_AbbrvName\ec_204\ec_f4_135_ecb358bd.jpg,4,medium_FST3_4,0,0,0.026345185935497284
fo_f3_194_52c7de24.jpg,C:\Users\Angad\Desktop\StemFellowship\data\raw\fitzpatrick\Categorized_AbbrvName\fo_342\fo_f3_194_52c7de24.jpg,3,medium_FST3_4,0,1,0.7924271821975708
ps_f3_522_2409cc2b.jpg,C:\Users\Angad\Desktop\StemFellowship\data\raw\fitzpatrick\Categorized_AbbrvName\ps_653\ps_f3_522_2409cc2b.jpg,3,medium_FST3_4,0,0,0.031067857518792152
my-fu_f3_36_144b47a1.jpg,C:\Users\Angad\Desktop\StemFellowship\data\raw\fitzpatrick\Categorized_AbbrvName\my-fu_182\my-fu_f3_36_144b47a1.jpg,3,medium_FST3_4,1,1,0.9999899864196777
mi_f1_21_a0639e22.jpg,C:\Users\Angad\Desktop\StemFellowship\data\raw\fitzpatrick\Categorized_AbbrvName\mi_112\mi_f1_21_a0639e22.jpg,1,light_FST1_2,0,0,0.004909969866275787
pi-ro_f3_36_e4909a22.jpg,C:\Users\Angad\Desktop\StemFellowship\data\raw\fitzpatrick\Categorized_AbbrvName\pi-ro_193\pi-ro_f3_36_e4909a22.jpg,3,medium_FST3_4,0,0,0.059466950595378876
ps_f4_177_4ccb6101.jpg,C:\Users\Angad\Desktop\StemFellowship\data\raw\fitzpatrick\Categorized_AbbrvName\ps_653\ps_f4_177_4ccb6101.jpg,4,medium_FST3_4,0,0,0.014852370135486126
mu-cy_f4_37_44c1dd90.jpg,C:\Users\Angad\Desktop\StemFellowship\data\raw\fitzpatrick\Categorized_AbbrvName\mu-cy_79\mu-cy_f4_37_44c1dd90.jpg,4,medium_FST3_4,0,0,0.006627144757658243
ps_f2_572_990d78eb.jpg,C:\Users\Angad\Desktop\StemFellowship\data\raw\fitzpatrick\Categorized_AbbrvName\ps_653\ps_f2_572_990d78eb.jpg,2,light_FST1_2,0,0,0.012928868643939495
gr-py_f2_63_0dfef32f.jpg,C:\Users\Angad\Desktop\StemFellowship\data\raw\fitzpatrick\Categorized_AbbrvName\gr-py_75\gr-py_f2_63_0dfef32f.jpg,2,light_FST1_2,0,0,0.038973912596702576
ne-de_f4_284_c30d9d1f.jpg,C:\Users\Angad\Desktop\StemFellowship\data\raw\fitzpatrick\Categorized_AbbrvName\ne-de_361\ne-de_f4_284_c30d9d1f.jpg,4,medium_FST3_4,0,0,0.23802201449871063
sq-ce-ca_f4_215_06d1d14e.jpg,C:\Users\Angad\Desktop\StemFellowship\data\raw\fitzpatrick\Categorized_AbbrvName\sq-ce-ca_581\sq-ce-ca_f4_215_06d1d14e.jpg,4,medium_FST3_4,1,0,0.033534638583660126
pi-ro_f6_39_702efb84.jpg,C:\Users\Angad\Desktop\StemFellowship\data\raw\fitzpatrick\Categorized_AbbrvName\pi-ro_193\pi-ro_f6_39_702efb84.jpg,6,dark_FST5_6,0,0,7.450484554283321e-05
dr-in-pi-ch_f5_31_02ed1fe8.jpg,C:\Users\Angad\Desktop\StemFellowship\data\raw\fitzpatrick\Categorized_AbbrvName\dr-in-pi-ch_71\dr-in-pi-ch_f5_31_02ed1fe8.jpg,5,dark_FST5_6,0,0,0.0014566191239282489
pi_f2_28_556bb0b2.jpg,C:\Users\Angad\Desktop\StemFellowship\data\raw\fitzpatrick\Categorized_AbbrvName\pi_53\pi_f2_28_556bb0b2.jpg,2,light_FST1_2,0,0,0.001211264287121594
ke-pi_f4_53_68888c41.jpg,C:\Users\Angad\Desktop\StemFellowship\data\raw\fitzpatrick\Categorized_AbbrvName\ke-pi_78\ke-pi_f4_53_68888c41.jpg,4,medium_FST3_4,0,0,0.028881702572107315
se-ke_f2_58_ae597315.jpg,C:\Users\Angad\Desktop\StemFellowship\data\raw\fitzpatrick\Categorized_AbbrvName\se-ke_69\se-ke_f2_58_ae597315.jpg,2,light_FST1_2,0,1,0.9893240332603455
fo_f5_258_b80352d3.jpg,C:\Users\Angad\Desktop\StemFellowship\data\raw\fitzpatrick\Categorized_AbbrvName\fo_342\fo_f5_258_b80352d3.jpg,5,dark_FST5_6,0,0,0.005975017324090004
ne-de_f1_209_c0f1b404.jpg,C:\Users\Angad\Desktop\StemFellowship\data\raw\fitzpatrick\Categorized_AbbrvName\ne-de_361\ne-de_f1_209_c0f1b404.jpg,1,light_FST1_2,0,0,2.6231062292936258e-05
st-jo-sy_f1_83_0487c322.jpg,C:\Users\Angad\Desktop\StemFellowship\data\raw\fitzpatrick\Categorized_AbbrvName\st-jo-sy_113\st-jo-sy_f1_83_0487c322.jpg,1,light_FST1_2,0,0,0.00030789009178988636
ph_f3_49_4e74a272.jpg,C:\Users\Angad\Desktop\StemFellowship\data\raw\fitzpatrick\Categorized_AbbrvName\ph_348\ph_f3_49_4e74a272.jpg,3,medium_FST3_4,0,0,0.000617606972809881
se-ke_f2_22_8adbab80.jpg,C:\Users\Angad\Desktop\StemFellowship\data\raw\fitzpatrick\Categorized_AbbrvName\se-ke_69\se-ke_f2_22_8adbab80.jpg,2,light_FST1_2,0,0,0.0003080368915107101
hi_f3_7_2e63173d.jpg,C:\Users\Angad\Desktop\StemFellowship\data\raw\fitzpatrick\Categorized_AbbrvName\hi_90\hi_f3_7_2e63173d.jpg,3,medium_FST3_4,0,0,0.006226226221770048
li-pl_f6_138_abc5d1da.jpg,C:\Users\Angad\Desktop\StemFellowship\data\raw\fitzpatrick\Categorized_AbbrvName\li-pl_491\li-pl_f6_138_abc5d1da.jpg,6,dark_FST5_6,0,0,0.0004888540133833885
er-mu_f1_22_a20c6360.jpg,C:\Users\Angad\Desktop\StemFellowship\data\raw\fitzpatrick\Categorized_AbbrvName\er-mu_236\er-mu_f1_22_a20c6360.jpg,1,light_FST1_2,0,0,0.013647422194480896
ec_f2_39_a0bf83ce.jpg,C:\Users\Angad\Desktop\StemFellowship\data\raw\fitzpatrick\Categorized_AbbrvName\ec_204\ec_f2_39_a0bf83ce.jpg,2,light_FST1_2,0,0,0.007634283043444157
na-co_f4_25_38b19f57.jpg,C:\Users\Angad\Desktop\StemFellowship\data\raw\fitzpatrick\Categorized_AbbrvName\na-co_73\na-co_f4_25_38b19f57.jpg,4,medium_FST3_4,0,0,0.0012956964783370495
pi-ro_f4_175_3bbc45ce.jpg,C:\Users\Angad\Desktop\StemFellowship\data\raw\fitzpatrick\Categorized_AbbrvName\pi-ro_193\pi-ro_f4_175_3bbc45ce.jpg,4,medium_FST3_4,0,0,0.014309920370578766
ur-pi_f6_35_aee55393.jpg,C:\Users\Angad\Desktop\StemFellowship\data\raw\fitzpatrick\Categorized_AbbrvName\ur-pi_112\ur-pi_f6_35_aee55393.jpg,6,dark_FST5_6,0,0,0.009590506553649902
fi-er_f1_27_4b3a5cce.jpg,C:\Users\Angad\Desktop\StemFellowship\data\raw\fitzpatrick\Categorized_AbbrvName\fi-er_125\fi-er_f1_27_4b3a5cce.jpg,1,light_FST1_2,0,0,0.08049174398183823
li-pl_f5_390_85de0b8c.jpg,C:\Users\Angad\Desktop\StemFellowship\data\raw\fitzpatrick\Categorized_AbbrvName\li-pl_491\li-pl_f5_390_85de0b8c.jpg,5,dark_FST5_6,0,0,0.001768403104506433
ac_f1_123_594bd3ca.jpg,C:\Users\Angad\Desktop\StemFellowship\data\raw\fitzpatrick\Categorized_AbbrvName\ac_183\ac_f1_123_594bd3ca.jpg,1,light_FST1_2,0,0,0.00047214864753186703
le-ma_f6_26_008c8be1.jpg,C:\Users\Angad\Desktop\StemFellowship\data\raw\fitzpatrick\Categorized_AbbrvName\le-ma_83\le-ma_f6_26_008c8be1.jpg,6,dark_FST5_6,1,0,0.09429946541786194
eh-da-sy_f4_12_8a8ec06a.jpg,C:\Users\Angad\Desktop\StemFellowship\data\raw\fitzpatrick\Categorized_AbbrvName\eh-da-sy_127\eh-da-sy_f4_12_8a8ec06a.jpg,4,medium_FST3_4,0,0,0.0006838486879132688
hi_f3_20_73236028.jpg,C:\Users\Angad\Desktop\StemFellowship\data\raw\fitzpatrick\Categorized_AbbrvName\hi_90\hi_f3_20_73236028.jpg,3,medium_FST3_4,0,0,0.007717222906649113
ly-di_f1_86_9ef821bb.jpg,C:\Users\Angad\Desktop\StemFellowship\data\raw\fitzpatrick\Categorized_AbbrvName\ly-di_129\ly-di_f1_86_9ef821bb.jpg,1,light_FST1_2,0,0,0.15785612165927887
ph_f2_299_4816f2ad.jpg,C:\Users\Angad\Desktop\StemFellowship\data\raw\fitzpatrick\Categorized_AbbrvName\ph_348\ph_f2_299_4816f2ad.jpg,2,light_FST1_2,0,1,0.6405554413795471
ha-ne_f4_7_b1098b20.jpg,C:\Users\Angad\Desktop\StemFellowship\data\raw\fitzpatrick\Categorized_AbbrvName\ha-ne_82\ha-ne_f4_7_b1098b20.jpg,4,medium_FST3_4,0,0,0.09658271074295044
ti-bi_f1_17_ce60df6f.jpg,C:\Users\Angad\Desktop\StemFellowship\data\raw\fitzpatrick\Categorized_AbbrvName\ti-bi_73\ti-bi_f1_17_ce60df6f.jpg,1,light_FST1_2,0,0,0.008358611725270748
ps_f3_355_dc91c860.jpg,C:\Users\Angad\Desktop\StemFellowship\data\raw\fitzpatrick\Categorized_AbbrvName\ps_653\ps_f3_355_dc91c860.jpg,3,medium_FST3_4,0,0,0.0190411489456892
ac-ke_f3_59_78c42deb.jpg,C:\Users\Angad\Desktop\StemFellowship\data\raw\fitzpatrick\Categorized_AbbrvName\ac-ke_175\ac-ke_f3_59_78c42deb.jpg,3,medium_FST3_4,1,1,0.9975716471672058
lu-er_f3_87_e9f41999.jpg,C:\Users\Angad\Desktop\StemFellowship\data\raw\fitzpatrick\Categorized_AbbrvName\lu-er_410\lu-er_f3_87_e9f41999.jpg,3,medium_FST3_4,0,0,3.886938065988943e-05
gr-an_f4_200_e6e032d6.jpg,C:\Users\Angad\Desktop\StemFellowship\data\raw\fitzpatrick\Categorized_AbbrvName\gr-an_211\gr-an_f4_200_e6e032d6.jpg,4,medium_FST3_4,0,0,0.0022545047104358673
pr-no_f4_107_6c12f0e9.jpg,C:\Users\Angad\Desktop\StemFellowship\data\raw\fitzpatrick\Categorized_AbbrvName\pr-no_170\pr-no_f4_107_6c12f0e9.jpg,4,medium_FST3_4,0,0,0.10696585476398468
co-ne_f3_42_b506b138.jpg,C:\Users\Angad\Desktop\StemFellowship\data\raw\fitzpatrick\Categorized_AbbrvName\co-ne_68\co-ne_f3_42_b506b138.jpg,3,medium_FST3_4,0,0,0.00013312212831806391
pa_f2_43_06169a29.jpg,C:\Users\Angad\Desktop\StemFellowship\data\raw\fitzpatrick\Categorized_AbbrvName\pa_59\pa_f2_43_06169a29.jpg,2,light_FST1_2,0,0,0.0018669146811589599
ke_f2_39_83f365fe.jpg,C:\Users\Angad\Desktop\StemFellowship\data\raw\fitzpatrick\Categorized_AbbrvName\ke_156\ke_f2_39_83f365fe.jpg,2,light_FST1_2,0,0,0.01068335585296154
xe-pi_f5_12_5347575a.jpg,C:\Users\Angad\Desktop\StemFellowship\data\raw\fitzpatrick\Categorized_AbbrvName\xe-pi_81\xe-pi_f5_12_5347575a.jpg,5,dark_FST5_6,0,0,0.009089949540793896
tu_f1_80_0cfe5ad8.jpg,C:\Users\Angad\Desktop\StemFellowship\data\raw\fitzpatrick\Categorized_AbbrvName\tu_152\tu_f1_80_0cfe5ad8.jpg,1,light_FST1_2,0,1,0.8932311534881592
pi-ru-pi_f4_34_05c8b20c.jpg,C:\Users\Angad\Desktop\StemFellowship\data\raw\fitzpatrick\Categorized_AbbrvName\pi-ru-pi_278\pi-ru-pi_f4_34_05c8b20c.jpg,4,medium_FST3_4,0,0,2.6575205993140116e-05
ba-ce-ca_f3_5_521bec86.jpg,C:\Users\Angad\Desktop\StemFellowship\data\raw\fitzpatrick\Categorized_AbbrvName\ba-ce-ca_468\ba-ce-ca_f3_5_521bec86.jpg,3,medium_FST3_4,1,1,0.9894211292266846
gr-an_f2_209_2208cbb0.jpg,C:\Users\Angad\Desktop\StemFellowship\data\raw\fitzpatrick\Categorized_AbbrvName\gr-an_211\gr-an_f2_209_2208cbb0.jpg,2,light_FST1_2,0,1,0.9578611850738525
li-pl_f4_172_cf3b0172.jpg,C:\Users\Angad\Desktop\StemFellowship\data\raw\fitzpatrick\Categorized_AbbrvName\li-pl_491\li-pl_f4_172_cf3b0172.jpg,4,medium_FST3_4,0,0,0.0005638811271637678
vi_f6_90_ba02082d.jpg,C:\Users\Angad\Desktop\StemFellowship\data\raw\fitzpatrick\Categorized_AbbrvName\vi_166\vi_f6_90_ba02082d.jpg,6,dark_FST5_6,0,0,0.004954293370246887
mi_f3_110_7be26796.jpg,C:\Users\Angad\Desktop\StemFellowship\data\raw\fitzpatrick\Categorized_AbbrvName\mi_112\mi_f3_110_7be26796.jpg,3,medium_FST3_4,0,0,0.009055889211595058
tu-sc_f4_113_09fe0d7e.jpg,C:\Users\Angad\Desktop\StemFellowship\data\raw\fitzpatrick\Categorized_AbbrvName\tu-sc_141\tu-sc_f4_113_09fe0d7e.jpg,4,medium_FST3_4,0,0,0.0020565621089190245
dr-in-pi-ch_f1_20_cda168c6.jpg,C:\Users\Angad\Desktop\StemFellowship\data\raw\fitzpatrick\Categorized_AbbrvName\dr-in-pi-ch_71\dr-in-pi-ch_f1_20_cda168c6.jpg,1,light_FST1_2,0,0,0.018016314134001732
li-re_f1_44_c0ed35b2.jpg,C:\Users\Angad\Desktop\StemFellowship\data\raw\fitzpatrick\Categorized_AbbrvName\li-re_60\li-re_f1_44_c0ed35b2.jpg,1,light_FST1_2,0,0,0.06914612650871277
dr-in-pi-ch_f6_27_ad3f30ee.jpg,C:\Users\Angad\Desktop\StemFellowship\data\raw\fitzpatrick\Categorized_AbbrvName\dr-in-pi-ch_71\dr-in-pi-ch_f6_27_ad3f30ee.jpg,6,dark_FST5_6,0,0,0.026223190128803253
li-am_f2_21_46c139ce.jpg,C:\Users\Angad\Desktop\StemFellowship\data\raw\fitzpatrick\Categorized_AbbrvName\li-am_77\li-am_f2_21_46c139ce.jpg,2,light_FST1_2,0,0,0.048991858959198
gr-an_f4_149_de3e206c.jpg,C:\Users\Angad\Desktop\StemFellowship\data\raw\fitzpatrick\Categorized_AbbrvName\gr-an_211\gr-an_f4_149_de3e206c.jpg,4,medium_FST3_4,0,0,0.0037687942385673523
mu-cy_f2_53_235da66c.jpg,C:\Users\Angad\Desktop\StemFellowship\data\raw\fitzpatrick\Categorized_AbbrvName\mu-cy_79\mu-cy_f2_53_235da66c.jpg,2,light_FST1_2,0,0,0.00600429018959403
er-an-ce_f3_73_910b6e79.jpg,C:\Users\Angad\Desktop\StemFellowship\data\raw\fitzpatrick\Categorized_AbbrvName\er-an-ce_88\er-an-ce_f3_73_910b6e79.jpg,3,medium_FST3_4,0,0,0.0008610643562860787
sa_f2_234_2ad5f1d2.jpg,C:\Users\Angad\Desktop\StemFellowship\data\raw\fitzpatrick\Categorized_AbbrvName\sa_349\sa_f2_234_2ad5f1d2.jpg,2,light_FST1_2,0,0,0.021941345185041428
al-co-de_f2_251_4dfab46a.jpg,C:\Users\Angad\Desktop\StemFellowship\data\raw\fitzpatrick\Categorized_AbbrvName\al-co-de_430\al-co-de_f2_251_4dfab46a.jpg,2,light_FST1_2,0,0,0.035702116787433624
gr-an_f4_136_8ef0a2dd.jpg,C:\Users\Angad\Desktop\StemFellowship\data\raw\fitzpatrick\Categorized_AbbrvName\gr-an_211\gr-an_f4_136_8ef0a2dd.jpg,4,medium_FST3_4,0,0,0.1361808180809021
te_f3_45_c95cc8c4.jpg,C:\Users\Angad\Desktop\StemFellowship\data\raw\fitzpatrick\Categorized_AbbrvName\te_126\te_f3_45_c95cc8c4.jpg,3,medium_FST3_4,0,0,0.05098753422498703
be-di_f2_32_41776e52.jpg,C:\Users\Angad\Desktop\StemFellowship\data\raw\fitzpatrick\Categorized_AbbrvName\be-di_63\be-di_f2_32_41776e52.jpg,2,light_FST1_2,0,0,0.006365584675222635
su-sp-me-ss_f2_64_0ee34d8c.jpg,C:\Users\Angad\Desktop\StemFellowship\data\raw\fitzpatrick\Categorized_AbbrvName\su-sp-me-ss_118\su-sp-me-ss_f2_64_0ee34d8c.jpg,2,light_FST1_2,1,1,0.9685913920402527
sq-ce-ca_f3_364_664d7940.jpg,C:\Users\Angad\Desktop\StemFellowship\data\raw\fitzpatrick\Categorized_AbbrvName\sq-ce-ca_581\sq-ce-ca_f3_364_664d7940.jpg,3,medium_FST3_4,1,1,0.9998537302017212
ur-pi_f4_13_b0963f05.jpg,C:\Users\Angad\Desktop\StemFellowship\data\raw\fitzpatrick\Categorized_AbbrvName\ur-pi_112\ur-pi_f4_13_b0963f05.jpg,4,medium_FST3_4,0,0,0.10388083010911942
ne-in_f2_123_d3e6ca76.jpg,C:\Users\Angad\Desktop\StemFellowship\data\raw\fitzpatrick\Categorized_AbbrvName\ne-in_260\ne-in_f2_123_d3e6ca76.jpg,2,light_FST1_2,0,0,0.00011103197903139517
mu-cy_f5_8_76b89e0c.jpg,C:\Users\Angad\Desktop\StemFellowship\data\raw\fitzpatrick\Categorized_AbbrvName\mu-cy_79\mu-cy_f5_8_76b89e0c.jpg,5,dark_FST5_6,0,0,0.0032855176832526922
ne-in_f4_212_670e2d45.jpg,C:\Users\Angad\Desktop\StemFellowship\data\raw\fitzpatrick\Categorized_AbbrvName\ne-in_260\ne-in_f4_212_670e2d45.jpg,4,medium_FST3_4,0,0,0.00032964887213893235
ro_f3_47_3aefc9f3.jpg,C:\Users\Angad\Desktop\StemFellowship\data\raw\fitzpatrick\Categorized_AbbrvName\ro_102\ro_f3_47_3aefc9f3.jpg,3,medium_FST3_4,0,0,0.023006504401564598
pr-no_f3_48_a97e96cf.jpg,C:\Users\Angad\Desktop\StemFellowship\data\raw\fitzpatrick\Categorized_AbbrvName\pr-no_170\pr-no_f3_48_a97e96cf.jpg,3,medium_FST3_4,0,0,0.0034873844124376774
eh-da-sy_f4_39_352cf4cd.jpg,C:\Users\Angad\Desktop\StemFellowship\data\raw\fitzpatrick\Categorized_AbbrvName\eh-da-sy_127\eh-da-sy_f4_39_352cf4cd.jpg,4,medium_FST3_4,0,0,0.0005506580346263945
ps_f4_356_13a088dc.jpg,C:\Users\Angad\Desktop\StemFellowship\data\raw\fitzpatrick\Categorized_AbbrvName\ps_653\ps_f4_356_13a088dc.jpg,4,medium_FST3_4,0,0,0.005461796652525663
er-mu_f2_75_31ca4469.jpg,C:\Users\Angad\Desktop\StemFellowship\data\raw\fitzpatrick\Categorized_AbbrvName\er-mu_236\er-mu_f2_75_31ca4469.jpg,2,light_FST1_2,0,0,0.026722289621829987
my-fu_f5_52_a663cd05.jpg,C:\Users\Angad\Desktop\StemFellowship\data\raw\fitzpatrick\Categorized_AbbrvName\my-fu_182\my-fu_f5_52_a663cd05.jpg,5,dark_FST5_6,1,0,0.019990626722574234
ph_f2_179_9027ad2d.jpg,C:\Users\Angad\Desktop\StemFellowship\data\raw\fitzpatrick\Categorized_AbbrvName\ph_348\ph_f2_179_9027ad2d.jpg,2,light_FST1_2,0,0,0.0006062331376597285
ps_f2_219_9eade81b.jpg,C:\Users\Angad\Desktop\StemFellowship\data\raw\fitzpatrick\Categorized_AbbrvName\ps_653\ps_f2_219_9eade81b.jpg,2,light_FST1_2,0,0,0.0004560534725897014
po-ac_f3_131_f8e06f14.jpg,C:\Users\Angad\Desktop\StemFellowship\data\raw\fitzpatrick\Categorized_AbbrvName\po-ac_183\po-ac_f3_131_f8e06f14.jpg,3,medium_FST3_4,0,1,0.8881873488426208
co-ne_f2_62_6b47a0d5.jpg,C:\Users\Angad\Desktop\StemFellowship\data\raw\fitzpatrick\Categorized_AbbrvName\co-ne_68\co-ne_f2_62_6b47a0d5.jpg,2,light_FST1_2,0,0,0.00022356999397743493
dr-er_f3_58_5b657596.jpg,C:\Users\Angad\Desktop\StemFellowship\data\raw\fitzpatrick\Categorized_AbbrvName\dr-er_200\dr-er_f3_58_5b657596.jpg,3,medium_FST3_4,0,0,0.013164842501282692
ha-ha-di_f3_35_445ac712.jpg,C:\Users\Angad\Desktop\StemFellowship\data\raw\fitzpatrick\Categorized_AbbrvName\ha-ha-di_174\ha-ha-di_f3_35_445ac712.jpg,3,medium_FST3_4,0,0,0.0005353650194592774
ju-xa_f2_108_e1009d90.jpg,C:\Users\Angad\Desktop\StemFellowship\data\raw\fitzpatrick\Categorized_AbbrvName\ju-xa_149\ju-xa_f2_108_e1009d90.jpg,2,light_FST1_2,0,0,0.006188428495079279
le-ma_f2_64_a3a2e68f.jpg,C:\Users\Angad\Desktop\StemFellowship\data\raw\fitzpatrick\Categorized_AbbrvName\le-ma_83\le-ma_f2_64_a3a2e68f.jpg,2,light_FST1_2,1,1,0.999213457107544
ps_f6_38_c7c93112.jpg,C:\Users\Angad\Desktop\StemFellowship\data\raw\fitzpatrick\Categorized_AbbrvName\ps_653\ps_f6_38_c7c93112.jpg,6,dark_FST5_6,0,0,0.0006290007149800658
ep-ne_f1_40_aa15d4ec.jpg,C:\Users\Angad\Desktop\StemFellowship\data\raw\fitzpatrick\Categorized_AbbrvName\ep-ne_91\ep-ne_f1_40_aa15d4ec.jpg,1,light_FST1_2,0,0,0.35627174377441406
ac_f3_28_0e3b5b7c.jpg,C:\Users\Angad\Desktop\StemFellowship\data\raw\fitzpatrick\Categorized_AbbrvName\ac_183\ac_f3_28_0e3b5b7c.jpg,3,medium_FST3_4,0,0,6.755062349839136e-05
pi-cy_f1_92_d488137e.jpg,C:\Users\Angad\Desktop\StemFellowship\data\raw\fitzpatrick\Categorized_AbbrvName\pi-cy_93\pi-cy_f1_92_d488137e.jpg,1,light_FST1_2,0,0,0.013642910867929459
me_f1_223_938528c2.jpg,C:\Users\Angad\Desktop\StemFellowship\data\raw\fitzpatrick\Categorized_AbbrvName\me_261\me_f1_223_938528c2.jpg,1,light_FST1_2,1,1,0.9989700317382812
ha-ne_f4_57_f996199e.jpg,C:\Users\Angad\Desktop\StemFellowship\data\raw\fitzpatrick\Categorized_AbbrvName\ha-ne_82\ha-ne_f4_57_f996199e.jpg,4,medium_FST3_4,0,1,0.9160197973251343
te_f3_89_63df5103.jpg,C:\Users\Angad\Desktop\StemFellowship\data\raw\fitzpatrick\Categorized_AbbrvName\te_126\te_f3_89_63df5103.jpg,3,medium_FST3_4,0,0,0.035621192306280136
st-ed_f5_60_aecb3b3d.jpg,C:\Users\Angad\Desktop\StemFellowship\data\raw\fitzpatrick\Categorized_AbbrvName\st-ed_69\st-ed_f5_60_aecb3b3d.jpg,5,dark_FST5_6,0,0,0.006416625808924437
er-mu_f3_41_724eafda.jpg,C:\Users\Angad\Desktop\StemFellowship\data\raw\fitzpatrick\Categorized_AbbrvName\er-mu_236\er-mu_f3_41_724eafda.jpg,3,medium_FST3_4,0,0,0.03871383145451546
xe-pi_f4_41_4ad19137.jpg,C:\Users\Angad\Desktop\StemFellowship\data\raw\fitzpatrick\Categorized_AbbrvName\xe-pi_81\xe-pi_f4_41_4ad19137.jpg,4,medium_FST3_4,0,0,0.0031696907244622707
ka-sa_f4_139_170c87c6.jpg,C:\Users\Angad\Desktop\StemFellowship\data\raw\fitzpatrick\Categorized_AbbrvName\ka-sa_156\ka-sa_f4_139_170c87c6.jpg,4,medium_FST3_4,1,0,0.007626257371157408
pi-ru-pi_f6_44_cec7cd65.jpg,C:\Users\Angad\Desktop\StemFellowship\data\raw\fitzpatrick\Categorized_AbbrvName\pi-ru-pi_278\pi-ru-pi_f6_44_cec7cd65.jpg,6,dark_FST5_6,0,0,2.113560913130641e-05
ha-ha-di_f4_136_3b6634a5.jpg,C:\Users\Angad\Desktop\StemFellowship\data\raw\fitzpatrick\Categorized_AbbrvName\ha-ha-di_174\ha-ha-di_f4_136_3b6634a5.jpg,4,medium_FST3_4,0,0,0.025907697156071663
lu-er_f1_6_795ac369.jpg,C:\Users\Angad\Desktop\StemFellowship\data\raw\fitzpatrick\Categorized_AbbrvName\lu-er_410\lu-er_f1_6_795ac369.jpg,1,light_FST1_2,0,0,0.002128556603565812
li-pl_f4_482_88120c72.jpg,C:\Users\Angad\Desktop\StemFellowship\data\raw\fitzpatrick\Categorized_AbbrvName\li-pl_491\li-pl_f4_482_88120c72.jpg,4,medium_FST3_4,0,0,0.08523982018232346
ne-li_f2_44_e89cd865.jpg,C:\Users\Angad\Desktop\StemFellowship\data\raw\fitzpatrick\Categorized_AbbrvName\ne-li_123\ne-li_f2_44_e89cd865.jpg,2,light_FST1_2,0,0,0.06564011424779892
se-ke_f2_56_a9fb58b1.jpg,C:\Users\Angad\Desktop\StemFellowship\data\raw\fitzpatrick\Categorized_AbbrvName\se-ke_69\se-ke_f2_56_a9fb58b1.jpg,2,light_FST1_2,0,0,0.14672785997390747
dr-er_f4_177_393519bb.jpg,C:\Users\Angad\Desktop\StemFellowship\data\raw\fitzpatrick\Categorized_AbbrvName\dr-er_200\dr-er_f4_177_393519bb.jpg,4,medium_FST3_4,0,0,5.124084623275849e-07
ph_f2_74_d4aa5818.jpg,C:\Users\Angad\Desktop\StemFellowship\data\raw\fitzpatrick\Categorized_AbbrvName\ph_348\ph_f2_74_d4aa5818.jpg,2,light_FST1_2,0,0,0.06122969835996628
sq-ce-ca_f2_273_ba462207.jpg,C:\Users\Angad\Desktop\StemFellowship\data\raw\fitzpatrick\Categorized_AbbrvName\sq-ce-ca_581\sq-ce-ca_f2_273_ba462207.jpg,2,light_FST1_2,1,1,0.9995457530021667
ep-ne_f2_34_83026368.jpg,C:\Users\Angad\Desktop\StemFellowship\data\raw\fitzpatrick\Categorized_AbbrvName\ep-ne_91\ep-ne_f2_34_83026368.jpg,2,light_FST1_2,0,0,0.0003554064314812422
fo_f3_208_b6f35310.jpg,C:\Users\Angad\Desktop\StemFellowship\data\raw\fitzpatrick\Categorized_AbbrvName\fo_342\fo_f3_208_b6f35310.jpg,3,medium_FST3_4,0,1,0.6883587837219238
ps_f1_242_df5a3edf.jpg,C:\Users\Angad\Desktop\StemFellowship\data\raw\fitzpatrick\Categorized_AbbrvName\ps_653\ps_f1_242_df5a3edf.jpg,1,light_FST1_2,0,0,0.19927920401096344
fo-sp_f2_27_19b03536.jpg,C:\Users\Angad\Desktop\StemFellowship\data\raw\fitzpatrick\Categorized_AbbrvName\fo-sp_100\fo-sp_f2_27_19b03536.jpg,2,light_FST1_2,0,0,0.020139720290899277
sq-ce-ca_f5_146_5064dcda.jpg,C:\Users\Angad\Desktop\StemFellowship\data\raw\fitzpatrick\Categorized_AbbrvName\sq-ce-ca_581\sq-ce-ca_f5_146_5064dcda.jpg,5,dark_FST5_6,1,0,0.4033827483654022
st-ed_f1_64_aff388e2.jpg,C:\Users\Angad\Desktop\StemFellowship\data\raw\fitzpatrick\Categorized_AbbrvName\st-ed_69\st-ed_f1_64_aff388e2.jpg,1,light_FST1_2,0,0,0.000885912508238107
fo_f3_269_026406e3.jpg,C:\Users\Angad\Desktop\StemFellowship\data\raw\fitzpatrick\Categorized_AbbrvName\fo_342\fo_f3_269_026406e3.jpg,3,medium_FST3_4,0,0,0.1450173258781433
ps_f3_3_77c8889c.jpg,C:\Users\Angad\Desktop\StemFellowship\data\raw\fitzpatrick\Categorized_AbbrvName\ps_653\ps_f3_3_77c8889c.jpg,3,medium_FST3_4,0,0,0.1333290934562683
ph_f4_191_f02fbb11.jpg,C:\Users\Angad\Desktop\StemFellowship\data\raw\fitzpatrick\Categorized_AbbrvName\ph_348\ph_f4_191_f02fbb11.jpg,4,medium_FST3_4,0,0,0.22813545167446136
sa_f2_66_73c1b07d.jpg,C:\Users\Angad\Desktop\StemFellowship\data\raw\fitzpatrick\Categorized_AbbrvName\sa_349\sa_f2_66_73c1b07d.jpg,2,light_FST1_2,0,0,1.769403024809435e-05
sy_f3_85_ba463307.jpg,C:\Users\Angad\Desktop\StemFellowship\data\raw\fitzpatrick\Categorized_AbbrvName\sy_127\sy_f3_85_ba463307.jpg,3,medium_FST3_4,0,0,0.0008267785888165236
li-pl_f2_156_4432a192.jpg,C:\Users\Angad\Desktop\StemFellowship\data\raw\fitzpatrick\Categorized_AbbrvName\li-pl_491\li-pl_f2_156_4432a192.jpg,2,light_FST1_2,0,0,0.000847108312882483
ne-in_f4_137_0a633dbb.jpg,C:\Users\Angad\Desktop\StemFellowship\data\raw\fitzpatrick\Categorized_AbbrvName\ne-in_260\ne-in_f4_137_0a633dbb.jpg,4,medium_FST3_4,0,0,0.0010359801817685366
st-ed_f2_30_b88083b1.jpg,C:\Users\Angad\Desktop\StemFellowship\data\raw\fitzpatrick\Categorized_AbbrvName\st-ed_69\st-ed_f2_30_b88083b1.jpg,2,light_FST1_2,0,0,0.0021371585316956043
pi-ru-pi_f4_68_d0e61eed.jpg,C:\Users\Angad\Desktop\StemFellowship\data\raw\fitzpatrick\Categorized_AbbrvName\pi-ru-pi_278\pi-ru-pi_f4_68_d0e61eed.jpg,4,medium_FST3_4,0,0,0.006120077800005674
in-pi_f4_30_8fc779cb.jpg,C:\Users\Angad\Desktop\StemFellowship\data\raw\fitzpatrick\Categorized_AbbrvName\in-pi_102\in-pi_f4_30_8fc779cb.jpg,4,medium_FST3_4,0,0,0.0012196260504424572
pi-li-ch_f1_40_dee78c6a.jpg,C:\Users\Angad\Desktop\StemFellowship\data\raw\fitzpatrick\Categorized_AbbrvName\pi-li-ch_73\pi-li-ch_f1_40_dee78c6a.jpg,1,light_FST1_2,0,0,0.0003462433523964137
ju-xa_f1_16_158d1276.jpg,C:\Users\Angad\Desktop\StemFellowship\data\raw\fitzpatrick\Categorized_AbbrvName\ju-xa_149\ju-xa_f1_16_158d1276.jpg,1,light_FST1_2,0,0,0.011312969960272312
er-mu_f2_185_e30dd009.jpg,C:\Users\Angad\Desktop\StemFellowship\data\raw\fitzpatrick\Categorized_AbbrvName\er-mu_236\er-mu_f2_185_e30dd009.jpg,2,light_FST1_2,0,0,0.0015689857536926866
ac-ke_f3_2_fa4ed547.jpg,C:\Users\Angad\Desktop\StemFellowship\data\raw\fitzpatrick\Categorized_AbbrvName\ac-ke_175\ac-ke_f3_2_fa4ed547.jpg,3,medium_FST3_4,1,1,0.6305468678474426
ne-de_f6_226_7211310d.jpg,C:\Users\Angad\Desktop\StemFellowship\data\raw\fitzpatrick\Categorized_AbbrvName\ne-de_361\ne-de_f6_226_7211310d.jpg,6,dark_FST5_6,0,0,0.11326538026332855
ac-vu_f1_158_aa8ef27c.jpg,C:\Users\Angad\Desktop\StemFellowship\data\raw\fitzpatrick\Categorized_AbbrvName\ac-vu_335\ac-vu_f1_158_aa8ef27c.jpg,1,light_FST1_2,0,0,0.0127857755869627
tu_f4_122_68b77d8d.jpg,C:\Users\Angad\Desktop\StemFellowship\data\raw\fitzpatrick\Categorized_AbbrvName\tu_152\tu_f4_122_68b77d8d.jpg,4,medium_FST3_4,0,0,0.021207990124821663
tu-sc_f2_27_3f105a8c.jpg,C:\Users\Angad\Desktop\StemFellowship\data\raw\fitzpatrick\Categorized_AbbrvName\tu-sc_141\tu-sc_f2_27_3f105a8c.jpg,2,light_FST1_2,0,0,0.021290848031640053
eh-da-sy_f1_15_55259209.jpg,C:\Users\Angad\Desktop\StemFellowship\data\raw\fitzpatrick\Categorized_AbbrvName\eh-da-sy_127\eh-da-sy_f1_15_55259209.jpg,1,light_FST1_2,0,0,0.06104285642504692
me_f2_161_3ac17ec8.jpg,C:\Users\Angad\Desktop\StemFellowship\data\raw\fitzpatrick\Categorized_AbbrvName\me_261\me_f2_161_3ac17ec8.jpg,2,light_FST1_2,1,1,0.9999650716781616
ac-vu_f1_227_257c7dd5.jpg,C:\Users\Angad\Desktop\StemFellowship\data\raw\fitzpatrick\Categorized_AbbrvName\ac-vu_335\ac-vu_f1_227_257c7dd5.jpg,1,light_FST1_2,0,0,0.0023759673349559307
pi-ro_f1_44_80caf4f9.jpg,C:\Users\Angad\Desktop\StemFellowship\data\raw\fitzpatrick\Categorized_AbbrvName\pi-ro_193\pi-ro_f1_44_80caf4f9.jpg,1,light_FST1_2,0,0,0.0010976785561069846
ju-xa_f2_30_c2ee8d40.jpg,C:\Users\Angad\Desktop\StemFellowship\data\raw\fitzpatrick\Categorized_AbbrvName\ju-xa_149\ju-xa_f2_30_c2ee8d40.jpg,2,light_FST1_2,0,0,0.0005808062269352376
xe-pi_f3_22_c2418521.jpg,C:\Users\Angad\Desktop\StemFellowship\data\raw\fitzpatrick\Categorized_AbbrvName\xe-pi_81\xe-pi_f3_22_c2418521.jpg,3,medium_FST3_4,0,0,0.04194759577512741
ne-de_f2_308_d5c295ff.jpg,C:\Users\Angad\Desktop\StemFellowship\data\raw\fitzpatrick\Categorized_AbbrvName\ne-de_361\ne-de_f2_308_d5c295ff.jpg,2,light_FST1_2,0,0,0.012394076213240623
ph_f2_235_fa3227fc.jpg,C:\Users\Angad\Desktop\StemFellowship\data\raw\fitzpatrick\Categorized_AbbrvName\ph_348\ph_f2_235_fa3227fc.jpg,2,light_FST1_2,0,0,0.191075399518013
ac-en_f3_74_1cb65fe3.jpg,C:\Users\Angad\Desktop\StemFellowship\data\raw\fitzpatrick\Categorized_AbbrvName\ac-en_92\ac-en_f3_74_1cb65fe3.jpg,3,medium_FST3_4,0,0,0.42168277502059937
ne-li_f5_116_a372c424.jpg,C:\Users\Angad\Desktop\StemFellowship\data\raw\fitzpatrick\Categorized_AbbrvName\ne-li_123\ne-li_f5_116_a372c424.jpg,5,dark_FST5_6,0,0,0.3176126182079315
lu-er_f4_251_bb7b042d.jpg,C:\Users\Angad\Desktop\StemFellowship\data\raw\fitzpatrick\Categorized_AbbrvName\lu-er_410\lu-er_f4_251_bb7b042d.jpg,4,medium_FST3_4,0,0,0.0378795750439167
te_f4_6_5f1de163.jpg,C:\Users\Angad\Desktop\StemFellowship\data\raw\fitzpatrick\Categorized_AbbrvName\te_126\te_f4_6_5f1de163.jpg,4,medium_FST3_4,0,0,0.0013458328321576118
se-de_f1_50_ea252217.jpg,C:\Users\Angad\Desktop\StemFellowship\data\raw\fitzpatrick\Categorized_AbbrvName\se-de_126\se-de_f1_50_ea252217.jpg,1,light_FST1_2,0,0,0.09612773358821869
ps_f2_622_e779a86c.jpg,C:\Users\Angad\Desktop\StemFellowship\data\raw\fitzpatrick\Categorized_AbbrvName\ps_653\ps_f2_622_e779a86c.jpg,2,light_FST1_2,0,0,0.0007820812752470374
ac-ke_f1_21_10e3db47.jpg,C:\Users\Angad\Desktop\StemFellowship\data\raw\fitzpatrick\Categorized_AbbrvName\ac-ke_175\ac-ke_f1_21_10e3db47.jpg,1,light_FST1_2,1,1,0.9999827146530151
me_f2_9_576c5c37.jpg,C:\Users\Angad\Desktop\StemFellowship\data\raw\fitzpatrick\Categorized_AbbrvName\me_261\me_f2_9_576c5c37.jpg,2,light_FST1_2,1,1,0.8199134469032288
se-de_f3_87_ef800fcf.jpg,C:\Users\Angad\Desktop\StemFellowship\data\raw\fitzpatrick\Categorized_AbbrvName\se-de_126\se-de_f3_87_ef800fcf.jpg,3,medium_FST3_4,0,0,0.17332006990909576
fo_f3_34_8eb36f6d.jpg,C:\Users\Angad\Desktop\StemFellowship\data\raw\fitzpatrick\Categorized_AbbrvName\fo_342\fo_f3_34_8eb36f6d.jpg,3,medium_FST3_4,0,0,0.16108576953411102
mi_f2_8_1f38d003.jpg,C:\Users\Angad\Desktop\StemFellowship\data\raw\fitzpatrick\Categorized_AbbrvName\mi_112\mi_f2_8_1f38d003.jpg,2,light_FST1_2,0,0,0.0026251624803990126
pi-ru-pi_f5_123_7663bcb2.jpg,C:\Users\Angad\Desktop\StemFellowship\data\raw\fitzpatrick\Categorized_AbbrvName\pi-ru-pi_278\pi-ru-pi_f5_123_7663bcb2.jpg,5,dark_FST5_6,0,0,0.0004690474015660584
pi-ro_f4_24_60244212.jpg,C:\Users\Angad\Desktop\StemFellowship\data\raw\fitzpatrick\Categorized_AbbrvName\pi-ro_193\pi-ro_f4_24_60244212.jpg,4,medium_FST3_4,0,0,0.0002993060043081641
ur_f4_121_3c920acb.jpg,C:\Users\Angad\Desktop\StemFellowship\data\raw\fitzpatrick\Categorized_AbbrvName\ur_151\ur_f4_121_3c920acb.jpg,4,medium_FST3_4,0,0,0.0003807797620538622
al-co-de_f4_297_3e7b6e3f.jpg,C:\Users\Angad\Desktop\StemFellowship\data\raw\fitzpatrick\Categorized_AbbrvName\al-co-de_430\al-co-de_f4_297_3e7b6e3f.jpg,4,medium_FST3_4,0,0,0.0006702317041344941
li-pl_f5_363_b1cafb56.jpg,C:\Users\Angad\Desktop\StemFellowship\data\raw\fitzpatrick\Categorized_AbbrvName\li-pl_491\li-pl_f5_363_b1cafb56.jpg,5,dark_FST5_6,0,0,0.0034357209224253893
ro_f1_84_651a5d13.jpg,C:\Users\Angad\Desktop\StemFellowship\data\raw\fitzpatrick\Categorized_AbbrvName\ro_102\ro_f1_84_651a5d13.jpg,1,light_FST1_2,0,0,0.0001508241839474067
gr-py_f2_24_c7c56128.jpg,C:\Users\Angad\Desktop\StemFellowship\data\raw\fitzpatrick\Categorized_AbbrvName\gr-py_75\gr-py_f2_24_c7c56128.jpg,2,light_FST1_2,0,0,0.002541743218898773
tu_f2_139_7bb22c88.jpg,C:\Users\Angad\Desktop\StemFellowship\data\raw\fitzpatrick\Categorized_AbbrvName\tu_152\tu_f2_139_7bb22c88.jpg,2,light_FST1_2,0,0,0.1980530023574829
me_f1_85_673c0680.jpg,C:\Users\Angad\Desktop\StemFellowship\data\raw\fitzpatrick\Categorized_AbbrvName\me_261\me_f1_85_673c0680.jpg,1,light_FST1_2,1,1,0.9810270071029663
da-di_f4_84_c019189b.jpg,C:\Users\Angad\Desktop\StemFellowship\data\raw\fitzpatrick\Categorized_AbbrvName\da-di_153\da-di_f4_84_c019189b.jpg,4,medium_FST3_4,0,0,0.0023272198159247637
ne-de_f6_254_26d9388a.jpg,C:\Users\Angad\Desktop\StemFellowship\data\raw\fitzpatrick\Categorized_AbbrvName\ne-de_361\ne-de_f6_254_26d9388a.jpg,6,dark_FST5_6,0,0,0.3334382474422455
fo_f3_110_f994265c.jpg,C:\Users\Angad\Desktop\StemFellowship\data\raw\fitzpatrick\Categorized_AbbrvName\fo_342\fo_f3_110_f994265c.jpg,3,medium_FST3_4,0,0,0.0597427599132061
my-fu_f3_107_6f1cea03.jpg,C:\Users\Angad\Desktop\StemFellowship\data\raw\fitzpatrick\Categorized_AbbrvName\my-fu_182\my-fu_f3_107_6f1cea03.jpg,3,medium_FST3_4,1,0,0.010183414444327354
lu-er_f6_375_94b58826.jpg,C:\Users\Angad\Desktop\StemFellowship\data\raw\fitzpatrick\Categorized_AbbrvName\lu-er_410\lu-er_f6_375_94b58826.jpg,6,dark_FST5_6,0,0,0.0055385674349963665
li-pl_f4_364_7edc9e55.jpg,C:\Users\Angad\Desktop\StemFellowship\data\raw\fitzpatrick\Categorized_AbbrvName\li-pl_491\li-pl_f4_364_7edc9e55.jpg,4,medium_FST3_4,0,0,0.008836878463625908
sy_f2_111_b6c5a69d.jpg,C:\Users\Angad\Desktop\StemFellowship\data\raw\fitzpatrick\Categorized_AbbrvName\sy_127\sy_f2_111_b6c5a69d.jpg,2,light_FST1_2,0,0,0.010472332127392292
pi-cy_f3_8_365aac44.jpg,C:\Users\Angad\Desktop\StemFellowship\data\raw\fitzpatrick\Categorized_AbbrvName\pi-cy_93\pi-cy_f3_8_365aac44.jpg,3,medium_FST3_4,0,1,0.9390891194343567
st-jo-sy_f2_40_07e59cf4.jpg,C:\Users\Angad\Desktop\StemFellowship\data\raw\fitzpatrick\Categorized_AbbrvName\st-jo-sy_113\st-jo-sy_f2_40_07e59cf4.jpg,2,light_FST1_2,0,0,0.011304551735520363
ti-bi_f4_6_24a3b675.jpg,C:\Users\Angad\Desktop\StemFellowship\data\raw\fitzpatrick\Categorized_AbbrvName\ti-bi_73\ti-bi_f4_6_24a3b675.jpg,4,medium_FST3_4,0,0,0.013887744396924973
sa_f5_67_4a27b1c7.jpg,C:\Users\Angad\Desktop\StemFellowship\data\raw\fitzpatrick\Categorized_AbbrvName\sa_349\sa_f5_67_4a27b1c7.jpg,5,dark_FST5_6,0,0,0.019053185358643532
so-cy-ba-ce-ca_f2_38_d98bea04.jpg,C:\Users\Angad\Desktop\StemFellowship\data\raw\fitzpatrick\Categorized_AbbrvName\so-cy-ba-ce-ca_66\so-cy-ba-ce-ca_f2_38_d98bea04.jpg,2,light_FST1_2,1,1,0.997729480266571
ur_f3_126_fc65ea07.jpg,C:\Users\Angad\Desktop\StemFellowship\data\raw\fitzpatrick\Categorized_AbbrvName\ur_151\ur_f3_126_fc65ea07.jpg,3,medium_FST3_4,0,0,0.00018483179155737162
li-si_f3_19_ba87a045.jpg,C:\Users\Angad\Desktop\StemFellowship\data\raw\fitzpatrick\Categorized_AbbrvName\li-si_97\li-si_f3_19_ba87a045.jpg,3,medium_FST3_4,0,0,0.002236981177702546
er-mu_f2_23_2e41853e.jpg,C:\Users\Angad\Desktop\StemFellowship\data\raw\fitzpatrick\Categorized_AbbrvName\er-mu_236\er-mu_f2_23_2e41853e.jpg,2,light_FST1_2,0,0,8.648067159811035e-05
se-de_f5_35_6ec85e19.jpg,C:\Users\Angad\Desktop\StemFellowship\data\raw\fitzpatrick\Categorized_AbbrvName\se-de_126\se-de_f5_35_6ec85e19.jpg,5,dark_FST5_6,0,0,0.010100021958351135
po_f5_97_f89cc35e.jpg,C:\Users\Angad\Desktop\StemFellowship\data\raw\fitzpatrick\Categorized_AbbrvName\po_127\po_f5_97_f89cc35e.jpg,5,dark_FST5_6,0,0,0.005668451078236103
pi-ro_f5_102_277df76e.jpg,C:\Users\Angad\Desktop\StemFellowship\data\raw\fitzpatrick\Categorized_AbbrvName\pi-ro_193\pi-ro_f5_102_277df76e.jpg,5,dark_FST5_6,0,0,0.0004526171542238444
ac-en_f3_89_b7a51043.jpg,C:\Users\Angad\Desktop\StemFellowship\data\raw\fitzpatrick\Categorized_AbbrvName\ac-en_92\ac-en_f3_89_b7a51043.jpg,3,medium_FST3_4,0,0,0.00022981349320616573
sq-ce-ca_f4_250_6577604c.jpg,C:\Users\Angad\Desktop\StemFellowship\data\raw\fitzpatrick\Categorized_AbbrvName\sq-ce-ca_581\sq-ce-ca_f4_250_6577604c.jpg,4,medium_FST3_4,1,1,0.9948288798332214
dr-er_f2_135_4e9c73c2.jpg,C:\Users\Angad\Desktop\StemFellowship\data\raw\fitzpatrick\Categorized_AbbrvName\dr-er_200\dr-er_f2_135_4e9c73c2.jpg,2,light_FST1_2,0,0,0.01659676618874073
ly-di_f6_124_5a47f5a6.jpg,C:\Users\Angad\Desktop\StemFellowship\data\raw\fitzpatrick\Categorized_AbbrvName\ly-di_129\ly-di_f6_124_5a47f5a6.jpg,6,dark_FST5_6,0,0,0.004089038819074631
pi-ru-pi_f4_248_5368dab4.jpg,C:\Users\Angad\Desktop\StemFellowship\data\raw\fitzpatrick\Categorized_AbbrvName\pi-ru-pi_278\pi-ru-pi_f4_248_5368dab4.jpg,4,medium_FST3_4,0,0,0.006280190777033567
ps_f2_208_dfd26175.jpg,C:\Users\Angad\Desktop\StemFellowship\data\raw\fitzpatrick\Categorized_AbbrvName\ps_653\ps_f2_208_dfd26175.jpg,2,light_FST1_2,0,0,0.021828820928931236
er-mu_f4_172_e0587857.jpg,C:\Users\Angad\Desktop\StemFellowship\data\raw\fitzpatrick\Categorized_AbbrvName\er-mu_236\er-mu_f4_172_e0587857.jpg,4,medium_FST3_4,0,0,0.008089696057140827
li-pl_f4_139_847e8cfb.jpg,C:\Users\Angad\Desktop\StemFellowship\data\raw\fitzpatrick\Categorized_AbbrvName\li-pl_491\li-pl_f4_139_847e8cfb.jpg,4,medium_FST3_4,0,0,4.832301328860922e-06
ha-ha-di_f2_42_384232e2.jpg,C:\Users\Angad\Desktop\StemFellowship\data\raw\fitzpatrick\Categorized_AbbrvName\ha-ha-di_174\ha-ha-di_f2_42_384232e2.jpg,2,light_FST1_2,0,0,0.0028067464008927345
pr-no_f4_148_67f3fd31.jpg,C:\Users\Angad\Desktop\StemFellowship\data\raw\fitzpatrick\Categorized_AbbrvName\pr-no_170\pr-no_f4_148_67f3fd31.jpg,4,medium_FST3_4,0,0,0.00047640575212426484
fo_f3_36_ae747250.jpg,C:\Users\Angad\Desktop\StemFellowship\data\raw\fitzpatrick\Categorized_AbbrvName\fo_342\fo_f3_36_ae747250.jpg,3,medium_FST3_4,0,0,0.0014206648338586092
mi_f3_0_62f8df39.jpg,C:\Users\Angad\Desktop\StemFellowship\data\raw\fitzpatrick\Categorized_AbbrvName\mi_112\mi_f3_0_62f8df39.jpg,3,medium_FST3_4,0,0,0.025755491107702255
ps_f5_229_2cbaab1e.jpg,C:\Users\Angad\Desktop\StemFellowship\data\raw\fitzpatrick\Categorized_AbbrvName\ps_653\ps_f5_229_2cbaab1e.jpg,5,dark_FST5_6,0,0,0.004129515960812569
ca-cu_f3_10_a54cffc0.jpg,C:\Users\Angad\Desktop\StemFellowship\data\raw\fitzpatrick\Categorized_AbbrvName\ca-cu_80\ca-cu_f3_10_a54cffc0.jpg,3,medium_FST3_4,0,0,0.07990157604217529
er-mu_f3_207_78a7da56.jpg,C:\Users\Angad\Desktop\StemFellowship\data\raw\fitzpatrick\Categorized_AbbrvName\er-mu_236\er-mu_f3_207_78a7da56.jpg,3,medium_FST3_4,0,0,0.00549363624304533
al-co-de_f1_346_01ea9b82.jpg,C:\Users\Angad\Desktop\StemFellowship\data\raw\fitzpatrick\Categorized_AbbrvName\al-co-de_430\al-co-de_f1_346_01ea9b82.jpg,1,light_FST1_2,0,0,0.00016238438547588885
ro_f2_39_273d9cb0.jpg,C:\Users\Angad\Desktop\StemFellowship\data\raw\fitzpatrick\Categorized_AbbrvName\ro_102\ro_f2_39_273d9cb0.jpg,2,light_FST1_2,0,0,0.00027857968234457076
ha-ha-di_f3_95_66aa015f.jpg,C:\Users\Angad\Desktop\StemFellowship\data\raw\fitzpatrick\Categorized_AbbrvName\ha-ha-di_174\ha-ha-di_f3_95_66aa015f.jpg,3,medium_FST3_4,0,0,0.00827500969171524
te_f1_17_d876f96a.jpg,C:\Users\Angad\Desktop\StemFellowship\data\raw\fitzpatrick\Categorized_AbbrvName\te_126\te_f1_17_d876f96a.jpg,1,light_FST1_2,0,0,0.018327776342630386
ph_f2_85_a14c1b3f.jpg,C:\Users\Angad\Desktop\StemFellowship\data\raw\fitzpatrick\Categorized_AbbrvName\ph_348\ph_f2_85_a14c1b3f.jpg,2,light_FST1_2,0,0,0.0004565193084999919
po-ac_f4_26_fbaac5a4.jpg,C:\Users\Angad\Desktop\StemFellowship\data\raw\fitzpatrick\Categorized_AbbrvName\po-ac_183\po-ac_f4_26_fbaac5a4.jpg,4,medium_FST3_4,0,0,0.011758677661418915
lu-su_f4_78_1dd034dc.jpg,C:\Users\Angad\Desktop\StemFellowship\data\raw\fitzpatrick\Categorized_AbbrvName\lu-su_111\lu-su_f4_78_1dd034dc.jpg,4,medium_FST3_4,0,0,0.07233116775751114
su-sp-me-ss_f2_78_e485d00e.jpg,C:\Users\Angad\Desktop\StemFellowship\data\raw\fitzpatrick\Categorized_AbbrvName\su-sp-me-ss_118\su-sp-me-ss_f2_78_e485d00e.jpg,2,light_FST1_2,1,0,8.596802217653021e-05
ti-bi_f2_52_56577650.jpg,C:\Users\Angad\Desktop\StemFellowship\data\raw\fitzpatrick\Categorized_AbbrvName\ti-bi_73\ti-bi_f2_52_56577650.jpg,2,light_FST1_2,0,0,0.2059391885995865
ne-de_f2_108_6cb608f9.jpg,C:\Users\Angad\Desktop\StemFellowship\data\raw\fitzpatrick\Categorized_AbbrvName\ne-de_361\ne-de_f2_108_6cb608f9.jpg,2,light_FST1_2,0,0,7.892806752352044e-05
lu-er_f2_113_e45ae615.jpg,C:\Users\Angad\Desktop\StemFellowship\data\raw\fitzpatrick\Categorized_AbbrvName\lu-er_410\lu-er_f2_113_e45ae615.jpg,2,light_FST1_2,0,0,0.009893592447042465
ha-ha-di_f5_57_295a1680.jpg,C:\Users\Angad\Desktop\StemFellowship\data\raw\fitzpatrick\Categorized_AbbrvName\ha-ha-di_174\ha-ha-di_f5_57_295a1680.jpg,5,dark_FST5_6,0,0,0.04035893455147743
ch_f2_43_e6f8938f.jpg,C:\Users\Angad\Desktop\StemFellowship\data\raw\fitzpatrick\Categorized_AbbrvName\ch_106\ch_f2_43_e6f8938f.jpg,2,light_FST1_2,0,0,0.002303576096892357
sq-ce-ca_f4_462_b8ed051c.jpg,C:\Users\Angad\Desktop\StemFellowship\data\raw\fitzpatrick\Categorized_AbbrvName\sq-ce-ca_581\sq-ce-ca_f4_462_b8ed051c.jpg,4,medium_FST3_4,1,1,0.9441795945167542
er-mu_f1_60_47b27423.jpg,C:\Users\Angad\Desktop\StemFellowship\data\raw\fitzpatrick\Categorized_AbbrvName\er-mu_236\er-mu_f1_60_47b27423.jpg,1,light_FST1_2,0,1,0.5153079032897949
al-co-de_f4_129_ff2e0bd3.jpg,C:\Users\Angad\Desktop\StemFellowship\data\raw\fitzpatrick\Categorized_AbbrvName\al-co-de_430\al-co-de_f4_129_ff2e0bd3.jpg,4,medium_FST3_4,0,0,0.01151150744408369
co-ne_f1_1_67a5980c.jpg,C:\Users\Angad\Desktop\StemFellowship\data\raw\fitzpatrick\Categorized_AbbrvName\co-ne_68\co-ne_f1_1_67a5980c.jpg,1,light_FST1_2,0,0,0.0005167399649508297
st-jo-sy_f2_98_4bee1dc1.jpg,C:\Users\Angad\Desktop\StemFellowship\data\raw\fitzpatrick\Categorized_AbbrvName\st-jo-sy_113\st-jo-sy_f2_98_4bee1dc1.jpg,2,light_FST1_2,0,0,0.01351639162749052
ne-li_f6_102_d5c82714.jpg,C:\Users\Angad\Desktop\StemFellowship\data\raw\fitzpatrick\Categorized_AbbrvName\ne-li_123\ne-li_f6_102_d5c82714.jpg,6,dark_FST5_6,0,0,0.0026233927346765995
su-sp-me-ss_f1_111_ca9fe71f.jpg,C:\Users\Angad\Desktop\StemFellowship\data\raw\fitzpatrick\Categorized_AbbrvName\su-sp-me-ss_118\su-sp-me-ss_f1_111_ca9fe71f.jpg,1,light_FST1_2,1,0,0.36990636587142944
st-jo-sy_f2_58_40331794.jpg,C:\Users\Angad\Desktop\StemFellowship\data\raw\fitzpatrick\Categorized_AbbrvName\st-jo-sy_113\st-jo-sy_f2_58_40331794.jpg,2,light_FST1_2,0,0,0.00033300244831480086
ph_f5_150_47612971.jpg,C:\Users\Angad\Desktop\StemFellowship\data\raw\fitzpatrick\Categorized_AbbrvName\ph_348\ph_f5_150_47612971.jpg,5,dark_FST5_6,0,0,0.0009300214587710798
ne-de_f4_333_b7baeb55.jpg,C:\Users\Angad\Desktop\StemFellowship\data\raw\fitzpatrick\Categorized_AbbrvName\ne-de_361\ne-de_f4_333_b7baeb55.jpg,4,medium_FST3_4,0,0,0.0036588208749890327
sy_f4_46_01b307cb.jpg,C:\Users\Angad\Desktop\StemFellowship\data\raw\fitzpatrick\Categorized_AbbrvName\sy_127\sy_f4_46_01b307cb.jpg,4,medium_FST3_4,0,0,0.06704644113779068
ba-ce-ca_f2_130_782e232d.jpg,C:\Users\Angad\Desktop\StemFellowship\data\raw\fitzpatrick\Categorized_AbbrvName\ba-ce-ca_468\ba-ce-ca_f2_130_782e232d.jpg,2,light_FST1_2,1,0,0.3758572041988373
te_f3_80_f2595d53.jpg,C:\Users\Angad\Desktop\StemFellowship\data\raw\fitzpatrick\Categorized_AbbrvName\te_126\te_f3_80_f2595d53.jpg,3,medium_FST3_4,0,0,0.04233773425221443
gr-an_f4_98_24994267.jpg,C:\Users\Angad\Desktop\StemFellowship\data\raw\fitzpatrick\Categorized_AbbrvName\gr-an_211\gr-an_f4_98_24994267.jpg,4,medium_FST3_4,0,0,0.00115692475810647
al-co-de_f6_380_506e30b9.jpg,C:\Users\Angad\Desktop\StemFellowship\data\raw\fitzpatrick\Categorized_AbbrvName\al-co-de_430\al-co-de_f6_380_506e30b9.jpg,6,dark_FST5_6,0,0,0.07081891596317291
ba-ce-ca_f3_222_95c2deba.jpg,C:\Users\Angad\Desktop\StemFellowship\data\raw\fitzpatrick\Categorized_AbbrvName\ba-ce-ca_468\ba-ce-ca_f3_222_95c2deba.jpg,3,medium_FST3_4,1,1,0.7671184539794922
sq-ce-ca_f4_156_435c6dd5.jpg,C:\Users\Angad\Desktop\StemFellowship\data\raw\fitzpatrick\Categorized_AbbrvName\sq-ce-ca_581\sq-ce-ca_f4_156_435c6dd5.jpg,4,medium_FST3_4,1,0,0.01329315546900034
po_f2_9_5c0d9cb9.jpg,C:\Users\Angad\Desktop\StemFellowship\data\raw\fitzpatrick\Categorized_AbbrvName\po_127\po_f2_9_5c0d9cb9.jpg,2,light_FST1_2,0,0,9.604616207070649e-05
su-da-sk_f2_23_6947108c.jpg,C:\Users\Angad\Desktop\StemFellowship\data\raw\fitzpatrick\Categorized_AbbrvName\su-da-sk_66\su-da-sk_f2_23_6947108c.jpg,2,light_FST1_2,0,0,0.08715982735157013
hi_f1_38_117e9010.jpg,C:\Users\Angad\Desktop\StemFellowship\data\raw\fitzpatrick\Categorized_AbbrvName\hi_90\hi_f1_38_117e9010.jpg,1,light_FST1_2,0,0,0.012156837619841099
fo_f4_337_52a99b22.jpg,C:\Users\Angad\Desktop\StemFellowship\data\raw\fitzpatrick\Categorized_AbbrvName\fo_342\fo_f4_337_52a99b22.jpg,4,medium_FST3_4,0,0,0.0010361054446548223
tu_f4_97_04e24e78.jpg,C:\Users\Angad\Desktop\StemFellowship\data\raw\fitzpatrick\Categorized_AbbrvName\tu_152\tu_f4_97_04e24e78.jpg,4,medium_FST3_4,0,0,0.007535356562584639
mu-cy_f5_69_1e9df108.jpg,C:\Users\Angad\Desktop\StemFellowship\data\raw\fitzpatrick\Categorized_AbbrvName\mu-cy_79\mu-cy_f5_69_1e9df108.jpg,5,dark_FST5_6,0,0,0.0022852763067930937
ac-vu_f5_259_7a4cc566.jpg,C:\Users\Angad\Desktop\StemFellowship\data\raw\fitzpatrick\Categorized_AbbrvName\ac-vu_335\ac-vu_f5_259_7a4cc566.jpg,5,dark_FST5_6,0,0,2.16349999391241e-05
ac-ke_f5_163_09890e72.jpg,C:\Users\Angad\Desktop\StemFellowship\data\raw\fitzpatrick\Categorized_AbbrvName\ac-ke_175\ac-ke_f5_163_09890e72.jpg,5,dark_FST5_6,1,0,0.044841326773166656
su-sp-me-ss_f3_109_9140159f.jpg,C:\Users\Angad\Desktop\StemFellowship\data\raw\fitzpatrick\Categorized_AbbrvName\su-sp-me-ss_118\su-sp-me-ss_f3_109_9140159f.jpg,3,medium_FST3_4,1,1,0.9907584190368652
po_f3_43_a44d32ef.jpg,C:\Users\Angad\Desktop\StemFellowship\data\raw\fitzpatrick\Categorized_AbbrvName\po_127\po_f3_43_a44d32ef.jpg,3,medium_FST3_4,0,0,7.68097597756423e-05
ne-in_f4_122_552b120d.jpg,C:\Users\Angad\Desktop\StemFellowship\data\raw\fitzpatrick\Categorized_AbbrvName\ne-in_260\ne-in_f4_122_552b120d.jpg,4,medium_FST3_4,0,0,0.00017647570348344743
fo_f1_16_0487f7da.jpg,C:\Users\Angad\Desktop\StemFellowship\data\raw\fitzpatrick\Categorized_AbbrvName\fo_342\fo_f1_16_0487f7da.jpg,1,light_FST1_2,0,0,5.9836660511791706e-05
lu-er_f2_317_7d8f14bc.jpg,C:\Users\Angad\Desktop\StemFellowship\data\raw\fitzpatrick\Categorized_AbbrvName\lu-er_410\lu-er_f2_317_7d8f14bc.jpg,2,light_FST1_2,0,0,0.29242274165153503
ma-me_f2_49_e0bea7f6.jpg,C:\Users\Angad\Desktop\StemFellowship\data\raw\fitzpatrick\Categorized_AbbrvName\ma-me_111\ma-me_f2_49_e0bea7f6.jpg,2,light_FST1_2,1,0,0.2974632680416107
sa_f3_180_4f6305cc.jpg,C:\Users\Angad\Desktop\StemFellowship\data\raw\fitzpatrick\Categorized_AbbrvName\sa_349\sa_f3_180_4f6305cc.jpg,3,medium_FST3_4,0,0,0.16163411736488342
lu-er_f4_202_b4d2be9d.jpg,C:\Users\Angad\Desktop\StemFellowship\data\raw\fitzpatrick\Categorized_AbbrvName\lu-er_410\lu-er_f4_202_b4d2be9d.jpg,4,medium_FST3_4,0,0,0.024350818246603012
ps_f1_489_d241595e.jpg,C:\Users\Angad\Desktop\StemFellowship\data\raw\fitzpatrick\Categorized_AbbrvName\ps_653\ps_f1_489_d241595e.jpg,1,light_FST1_2,0,0,0.05502108111977577
ke_f3_125_66474072.jpg,C:\Users\Angad\Desktop\StemFellowship\data\raw\fitzpatrick\Categorized_AbbrvName\ke_156\ke_f3_125_66474072.jpg,3,medium_FST3_4,0,0,0.002674937481060624
ne-in_f4_52_fea93c56.jpg,C:\Users\Angad\Desktop\StemFellowship\data\raw\fitzpatrick\Categorized_AbbrvName\ne-in_260\ne-in_f4_52_fea93c56.jpg,4,medium_FST3_4,0,0,0.02288571372628212
lu-er_f1_12_66778f0b.jpg,C:\Users\Angad\Desktop\StemFellowship\data\raw\fitzpatrick\Categorized_AbbrvName\lu-er_410\lu-er_f1_12_66778f0b.jpg,1,light_FST1_2,0,0,4.562568210531026e-05
er-mu_f2_125_30ba77e7.jpg,C:\Users\Angad\Desktop\StemFellowship\data\raw\fitzpatrick\Categorized_AbbrvName\er-mu_236\er-mu_f2_125_30ba77e7.jpg,2,light_FST1_2,0,0,0.002509295241907239
fo_f2_323_3b2390db.jpg,C:\Users\Angad\Desktop\StemFellowship\data\raw\fitzpatrick\Categorized_AbbrvName\fo_342\fo_f2_323_3b2390db.jpg,2,light_FST1_2,0,0,0.22485782206058502
ph_f2_206_f2934a73.jpg,C:\Users\Angad\Desktop\StemFellowship\data\raw\fitzpatrick\Categorized_AbbrvName\ph_348\ph_f2_206_f2934a73.jpg,2,light_FST1_2,0,0,0.0018261786317452788
pu-ps_f3_47_99a7fe9a.jpg,C:\Users\Angad\Desktop\StemFellowship\data\raw\fitzpatrick\Categorized_AbbrvName\pu-ps_53\pu-ps_f3_47_99a7fe9a.jpg,3,medium_FST3_4,0,0,0.00046625593677163124
pi-ro_f3_29_e6ba8d92.jpg,C:\Users\Angad\Desktop\StemFellowship\data\raw\fitzpatrick\Categorized_AbbrvName\pi-ro_193\pi-ro_f3_29_e6ba8d92.jpg,3,medium_FST3_4,0,0,0.00254456396214664
in-pi_f2_22_671a9ac3.jpg,C:\Users\Angad\Desktop\StemFellowship\data\raw\fitzpatrick\Categorized_AbbrvName\in-pi_102\in-pi_f2_22_671a9ac3.jpg,2,light_FST1_2,0,0,0.005803519394248724
er-no_f3_56_da29abd3.jpg,C:\Users\Angad\Desktop\StemFellowship\data\raw\fitzpatrick\Categorized_AbbrvName\er-no_81\er-no_f3_56_da29abd3.jpg,3,medium_FST3_4,0,0,3.172582000843249e-05
er-no_f1_14_c88c9fdb.jpg,C:\Users\Angad\Desktop\StemFellowship\data\raw\fitzpatrick\Categorized_AbbrvName\er-no_81\er-no_f1_14_c88c9fdb.jpg,1,light_FST1_2,0,0,7.910899148555472e-05
ne-in_f4_217_d20c3fdf.jpg,C:\Users\Angad\Desktop\StemFellowship\data\raw\fitzpatrick\Categorized_AbbrvName\ne-in_260\ne-in_f4_217_d20c3fdf.jpg,4,medium_FST3_4,0,0,0.08787790685892105
li-pl_f4_413_5a3a80d8.jpg,C:\Users\Angad\Desktop\StemFellowship\data\raw\fitzpatrick\Categorized_AbbrvName\li-pl_491\li-pl_f4_413_5a3a80d8.jpg,4,medium_FST3_4,0,0,0.012896576896309853
ju-xa_f3_56_6e6cf368.jpg,C:\Users\Angad\Desktop\StemFellowship\data\raw\fitzpatrick\Categorized_AbbrvName\ju-xa_149\ju-xa_f3_56_6e6cf368.jpg,3,medium_FST3_4,0,0,0.0003370401682332158
tu-sc_f5_49_85b1948b.jpg,C:\Users\Angad\Desktop\StemFellowship\data\raw\fitzpatrick\Categorized_AbbrvName\tu-sc_141\tu-sc_f5_49_85b1948b.jpg,5,dark_FST5_6,0,0,0.13276320695877075
lu-su_f1_89_c09fb3c1.jpg,C:\Users\Angad\Desktop\StemFellowship\data\raw\fitzpatrick\Categorized_AbbrvName\lu-su_111\lu-su_f1_89_c09fb3c1.jpg,1,light_FST1_2,0,0,0.02678307518362999
ps_f2_247_6b56ccd6.jpg,C:\Users\Angad\Desktop\StemFellowship\data\raw\fitzpatrick\Categorized_AbbrvName\ps_653\ps_f2_247_6b56ccd6.jpg,2,light_FST1_2,0,0,0.0017462382093071938
ke_f2_103_4536ca10.jpg,C:\Users\Angad\Desktop\StemFellowship\data\raw\fitzpatrick\Categorized_AbbrvName\ke_156\ke_f2_103_4536ca10.jpg,2,light_FST1_2,0,0,0.00500048091635108
eh-da-sy_f5_115_f0c438b6.jpg,C:\Users\Angad\Desktop\StemFellowship\data\raw\fitzpatrick\Categorized_AbbrvName\eh-da-sy_127\eh-da-sy_f5_115_f0c438b6.jpg,5,dark_FST5_6,0,0,2.3024791516945697e-05
pi-cy_f5_49_1c553360.jpg,C:\Users\Angad\Desktop\StemFellowship\data\raw\fitzpatrick\Categorized_AbbrvName\pi-cy_93\pi-cy_f5_49_1c553360.jpg,5,dark_FST5_6,0,1,0.7823348641395569
se-de_f5_110_2da1a2c9.jpg,C:\Users\Angad\Desktop\StemFellowship\data\raw\fitzpatrick\Categorized_AbbrvName\se-de_126\se-de_f5_110_2da1a2c9.jpg,5,dark_FST5_6,0,0,0.0016848520608618855
ph_f1_251_15c6e618.jpg,C:\Users\Angad\Desktop\StemFellowship\data\raw\fitzpatrick\Categorized_AbbrvName\ph_348\ph_f1_251_15c6e618.jpg,1,light_FST1_2,0,0,0.0040640016086399555
al-co-de_f3_139_6909261b.jpg,C:\Users\Angad\Desktop\StemFellowship\data\raw\fitzpatrick\Categorized_AbbrvName\al-co-de_430\al-co-de_f3_139_6909261b.jpg,3,medium_FST3_4,0,0,0.004001406952738762
vi_f3_156_481921ff.jpg,C:\Users\Angad\Desktop\StemFellowship\data\raw\fitzpatrick\Categorized_AbbrvName\vi_166\vi_f3_156_481921ff.jpg,3,medium_FST3_4,0,0,0.07350888103246689
lu-er_f4_105_619fc11f.jpg,C:\Users\Angad\Desktop\StemFellowship\data\raw\fitzpatrick\Categorized_AbbrvName\lu-er_410\lu-er_f4_105_619fc11f.jpg,4,medium_FST3_4,0,0,0.0036375350318849087
xa_f4_33_609a3110.jpg,C:\Users\Angad\Desktop\StemFellowship\data\raw\fitzpatrick\Categorized_AbbrvName\xa_53\xa_f4_33_609a3110.jpg,4,medium_FST3_4,0,0,0.027650410309433937
ph_f4_189_e564b816.jpg,C:\Users\Angad\Desktop\StemFellowship\data\raw\fitzpatrick\Categorized_AbbrvName\ph_348\ph_f4_189_e564b816.jpg,4,medium_FST3_4,0,0,5.38898202648852e-05
me_f5_78_ac04675f.jpg,C:\Users\Angad\Desktop\StemFellowship\data\raw\fitzpatrick\Categorized_AbbrvName\me_261\me_f5_78_ac04675f.jpg,5,dark_FST5_6,1,0,0.007933755405247211
er-an-ce_f2_24_46ad9dbb.jpg,C:\Users\Angad\Desktop\StemFellowship\data\raw\fitzpatrick\Categorized_AbbrvName\er-an-ce_88\er-an-ce_f2_24_46ad9dbb.jpg,2,light_FST1_2,0,0,0.0003234133473597467
eh-da-sy_f2_11_0968e55e.jpg,C:\Users\Angad\Desktop\StemFellowship\data\raw\fitzpatrick\Categorized_AbbrvName\eh-da-sy_127\eh-da-sy_f2_11_0968e55e.jpg,2,light_FST1_2,0,0,0.015474468469619751
po-ac_f3_130_0e2a24d2.jpg,C:\Users\Angad\Desktop\StemFellowship\data\raw\fitzpatrick\Categorized_AbbrvName\po-ac_183\po-ac_f3_130_0e2a24d2.jpg,3,medium_FST3_4,0,1,0.6091798543930054
ps_f2_324_db255fb6.jpg,C:\Users\Angad\Desktop\StemFellowship\data\raw\fitzpatrick\Categorized_AbbrvName\ps_653\ps_f2_324_db255fb6.jpg,2,light_FST1_2,0,0,0.002168145962059498
ne-ne_f2_27_9c468f88.jpg,C:\Users\Angad\Desktop\StemFellowship\data\raw\fitzpatrick\Categorized_AbbrvName\ne-ne_86\ne-ne_f2_27_9c468f88.jpg,2,light_FST1_2,0,0,0.031405556946992874
er-el-di_f3_19_08951e57.jpg,C:\Users\Angad\Desktop\StemFellowship\data\raw\fitzpatrick\Categorized_AbbrvName\er-el-di_55\er-el-di_f3_19_08951e57.jpg,3,medium_FST3_4,0,0,0.0021204473450779915
li-pl_f5_449_1d345038.jpg,C:\Users\Angad\Desktop\StemFellowship\data\raw\fitzpatrick\Categorized_AbbrvName\li-pl_491\li-pl_f5_449_1d345038.jpg,5,dark_FST5_6,0,0,0.006844205781817436
ac_f2_64_1944207b.jpg,C:\Users\Angad\Desktop\StemFellowship\data\raw\fitzpatrick\Categorized_AbbrvName\ac_183\ac_f2_64_1944207b.jpg,2,light_FST1_2,0,0,3.1834338187763933e-06
al-co-de_f2_224_84bdc5f7.jpg,C:\Users\Angad\Desktop\StemFellowship\data\raw\fitzpatrick\Categorized_AbbrvName\al-co-de_430\al-co-de_f2_224_84bdc5f7.jpg,2,light_FST1_2,0,0,0.0006264197872951627
ba-ce-ca_f3_328_2fb99937.jpg,C:\Users\Angad\Desktop\StemFellowship\data\raw\fitzpatrick\Categorized_AbbrvName\ba-ce-ca_468\ba-ce-ca_f3_328_2fb99937.jpg,3,medium_FST3_4,1,1,0.9748397469520569
lu-er_f3_14_2008a85a.jpg,C:\Users\Angad\Desktop\StemFellowship\data\raw\fitzpatrick\Categorized_AbbrvName\lu-er_410\lu-er_f3_14_2008a85a.jpg,3,medium_FST3_4,0,0,3.6960398574592546e-05
ac_f4_181_0845ab55.jpg,C:\Users\Angad\Desktop\StemFellowship\data\raw\fitzpatrick\Categorized_AbbrvName\ac_183\ac_f4_181_0845ab55.jpg,4,medium_FST3_4,0,0,0.007521526422351599
ha-ne_f5_4_aafbf7d0.jpg,C:\Users\Angad\Desktop\StemFellowship\data\raw\fitzpatrick\Categorized_AbbrvName\ha-ne_82\ha-ne_f5_4_aafbf7d0.jpg,5,dark_FST5_6,0,0,0.006730931811034679
dr-er_f2_160_9bffd651.jpg,C:\Users\Angad\Desktop\StemFellowship\data\raw\fitzpatrick\Categorized_AbbrvName\dr-er_200\dr-er_f2_160_9bffd651.jpg,2,light_FST1_2,0,0,0.0003937675501219928
ju-xa_f1_73_f1b0f589.jpg,C:\Users\Angad\Desktop\StemFellowship\data\raw\fitzpatrick\Categorized_AbbrvName\ju-xa_149\ju-xa_f1_73_f1b0f589.jpg,1,light_FST1_2,0,0,0.03014490380883217
sa_f2_225_7247bc6f.jpg,C:\Users\Angad\Desktop\StemFellowship\data\raw\fitzpatrick\Categorized_AbbrvName\sa_349\sa_f2_225_7247bc6f.jpg,2,light_FST1_2,0,0,0.0024690995924174786
mu_f2_12_29a04eea.jpg,C:\Users\Angad\Desktop\StemFellowship\data\raw\fitzpatrick\Categorized_AbbrvName\mu_92\mu_f2_12_29a04eea.jpg,2,light_FST1_2,0,0,0.11869460344314575
vi_f4_110_9fa8c8c6.jpg,C:\Users\Angad\Desktop\StemFellowship\data\raw\fitzpatrick\Categorized_AbbrvName\vi_166\vi_f4_110_9fa8c8c6.jpg,4,medium_FST3_4,0,0,0.013693554326891899
ch_f2_48_312e5637.jpg,C:\Users\Angad\Desktop\StemFellowship\data\raw\fitzpatrick\Categorized_AbbrvName\ch_106\ch_f2_48_312e5637.jpg,2,light_FST1_2,0,0,0.0021514403633773327
ac-ni_f4_80_d1db9874.jpg,C:\Users\Angad\Desktop\StemFellowship\data\raw\fitzpatrick\Categorized_AbbrvName\ac-ni_92\ac-ni_f4_80_d1db9874.jpg,4,medium_FST3_4,0,0,0.0007450588163919747
ur_f3_24_eca2a213.jpg,C:\Users\Angad\Desktop\StemFellowship\data\raw\fitzpatrick\Categorized_AbbrvName\ur_151\ur_f3_24_eca2a213.jpg,3,medium_FST3_4,0,0,0.02995467558503151
fi-er_f4_52_3e9c1797.jpg,C:\Users\Angad\Desktop\StemFellowship\data\raw\fitzpatrick\Categorized_AbbrvName\fi-er_125\fi-er_f4_52_3e9c1797.jpg,4,medium_FST3_4,0,0,0.3397993743419647
fo_f3_113_03a35b82.jpg,C:\Users\Angad\Desktop\StemFellowship\data\raw\fitzpatrick\Categorized_AbbrvName\fo_342\fo_f3_113_03a35b82.jpg,3,medium_FST3_4,0,0,0.1700015813112259
ac_f3_26_1d72c2f3.jpg,C:\Users\Angad\Desktop\StemFellowship\data\raw\fitzpatrick\Categorized_AbbrvName\ac_183\ac_f3_26_1d72c2f3.jpg,3,medium_FST3_4,0,0,0.0002672689442988485
mu-cy_f5_57_6783ebf3.jpg,C:\Users\Angad\Desktop\StemFellowship\data\raw\fitzpatrick\Categorized_AbbrvName\mu-cy_79\mu-cy_f5_57_6783ebf3.jpg,5,dark_FST5_6,0,0,0.007859677076339722
ur-pi_f2_60_3a295eaf.jpg,C:\Users\Angad\Desktop\StemFellowship\data\raw\fitzpatrick\Categorized_AbbrvName\ur-pi_112\ur-pi_f2_60_3a295eaf.jpg,2,light_FST1_2,0,0,0.027960218489170074
al-co-de_f1_197_8a65cfea.jpg,C:\Users\Angad\Desktop\StemFellowship\data\raw\fitzpatrick\Categorized_AbbrvName\al-co-de_430\al-co-de_f1_197_8a65cfea.jpg,1,light_FST1_2,0,0,0.07353346794843674
ne-li_f3_43_62c04a12.jpg,C:\Users\Angad\Desktop\StemFellowship\data\raw\fitzpatrick\Categorized_AbbrvName\ne-li_123\ne-li_f3_43_62c04a12.jpg,3,medium_FST3_4,0,0,0.0005571969668380916
ap-cu_f1_12_0ef8c0f3.jpg,C:\Users\Angad\Desktop\StemFellowship\data\raw\fitzpatrick\Categorized_AbbrvName\ap-cu_72\ap-cu_f1_12_0ef8c0f3.jpg,1,light_FST1_2,0,0,0.002712148940190673
ac-ke_f5_35_2bad4c85.jpg,C:\Users\Angad\Desktop\StemFellowship\data\raw\fitzpatrick\Categorized_AbbrvName\ac-ke_175\ac-ke_f5_35_2bad4c85.jpg,5,dark_FST5_6,1,1,0.9954425096511841
ca-cu_f5_23_95187862.jpg,C:\Users\Angad\Desktop\StemFellowship\data\raw\fitzpatrick\Categorized_AbbrvName\ca-cu_80\ca-cu_f5_23_95187862.jpg,5,dark_FST5_6,0,0,0.0029631624929606915
po_f1_36_32027a7d.jpg,C:\Users\Angad\Desktop\StemFellowship\data\raw\fitzpatrick\Categorized_AbbrvName\po_127\po_f1_36_32027a7d.jpg,1,light_FST1_2,0,0,0.01689809560775757
pi_f2_13_882aae04.jpg,C:\Users\Angad\Desktop\StemFellowship\data\raw\fitzpatrick\Categorized_AbbrvName\pi_53\pi_f2_13_882aae04.jpg,2,light_FST1_2,0,1,0.961114227771759
ac-vu_f2_195_78747b18.jpg,C:\Users\Angad\Desktop\StemFellowship\data\raw\fitzpatrick\Categorized_AbbrvName\ac-vu_335\ac-vu_f2_195_78747b18.jpg,2,light_FST1_2,0,0,0.014478921890258789
pe-li_f4_91_2573d978.jpg,C:\Users\Angad\Desktop\StemFellowship\data\raw\fitzpatrick\Categorized_AbbrvName\pe-li_151\pe-li_f4_91_2573d978.jpg,4,medium_FST3_4,0,0,0.005694356746971607
ba-ce-ca_f2_156_9a5f998a.jpg,C:\Users\Angad\Desktop\StemFellowship\data\raw\fitzpatrick\Categorized_AbbrvName\ba-ce-ca_468\ba-ce-ca_f2_156_9a5f998a.jpg,2,light_FST1_2,1,1,0.7593932151794434
py-gr_f1_56_e7238e13.jpg,C:\Users\Angad\Desktop\StemFellowship\data\raw\fitzpatrick\Categorized_AbbrvName\py-gr_113\py-gr_f1_56_e7238e13.jpg,1,light_FST1_2,0,0,0.00918523222208023
ec_f3_29_4da2816b.jpg,C:\Users\Angad\Desktop\StemFellowship\data\raw\fitzpatrick\Categorized_AbbrvName\ec_204\ec_f3_29_4da2816b.jpg,3,medium_FST3_4,0,0,0.007867943495512009
ph_f3_104_1cefc26b.jpg,C:\Users\Angad\Desktop\StemFellowship\data\raw\fitzpatrick\Categorized_AbbrvName\ph_348\ph_f3_104_1cefc26b.jpg,3,medium_FST3_4,0,0,0.004848585929721594
st-jo-sy_f4_64_5281002c.jpg,C:\Users\Angad\Desktop\StemFellowship\data\raw\fitzpatrick\Categorized_AbbrvName\st-jo-sy_113\st-jo-sy_f4_64_5281002c.jpg,4,medium_FST3_4,0,0,0.47761139273643494
su-sp-me-ss_f2_90_37c9a984.jpg,C:\Users\Angad\Desktop\StemFellowship\data\raw\fitzpatrick\Categorized_AbbrvName\su-sp-me-ss_118\su-sp-me-ss_f2_90_37c9a984.jpg,2,light_FST1_2,1,1,0.6989760398864746
ju-xa_f2_27_8a35d4b2.jpg,C:\Users\Angad\Desktop\StemFellowship\data\raw\fitzpatrick\Categorized_AbbrvName\ju-xa_149\ju-xa_f2_27_8a35d4b2.jpg,2,light_FST1_2,0,0,0.00017563768778927624
ac_f2_100_3b44fd82.jpg,C:\Users\Angad\Desktop\StemFellowship\data\raw\fitzpatrick\Categorized_AbbrvName\ac_183\ac_f2_100_3b44fd82.jpg,2,light_FST1_2,0,0,0.013208103366196156
mu_f2_44_caec0d12.jpg,C:\Users\Angad\Desktop\StemFellowship\data\raw\fitzpatrick\Categorized_AbbrvName\mu_92\mu_f2_44_caec0d12.jpg,2,light_FST1_2,0,0,0.04820949211716652
ti-bi_f1_15_1bc65b1d.jpg,C:\Users\Angad\Desktop\StemFellowship\data\raw\fitzpatrick\Categorized_AbbrvName\ti-bi_73\ti-bi_f1_15_1bc65b1d.jpg,1,light_FST1_2,0,0,1.3647005289385561e-05
pi-ru-pi_f5_258_0084b12b.jpg,C:\Users\Angad\Desktop\StemFellowship\data\raw\fitzpatrick\Categorized_AbbrvName\pi-ru-pi_278\pi-ru-pi_f5_258_0084b12b.jpg,5,dark_FST5_6,0,0,0.0013891138369217515
li-pl_f1_102_8a0cc2ab.jpg,C:\Users\Angad\Desktop\StemFellowship\data\raw\fitzpatrick\Categorized_AbbrvName\li-pl_491\li-pl_f1_102_8a0cc2ab.jpg,1,light_FST1_2,0,0,0.007101950701326132
ac-ni_f5_78_5a508712.jpg,C:\Users\Angad\Desktop\StemFellowship\data\raw\fitzpatrick\Categorized_AbbrvName\ac-ni_92\ac-ni_f5_78_5a508712.jpg,5,dark_FST5_6,0,0,0.005004781764000654
ne-de_f3_297_f4de36a0.jpg,C:\Users\Angad\Desktop\StemFellowship\data\raw\fitzpatrick\Categorized_AbbrvName\ne-de_361\ne-de_f3_297_f4de36a0.jpg,3,medium_FST3_4,0,0,0.07627173513174057
ly_f5_19_9b55c935.jpg,C:\Users\Angad\Desktop\StemFellowship\data\raw\fitzpatrick\Categorized_AbbrvName\ly_100\ly_f5_19_9b55c935.jpg,5,dark_FST5_6,0,1,0.5861158967018127
po-ac_f3_126_7f3b68d2.jpg,C:\Users\Angad\Desktop\StemFellowship\data\raw\fitzpatrick\Categorized_AbbrvName\po-ac_183\po-ac_f3_126_7f3b68d2.jpg,3,medium_FST3_4,0,1,0.9784060716629028
ic-vu_f4_59_fc65bcd3.jpg,C:\Users\Angad\Desktop\StemFellowship\data\raw\fitzpatrick\Categorized_AbbrvName\ic-vu_65\ic-vu_f4_59_fc65bcd3.jpg,4,medium_FST3_4,0,0,0.0016249315813183784
ly_f1_40_d6bf6b90.jpg,C:\Users\Angad\Desktop\StemFellowship\data\raw\fitzpatrick\Categorized_AbbrvName\ly_100\ly_f1_40_d6bf6b90.jpg,1,light_FST1_2,0,0,0.025175606831908226
ac-vu_f3_134_afd2c0a2.jpg,C:\Users\Angad\Desktop\StemFellowship\data\raw\fitzpatrick\Categorized_AbbrvName\ac-vu_335\ac-vu_f3_134_afd2c0a2.jpg,3,medium_FST3_4,0,0,0.06938169151544571
tu_f2_79_02f01711.jpg,C:\Users\Angad\Desktop\StemFellowship\data\raw\fitzpatrick\Categorized_AbbrvName\tu_152\tu_f2_79_02f01711.jpg,2,light_FST1_2,0,0,0.11130505800247192
in-pi_f1_18_3679d7d0.jpg,C:\Users\Angad\Desktop\StemFellowship\data\raw\fitzpatrick\Categorized_AbbrvName\in-pi_102\in-pi_f1_18_3679d7d0.jpg,1,light_FST1_2,0,0,0.009870265610516071
rh_f3_24_ba127d84.jpg,C:\Users\Angad\Desktop\StemFellowship\data\raw\fitzpatrick\Categorized_AbbrvName\rh_91\rh_f3_24_ba127d84.jpg,3,medium_FST3_4,0,0,0.0011264504864811897
dr-er_f3_162_17cecbba.jpg,C:\Users\Angad\Desktop\StemFellowship\data\raw\fitzpatrick\Categorized_AbbrvName\dr-er_200\dr-er_f3_162_17cecbba.jpg,3,medium_FST3_4,0,0,0.006987040862441063
po_f2_86_101fb0b2.jpg,C:\Users\Angad\Desktop\StemFellowship\data\raw\fitzpatrick\Categorized_AbbrvName\po_127\po_f2_86_101fb0b2.jpg,2,light_FST1_2,0,0,0.3149358928203583
sa_f3_281_f147d0d8.jpg,C:\Users\Angad\Desktop\StemFellowship\data\raw\fitzpatrick\Categorized_AbbrvName\sa_349\sa_f3_281_f147d0d8.jpg,3,medium_FST3_4,0,0,0.21220049262046814
me_f2_6_83cd9569.jpg,C:\Users\Angad\Desktop\StemFellowship\data\raw\fitzpatrick\Categorized_AbbrvName\me_261\me_f2_6_83cd9569.jpg,2,light_FST1_2,1,1,0.989521861076355
ep-bu_f4_5_490db0e5.jpg,C:\Users\Angad\Desktop\StemFellowship\data\raw\fitzpatrick\Categorized_AbbrvName\ep-bu_70\ep-bu_f4_5_490db0e5.jpg,4,medium_FST3_4,0,0,0.03493169695138931
pi_f2_40_f0e90b82.jpg,C:\Users\Angad\Desktop\StemFellowship\data\raw\fitzpatrick\Categorized_AbbrvName\pi_53\pi_f2_40_f0e90b82.jpg,2,light_FST1_2,0,0,0.07742492854595184
li-re_f4_26_f0ee345e.jpg,C:\Users\Angad\Desktop\StemFellowship\data\raw\fitzpatrick\Categorized_AbbrvName\li-re_60\li-re_f4_26_f0ee345e.jpg,4,medium_FST3_4,0,0,0.012409103102982044
mi_f1_69_db863680.jpg,C:\Users\Angad\Desktop\StemFellowship\data\raw\fitzpatrick\Categorized_AbbrvName\mi_112\mi_f1_69_db863680.jpg,1,light_FST1_2,0,0,0.24031305313110352
po-ac_f4_118_ef83ef20.jpg,C:\Users\Angad\Desktop\StemFellowship\data\raw\fitzpatrick\Categorized_AbbrvName\po-ac_183\po-ac_f4_118_ef83ef20.jpg,4,medium_FST3_4,0,0,0.0035045722033828497
my_f1_16_f0df972a.jpg,C:\Users\Angad\Desktop\StemFellowship\data\raw\fitzpatrick\Categorized_AbbrvName\my_67\my_f1_16_f0df972a.jpg,1,light_FST1_2,0,0,0.02787725254893303
mu_f3_3_84a086f7.jpg,C:\Users\Angad\Desktop\StemFellowship\data\raw\fitzpatrick\Categorized_AbbrvName\mu_92\mu_f3_3_84a086f7.jpg,3,medium_FST3_4,0,0,0.012132799252867699
sq-ce-ca_f1_106_abf8662a.jpg,C:\Users\Angad\Desktop\StemFellowship\data\raw\fitzpatrick\Categorized_AbbrvName\sq-ce-ca_581\sq-ce-ca_f1_106_abf8662a.jpg,1,light_FST1_2,1,1,0.9997619986534119
al-co-de_f3_154_219f19a6.jpg,C:\Users\Angad\Desktop\StemFellowship\data\raw\fitzpatrick\Categorized_AbbrvName\al-co-de_430\al-co-de_f3_154_219f19a6.jpg,3,medium_FST3_4,0,0,0.0813048705458641
sq-ce-ca_f2_5_54f09a0a.jpg,C:\Users\Angad\Desktop\StemFellowship\data\raw\fitzpatrick\Categorized_AbbrvName\sq-ce-ca_581\sq-ce-ca_f2_5_54f09a0a.jpg,2,light_FST1_2,1,1,0.9900407195091248
ur_f1_10_3ee0a0d6.jpg,C:\Users\Angad\Desktop\StemFellowship\data\raw\fitzpatrick\Categorized_AbbrvName\ur_151\ur_f1_10_3ee0a0d6.jpg,1,light_FST1_2,0,0,0.07248906046152115
ac_f2_65_307feb1c.jpg,C:\Users\Angad\Desktop\StemFellowship\data\raw\fitzpatrick\Categorized_AbbrvName\ac_183\ac_f2_65_307feb1c.jpg,2,light_FST1_2,0,0,0.0005515678785741329
lu-er_f3_168_cbd493cb.jpg,C:\Users\Angad\Desktop\StemFellowship\data\raw\fitzpatrick\Categorized_AbbrvName\lu-er_410\lu-er_f3_168_cbd493cb.jpg,3,medium_FST3_4,0,0,0.0004730007203761488
sq-ce-ca_f2_233_73f11ac2.jpg,C:\Users\Angad\Desktop\StemFellowship\data\raw\fitzpatrick\Categorized_AbbrvName\sq-ce-ca_581\sq-ce-ca_f2_233_73f11ac2.jpg,2,light_FST1_2,1,1,0.8450775146484375
ma-me_f1_21_130b209f.jpg,C:\Users\Angad\Desktop\StemFellowship\data\raw\fitzpatrick\Categorized_AbbrvName\ma-me_111\ma-me_f1_21_130b209f.jpg,1,light_FST1_2,1,0,0.2620619237422943
fo_f5_231_fbe7bc7d.jpg,C:\Users\Angad\Desktop\StemFellowship\data\raw\fitzpatrick\Categorized_AbbrvName\fo_342\fo_f5_231_fbe7bc7d.jpg,5,dark_FST5_6,0,0,0.0704137310385704
le-ma_f3_5_cb0516a3.jpg,C:\Users\Angad\Desktop\StemFellowship\data\raw\fitzpatrick\Categorized_AbbrvName\le-ma_83\le-ma_f3_5_cb0516a3.jpg,3,medium_FST3_4,1,1,0.9244580268859863
ne-li_f3_50_c47bc5e8.jpg,C:\Users\Angad\Desktop\StemFellowship\data\raw\fitzpatrick\Categorized_AbbrvName\ne-li_123\ne-li_f3_50_c47bc5e8.jpg,3,medium_FST3_4,0,0,0.12427911907434464
ap-cu_f4_16_92fec942.jpg,C:\Users\Angad\Desktop\StemFellowship\data\raw\fitzpatrick\Categorized_AbbrvName\ap-cu_72\ap-cu_f4_16_92fec942.jpg,4,medium_FST3_4,0,0,0.007980626076459885
lu-su_f2_29_d109e19f.jpg,C:\Users\Angad\Desktop\StemFellowship\data\raw\fitzpatrick\Categorized_AbbrvName\lu-su_111\lu-su_f2_29_d109e19f.jpg,2,light_FST1_2,0,0,0.0004469863779377192
